accn|JSVV01000001	ICEberg|961|ICEApl2|GenBank|MF187965|1..92660_Actinobacillus_pleuropneumoniae_strain_MIDG3553_YhaH_(yhaH)_gene__complete_cds__ICEApl2_mobile_element__complete_sequence__and_PrfC_(prfC)_gene__complete_cds	99.720	714	2	0	93146	93859	714	1	0.0	1308
accn|JSVV01000005	ICEberg|1702|ICEHin8|GenBank|LS483392.1|192252..244996_Haemophilus_influenzae_strain_NCTC11931_genome_assembly__chromosome__1	98.701	77	1	0	64659	64735	77	1	3.72e-29	137
accn|JSVV01000005	ICEberg|1702|ICEHin8|GenBank|LS483392.1|192252..244996_Haemophilus_influenzae_strain_NCTC11931_genome_assembly__chromosome__1	96.053	76	3	0	64660	64735	52745	52670	2.90e-25	124
accn|JSVV01000005	ICEberg|1807|ICEPmu4|GenBank|CP038875.1|2009809..2087766_Pasteurella_multocida_strain_FCf83_chromosome__complete_genome	96.053	76	3	0	64660	64735	1	76	2.90e-25	124
accn|JSVV01000005	ICEberg|1804|ICEPmu3|GenBank|CP038873.1|1026914..1096464_Pasteurella_multocida_strain_FCf45_chromosome__complete_genome	96.053	76	3	0	64660	64735	69551	69476	2.90e-25	124
accn|JSVV01000005	ICEberg|1718|ICEHso3|GenBank|NC_008309.1|1952153..2005728_Histophilus_somni_129PT__complete_sequence	96.053	76	3	0	64660	64735	99	174	2.90e-25	124
accn|JSVV01000005	ICEberg|1597|ICEApa1|GenBank|CP050316.1|2129122..2199489_Avibacterium_paragallinarum_strain_ESV-135_chromosome__complete_genome	96.053	76	3	0	64660	64735	76	1	2.90e-25	124
accn|JSVV01000005	ICEberg|1597|ICEApa1|GenBank|CP050316.1|2129122..2199489_Avibacterium_paragallinarum_strain_ESV-135_chromosome__complete_genome	96.053	76	3	0	64660	64735	70368	70293	2.90e-25	124
accn|JSVV01000015	VFG042962(gb|WP_005615186)_(APL_RS04590)_GspE_PulE_family_protein_[Type_IV_pili_(VF1198)_-_Adherence_(VFC0001)]_[Actinobacillus_pleuropneumoniae_serovar_5b_str._L20]	99.570	1395	6	0	200826	202220	1395	1	0.0	2543
accn|JSVV01000015	VFG042961(gb|WP_011848486)_(APL_RS04585)_type_II_secretion_system_F_family_protein_[Type_IV_pili_(VF1198)_-_Adherence_(VFC0001)]_[Actinobacillus_pleuropneumoniae_serovar_5b_str._L20]	99.501	1203	6	0	199640	200842	1203	1	0.0	2189
accn|JSVV01000015	ICEberg|1603|ICEAsu1|GenBank|CP009159.1|982132..1037894_Actinobacillus_suis_ATCC_33415__complete_genome	98.825	1191	13	1	88166	89356	9663	10852	0.0	2121
accn|JSVV01000015	ICEberg|441|ICEHso2336-1|GenBank|CP000947|1927921..1994529_Haemophilus_somnus_2336__complete_genome	98.741	1191	14	1	88166	89356	56794	55605	0.0	2115
accn|JSVV01000015	ICEberg|1734|ICEMh3|GenBank|CP006942.1|959858..1026317_Mannheimia_sp._USDA-ARS-USMARC-1261__complete_genome	98.741	1191	14	1	88166	89356	9754	10943	0.0	2115
accn|JSVV01000015	ICEberg|1717|ICEHs1|GenBank|MF136609.1|1..64932_Histophilus_somni_strain_AVI_1_integrative_conjugative_element_ICEHs1__complete_sequence	96.479	1193	38	3	88166	89356	55120	53930	0.0	1967
accn|JSVV01000015	VFG042960(gb|WP_009874617)_(APL_RS04580)_prepilin_peptidase_[Type_IV_pili_(VF1198)_-_Adherence_(VFC0001)]_[Actinobacillus_pleuropneumoniae_serovar_5b_str._L20]	99.844	639	1	0	198975	199613	639	1	0.0	1175
accn|JSVV01000015	VFG042963(gb|WP_009874618)_(APL_RS04595)_prepilin-type_N-terminal_cleavage_methylation_domain-containing_protein_[Type_IV_pili_(VF1198)_-_Adherence_(VFC0001)]_[Actinobacillus_pleuropneumoniae_serovar_5b_str._L20]	98.658	447	3	3	202239	202683	446	1	0.0	789
accn|JSVV01000015	ICEberg|1701|ICEHdu2|GenBank|CP015434.1|162562..211583_[Haemophilus]_ducreyi_strain_GHA9__complete_genome	97.590	83	0	2	66534	66614	49022	48940	7.98e-30	141
accn|JSVV01000015	ICEberg|1700|ICEHdu1|GenBank|NC_002940.2|718953..768668_[Haemophilus]_ducreyi_35000HP__complete_sequence	100.000	76	0	0	66534	66609	1	76	7.98e-30	141
accn|JSVV01000015	ICEberg|1586|ICEAac3|GenBank|CP043003.1|2132073..2197982_Aggregatibacter_actinomycetemcomitans_strain_HK_907_chromosome__complete_genome	100.000	76	0	0	66534	66609	76	1	7.98e-30	141
accn|JSVV01000015	ICEberg|1584|ICEAac1|GenBank|CP012959.1|2164508..2181462_Aggregatibacter_actinomycetemcomitans_strain_624__complete_genome	100.000	76	0	0	66534	66609	16880	16955	7.98e-30	141
accn|JSVV01000015	ICEberg|2010|Tn6783_201330|GenBank|CP054623.1|2596147..2668162_Pseudomonas_aeruginosa_strain_DL201330_chromosome__complete_genome	98.684	76	1	0	66534	66609	66974	66899	3.71e-28	135
accn|JSVV01000015	ICEberg|1581|ICE6660|GenBank|MK497171.1|1..112205_Pseudomonas_aeruginosa_sequence	96.341	82	3	0	66528	66609	112124	112205	3.71e-28	135
accn|JSVV01000015	ICEberg|1592|ICEAeq1|GenBank|LR134310.1|200137..254057_Actinobacillus_equuli_strain_NCTC8529_genome_assembly__chromosome__1	96.491	57	0	2	124337	124392	44607	44662	2.27e-15	93.5
accn|JSVV01000023	ICEberg|1700|ICEHdu1|GenBank|NC_002940.2|718953..768668_[Haemophilus]_ducreyi_35000HP__complete_sequence	98.684	76	1	0	74232	74307	1	76	1.15e-28	135
accn|JSVV01000023	ICEberg|1586|ICEAac3|GenBank|CP043003.1|2132073..2197982_Aggregatibacter_actinomycetemcomitans_strain_HK_907_chromosome__complete_genome	98.684	76	1	0	74232	74307	76	1	1.15e-28	135
accn|JSVV01000023	ICEberg|1584|ICEAac1|GenBank|CP012959.1|2164508..2181462_Aggregatibacter_actinomycetemcomitans_strain_624__complete_genome	98.684	76	1	0	74232	74307	16880	16955	1.15e-28	135
accn|JSVV01000023	ICEberg|2010|Tn6783_201330|GenBank|CP054623.1|2596147..2668162_Pseudomonas_aeruginosa_strain_DL201330_chromosome__complete_genome	97.436	78	2	0	74232	74309	66974	66897	4.15e-28	134
accn|JSVV01000023	ICEberg|1581|ICE6660|GenBank|MK497171.1|1..112205_Pseudomonas_aeruginosa_sequence	97.368	76	2	0	74232	74307	112130	112205	5.36e-27	130
accn|JSVV01000024	ICEberg|1701|ICEHdu2|GenBank|CP015434.1|162562..211583_[Haemophilus]_ducreyi_strain_GHA9__complete_genome	100.000	76	0	0	17	92	49022	48947	1.17e-30	141
accn|JSVV01000024	ICEberg|1700|ICEHdu1|GenBank|NC_002940.2|718953..768668_[Haemophilus]_ducreyi_35000HP__complete_sequence	100.000	76	0	0	17	92	1	76	1.17e-30	141
accn|JSVV01000024	ICEberg|1586|ICEAac3|GenBank|CP043003.1|2132073..2197982_Aggregatibacter_actinomycetemcomitans_strain_HK_907_chromosome__complete_genome	100.000	76	0	0	17	92	76	1	1.17e-30	141
accn|JSVV01000024	ICEberg|1584|ICEAac1|GenBank|CP012959.1|2164508..2181462_Aggregatibacter_actinomycetemcomitans_strain_624__complete_genome	100.000	76	0	0	17	92	16880	16955	1.17e-30	141
accn|JSVV01000024	ICEberg|2010|Tn6783_201330|GenBank|CP054623.1|2596147..2668162_Pseudomonas_aeruginosa_strain_DL201330_chromosome__complete_genome	98.701	77	1	0	17	93	66974	66898	1.51e-29	137
accn|JSVV01000024	ICEberg|1581|ICE6660|GenBank|MK497171.1|1..112205_Pseudomonas_aeruginosa_sequence	95.294	85	4	0	8	92	112121	112205	5.45e-29	135
accn|JSVV01000035	ICEberg|1702|ICEHin8|GenBank|LS483392.1|192252..244996_Haemophilus_influenzae_strain_NCTC11931_genome_assembly__chromosome__1	96.269	134	2	1	21971	22104	131	1	4.79e-53	217
accn|JSVV01000035	ICEberg|1702|ICEHin8|GenBank|LS483392.1|192252..244996_Haemophilus_influenzae_strain_NCTC11931_genome_assembly__chromosome__1	95.000	80	3	1	32660	32739	52745	52667	2.99e-25	124
accn|JSVV01000035	ICEberg|1702|ICEHin8|GenBank|LS483392.1|192252..244996_Haemophilus_influenzae_strain_NCTC11931_genome_assembly__chromosome__1	95.000	80	3	1	22029	22108	52745	52667	2.99e-25	124
accn|JSVV01000035	ICEberg|1597|ICEApa1|GenBank|CP050316.1|2129122..2199489_Avibacterium_paragallinarum_strain_ESV-135_chromosome__complete_genome	96.124	129	4	1	21976	22104	128	1	8.02e-51	209
accn|JSVV01000035	ICEberg|1597|ICEApa1|GenBank|CP050316.1|2129122..2199489_Avibacterium_paragallinarum_strain_ESV-135_chromosome__complete_genome	96.053	76	3	0	32660	32735	70368	70293	2.99e-25	124
accn|JSVV01000035	ICEberg|1597|ICEApa1|GenBank|CP050316.1|2129122..2199489_Avibacterium_paragallinarum_strain_ESV-135_chromosome__complete_genome	96.053	76	3	0	22029	22104	70368	70293	2.99e-25	124
accn|JSVV01000035	ICEberg|1807|ICEPmu4|GenBank|CP038875.1|2009809..2087766_Pasteurella_multocida_strain_FCf83_chromosome__complete_genome	96.053	76	3	0	22029	22104	1	76	2.99e-25	124
accn|JSVV01000035	ICEberg|1807|ICEPmu4|GenBank|CP038875.1|2009809..2087766_Pasteurella_multocida_strain_FCf83_chromosome__complete_genome	96.053	76	3	0	32660	32735	1	76	2.99e-25	124
accn|JSVV01000035	ICEberg|1804|ICEPmu3|GenBank|CP038873.1|1026914..1096464_Pasteurella_multocida_strain_FCf45_chromosome__complete_genome	96.053	76	3	0	32660	32735	69551	69476	2.99e-25	124
accn|JSVV01000035	ICEberg|1804|ICEPmu3|GenBank|CP038873.1|1026914..1096464_Pasteurella_multocida_strain_FCf45_chromosome__complete_genome	96.053	76	3	0	22029	22104	69551	69476	2.99e-25	124
accn|JSVV01000035	ICEberg|1685|ICEEC8|GenBank|LOGV01000031.1|282800..364210_Escherichia_coli_strain_STEC_2174_STEC2174_contig_26__whole_genome_shotgun_sequence	96.154	52	2	0	22262	22313	1	52	1.41e-13	86.1
accn|JSVV01000035	ICEberg|1685|ICEEC8|GenBank|LOGV01000031.1|282800..364210_Escherichia_coli_strain_STEC_2174_STEC2174_contig_26__whole_genome_shotgun_sequence	96.078	51	2	0	21973	22023	1	51	5.07e-13	84.2
accn|JSVV01000036	ICEberg|1701|ICEHdu2|GenBank|CP015434.1|162562..211583_[Haemophilus]_ducreyi_strain_GHA9__complete_genome	100.000	76	0	0	7372	7447	77	2	1.03e-30	141
accn|JSVV01000036	ICEberg|1701|ICEHdu2|GenBank|CP015434.1|162562..211583_[Haemophilus]_ducreyi_strain_GHA9__complete_genome	100.000	76	0	0	7273	7348	77	2	1.03e-30	141
accn|JSVV01000036	ICEberg|1701|ICEHdu2|GenBank|CP015434.1|162562..211583_[Haemophilus]_ducreyi_strain_GHA9__complete_genome	100.000	76	0	0	7163	7238	77	2	1.03e-30	141
accn|JSVV01000036	ICEberg|1700|ICEHdu1|GenBank|NC_002940.2|718953..768668_[Haemophilus]_ducreyi_35000HP__complete_sequence	100.000	76	0	0	7163	7238	49501	49576	1.03e-30	141
accn|JSVV01000036	ICEberg|1700|ICEHdu1|GenBank|NC_002940.2|718953..768668_[Haemophilus]_ducreyi_35000HP__complete_sequence	100.000	76	0	0	7273	7348	49501	49576	1.03e-30	141
accn|JSVV01000036	ICEberg|1700|ICEHdu1|GenBank|NC_002940.2|718953..768668_[Haemophilus]_ducreyi_35000HP__complete_sequence	100.000	76	0	0	7372	7447	49501	49576	1.03e-30	141
accn|JSVV01000036	ICEberg|1586|ICEAac3|GenBank|CP043003.1|2132073..2197982_Aggregatibacter_actinomycetemcomitans_strain_HK_907_chromosome__complete_genome	100.000	76	0	0	7372	7447	292	217	1.03e-30	141
accn|JSVV01000036	ICEberg|1586|ICEAac3|GenBank|CP043003.1|2132073..2197982_Aggregatibacter_actinomycetemcomitans_strain_HK_907_chromosome__complete_genome	100.000	76	0	0	7273	7348	292	217	1.03e-30	141
accn|JSVV01000036	ICEberg|1586|ICEAac3|GenBank|CP043003.1|2132073..2197982_Aggregatibacter_actinomycetemcomitans_strain_HK_907_chromosome__complete_genome	100.000	76	0	0	7163	7238	292	217	1.03e-30	141
accn|JSVV01000036	ICEberg|1586|ICEAac3|GenBank|CP043003.1|2132073..2197982_Aggregatibacter_actinomycetemcomitans_strain_HK_907_chromosome__complete_genome	100.000	62	0	0	7372	7433	64407	64346	6.22e-23	115
accn|JSVV01000036	ICEberg|1586|ICEAac3|GenBank|CP043003.1|2132073..2197982_Aggregatibacter_actinomycetemcomitans_strain_HK_907_chromosome__complete_genome	100.000	62	0	0	7273	7334	64407	64346	6.22e-23	115
accn|JSVV01000036	ICEberg|1586|ICEAac3|GenBank|CP043003.1|2132073..2197982_Aggregatibacter_actinomycetemcomitans_strain_HK_907_chromosome__complete_genome	100.000	62	0	0	7163	7224	64407	64346	6.22e-23	115
accn|JSVV01000036	ICEberg|1592|ICEAeq1|GenBank|LR134310.1|200137..254057_Actinobacillus_equuli_strain_NCTC8529_genome_assembly__chromosome__1	95.349	43	2	0	15183	15225	44792	44750	4.91e-09	69.4
accn|JSVV01000041	ICEberg|1763|ICEPgs6Chn1|GenBank|MN507533.1|1..116235_Proteus_genomosp._6_strain_T60_sequence	99.820	1114	2	0	1259	2372	40793	41906	0.0	2047
accn|JSVV01000041	ICEberg|1763|ICEPgs6Chn1|GenBank|MN507533.1|1..116235_Proteus_genomosp._6_strain_T60_sequence	99.771	874	1	1	2357	3229	23467	24340	0.0	1602
accn|JSVV01000041	ICEberg|1763|ICEPgs6Chn1|GenBank|MN507533.1|1..116235_Proteus_genomosp._6_strain_T60_sequence	100.000	156	0	0	3275	3430	41515	41670	4.21e-76	289
accn|JSVV01000041	ICEberg|1763|ICEPgs6Chn1|GenBank|MN507533.1|1..116235_Proteus_genomosp._6_strain_T60_sequence	98.182	55	1	0	3228	3282	40707	40761	2.74e-18	97.1
accn|JSVV01000041	ICEberg|1758|ICEPciChn180|GenBank|CP073356.1|3209019..3335275_Proteus_terrae_subsp._cibarius_strain_SDQ8C180-2T_chromosome__complete_genome	99.820	1114	2	0	1259	2372	73927	72814	0.0	2047
accn|JSVV01000041	ICEberg|1758|ICEPciChn180|GenBank|CP073356.1|3209019..3335275_Proteus_terrae_subsp._cibarius_strain_SDQ8C180-2T_chromosome__complete_genome	99.771	874	1	1	2357	3229	91253	90380	0.0	1602
accn|JSVV01000041	ICEberg|1758|ICEPciChn180|GenBank|CP073356.1|3209019..3335275_Proteus_terrae_subsp._cibarius_strain_SDQ8C180-2T_chromosome__complete_genome	100.000	156	0	0	3275	3430	73205	73050	4.21e-76	289
accn|JSVV01000041	ICEberg|1758|ICEPciChn180|GenBank|CP073356.1|3209019..3335275_Proteus_terrae_subsp._cibarius_strain_SDQ8C180-2T_chromosome__complete_genome	98.182	55	1	0	3228	3282	74013	73959	2.74e-18	97.1
accn|JSVV01000041	ICEberg|1019|ICEPmiChn2|GenBank|KY437726|1..104371_Proteus_mirabilis_integrative_and_conjugative_element_ICEPmiChn2__complete_sequence__and_peptide_chain_release_factor_3_(prfC)_gene__complete_cds	99.820	1114	2	0	1259	2372	16384	17497	0.0	2047
accn|JSVV01000041	ICEberg|1019|ICEPmiChn2|GenBank|KY437726|1..104371_Proteus_mirabilis_integrative_and_conjugative_element_ICEPmiChn2__complete_sequence__and_peptide_chain_release_factor_3_(prfC)_gene__complete_cds	100.000	156	0	0	3275	3430	17106	17261	4.21e-76	289
accn|JSVV01000041	ICEberg|1019|ICEPmiChn2|GenBank|KY437726|1..104371_Proteus_mirabilis_integrative_and_conjugative_element_ICEPmiChn2__complete_sequence__and_peptide_chain_release_factor_3_(prfC)_gene__complete_cds	98.182	55	1	0	3228	3282	16298	16352	2.74e-18	97.1
accn|JSVV01000041	ICEberg|1803|ICEPmu2|GenBank|CP038871.1|1998244..2056820_Pasteurella_multocida_strain_FCf15_chromosome__complete_genome	99.731	1114	3	0	1259	2372	48720	49833	0.0	2041
accn|JSVV01000041	ICEberg|1803|ICEPmu2|GenBank|CP038871.1|1998244..2056820_Pasteurella_multocida_strain_FCf15_chromosome__complete_genome	99.405	168	1	0	3115	3282	48521	48688	4.18e-81	305
accn|JSVV01000041	ICEberg|1803|ICEPmu2|GenBank|CP038871.1|1998244..2056820_Pasteurella_multocida_strain_FCf15_chromosome__complete_genome	99.359	156	1	0	3275	3430	49442	49597	1.96e-74	283
accn|JSVV01000041	ICEberg|1778|ICEPmiChnBCP11|GenBank|MG773277.1|1..141263_Proteus_mirabilis_integrating_conjugative_element_ICEPmiChn-BCP11_sequence	99.731	1114	3	0	1259	2372	102144	103257	0.0	2041
accn|JSVV01000041	ICEberg|1778|ICEPmiChnBCP11|GenBank|MG773277.1|1..141263_Proteus_mirabilis_integrating_conjugative_element_ICEPmiChn-BCP11_sequence	99.549	1109	5	0	1264	2372	16516	17624	0.0	2021
accn|JSVV01000041	ICEberg|1778|ICEPmiChnBCP11|GenBank|MG773277.1|1..141263_Proteus_mirabilis_integrating_conjugative_element_ICEPmiChn-BCP11_sequence	99.654	868	2	1	2357	3223	15661	16528	0.0	1585
accn|JSVV01000041	ICEberg|1778|ICEPmiChnBCP11|GenBank|MG773277.1|1..141263_Proteus_mirabilis_integrating_conjugative_element_ICEPmiChn-BCP11_sequence	100.000	156	0	0	3275	3430	17233	17388	4.21e-76	289
accn|JSVV01000041	ICEberg|1778|ICEPmiChnBCP11|GenBank|MG773277.1|1..141263_Proteus_mirabilis_integrating_conjugative_element_ICEPmiChn-BCP11_sequence	100.000	156	0	0	3275	3430	102866	103021	4.21e-76	289
accn|JSVV01000041	ICEberg|1778|ICEPmiChnBCP11|GenBank|MG773277.1|1..141263_Proteus_mirabilis_integrating_conjugative_element_ICEPmiChn-BCP11_sequence	98.182	55	1	0	3228	3282	102058	102112	2.74e-18	97.1
accn|JSVV01000041	ICEberg|976|ICEKkKWG1|GenBank|LN869922|850916..923591_Kingella_kingae_genome_assembly_KKKWG1__chromosome___I	99.639	1109	4	0	1264	2372	20979	22087	0.0	2026
accn|JSVV01000041	ICEberg|976|ICEKkKWG1|GenBank|LN869922|850916..923591_Kingella_kingae_genome_assembly_KKKWG1__chromosome___I	99.658	877	2	1	2357	3232	30543	31419	0.0	1602
accn|JSVV01000041	ICEberg|976|ICEKkKWG1|GenBank|LN869922|850916..923591_Kingella_kingae_genome_assembly_KKKWG1__chromosome___I	99.539	868	3	1	2357	3223	20124	20991	0.0	1580
accn|JSVV01000041	ICEberg|976|ICEKkKWG1|GenBank|LN869922|850916..923591_Kingella_kingae_genome_assembly_KKKWG1__chromosome___I	100.000	156	0	0	3275	3430	21696	21851	4.21e-76	289
accn|JSVV01000041	ICEberg|961|ICEApl2|GenBank|MF187965|1..92660_Actinobacillus_pleuropneumoniae_strain_MIDG3553_YhaH_(yhaH)_gene__complete_cds__ICEApl2_mobile_element__complete_sequence__and_PrfC_(prfC)_gene__complete_cds	99.639	1109	4	0	1264	2372	19077	20185	0.0	2026
accn|JSVV01000041	ICEberg|961|ICEApl2|GenBank|MF187965|1..92660_Actinobacillus_pleuropneumoniae_strain_MIDG3553_YhaH_(yhaH)_gene__complete_cds__ICEApl2_mobile_element__complete_sequence__and_PrfC_(prfC)_gene__complete_cds	99.654	868	2	1	2357	3223	18222	19089	0.0	1585
accn|JSVV01000041	ICEberg|961|ICEApl2|GenBank|MF187965|1..92660_Actinobacillus_pleuropneumoniae_strain_MIDG3553_YhaH_(yhaH)_gene__complete_cds__ICEApl2_mobile_element__complete_sequence__and_PrfC_(prfC)_gene__complete_cds	100.000	156	0	0	3275	3430	19794	19949	4.21e-76	289
accn|JSVV01000041	ICEberg|44|SXT(MO10)|GenBank|AY055428|1..99483_Vibrio_cholerae_STX_transposon-like_element_and_pilus_assembly_region__complete_sequence	99.639	1109	4	0	1264	2372	20228	21336	0.0	2026
accn|JSVV01000041	ICEberg|44|SXT(MO10)|GenBank|AY055428|1..99483_Vibrio_cholerae_STX_transposon-like_element_and_pilus_assembly_region__complete_sequence	99.654	868	2	1	2357	3223	19373	20240	0.0	1585
accn|JSVV01000041	ICEberg|44|SXT(MO10)|GenBank|AY055428|1..99483_Vibrio_cholerae_STX_transposon-like_element_and_pilus_assembly_region__complete_sequence	100.000	156	0	0	3275	3430	20945	21100	4.21e-76	289
accn|JSVV01000041	ICEberg|37|ICEPalBan1|GenBank|GQ463139|1..96676_Providencia_alcalifaciens_Ban1_integrating_conjugative_element_ICEPalban1__complete_sequence	99.639	1109	4	0	1264	2372	18466	19574	0.0	2026
accn|JSVV01000041	ICEberg|37|ICEPalBan1|GenBank|GQ463139|1..96676_Providencia_alcalifaciens_Ban1_integrating_conjugative_element_ICEPalban1__complete_sequence	99.654	868	2	1	2357	3223	17611	18478	0.0	1585
accn|JSVV01000041	ICEberg|37|ICEPalBan1|GenBank|GQ463139|1..96676_Providencia_alcalifaciens_Ban1_integrating_conjugative_element_ICEPalban1__complete_sequence	100.000	156	0	0	3275	3430	19183	19338	4.21e-76	289
accn|JSVV01000041	ICEberg|273|SXT(KN14)|GenBank|AB535680|1..20747_Vibrio_cholerae_O1_biovar_El_Tor_SXT_conjugative_element_gene_cluster__complete_sequence__strain__KN14	99.639	1109	4	0	1264	2372	15422	16530	0.0	2026
accn|JSVV01000041	ICEberg|273|SXT(KN14)|GenBank|AB535680|1..20747_Vibrio_cholerae_O1_biovar_El_Tor_SXT_conjugative_element_gene_cluster__complete_sequence__strain__KN14	99.539	868	3	1	2357	3223	14567	15434	0.0	1580
accn|JSVV01000041	ICEberg|273|SXT(KN14)|GenBank|AB535680|1..20747_Vibrio_cholerae_O1_biovar_El_Tor_SXT_conjugative_element_gene_cluster__complete_sequence__strain__KN14	100.000	156	0	0	3275	3430	16139	16294	4.21e-76	289
accn|JSVV01000041	ICEberg|22|ICEVchInd5|GenBank|GQ463142|1..97952_Vibrio_cholerae_Ind5_integrating_conjugative_element_ICEVchind5__complete_sequence	99.639	1109	4	0	1264	2372	18468	19576	0.0	2026
accn|JSVV01000041	ICEberg|22|ICEVchInd5|GenBank|GQ463142|1..97952_Vibrio_cholerae_Ind5_integrating_conjugative_element_ICEVchind5__complete_sequence	99.539	868	3	1	2357	3223	17613	18480	0.0	1580
accn|JSVV01000041	ICEberg|22|ICEVchInd5|GenBank|GQ463142|1..97952_Vibrio_cholerae_Ind5_integrating_conjugative_element_ICEVchind5__complete_sequence	100.000	156	0	0	3275	3430	19185	19340	4.21e-76	289
accn|JSVV01000041	ICEberg|21|ICEVchInd4|GenBank|GQ463141|1..95326_Vibrio_cholerae_Ind4_integrating_conjugative_element_ICEVchind4__complete_sequence	99.639	1109	4	0	1264	2372	16051	17159	0.0	2026
accn|JSVV01000041	ICEberg|21|ICEVchInd4|GenBank|GQ463141|1..95326_Vibrio_cholerae_Ind4_integrating_conjugative_element_ICEVchind4__complete_sequence	99.654	868	2	1	2357	3223	15196	16063	0.0	1585
accn|JSVV01000041	ICEberg|21|ICEVchInd4|GenBank|GQ463141|1..95326_Vibrio_cholerae_Ind4_integrating_conjugative_element_ICEVchind4__complete_sequence	100.000	156	0	0	3275	3430	16768	16923	4.21e-76	289
accn|JSVV01000041	ICEberg|2038|Tn6864|GenBank|MT219827.1|1..108763_Providencia_rettgeri_strain_RF14-2_sequence	99.639	1109	4	0	1264	2372	20305	21413	0.0	2026
accn|JSVV01000041	ICEberg|2038|Tn6864|GenBank|MT219827.1|1..108763_Providencia_rettgeri_strain_RF14-2_sequence	99.654	868	2	1	2357	3223	19450	20317	0.0	1585
accn|JSVV01000041	ICEberg|2038|Tn6864|GenBank|MT219827.1|1..108763_Providencia_rettgeri_strain_RF14-2_sequence	100.000	156	0	0	3275	3430	21022	21177	4.21e-76	289
accn|JSVV01000041	ICEberg|2036|Tn6862|GenBank|CP059348.1|704853..810761_Providencia_rettgeri_strain_PROV023_chromosome__complete_genome	99.639	1109	4	0	1264	2372	33896	35004	0.0	2026
accn|JSVV01000041	ICEberg|2036|Tn6862|GenBank|CP059348.1|704853..810761_Providencia_rettgeri_strain_PROV023_chromosome__complete_genome	99.654	868	2	1	2357	3223	33041	33908	0.0	1585
accn|JSVV01000041	ICEberg|2036|Tn6862|GenBank|CP059348.1|704853..810761_Providencia_rettgeri_strain_PROV023_chromosome__complete_genome	100.000	156	0	0	3275	3430	34613	34768	4.21e-76	289
accn|JSVV01000041	ICEberg|1940|ICEVchThd1|GenBank|CP007653.1|579719..680801_Vibrio_cholerae_strain_TSY216_chromosome_1__complete_sequence	99.639	1109	4	0	1264	2372	26851	27959	0.0	2026
accn|JSVV01000041	ICEberg|1940|ICEVchThd1|GenBank|CP007653.1|579719..680801_Vibrio_cholerae_strain_TSY216_chromosome_1__complete_sequence	99.654	868	2	1	2357	3223	25996	26863	0.0	1585
accn|JSVV01000041	ICEberg|1940|ICEVchThd1|GenBank|CP007653.1|579719..680801_Vibrio_cholerae_strain_TSY216_chromosome_1__complete_sequence	100.000	156	0	0	3275	3430	27568	27723	4.21e-76	289
accn|JSVV01000041	ICEberg|1939|ICEVchRua2|GenBank|KY382506.1|1..97915_Vibrio_cholerae_O1_biovar_El_Tor_str._Inaba_RND18826_ICE_element_genomic_sequence	99.639	1109	4	0	1264	2372	16442	17550	0.0	2026
accn|JSVV01000041	ICEberg|1939|ICEVchRua2|GenBank|KY382506.1|1..97915_Vibrio_cholerae_O1_biovar_El_Tor_str._Inaba_RND18826_ICE_element_genomic_sequence	99.539	868	3	1	2357	3223	15587	16454	0.0	1580
accn|JSVV01000041	ICEberg|1939|ICEVchRua2|GenBank|KY382506.1|1..97915_Vibrio_cholerae_O1_biovar_El_Tor_str._Inaba_RND18826_ICE_element_genomic_sequence	100.000	156	0	0	3275	3430	17159	17314	4.21e-76	289
accn|JSVV01000041	ICEberg|1938|ICEVchRua1|GenBank|KY382507.1|1..97915_Vibrio_cholerae_O1_biovar_El_Tor_str._Ogawa_RND6878_ICE_element_genomic_sequence	99.639	1109	4	0	1264	2372	79485	78377	0.0	2026
accn|JSVV01000041	ICEberg|1938|ICEVchRua1|GenBank|KY382507.1|1..97915_Vibrio_cholerae_O1_biovar_El_Tor_str._Ogawa_RND6878_ICE_element_genomic_sequence	99.539	868	3	1	2357	3223	80340	79473	0.0	1580
accn|JSVV01000041	ICEberg|1938|ICEVchRua1|GenBank|KY382507.1|1..97915_Vibrio_cholerae_O1_biovar_El_Tor_str._Ogawa_RND6878_ICE_element_genomic_sequence	100.000	156	0	0	3275	3430	78768	78613	4.21e-76	289
accn|JSVV01000041	ICEberg|1937|ICEVchMJ1236|GenBank|CP001485.1|2958350..3066043_Vibrio_cholerae_MJ-1236_chromosome_1__complete_sequence	99.639	1109	4	0	1264	2372	84953	83845	0.0	2026
accn|JSVV01000041	ICEberg|1937|ICEVchMJ1236|GenBank|CP001485.1|2958350..3066043_Vibrio_cholerae_MJ-1236_chromosome_1__complete_sequence	99.654	868	2	1	2357	3223	85808	84941	0.0	1585
accn|JSVV01000041	ICEberg|1937|ICEVchMJ1236|GenBank|CP001485.1|2958350..3066043_Vibrio_cholerae_MJ-1236_chromosome_1__complete_sequence	100.000	169	0	0	2497	2665	89166	88998	2.50e-83	313
accn|JSVV01000041	ICEberg|1937|ICEVchMJ1236|GenBank|CP001485.1|2958350..3066043_Vibrio_cholerae_MJ-1236_chromosome_1__complete_sequence	100.000	156	0	0	3275	3430	84236	84081	4.21e-76	289
accn|JSVV01000041	ICEberg|1925|ICEVch2010_EL-1786|GenBank|CP003069.1|83542..182958_Vibrio_cholerae_O1_str._2010EL-1786_chromosome_1__complete_sequence	99.639	1109	4	0	1264	2372	18435	19543	0.0	2026
accn|JSVV01000041	ICEberg|1925|ICEVch2010_EL-1786|GenBank|CP003069.1|83542..182958_Vibrio_cholerae_O1_str._2010EL-1786_chromosome_1__complete_sequence	99.539	868	3	1	2357	3223	17580	18447	0.0	1580
accn|JSVV01000041	ICEberg|1925|ICEVch2010_EL-1786|GenBank|CP003069.1|83542..182958_Vibrio_cholerae_O1_str._2010EL-1786_chromosome_1__complete_sequence	100.000	156	0	0	3275	3430	19152	19307	4.21e-76	289
accn|JSVV01000041	ICEberg|1923|ICEValZJT1|GenBank|CP016224.1|2476706..2564476_Vibrio_alginolyticus_strain_ZJ-T_chromosome_1__complete_sequence	99.639	1109	4	0	1264	2372	70371	69263	0.0	2026
accn|JSVV01000041	ICEberg|1923|ICEValZJT1|GenBank|CP016224.1|2476706..2564476_Vibrio_alginolyticus_strain_ZJ-T_chromosome_1__complete_sequence	99.654	868	2	1	2357	3223	71226	70359	0.0	1585
accn|JSVV01000041	ICEberg|1923|ICEValZJT1|GenBank|CP016224.1|2476706..2564476_Vibrio_alginolyticus_strain_ZJ-T_chromosome_1__complete_sequence	100.000	156	0	0	3275	3430	69654	69499	4.21e-76	289
accn|JSVV01000041	ICEberg|1915|ICETET|GenBank|MK165649.1|1..91463_Vibrio_cholerae_strain_IDH_1986_sequence	99.639	1109	4	0	1264	2372	17231	18339	0.0	2026
accn|JSVV01000041	ICEberg|1915|ICETET|GenBank|MK165649.1|1..91463_Vibrio_cholerae_strain_IDH_1986_sequence	99.654	868	2	1	2357	3223	16376	17243	0.0	1585
accn|JSVV01000041	ICEberg|1915|ICETET|GenBank|MK165649.1|1..91463_Vibrio_cholerae_strain_IDH_1986_sequence	100.000	156	0	0	3275	3430	17948	18103	4.21e-76	289
accn|JSVV01000041	ICEberg|1914|ICESupCHN110003|GenBank|MG014393.1|1..91669_Shewanella_algae_strain_110003_sequence	99.639	1109	4	0	1264	2372	18384	19492	0.0	2026
accn|JSVV01000041	ICEberg|1914|ICESupCHN110003|GenBank|MG014393.1|1..91669_Shewanella_algae_strain_110003_sequence	99.654	868	2	1	2357	3223	17529	18396	0.0	1585
accn|JSVV01000041	ICEberg|1914|ICESupCHN110003|GenBank|MG014393.1|1..91669_Shewanella_algae_strain_110003_sequence	100.000	156	0	0	3275	3430	19101	19256	4.21e-76	289
accn|JSVV01000041	ICEberg|1857|ICERspD18B|GenBank|CP037745.1|2629186..2657721_Rheinheimera_sp._D18_chromosome__complete_genome	99.639	1109	4	0	1264	2372	1166	58	0.0	2026
accn|JSVV01000041	ICEberg|1857|ICERspD18B|GenBank|CP037745.1|2629186..2657721_Rheinheimera_sp._D18_chromosome__complete_genome	99.654	868	2	1	2357	3223	2021	1154	0.0	1585
accn|JSVV01000041	ICEberg|1857|ICERspD18B|GenBank|CP037745.1|2629186..2657721_Rheinheimera_sp._D18_chromosome__complete_genome	100.000	156	0	0	3275	3430	449	294	4.21e-76	289
accn|JSVV01000041	ICEberg|1844|ICEPvuChnBC22|GenBank|MH160822.1|1..148751_Proteus_vulgaris_strain_SCpv22_sequence	99.639	1109	4	0	1264	2372	88578	89686	0.0	2026
accn|JSVV01000041	ICEberg|1844|ICEPvuChnBC22|GenBank|MH160822.1|1..148751_Proteus_vulgaris_strain_SCpv22_sequence	99.654	868	2	1	2357	3223	87723	88590	0.0	1585
accn|JSVV01000041	ICEberg|1844|ICEPvuChnBC22|GenBank|MH160822.1|1..148751_Proteus_vulgaris_strain_SCpv22_sequence	100.000	156	0	0	3275	3430	89295	89450	4.21e-76	289
accn|JSVV01000041	ICEberg|1788|ICEPmiFra1|GenBank|MF490434.1|1..107395_Proteus_mirabilis_sequence	99.639	1109	4	0	1264	2372	17128	18236	0.0	2026
accn|JSVV01000041	ICEberg|1788|ICEPmiFra1|GenBank|MF490434.1|1..107395_Proteus_mirabilis_sequence	99.654	868	2	1	2357	3223	16273	17140	0.0	1585
accn|JSVV01000041	ICEberg|1788|ICEPmiFra1|GenBank|MF490434.1|1..107395_Proteus_mirabilis_sequence	100.000	156	0	0	3275	3430	17845	18000	4.21e-76	289
accn|JSVV01000041	ICEberg|1782|ICEPmiChnJZ57|GenBank|ON553412.1|1..116292_Proteus_mirabilis_strain_JZ57_ICEPmiChn_JZ57_mobile_element__complete_sequence	99.639	1109	4	0	1264	2372	13842	14950	0.0	2026
accn|JSVV01000041	ICEberg|1782|ICEPmiChnJZ57|GenBank|ON553412.1|1..116292_Proteus_mirabilis_strain_JZ57_ICEPmiChn_JZ57_mobile_element__complete_sequence	99.654	868	2	1	2357	3223	12987	13854	0.0	1585
accn|JSVV01000041	ICEberg|1782|ICEPmiChnJZ57|GenBank|ON553412.1|1..116292_Proteus_mirabilis_strain_JZ57_ICEPmiChn_JZ57_mobile_element__complete_sequence	100.000	156	0	0	3275	3430	14559	14714	4.21e-76	289
accn|JSVV01000041	ICEberg|1779|ICEPmiChnChSC1905|GenBank|CP047929.1|3384696..3471195_Proteus_mirabilis_strain_ChSC1905_chromosome__complete_genome	99.639	1109	4	0	1264	2372	80707	79599	0.0	2026
accn|JSVV01000041	ICEberg|1779|ICEPmiChnChSC1905|GenBank|CP047929.1|3384696..3471195_Proteus_mirabilis_strain_ChSC1905_chromosome__complete_genome	100.000	880	0	0	1259	2138	2011	2890	0.0	1626
accn|JSVV01000041	ICEberg|1779|ICEPmiChnChSC1905|GenBank|CP047929.1|3384696..3471195_Proteus_mirabilis_strain_ChSC1905_chromosome__complete_genome	99.654	868	2	1	2357	3223	81562	80695	0.0	1585
accn|JSVV01000041	ICEberg|1779|ICEPmiChnChSC1905|GenBank|CP047929.1|3384696..3471195_Proteus_mirabilis_strain_ChSC1905_chromosome__complete_genome	98.765	243	3	0	2130	2372	4071	4313	1.84e-119	433
accn|JSVV01000041	ICEberg|1779|ICEPmiChnChSC1905|GenBank|CP047929.1|3384696..3471195_Proteus_mirabilis_strain_ChSC1905_chromosome__complete_genome	100.000	156	0	0	3275	3430	2733	2888	4.21e-76	289
accn|JSVV01000041	ICEberg|1779|ICEPmiChnChSC1905|GenBank|CP047929.1|3384696..3471195_Proteus_mirabilis_strain_ChSC1905_chromosome__complete_genome	100.000	156	0	0	3275	3430	79990	79835	4.21e-76	289
accn|JSVV01000041	ICEberg|1779|ICEPmiChnChSC1905|GenBank|CP047929.1|3384696..3471195_Proteus_mirabilis_strain_ChSC1905_chromosome__complete_genome	98.182	55	1	0	3228	3282	1925	1979	2.74e-18	97.1
accn|JSVV01000041	ICEberg|1762|ICEPflCDM8|GenBank|CP047240.1|950152..1060244_Pseudoalteromonas_sp._M8_chromosome_2__complete_sequence	99.639	1109	4	0	1264	2372	26450	27558	0.0	2026
accn|JSVV01000041	ICEberg|1762|ICEPflCDM8|GenBank|CP047240.1|950152..1060244_Pseudoalteromonas_sp._M8_chromosome_2__complete_sequence	99.654	868	2	1	2357	3223	25595	26462	0.0	1585
accn|JSVV01000041	ICEberg|1762|ICEPflCDM8|GenBank|CP047240.1|950152..1060244_Pseudoalteromonas_sp._M8_chromosome_2__complete_sequence	100.000	156	0	0	3275	3430	27167	27322	4.21e-76	289
accn|JSVV01000041	ICEberg|16|ICEVchBan9|GenBank|CP001485|2958347..3066049_Vibrio_cholerae_MJ-1236_chromosome_1__complete_sequence	99.639	1109	4	0	1264	2372	84956	83848	0.0	2026
accn|JSVV01000041	ICEberg|16|ICEVchBan9|GenBank|CP001485|2958347..3066049_Vibrio_cholerae_MJ-1236_chromosome_1__complete_sequence	99.654	868	2	1	2357	3223	85811	84944	0.0	1585
accn|JSVV01000041	ICEberg|16|ICEVchBan9|GenBank|CP001485|2958347..3066049_Vibrio_cholerae_MJ-1236_chromosome_1__complete_sequence	100.000	169	0	0	2497	2665	89169	89001	2.50e-83	313
accn|JSVV01000041	ICEberg|16|ICEVchBan9|GenBank|CP001485|2958347..3066049_Vibrio_cholerae_MJ-1236_chromosome_1__complete_sequence	100.000	156	0	0	3275	3430	84239	84084	4.21e-76	289
accn|JSVV01000041	ICEberg|1691|ICEGEN|GenBank|MK165650.1|1..96718_Vibrio_cholerae_strain_IDH_4268_sequence	99.639	1109	4	0	1264	2372	17579	18687	0.0	2026
accn|JSVV01000041	ICEberg|1691|ICEGEN|GenBank|MK165650.1|1..96718_Vibrio_cholerae_strain_IDH_4268_sequence	99.539	868	3	1	2357	3223	16724	17591	0.0	1580
accn|JSVV01000041	ICEberg|1691|ICEGEN|GenBank|MK165650.1|1..96718_Vibrio_cholerae_strain_IDH_4268_sequence	100.000	156	0	0	3275	3430	18296	18451	4.21e-76	289
accn|JSVV01000041	ICEberg|1452|ICE_erm42|GenBank|CP060730.1|568141..660867_Salmonella_enterica_subsp._enterica_serovar_Albany_strain_R17.5974_chromosome__complete_genome	99.551	1114	2	1	1259	2372	16670	17780	0.0	2026
accn|JSVV01000041	ICEberg|1452|ICE_erm42|GenBank|CP060730.1|568141..660867_Salmonella_enterica_subsp._enterica_serovar_Albany_strain_R17.5974_chromosome__complete_genome	100.000	156	0	0	3275	3430	17392	17547	4.21e-76	289
accn|JSVV01000041	ICEberg|1452|ICE_erm42|GenBank|CP060730.1|568141..660867_Salmonella_enterica_subsp._enterica_serovar_Albany_strain_R17.5974_chromosome__complete_genome	98.182	55	1	0	3228	3282	16584	16638	2.74e-18	97.1
accn|JSVV01000041	ICEberg|12|ICEVchBan5|GenBank|GQ463140|1..102122_Vibrio_cholerae_Ban5_integrating_conjugative_element_ICEVchban5__complete_sequence	99.639	1109	4	0	1264	2372	22602	23710	0.0	2026
accn|JSVV01000041	ICEberg|12|ICEVchBan5|GenBank|GQ463140|1..102122_Vibrio_cholerae_Ban5_integrating_conjugative_element_ICEVchban5__complete_sequence	99.539	868	3	1	2357	3223	21747	22614	0.0	1580
accn|JSVV01000041	ICEberg|12|ICEVchBan5|GenBank|GQ463140|1..102122_Vibrio_cholerae_Ban5_integrating_conjugative_element_ICEVchban5__complete_sequence	100.000	156	0	0	3275	3430	23319	23474	4.21e-76	289
accn|JSVV01000041	ICEberg|1110|ICEKpnQD23-1|GenBank|CP042858.1|4831525..5022379_Klebsiella_pneumoniae_strain_QD23_chromosome__complete_genome	99.639	1109	4	0	1264	2372	171942	170834	0.0	2026
accn|JSVV01000041	ICEberg|1110|ICEKpnQD23-1|GenBank|CP042858.1|4831525..5022379_Klebsiella_pneumoniae_strain_QD23_chromosome__complete_genome	99.654	868	2	1	2357	3223	172797	171930	0.0	1585
accn|JSVV01000041	ICEberg|1110|ICEKpnQD23-1|GenBank|CP042858.1|4831525..5022379_Klebsiella_pneumoniae_strain_QD23_chromosome__complete_genome	100.000	156	0	0	3275	3430	171225	171070	4.21e-76	289
accn|JSVV01000041	ICEberg|1069|ICEVchNig1|GenBank|KC886258|528..97570_Vibrio_cholerae_VC833_ICE_element_genomic_sequence	99.639	1109	4	0	1264	2372	17904	19012	0.0	2026
accn|JSVV01000041	ICEberg|1069|ICEVchNig1|GenBank|KC886258|528..97570_Vibrio_cholerae_VC833_ICE_element_genomic_sequence	99.539	868	3	1	2357	3223	17049	17916	0.0	1580
accn|JSVV01000041	ICEberg|1069|ICEVchNig1|GenBank|KC886258|528..97570_Vibrio_cholerae_VC833_ICE_element_genomic_sequence	100.000	156	0	0	3275	3430	18621	18776	4.21e-76	289
accn|JSVV01000041	ICEberg|1068|ICEVchNep1|GenBank|KC886257|528..97877_Vibrio_cholerae_strain_VC504_ICE_element_genomic_sequence	99.639	1109	4	0	1264	2372	17904	19012	0.0	2026
accn|JSVV01000041	ICEberg|1068|ICEVchNep1|GenBank|KC886257|528..97877_Vibrio_cholerae_strain_VC504_ICE_element_genomic_sequence	99.539	868	3	1	2357	3223	17049	17916	0.0	1580
accn|JSVV01000041	ICEberg|1068|ICEVchNep1|GenBank|KC886257|528..97877_Vibrio_cholerae_strain_VC504_ICE_element_genomic_sequence	100.000	156	0	0	3275	3430	18621	18776	4.21e-76	289
accn|JSVV01000041	ICEberg|1064|ICEVchChnAHV1003|GenBank|KT151663|1..101856_Vibrio_cholerae_strain_AHV1003_SXT_element_genomic_sequence	99.639	1109	4	0	1264	2372	74557	73449	0.0	2026
accn|JSVV01000041	ICEberg|1064|ICEVchChnAHV1003|GenBank|KT151663|1..101856_Vibrio_cholerae_strain_AHV1003_SXT_element_genomic_sequence	99.654	868	2	1	2357	3223	75412	74545	0.0	1585
accn|JSVV01000041	ICEberg|1064|ICEVchChnAHV1003|GenBank|KT151663|1..101856_Vibrio_cholerae_strain_AHV1003_SXT_element_genomic_sequence	100.000	156	0	0	3275	3430	73840	73685	4.21e-76	289
accn|JSVV01000041	ICEberg|1061|ICEVchCHN57|GenBank|KT151664.1|1..96186_Vibrio_cholerae_strain_wujiang-2_sequence	99.639	1109	4	0	1264	2372	78151	77043	0.0	2026
accn|JSVV01000041	ICEberg|1061|ICEVchCHN57|GenBank|KT151664.1|1..96186_Vibrio_cholerae_strain_wujiang-2_sequence	99.539	868	3	1	2357	3223	79006	78139	0.0	1580
accn|JSVV01000041	ICEberg|1061|ICEVchCHN57|GenBank|KT151664.1|1..96186_Vibrio_cholerae_strain_wujiang-2_sequence	100.000	156	0	0	3275	3430	77434	77279	4.21e-76	289
accn|JSVV01000041	ICEberg|1055|ICEVchChn2255|GenBank|KT151660|1..92592_Vibrio_cholerae_strain_ICDC-2255_SXT_element_genomic_sequence	99.639	1109	4	0	1264	2372	74557	73449	0.0	2026
accn|JSVV01000041	ICEberg|1055|ICEVchChn2255|GenBank|KT151660|1..92592_Vibrio_cholerae_strain_ICDC-2255_SXT_element_genomic_sequence	99.654	868	2	1	2357	3223	75412	74545	0.0	1585
accn|JSVV01000041	ICEberg|1055|ICEVchChn2255|GenBank|KT151660|1..92592_Vibrio_cholerae_strain_ICDC-2255_SXT_element_genomic_sequence	100.000	156	0	0	3275	3430	73840	73685	4.21e-76	289
accn|JSVV01000041	ICEberg|1033|ICEPmiCHN905|GenBank|KX243412|1..94956_Proteus_mirabilis_strain_MD20140905_complete_sequence	99.639	1109	4	0	1264	2372	16247	17355	0.0	2026
accn|JSVV01000041	ICEberg|1033|ICEPmiCHN905|GenBank|KX243412|1..94956_Proteus_mirabilis_strain_MD20140905_complete_sequence	99.539	868	3	1	2357	3223	15392	16259	0.0	1580
accn|JSVV01000041	ICEberg|1033|ICEPmiCHN905|GenBank|KX243412|1..94956_Proteus_mirabilis_strain_MD20140905_complete_sequence	100.000	156	0	0	3275	3430	16964	17119	4.21e-76	289
accn|JSVV01000041	ICEberg|1032|ICEPmiCHN904|GenBank|KX243411|1..94942_Proteus_mirabilis_strain_MD20140904_complete_sequence	99.639	1109	4	0	1264	2372	13418	14526	0.0	2026
accn|JSVV01000041	ICEberg|1032|ICEPmiCHN904|GenBank|KX243411|1..94942_Proteus_mirabilis_strain_MD20140904_complete_sequence	99.539	868	3	1	2357	3223	12563	13430	0.0	1580
accn|JSVV01000041	ICEberg|1032|ICEPmiCHN904|GenBank|KX243411|1..94942_Proteus_mirabilis_strain_MD20140904_complete_sequence	100.000	156	0	0	3275	3430	14135	14290	4.21e-76	289
accn|JSVV01000041	ICEberg|1027|ICEPmiCHN3335|GenBank|KX243416|1..89996_Proteus_mirabilis_strain_TJ3335_complete_sequence	99.639	1109	4	0	1264	2372	18426	19534	0.0	2026
accn|JSVV01000041	ICEberg|1027|ICEPmiCHN3335|GenBank|KX243416|1..89996_Proteus_mirabilis_strain_TJ3335_complete_sequence	99.654	868	2	1	2357	3223	17571	18438	0.0	1585
accn|JSVV01000041	ICEberg|1027|ICEPmiCHN3335|GenBank|KX243416|1..89996_Proteus_mirabilis_strain_TJ3335_complete_sequence	100.000	156	0	0	3275	3430	19143	19298	4.21e-76	289
accn|JSVV01000041	ICEberg|1016|ICEPmiChn1|GenBank|KT962845|1..92751_Proteus_mirabilis_integrative_and_conjugative_element_ICEPmiChn1__complete_sequence__and_peptide_chain_release_factor_3_(prfC)_gene__complete_cds	99.639	1109	4	0	1264	2372	18731	19839	0.0	2026
accn|JSVV01000041	ICEberg|1016|ICEPmiChn1|GenBank|KT962845|1..92751_Proteus_mirabilis_integrative_and_conjugative_element_ICEPmiChn1__complete_sequence__and_peptide_chain_release_factor_3_(prfC)_gene__complete_cds	99.654	868	2	1	2357	3223	17876	18743	0.0	1585
accn|JSVV01000041	ICEberg|1016|ICEPmiChn1|GenBank|KT962845|1..92751_Proteus_mirabilis_integrative_and_conjugative_element_ICEPmiChn1__complete_sequence__and_peptide_chain_release_factor_3_(prfC)_gene__complete_cds	100.000	156	0	0	3275	3430	19448	19603	4.21e-76	289
accn|JSVV01000041	ICEberg|2047|Tn7406|GenBank|CP087379.1|1564187..1622411_Mannheimia_haemolytica_strain_IMT47952_chromosome__complete_genome	99.819	1102	2	0	1259	2360	51558	52659	0.0	2025
accn|JSVV01000041	ICEberg|2047|Tn7406|GenBank|CP087379.1|1564187..1622411_Mannheimia_haemolytica_strain_IMT47952_chromosome__complete_genome	99.884	863	0	1	2357	3218	42754	43616	0.0	1587
accn|JSVV01000041	ICEberg|2047|Tn7406|GenBank|CP087379.1|1564187..1622411_Mannheimia_haemolytica_strain_IMT47952_chromosome__complete_genome	99.529	637	3	0	1264	1900	44326	44962	0.0	1160
accn|JSVV01000041	ICEberg|2047|Tn7406|GenBank|CP087379.1|1564187..1622411_Mannheimia_haemolytica_strain_IMT47952_chromosome__complete_genome	100.000	156	0	0	3275	3430	52280	52435	4.21e-76	289
accn|JSVV01000041	ICEberg|36|ICEVflInd1|GenBank|GQ463144|1..114195_Vibrio_fluvialis_Ind1_integrating_conjugative_element_ICEVflInd1__complete_sequence	99.549	1109	5	0	1264	2372	37655	38763	0.0	2021
accn|JSVV01000041	ICEberg|36|ICEVflInd1|GenBank|GQ463144|1..114195_Vibrio_fluvialis_Ind1_integrating_conjugative_element_ICEVflInd1__complete_sequence	99.539	868	3	1	2357	3223	36800	37667	0.0	1580
accn|JSVV01000041	ICEberg|36|ICEVflInd1|GenBank|GQ463144|1..114195_Vibrio_fluvialis_Ind1_integrating_conjugative_element_ICEVflInd1__complete_sequence	99.359	156	1	0	3275	3430	38372	38527	1.96e-74	283
accn|JSVV01000041	ICEberg|35|ICEVchVie1|GenBank|AB114188|1..23402_Vibrio_cholerae_DNA__integrating_antibiotic_resistance_gene_element	99.549	1109	5	0	1264	2372	19390	20498	0.0	2021
accn|JSVV01000041	ICEberg|35|ICEVchVie1|GenBank|AB114188|1..23402_Vibrio_cholerae_DNA__integrating_antibiotic_resistance_gene_element	99.770	868	1	1	2357	3223	18535	19402	0.0	1591
accn|JSVV01000041	ICEberg|35|ICEVchVie1|GenBank|AB114188|1..23402_Vibrio_cholerae_DNA__integrating_antibiotic_resistance_gene_element	100.000	156	0	0	3275	3430	20107	20262	4.21e-76	289
accn|JSVV01000041	ICEberg|35|ICEVchVie1|GenBank|AB114188|1..23402_Vibrio_cholerae_DNA__integrating_antibiotic_resistance_gene_element	100.000	30	0	0	2357	2386	14579	14608	4.65e-06	56.5
accn|JSVV01000041	ICEberg|287|ICEEcoJ53|GenBank|FJ968160|1..22687_Escherichia_coli_strain_J53_transposon_SXT__partial_sequence	99.549	1109	5	0	1264	2372	18675	19783	0.0	2021
accn|JSVV01000041	ICEberg|287|ICEEcoJ53|GenBank|FJ968160|1..22687_Escherichia_coli_strain_J53_transposon_SXT__partial_sequence	99.654	868	2	1	2357	3223	17820	18687	0.0	1585
accn|JSVV01000041	ICEberg|287|ICEEcoJ53|GenBank|FJ968160|1..22687_Escherichia_coli_strain_J53_transposon_SXT__partial_sequence	100.000	156	0	0	3275	3430	19392	19547	4.21e-76	289
accn|JSVV01000041	ICEberg|1935|ICEVchChn1307|GenBank|KJ817376.1|1..104025_Vibrio_cholerae_O1_strain_ICDC-1307_SXT_element__complete_sequence	99.549	1109	5	0	1264	2372	79284	78176	0.0	2021
accn|JSVV01000041	ICEberg|1935|ICEVchChn1307|GenBank|KJ817376.1|1..104025_Vibrio_cholerae_O1_strain_ICDC-1307_SXT_element__complete_sequence	99.770	868	1	1	2357	3223	80139	79272	0.0	1591
accn|JSVV01000041	ICEberg|1935|ICEVchChn1307|GenBank|KJ817376.1|1..104025_Vibrio_cholerae_O1_strain_ICDC-1307_SXT_element__complete_sequence	100.000	156	0	0	3275	3430	78567	78412	4.21e-76	289
accn|JSVV01000041	ICEberg|1935|ICEVchChn1307|GenBank|KJ817376.1|1..104025_Vibrio_cholerae_O1_strain_ICDC-1307_SXT_element__complete_sequence	100.000	30	0	0	2357	2386	84094	84065	4.65e-06	56.5
accn|JSVV01000041	ICEberg|1933|ICEVchChn0956|GenBank|KT151655.1|1..109322_Vibrio_cholerae_strain_ICDC-956_sequence	99.549	1109	5	0	1264	2372	77757	76649	0.0	2021
accn|JSVV01000041	ICEberg|1933|ICEVchChn0956|GenBank|KT151655.1|1..109322_Vibrio_cholerae_strain_ICDC-956_sequence	99.770	868	1	1	2357	3223	78612	77745	0.0	1591
accn|JSVV01000041	ICEberg|1933|ICEVchChn0956|GenBank|KT151655.1|1..109322_Vibrio_cholerae_strain_ICDC-956_sequence	100.000	156	0	0	3275	3430	77040	76885	4.21e-76	289
accn|JSVV01000041	ICEberg|1933|ICEVchChn0956|GenBank|KT151655.1|1..109322_Vibrio_cholerae_strain_ICDC-956_sequence	100.000	30	0	0	2357	2386	82567	82538	4.65e-06	56.5
accn|JSVV01000041	ICEberg|1786|ICEPmiChn-TQ12|GenBank|ON390822.1|1..147546_Proteus_terrae_subsp._cibarius_strain_TQ12_ICEPmiChn-TQ12_mobile_element__complete_sequence	99.549	1109	5	0	1264	2372	55684	56792	0.0	2021
accn|JSVV01000041	ICEberg|1786|ICEPmiChn-TQ12|GenBank|ON390822.1|1..147546_Proteus_terrae_subsp._cibarius_strain_TQ12_ICEPmiChn-TQ12_mobile_element__complete_sequence	99.654	868	2	1	2357	3223	54829	55696	0.0	1585
accn|JSVV01000041	ICEberg|1786|ICEPmiChn-TQ12|GenBank|ON390822.1|1..147546_Proteus_terrae_subsp._cibarius_strain_TQ12_ICEPmiChn-TQ12_mobile_element__complete_sequence	100.000	156	0	0	3275	3430	56401	56556	4.21e-76	289
accn|JSVV01000041	ICEberg|1759|ICEPciChn2|GenBank|MW423608.1|1..140916_Proteus_terrae_subsp._cibarius_strain_SH19PTE4_sequence	99.549	1109	5	0	1264	2372	33223	34331	0.0	2021
accn|JSVV01000041	ICEberg|1759|ICEPciChn2|GenBank|MW423608.1|1..140916_Proteus_terrae_subsp._cibarius_strain_SH19PTE4_sequence	99.654	868	2	1	2357	3223	32368	33235	0.0	1585
accn|JSVV01000041	ICEberg|1759|ICEPciChn2|GenBank|MW423608.1|1..140916_Proteus_terrae_subsp._cibarius_strain_SH19PTE4_sequence	100.000	156	0	0	3275	3430	33940	34095	4.21e-76	289
accn|JSVV01000041	ICEberg|149|ICEVflH-08942|GenBank|KM213605.1|1..102878_Vibrio_fluvialis_strain_H08942_ICEVflInd1_integrating_conjugative_element_genomic_sequence	99.549	1109	5	0	1264	2372	22335	23443	0.0	2021
accn|JSVV01000041	ICEberg|149|ICEVflH-08942|GenBank|KM213605.1|1..102878_Vibrio_fluvialis_strain_H08942_ICEVflInd1_integrating_conjugative_element_genomic_sequence	99.539	868	3	1	2357	3223	21480	22347	0.0	1580
accn|JSVV01000041	ICEberg|149|ICEVflH-08942|GenBank|KM213605.1|1..102878_Vibrio_fluvialis_strain_H08942_ICEVflInd1_integrating_conjugative_element_genomic_sequence	99.359	156	1	0	3275	3430	23052	23207	1.96e-74	283
accn|JSVV01000041	ICEberg|148|SXT(HN1)|GenBank|AB450045|1..19086_Vibrio_cholerae_O1_biovar_El_tor_SXT_conjugative_element_gene_cluster__complete_sequence__strain__HN1	99.549	1109	5	0	1264	2372	15074	16182	0.0	2021
accn|JSVV01000041	ICEberg|148|SXT(HN1)|GenBank|AB450045|1..19086_Vibrio_cholerae_O1_biovar_El_tor_SXT_conjugative_element_gene_cluster__complete_sequence__strain__HN1	99.654	868	2	1	2357	3223	14219	15086	0.0	1585
accn|JSVV01000041	ICEberg|148|SXT(HN1)|GenBank|AB450045|1..19086_Vibrio_cholerae_O1_biovar_El_tor_SXT_conjugative_element_gene_cluster__complete_sequence__strain__HN1	100.000	156	0	0	3275	3430	15791	15946	4.21e-76	289
accn|JSVV01000041	ICEberg|1253|ICEKpnINF249-2|GenBank|CP024489.1|5079347..5289591_Klebsiella_pneumoniae_strain_INF249_chromosome__complete_genome	99.549	1109	5	0	1264	2372	200614	199506	0.0	2021
accn|JSVV01000041	ICEberg|1253|ICEKpnINF249-2|GenBank|CP024489.1|5079347..5289591_Klebsiella_pneumoniae_strain_INF249_chromosome__complete_genome	99.654	868	2	1	2357	3223	201469	200602	0.0	1585
accn|JSVV01000041	ICEberg|1253|ICEKpnINF249-2|GenBank|CP024489.1|5079347..5289591_Klebsiella_pneumoniae_strain_INF249_chromosome__complete_genome	100.000	156	0	0	3275	3430	199897	199742	4.21e-76	289
accn|JSVV01000041	ICEberg|1063|ICEVchCHN956|GenBank|KT151655|1..109322_Vibrio_cholerae_strain_ICDC-956_SXT_element_genomic_sequence	99.549	1109	5	0	1264	2372	77757	76649	0.0	2021
accn|JSVV01000041	ICEberg|1063|ICEVchCHN956|GenBank|KT151655|1..109322_Vibrio_cholerae_strain_ICDC-956_SXT_element_genomic_sequence	99.770	868	1	1	2357	3223	78612	77745	0.0	1591
accn|JSVV01000041	ICEberg|1063|ICEVchCHN956|GenBank|KT151655|1..109322_Vibrio_cholerae_strain_ICDC-956_SXT_element_genomic_sequence	100.000	156	0	0	3275	3430	77040	76885	4.21e-76	289
accn|JSVV01000041	ICEberg|1063|ICEVchCHN956|GenBank|KT151655|1..109322_Vibrio_cholerae_strain_ICDC-956_SXT_element_genomic_sequence	100.000	30	0	0	2357	2386	82567	82538	4.65e-06	56.5
accn|JSVV01000041	ICEberg|1059|ICEVchCHN4210|GenBank|KT151662|1..110349_Vibrio_cholerae_strain_ICDC-4210_SXT_element_genomic_sequence	99.549	1109	5	0	1264	2372	77757	76649	0.0	2021
accn|JSVV01000041	ICEberg|1059|ICEVchCHN4210|GenBank|KT151662|1..110349_Vibrio_cholerae_strain_ICDC-4210_SXT_element_genomic_sequence	99.770	868	1	1	2357	3223	78612	77745	0.0	1591
accn|JSVV01000041	ICEberg|1059|ICEVchCHN4210|GenBank|KT151662|1..110349_Vibrio_cholerae_strain_ICDC-4210_SXT_element_genomic_sequence	100.000	156	0	0	3275	3430	77040	76885	4.21e-76	289
accn|JSVV01000041	ICEberg|1059|ICEVchCHN4210|GenBank|KT151662|1..110349_Vibrio_cholerae_strain_ICDC-4210_SXT_element_genomic_sequence	100.000	30	0	0	2357	2386	82567	82538	4.65e-06	56.5
accn|JSVV01000041	ICEberg|1056|ICEVchCHN2605|GenBank|KT151661|1..98458_Vibrio_cholerae_strain_ICDC-2605_SXT_element_genomic_sequence	99.549	1109	5	0	1264	2372	77757	76649	0.0	2021
accn|JSVV01000041	ICEberg|1056|ICEVchCHN2605|GenBank|KT151661|1..98458_Vibrio_cholerae_strain_ICDC-2605_SXT_element_genomic_sequence	99.770	868	1	1	2357	3223	78612	77745	0.0	1591
accn|JSVV01000041	ICEberg|1056|ICEVchCHN2605|GenBank|KT151661|1..98458_Vibrio_cholerae_strain_ICDC-2605_SXT_element_genomic_sequence	100.000	156	0	0	3275	3430	77040	76885	4.21e-76	289
accn|JSVV01000041	ICEberg|1053|ICEVchCHN1944|GenBank|KT151659|1..100703_Vibrio_cholerae_strain_ICDC-1944_SXT_element_genomic_sequence	99.549	1109	5	0	1264	2372	77721	76613	0.0	2021
accn|JSVV01000041	ICEberg|1053|ICEVchCHN1944|GenBank|KT151659|1..100703_Vibrio_cholerae_strain_ICDC-1944_SXT_element_genomic_sequence	99.770	868	1	1	2357	3223	78576	77709	0.0	1591
accn|JSVV01000041	ICEberg|1053|ICEVchCHN1944|GenBank|KT151659|1..100703_Vibrio_cholerae_strain_ICDC-1944_SXT_element_genomic_sequence	100.000	156	0	0	3275	3430	77004	76849	4.21e-76	289
accn|JSVV01000041	ICEberg|1052|ICEVchCHN1909|GenBank|KT151658|1..108995_Vibrio_cholerae_strain_ICDC-1909_SXT_element_genomic_sequence	99.549	1109	5	0	1264	2372	77729	76621	0.0	2021
accn|JSVV01000041	ICEberg|1052|ICEVchCHN1909|GenBank|KT151658|1..108995_Vibrio_cholerae_strain_ICDC-1909_SXT_element_genomic_sequence	99.770	868	1	1	2357	3223	78584	77717	0.0	1591
accn|JSVV01000041	ICEberg|1052|ICEVchCHN1909|GenBank|KT151658|1..108995_Vibrio_cholerae_strain_ICDC-1909_SXT_element_genomic_sequence	100.000	156	0	0	3275	3430	77012	76857	4.21e-76	289
accn|JSVV01000041	ICEberg|1051|ICEVchCHN1627|GenBank|KT151657|1..102413_Vibrio_cholerae_strain_ICDC-1627_SXT_element_genomic_sequence	99.549	1109	5	0	1264	2372	77757	76649	0.0	2021
accn|JSVV01000041	ICEberg|1051|ICEVchCHN1627|GenBank|KT151657|1..102413_Vibrio_cholerae_strain_ICDC-1627_SXT_element_genomic_sequence	99.770	868	1	1	2357	3223	78612	77745	0.0	1591
accn|JSVV01000041	ICEberg|1051|ICEVchCHN1627|GenBank|KT151657|1..102413_Vibrio_cholerae_strain_ICDC-1627_SXT_element_genomic_sequence	100.000	156	0	0	3275	3430	77040	76885	4.21e-76	289
accn|JSVV01000041	ICEberg|1051|ICEVchCHN1627|GenBank|KT151657|1..102413_Vibrio_cholerae_strain_ICDC-1627_SXT_element_genomic_sequence	100.000	30	0	0	2357	2386	82567	82538	4.65e-06	56.5
accn|JSVV01000041	ICEberg|1050|ICEVchCHN1605|GenBank|KT151656|1..98419_Vibrio_cholerae_strain_ICDC-1605_SXT_element_genomic_sequence	99.549	1109	5	0	1264	2372	77757	76649	0.0	2021
accn|JSVV01000041	ICEberg|1050|ICEVchCHN1605|GenBank|KT151656|1..98419_Vibrio_cholerae_strain_ICDC-1605_SXT_element_genomic_sequence	99.770	868	1	1	2357	3223	78612	77745	0.0	1591
accn|JSVV01000041	ICEberg|1050|ICEVchCHN1605|GenBank|KT151656|1..98419_Vibrio_cholerae_strain_ICDC-1605_SXT_element_genomic_sequence	100.000	156	0	0	3275	3430	77040	76885	4.21e-76	289
accn|JSVV01000041	ICEberg|1049|ICEVchCHN143|GenBank|KT151654|1..98459_Vibrio_cholerae_strain_ICDC-143_SXT_element_genomic_sequence	99.549	1109	5	0	1264	2372	77757	76649	0.0	2021
accn|JSVV01000041	ICEberg|1049|ICEVchCHN143|GenBank|KT151654|1..98459_Vibrio_cholerae_strain_ICDC-143_SXT_element_genomic_sequence	99.770	868	1	1	2357	3223	78612	77745	0.0	1591
accn|JSVV01000041	ICEberg|1049|ICEVchCHN143|GenBank|KT151654|1..98459_Vibrio_cholerae_strain_ICDC-143_SXT_element_genomic_sequence	100.000	156	0	0	3275	3430	77040	76885	4.21e-76	289
accn|JSVV01000041	ICEberg|1040|ICEValA056-1|GenBank|KR231688|1..89004_Vibrio_alginolyticus_strain_A056_transposon_ICEValA056-1__complete_sequence	99.550	1110	4	1	1264	2372	13002	14111	0.0	2021
accn|JSVV01000041	ICEberg|1040|ICEValA056-1|GenBank|KR231688|1..89004_Vibrio_alginolyticus_strain_A056_transposon_ICEValA056-1__complete_sequence	99.654	868	2	1	2357	3223	12147	13014	0.0	1585
accn|JSVV01000041	ICEberg|1040|ICEValA056-1|GenBank|KR231688|1..89004_Vibrio_alginolyticus_strain_A056_transposon_ICEValA056-1__complete_sequence	100.000	156	0	0	3275	3430	13719	13874	4.21e-76	289
accn|JSVV01000041	ICEberg|1035|ICEPvuCHN2213|GenBank|KX243403|1..94340_Proteus_vulgaris_strain_08MAS2213_complete_sequence	99.549	1109	5	0	1264	2372	20696	21804	0.0	2021
accn|JSVV01000041	ICEberg|1035|ICEPvuCHN2213|GenBank|KX243403|1..94340_Proteus_vulgaris_strain_08MAS2213_complete_sequence	99.770	868	1	1	2357	3223	19841	20708	0.0	1591
accn|JSVV01000041	ICEberg|1035|ICEPvuCHN2213|GenBank|KX243403|1..94340_Proteus_vulgaris_strain_08MAS2213_complete_sequence	100.000	156	0	0	3275	3430	21413	21568	4.21e-76	289
accn|JSVV01000041	ICEberg|1031|ICEPmiCHN903|GenBank|KX243410|1..89644_Proteus_mirabilis_strain_MD20140903_complete_sequence	99.549	1109	5	0	1264	2372	18565	19673	0.0	2021
accn|JSVV01000041	ICEberg|1031|ICEPmiCHN903|GenBank|KX243410|1..89644_Proteus_mirabilis_strain_MD20140903_complete_sequence	99.770	868	1	1	2357	3223	17710	18577	0.0	1591
accn|JSVV01000041	ICEberg|1031|ICEPmiCHN903|GenBank|KX243410|1..89644_Proteus_mirabilis_strain_MD20140903_complete_sequence	100.000	156	0	0	3275	3430	19282	19437	4.21e-76	289
accn|JSVV01000041	ICEberg|1026|ICEPmiCHN3300|GenBank|KX243415|1..108335_Proteus_mirabilis_strain_TJ3300_complete_sequence	99.549	1109	5	0	1264	2372	20693	21801	0.0	2021
accn|JSVV01000041	ICEberg|1026|ICEPmiCHN3300|GenBank|KX243415|1..108335_Proteus_mirabilis_strain_TJ3300_complete_sequence	99.770	868	1	1	2357	3223	19838	20705	0.0	1591
accn|JSVV01000041	ICEberg|1026|ICEPmiCHN3300|GenBank|KX243415|1..108335_Proteus_mirabilis_strain_TJ3300_complete_sequence	100.000	156	0	0	3275	3430	21410	21565	4.21e-76	289
accn|JSVV01000041	ICEberg|1017|ICEPmiCHN1586|GenBank|KX243404|1..99355_Proteus_mirabilis_strain_08MAS1586_complete_sequence	99.549	1109	5	0	1264	2372	20764	21872	0.0	2021
accn|JSVV01000041	ICEberg|1017|ICEPmiCHN1586|GenBank|KX243404|1..99355_Proteus_mirabilis_strain_08MAS1586_complete_sequence	99.770	868	1	1	2357	3223	19909	20776	0.0	1591
accn|JSVV01000041	ICEberg|1017|ICEPmiCHN1586|GenBank|KX243404|1..99355_Proteus_mirabilis_strain_08MAS1586_complete_sequence	100.000	156	0	0	3275	3430	21481	21636	4.21e-76	289
accn|JSVV01000041	ICEberg|1804|ICEPmu3|GenBank|CP038873.1|1026914..1096464_Pasteurella_multocida_strain_FCf45_chromosome__complete_genome	99.459	1109	6	0	1264	2372	53761	52653	0.0	2015
accn|JSVV01000041	ICEberg|1804|ICEPmu3|GenBank|CP038873.1|1026914..1096464_Pasteurella_multocida_strain_FCf45_chromosome__complete_genome	99.884	863	0	1	2357	3218	55333	54471	0.0	1587
accn|JSVV01000041	ICEberg|1804|ICEPmu3|GenBank|CP038873.1|1026914..1096464_Pasteurella_multocida_strain_FCf45_chromosome__complete_genome	99.359	156	1	0	3275	3430	53044	52889	1.96e-74	283
accn|JSVV01000041	ICEberg|1028|ICEPmiChn4|GenBank|KY437728|1..90566_Proteus_mirabilis_integrative_and_conjugative_element_ICEPmiChn4__complete_sequence__and_peptide_chain_release_factor_3_(prfC)_gene__complete_cds	99.369	1109	7	0	1264	2372	16552	17660	0.0	2010
accn|JSVV01000041	ICEberg|1028|ICEPmiChn4|GenBank|KY437728|1..90566_Proteus_mirabilis_integrative_and_conjugative_element_ICEPmiChn4__complete_sequence__and_peptide_chain_release_factor_3_(prfC)_gene__complete_cds	99.770	868	1	1	2357	3223	15697	16564	0.0	1591
accn|JSVV01000041	ICEberg|1028|ICEPmiChn4|GenBank|KY437728|1..90566_Proteus_mirabilis_integrative_and_conjugative_element_ICEPmiChn4__complete_sequence__and_peptide_chain_release_factor_3_(prfC)_gene__complete_cds	99.359	156	1	0	3275	3430	17269	17424	1.96e-74	283
accn|JSVV01000041	ICEberg|1781|ICEPmiChn-JZ35|GenBank|ON390821.1|1..142200_Proteus_terrae_subsp._cibarius_strain_JZ35_ICEPmiChn-JZ35_mobile_element__complete_sequence	99.369	1109	4	3	1264	2372	84257	83152	0.0	2006
accn|JSVV01000041	ICEberg|1781|ICEPmiChn-JZ35|GenBank|ON390821.1|1..142200_Proteus_terrae_subsp._cibarius_strain_JZ35_ICEPmiChn-JZ35_mobile_element__complete_sequence	99.424	868	3	2	2357	3223	85111	84245	0.0	1574
accn|JSVV01000041	ICEberg|1781|ICEPmiChn-JZ35|GenBank|ON390821.1|1..142200_Proteus_terrae_subsp._cibarius_strain_JZ35_ICEPmiChn-JZ35_mobile_element__complete_sequence	99.379	161	0	1	2357	2516	87438	87278	1.17e-76	291
accn|JSVV01000041	ICEberg|1781|ICEPmiChn-JZ35|GenBank|ON390821.1|1..142200_Proteus_terrae_subsp._cibarius_strain_JZ35_ICEPmiChn-JZ35_mobile_element__complete_sequence	99.359	156	0	1	3275	3430	83542	83388	7.05e-74	281
accn|JSVV01000041	ICEberg|1598|ICEAplChn1|GenBank|KX196444.1|1..100848_Actinobacillus_pleuropneumoniae_sequence	99.369	1109	4	1	1264	2372	26745	27850	0.0	2006
accn|JSVV01000041	ICEberg|1598|ICEAplChn1|GenBank|KX196444.1|1..100848_Actinobacillus_pleuropneumoniae_sequence	99.654	868	2	1	2357	3223	25890	26757	0.0	1585
accn|JSVV01000041	ICEberg|1598|ICEAplChn1|GenBank|KX196444.1|1..100848_Actinobacillus_pleuropneumoniae_sequence	99.379	161	0	1	2357	2516	23558	23718	1.17e-76	291
accn|JSVV01000041	ICEberg|1598|ICEAplChn1|GenBank|KX196444.1|1..100848_Actinobacillus_pleuropneumoniae_sequence	100.000	156	0	0	3275	3430	27462	27617	4.21e-76	289
accn|JSVV01000041	ICEberg|1030|ICEPmiCHN902|GenBank|KX243409|1..89096_Proteus_mirabilis_strain_MD20140902__complete_sequence	99.724	1086	3	0	1264	2349	18565	19650	0.0	1989
accn|JSVV01000041	ICEberg|1030|ICEPmiCHN902|GenBank|KX243409|1..89096_Proteus_mirabilis_strain_MD20140902__complete_sequence	99.770	868	1	1	2357	3223	17710	18577	0.0	1591
accn|JSVV01000041	ICEberg|1030|ICEPmiCHN902|GenBank|KX243409|1..89096_Proteus_mirabilis_strain_MD20140902__complete_sequence	100.000	156	0	0	3275	3430	19282	19437	4.21e-76	289
accn|JSVV01000041	ICEberg|1029|ICEPmiCHN901|GenBank|KX243408|1..89493_Proteus_mirabilis_strain_MD20140901_complete_sequence	99.722	1080	3	0	1264	2343	18565	19644	0.0	1978
accn|JSVV01000041	ICEberg|1029|ICEPmiCHN901|GenBank|KX243408|1..89493_Proteus_mirabilis_strain_MD20140901_complete_sequence	99.770	868	1	1	2357	3223	17710	18577	0.0	1591
accn|JSVV01000041	ICEberg|1029|ICEPmiCHN901|GenBank|KX243408|1..89493_Proteus_mirabilis_strain_MD20140901_complete_sequence	100.000	156	0	0	3275	3430	19282	19437	4.21e-76	289
accn|JSVV01000041	ICEberg|1807|ICEPmu4|GenBank|CP038875.1|2009809..2087766_Pasteurella_multocida_strain_FCf83_chromosome__complete_genome	99.813	1067	2	0	1306	2372	69695	68629	0.0	1960
accn|JSVV01000041	ICEberg|1807|ICEPmu4|GenBank|CP038875.1|2009809..2087766_Pasteurella_multocida_strain_FCf83_chromosome__complete_genome	99.884	860	0	1	2357	3215	70554	69695	0.0	1581
accn|JSVV01000041	ICEberg|1807|ICEPmu4|GenBank|CP038875.1|2009809..2087766_Pasteurella_multocida_strain_FCf83_chromosome__complete_genome	100.000	156	0	0	3275	3430	69020	68865	4.21e-76	289
accn|JSVV01000041	ICEberg|987|ICEMh1|GenBank|CP005383|2128248..2190602_Mannheimia_haemolytica_M42548__complete_genome	100.000	1005	0	0	1259	2263	2914	3918	0.0	1857
accn|JSVV01000041	ICEberg|987|ICEMh1|GenBank|CP005383|2128248..2190602_Mannheimia_haemolytica_M42548__complete_genome	99.892	927	0	1	2357	3282	1956	2882	0.0	1705
accn|JSVV01000041	ICEberg|987|ICEMh1|GenBank|CP005383|2128248..2190602_Mannheimia_haemolytica_M42548__complete_genome	100.000	156	0	0	3275	3430	3636	3791	4.21e-76	289
accn|JSVV01000041	ICEberg|1692|ICEGpa1804|GenBank|CP069308.1|717521..789400_Glaesserella_parasuis_strain_EHP1804_chromosome__complete_genome	99.700	1000	3	0	1264	2263	59382	58383	0.0	1831
accn|JSVV01000041	ICEberg|1692|ICEGpa1804|GenBank|CP069308.1|717521..789400_Glaesserella_parasuis_strain_EHP1804_chromosome__complete_genome	99.768	863	1	1	2357	3218	60954	60092	0.0	1581
accn|JSVV01000041	ICEberg|1692|ICEGpa1804|GenBank|CP069308.1|717521..789400_Glaesserella_parasuis_strain_EHP1804_chromosome__complete_genome	99.359	156	1	0	3275	3430	58665	58510	1.96e-74	283
accn|JSVV01000041	ICEberg|1719|ICEHso4|GenBank|CP018803.1|686759..761246_Histophilus_somni_strain_USDA-ARS-USMARC-63255_chromosome__complete_genome	99.892	927	0	1	2357	3282	64465	63539	0.0	1705
accn|JSVV01000041	ICEberg|1719|ICEHso4|GenBank|CP018803.1|686759..761246_Histophilus_somni_strain_USDA-ARS-USMARC-63255_chromosome__complete_genome	99.884	859	1	0	1259	2117	63507	62649	0.0	1581
accn|JSVV01000041	ICEberg|1719|ICEHso4|GenBank|CP018803.1|686759..761246_Histophilus_somni_strain_USDA-ARS-USMARC-63255_chromosome__complete_genome	100.000	137	0	0	3275	3411	62785	62649	1.54e-65	254
accn|JSVV01000041	ICEberg|1716|ICEHs02|GenBank|CP042993.1|687500..760418_Histophilus_somni_strain_UOC-KLM-ATR-014_chromosome__complete_genome	99.892	927	0	1	2357	3282	64416	63490	0.0	1705
accn|JSVV01000041	ICEberg|1716|ICEHs02|GenBank|CP042993.1|687500..760418_Histophilus_somni_strain_UOC-KLM-ATR-014_chromosome__complete_genome	99.884	859	1	0	1259	2117	63458	62600	0.0	1581
accn|JSVV01000041	ICEberg|1716|ICEHs02|GenBank|CP042993.1|687500..760418_Histophilus_somni_strain_UOC-KLM-ATR-014_chromosome__complete_genome	100.000	137	0	0	3275	3411	62736	62600	1.54e-65	254
accn|JSVV01000041	ICEberg|440|ICEPmu1|GenBank|CP003022|273284..355497_Pasteurella_multocida_36950__complete_genome	99.784	927	0	2	2357	3282	8449	9374	0.0	1700
accn|JSVV01000041	ICEberg|440|ICEPmu1|GenBank|CP003022|273284..355497_Pasteurella_multocida_36950__complete_genome	99.884	859	1	0	1259	2117	9406	10264	0.0	1581
accn|JSVV01000041	ICEberg|440|ICEPmu1|GenBank|CP003022|273284..355497_Pasteurella_multocida_36950__complete_genome	100.000	137	0	0	3275	3411	10128	10264	1.54e-65	254
accn|JSVV01000041	ICEberg|1785|ICEPmiChnSTP3|GenBank|MT449450.1|1..118916_Proteus_mirabilis_strain_STP3_sequence	99.674	920	3	0	1264	2183	102031	101112	0.0	1683
accn|JSVV01000041	ICEberg|1785|ICEPmiChnSTP3|GenBank|MT449450.1|1..118916_Proteus_mirabilis_strain_STP3_sequence	99.654	868	2	1	2357	3223	102886	102019	0.0	1585
accn|JSVV01000041	ICEberg|1785|ICEPmiChnSTP3|GenBank|MT449450.1|1..118916_Proteus_mirabilis_strain_STP3_sequence	100.000	156	0	0	3275	3430	101314	101159	4.21e-76	289
accn|JSVV01000041	ICEberg|2045|Tn6966|GenBank|CP064830.1|3371703..3442829_Morganella_morganii_subsp._morganii_strain_81703_chromosome__complete_genome	100.000	880	0	0	1259	2138	37243	38122	0.0	1626
accn|JSVV01000041	ICEberg|2045|Tn6966|GenBank|CP064830.1|3371703..3442829_Morganella_morganii_subsp._morganii_strain_81703_chromosome__complete_genome	98.765	243	3	0	2130	2372	39303	39545	1.84e-119	433
accn|JSVV01000041	ICEberg|2045|Tn6966|GenBank|CP064830.1|3371703..3442829_Morganella_morganii_subsp._morganii_strain_81703_chromosome__complete_genome	100.000	156	0	0	3275	3430	37965	38120	4.21e-76	289
accn|JSVV01000041	ICEberg|2045|Tn6966|GenBank|CP064830.1|3371703..3442829_Morganella_morganii_subsp._morganii_strain_81703_chromosome__complete_genome	98.182	55	1	0	3228	3282	37157	37211	2.74e-18	97.1
accn|JSVV01000041	ICEberg|1023|ICEPmiChn3|GenBank|KY437727|1..55195_Proteus_mirabilis_integrative_and_conjugative_element_ICEPmiChn3__complete_sequence__and_peptide_chain_release_factor_3_(prfC)_gene__complete_cds	100.000	880	0	0	1259	2138	16394	17273	0.0	1626
accn|JSVV01000041	ICEberg|1023|ICEPmiChn3|GenBank|KY437727|1..55195_Proteus_mirabilis_integrative_and_conjugative_element_ICEPmiChn3__complete_sequence__and_peptide_chain_release_factor_3_(prfC)_gene__complete_cds	98.765	243	3	0	2130	2372	18454	18696	1.84e-119	433
accn|JSVV01000041	ICEberg|1023|ICEPmiChn3|GenBank|KY437727|1..55195_Proteus_mirabilis_integrative_and_conjugative_element_ICEPmiChn3__complete_sequence__and_peptide_chain_release_factor_3_(prfC)_gene__complete_cds	100.000	156	0	0	3275	3430	17116	17271	4.21e-76	289
accn|JSVV01000041	ICEberg|1023|ICEPmiChn3|GenBank|KY437727|1..55195_Proteus_mirabilis_integrative_and_conjugative_element_ICEPmiChn3__complete_sequence__and_peptide_chain_release_factor_3_(prfC)_gene__complete_cds	98.182	55	1	0	3228	3282	16308	16362	2.74e-18	97.1
accn|JSVV01000041	ICEberg|50|ICEXcaVe85-1|GenBank|AM039952|2631723..2740954_Xanthomonas_campestris_pv._vesicatoria_complete_genome	99.772	877	1	1	2357	3232	25663	26539	0.0	1607
accn|JSVV01000041	ICEberg|1713|ICEHpa1|GenBank|CP054198.1|1511383..1580304_Glaesserella_parasuis_strain_YHP170504_chromosome__complete_genome	99.767	860	1	1	2357	3215	11759	10900	0.0	1576
accn|JSVV01000041	ICEberg|1713|ICEHpa1|GenBank|CP054198.1|1511383..1580304_Glaesserella_parasuis_strain_YHP170504_chromosome__complete_genome	100.000	831	0	0	1306	2136	10900	10070	0.0	1535
accn|JSVV01000041	ICEberg|1713|ICEHpa1|GenBank|CP054198.1|1511383..1580304_Glaesserella_parasuis_strain_YHP170504_chromosome__complete_genome	100.000	415	0	0	3275	3689	10225	9811	0.0	767
accn|JSVV01000041	ICEberg|1697|ICEGpa2|GenBank|CP049090.1|1351751..1421790_Glaesserella_parasuis_strain_aHPS7_chromosome__complete_genome	99.767	860	1	1	2357	3215	13186	12327	0.0	1576
accn|JSVV01000041	ICEberg|1697|ICEGpa2|GenBank|CP049090.1|1351751..1421790_Glaesserella_parasuis_strain_aHPS7_chromosome__complete_genome	100.000	831	0	0	1306	2136	12327	11497	0.0	1535
accn|JSVV01000041	ICEberg|1697|ICEGpa2|GenBank|CP049090.1|1351751..1421790_Glaesserella_parasuis_strain_aHPS7_chromosome__complete_genome	100.000	199	0	0	3275	3473	11652	11454	5.26e-100	368
accn|JSVV01000041	ICEberg|1697|ICEGpa2|GenBank|CP049090.1|1351751..1421790_Glaesserella_parasuis_strain_aHPS7_chromosome__complete_genome	100.000	161	0	0	3529	3689	11455	11295	7.00e-79	298
accn|JSVV01000041	ICEberg|1863|ICEShaJpn1|GenBank|BFBQ01000004.1|213376..320508_Shewanella_halifaxensis_6JANF4-E-4_DNA__sequence4__whole_genome_shotgun_sequence	100.000	841	0	0	1259	2099	18206	19046	0.0	1554
accn|JSVV01000041	ICEberg|1863|ICEShaJpn1|GenBank|BFBQ01000004.1|213376..320508_Shewanella_halifaxensis_6JANF4-E-4_DNA__sequence4__whole_genome_shotgun_sequence	100.000	119	0	0	3275	3393	18928	19046	1.56e-55	220
accn|JSVV01000041	ICEberg|1602|ICEAsp1|GenBank|MW030510.1|1..72978_Actinobacillus_sp._ICEAsp1_mobile_element__complete_sequence	100.000	831	0	0	1306	2136	58526	59356	0.0	1535
accn|JSVV01000041	ICEberg|1602|ICEAsp1|GenBank|MW030510.1|1..72978_Actinobacillus_sp._ICEAsp1_mobile_element__complete_sequence	100.000	199	0	0	3275	3473	59201	59399	5.26e-100	368
accn|JSVV01000041	ICEberg|1602|ICEAsp1|GenBank|MW030510.1|1..72978_Actinobacillus_sp._ICEAsp1_mobile_element__complete_sequence	100.000	161	0	0	3529	3689	59398	59558	7.00e-79	298
accn|JSVV01000041	ICEberg|1602|ICEAsp1|GenBank|MW030510.1|1..72978_Actinobacillus_sp._ICEAsp1_mobile_element__complete_sequence	98.837	86	0	1	2357	2441	57287	57372	5.77e-35	152
accn|JSVV01000041	resfinderf|sul2|2	100.000	816	0	0	1305	2120	816	1	0.0	1507
accn|JSVV01000041	resfinderf|sul2|2	100.000	140	0	0	3275	3414	140	1	3.30e-67	259
accn|JSVV01000041	resfinderf|sul2|9	100.000	815	0	0	1306	2120	815	1	0.0	1506
accn|JSVV01000041	resfinderf|sul2|9	100.000	140	0	0	3275	3414	140	1	3.30e-67	259
accn|JSVV01000041	resfinderf|sul2|9	100.000	38	0	0	3178	3215	852	815	1.66e-10	71.3
accn|JSVV01000041	resfinderf|sul2|20	99.877	816	1	0	1305	2120	816	1	0.0	1502
accn|JSVV01000041	resfinderf|sul2|20	99.286	140	1	0	3275	3414	140	1	1.54e-65	254
accn|JSVV01000041	resfinderf|sul2|19	99.877	816	1	0	1305	2120	816	1	0.0	1502
accn|JSVV01000041	resfinderf|sul2|19	100.000	140	0	0	3275	3414	140	1	3.30e-67	259
accn|JSVV01000041	resfinderf|sul2|18	99.877	816	1	0	1305	2120	816	1	0.0	1502
accn|JSVV01000041	resfinderf|sul2|18	100.000	140	0	0	3275	3414	140	1	3.30e-67	259
accn|JSVV01000041	resfinderf|sul2|17	99.877	816	1	0	1305	2120	816	1	0.0	1502
accn|JSVV01000041	resfinderf|sul2|17	100.000	140	0	0	3275	3414	140	1	3.30e-67	259
accn|JSVV01000041	resfinderf|sul2|15	99.877	816	1	0	1305	2120	816	1	0.0	1502
accn|JSVV01000041	resfinderf|sul2|15	100.000	140	0	0	3275	3414	140	1	3.30e-67	259
accn|JSVV01000041	resfinderf|sul2|12	99.877	816	1	0	1305	2120	816	1	0.0	1502
accn|JSVV01000041	resfinderf|sul2|12	100.000	140	0	0	3275	3414	140	1	3.30e-67	259
accn|JSVV01000041	resfinderf|sul2|11	99.877	816	1	0	1305	2120	816	1	0.0	1502
accn|JSVV01000041	resfinderf|sul2|11	100.000	140	0	0	3275	3414	140	1	3.30e-67	259
accn|JSVV01000041	resfinderf|sul2|8	99.877	815	1	0	1306	2120	815	1	0.0	1500
accn|JSVV01000041	resfinderf|sul2|8	99.286	140	1	0	3275	3414	140	1	1.54e-65	254
accn|JSVV01000041	resfinderf|sul2|8	100.000	38	0	0	3178	3215	852	815	1.66e-10	71.3
accn|JSVV01000041	resfinderf|sul2|7	99.877	815	1	0	1306	2120	815	1	0.0	1500
accn|JSVV01000041	resfinderf|sul2|7	100.000	140	0	0	3275	3414	140	1	3.30e-67	259
accn|JSVV01000041	resfinderf|sul2|7	100.000	38	0	0	3178	3215	852	815	1.66e-10	71.3
accn|JSVV01000041	resfinderf|sul2|13	99.755	816	2	0	1305	2120	816	1	0.0	1496
accn|JSVV01000041	resfinderf|sul2|13	100.000	140	0	0	3275	3414	140	1	3.30e-67	259
accn|JSVV01000041	resfinderf|sul2|6	99.755	816	2	0	1305	2120	816	1	0.0	1496
accn|JSVV01000041	resfinderf|sul2|6	100.000	140	0	0	3275	3414	140	1	3.30e-67	259
accn|JSVV01000041	resfinderf|sul2|14	100.000	808	0	0	1313	2120	808	1	0.0	1493
accn|JSVV01000041	resfinderf|sul2|14	100.000	140	0	0	3275	3414	140	1	3.30e-67	259
accn|JSVV01000041	resfinderf|sul2|10	99.634	819	0	3	1305	2120	819	1	0.0	1493
accn|JSVV01000041	resfinderf|sul2|10	100.000	140	0	0	3275	3414	140	1	3.30e-67	259
accn|JSVV01000041	resfinderf|sul2|3	99.632	816	3	0	1305	2120	816	1	0.0	1491
accn|JSVV01000041	resfinderf|sul2|3	100.000	140	0	0	3275	3414	140	1	3.30e-67	259
accn|JSVV01000041	resfinderf|sul2|1	99.632	816	3	0	1305	2120	816	1	0.0	1491
accn|JSVV01000041	resfinderf|sul2|1	100.000	140	0	0	3275	3414	140	1	3.30e-67	259
accn|JSVV01000041	resfinderf|sul2|21	99.510	816	4	0	1305	2120	816	1	0.0	1485
accn|JSVV01000041	resfinderf|sul2|21	100.000	140	0	0	3275	3414	140	1	3.30e-67	259
accn|JSVV01000041	resfinderf|aph(3__)-Ib|2	99.751	803	1	1	2389	3190	804	2	0.0	1471
accn|JSVV01000041	resfinderf|aph(3__)-Ib|5	99.627	804	2	1	2389	3191	804	1	0.0	1467
accn|JSVV01000041	resfinderf|aph(3__)-Ib|4	99.627	804	2	1	2389	3191	804	1	0.0	1467
accn|JSVV01000041	resfinderf|aph(3__)-Ib|3	99.627	804	2	1	2389	3191	804	1	0.0	1467
accn|JSVV01000041	resfinderf|sul2|5	99.020	816	8	0	1305	2120	816	1	0.0	1463
accn|JSVV01000041	resfinderf|sul2|5	99.286	140	1	0	3275	3414	140	1	1.54e-65	254
accn|JSVV01000041	resfinderf|aph(3__)-Ib|1	99.378	804	4	1	2389	3191	804	1	0.0	1456
accn|JSVV01000041	resfinderf|aph(6)-Id|2	100.000	33	0	0	2357	2389	33	1	1.00e-07	62.1
accn|JSVV01000041	resfinderf|aph(6)-Id|5	100.000	33	0	0	2357	2389	33	1	1.00e-07	62.1
accn|JSVV01000041	resfinderf|aph(6)-Id|3	100.000	33	0	0	2357	2389	33	1	1.00e-07	62.1
accn|JSVV01000041	resfinderf|aph(6)-Id|1	100.000	33	0	0	2357	2389	33	1	1.00e-07	62.1
accn|JSVV01000047	ICEberg|2045|Tn6966|GenBank|CP064830.1|3371703..3442829_Morganella_morganii_subsp._morganii_strain_81703_chromosome__complete_genome	99.938	1611	1	0	1	1611	13792	15402	0.0	2970
accn|JSVV01000047	ICEberg|1597|ICEApa1|GenBank|CP050316.1|2129122..2199489_Avibacterium_paragallinarum_strain_ESV-135_chromosome__complete_genome	99.938	1611	1	0	1	1611	50486	48876	0.0	2970
accn|JSVV01000047	ICEberg|976|ICEKkKWG1|GenBank|LN869922|850916..923591_Kingella_kingae_genome_assembly_KKKWG1__chromosome___I	99.876	1611	2	0	1	1611	35186	33576	0.0	2964
accn|JSVV01000047	ICEberg|960|ICEApl1|GenBank|KU551309|27..56176_Actinobacillus_pleuropneumoniae_strain_MIDG2427_tRNA-Leu_gene__integrative_conjugative_element_ICEApl1_mobile_element__and_tRNA-Gly_gene__complete_sequence	99.876	1611	2	0	1	1611	19998	21608	0.0	2964
accn|JSVV01000047	ICEberg|60|ICEHin1056|GenBank|AJ627386|1..59393_Haemophilus_influenzae_plasmid_ICEhin1056	99.876	1611	2	0	1	1611	22876	24486	0.0	2964
accn|JSVV01000047	ICEberg|350|ICEHpaT3T1|GenBank|FQ312002|1153089..1213144_Haemophilus_parainfluenzae_T3T1_genome	99.876	1611	2	0	1	1611	13510	15120	0.0	2964
accn|JSVV01000047	ICEberg|2007|Tn6687|GenBank|MN106412.1|1..68777_Haemophilus_influenzae_strain_0_transposon_Tn6687__complete_sequence	99.876	1611	2	0	1	1611	21120	22730	0.0	2964
accn|JSVV01000047	ICEberg|2006|Tn6686|GenBank|MN106411.1|1..64737_Haemophilus_influenzae_strain_G_transposon_Tn6686__complete_sequence	99.876	1611	2	0	1	1611	22929	24539	0.0	2964
accn|JSVV01000047	ICEberg|1807|ICEPmu4|GenBank|CP038875.1|2009809..2087766_Pasteurella_multocida_strain_FCf83_chromosome__complete_genome	99.814	1611	3	0	1	1611	51579	53189	0.0	2959
accn|JSVV01000047	ICEberg|1804|ICEPmu3|GenBank|CP038873.1|1026914..1096464_Pasteurella_multocida_strain_FCf45_chromosome__complete_genome	99.814	1611	3	0	1	1611	45896	47506	0.0	2959
accn|JSVV01000047	ICEberg|1803|ICEPmu2|GenBank|CP038871.1|1998244..2056820_Pasteurella_multocida_strain_FCf15_chromosome__complete_genome	99.814	1611	3	0	1	1611	17801	16191	0.0	2959
accn|JSVV01000047	ICEberg|1692|ICEGpa1804|GenBank|CP069308.1|717521..789400_Glaesserella_parasuis_strain_EHP1804_chromosome__complete_genome	99.923	1302	1	0	1	1302	53605	54906	0.0	2399
accn|JSVV01000047	ICEberg|1713|ICEHpa1|GenBank|CP054198.1|1511383..1580304_Glaesserella_parasuis_strain_YHP170504_chromosome__complete_genome	99.846	1302	2	0	1	1302	19987	18686	0.0	2394
accn|JSVV01000047	ICEberg|1602|ICEAsp1|GenBank|MW030510.1|1..72978_Actinobacillus_sp._ICEAsp1_mobile_element__complete_sequence	99.846	1302	2	0	1	1302	49058	50359	0.0	2394
accn|JSVV01000047	ICEberg|1697|ICEGpa2|GenBank|CP049090.1|1351751..1421790_Glaesserella_parasuis_strain_aHPS7_chromosome__complete_genome	99.616	1302	2	3	1	1302	19743	18445	0.0	2374
accn|JSVV01000047	resfinderf|tet(B)|1	99.917	1206	1	0	22	1227	1	1206	0.0	2222
accn|JSVV01000047	resfinderf|tet(B)|2	99.834	1206	2	0	22	1227	1	1206	0.0	2217
accn|JSVV01000047	resfinderf|tet(B)|3	99.585	1206	5	0	22	1227	1	1206	0.0	2200
