accn|CP031862	VFG042962(gb|WP_005615186)_(APL_RS04590)_GspE_PulE_family_protein_[Type_IV_pili_(VF1198)_-_Adherence_(VFC0001)]_[Actinobacillus_pleuropneumoniae_serovar_5b_str._L20]	99.928	1395	1	0	996353	997747	1395	1	0.0	2571
accn|CP031862	VFG042961(gb|WP_011848486)_(APL_RS04585)_type_II_secretion_system_F_family_protein_[Type_IV_pili_(VF1198)_-_Adherence_(VFC0001)]_[Actinobacillus_pleuropneumoniae_serovar_5b_str._L20]	99.418	1203	7	0	995167	996369	1203	1	0.0	2183
accn|CP031862	ICEberg|961|ICEApl2|GenBank|MF187965|1..92660_Actinobacillus_pleuropneumoniae_strain_MIDG3553_YhaH_(yhaH)_gene__complete_cds__ICEApl2_mobile_element__complete_sequence__and_PrfC_(prfC)_gene__complete_cds	99.440	714	3	1	37729	38441	714	1	0.0	1295
accn|CP031862	VFG042960(gb|WP_009874617)_(APL_RS04580)_prepilin_peptidase_[Type_IV_pili_(VF1198)_-_Adherence_(VFC0001)]_[Actinobacillus_pleuropneumoniae_serovar_5b_str._L20]	99.687	639	2	0	994502	995140	639	1	0.0	1170
accn|CP031862	VFG042963(gb|WP_009874618)_(APL_RS04595)_prepilin-type_N-terminal_cleavage_methylation_domain-containing_protein_[Type_IV_pili_(VF1198)_-_Adherence_(VFC0001)]_[Actinobacillus_pleuropneumoniae_serovar_5b_str._L20]	98.210	447	6	2	997766	998211	446	1	0.0	780
accn|CP031862	ICEberg|1702|ICEHin8|GenBank|LS483392.1|192252..244996_Haemophilus_influenzae_strain_NCTC11931_genome_assembly__chromosome__1	96.269	134	2	1	1941694	1941827	131	1	1.21e-51	217
accn|CP031862	ICEberg|1702|ICEHin8|GenBank|LS483392.1|192252..244996_Haemophilus_influenzae_strain_NCTC11931_genome_assembly__chromosome__1	98.701	77	1	0	356217	356293	77	1	9.71e-28	137
accn|CP031862	ICEberg|1702|ICEHin8|GenBank|LS483392.1|192252..244996_Haemophilus_influenzae_strain_NCTC11931_genome_assembly__chromosome__1	95.000	80	3	1	1952856	1952935	52745	52667	7.56e-24	124
accn|CP031862	ICEberg|1702|ICEHin8|GenBank|LS483392.1|192252..244996_Haemophilus_influenzae_strain_NCTC11931_genome_assembly__chromosome__1	95.000	80	3	1	1941752	1941831	52745	52667	7.56e-24	124
accn|CP031862	ICEberg|1702|ICEHin8|GenBank|LS483392.1|192252..244996_Haemophilus_influenzae_strain_NCTC11931_genome_assembly__chromosome__1	96.053	76	3	0	356218	356293	52745	52670	7.56e-24	124
accn|CP031862	ICEberg|1597|ICEApa1|GenBank|CP050316.1|2129122..2199489_Avibacterium_paragallinarum_strain_ESV-135_chromosome__complete_genome	96.124	129	4	1	1941699	1941827	128	1	2.03e-49	209
accn|CP031862	ICEberg|1597|ICEApa1|GenBank|CP050316.1|2129122..2199489_Avibacterium_paragallinarum_strain_ESV-135_chromosome__complete_genome	96.053	76	3	0	356218	356293	76	1	7.56e-24	124
accn|CP031862	ICEberg|1597|ICEApa1|GenBank|CP050316.1|2129122..2199489_Avibacterium_paragallinarum_strain_ESV-135_chromosome__complete_genome	96.053	76	3	0	1952856	1952931	70368	70293	7.56e-24	124
accn|CP031862	ICEberg|1597|ICEApa1|GenBank|CP050316.1|2129122..2199489_Avibacterium_paragallinarum_strain_ESV-135_chromosome__complete_genome	96.053	76	3	0	1941752	1941827	70368	70293	7.56e-24	124
accn|CP031862	ICEberg|1597|ICEApa1|GenBank|CP050316.1|2129122..2199489_Avibacterium_paragallinarum_strain_ESV-135_chromosome__complete_genome	96.053	76	3	0	356218	356293	70368	70293	7.56e-24	124
accn|CP031862	ICEberg|1700|ICEHdu1|GenBank|NC_002940.2|718953..768668_[Haemophilus]_ducreyi_35000HP__complete_sequence	98.889	90	1	0	1496440	1496529	49627	49716	5.76e-35	161
accn|CP031862	ICEberg|1700|ICEHdu1|GenBank|NC_002940.2|718953..768668_[Haemophilus]_ducreyi_35000HP__complete_sequence	98.889	90	1	0	1496651	1496740	49627	49716	5.76e-35	161
accn|CP031862	ICEberg|1700|ICEHdu1|GenBank|NC_002940.2|718953..768668_[Haemophilus]_ducreyi_35000HP__complete_sequence	98.876	89	1	0	1496322	1496410	49628	49716	2.07e-34	159
accn|CP031862	ICEberg|1700|ICEHdu1|GenBank|NC_002940.2|718953..768668_[Haemophilus]_ducreyi_35000HP__complete_sequence	100.000	76	0	0	861816	861891	1	76	7.50e-29	141
accn|CP031862	ICEberg|1700|ICEHdu1|GenBank|NC_002940.2|718953..768668_[Haemophilus]_ducreyi_35000HP__complete_sequence	100.000	76	0	0	1496752	1496827	1	76	7.50e-29	141
accn|CP031862	ICEberg|1700|ICEHdu1|GenBank|NC_002940.2|718953..768668_[Haemophilus]_ducreyi_35000HP__complete_sequence	100.000	76	0	0	2015754	2015829	49501	49576	7.50e-29	141
accn|CP031862	ICEberg|1700|ICEHdu1|GenBank|NC_002940.2|718953..768668_[Haemophilus]_ducreyi_35000HP__complete_sequence	100.000	76	0	0	2015963	2016038	49501	49576	7.50e-29	141
accn|CP031862	ICEberg|1700|ICEHdu1|GenBank|NC_002940.2|718953..768668_[Haemophilus]_ducreyi_35000HP__complete_sequence	98.684	76	1	0	2015864	2015939	49501	49576	3.49e-27	135
accn|CP031862	ICEberg|1701|ICEHdu2|GenBank|CP015434.1|162562..211583_[Haemophilus]_ducreyi_strain_GHA9__complete_genome	100.000	76	0	0	2015963	2016038	77	2	7.50e-29	141
accn|CP031862	ICEberg|1701|ICEHdu2|GenBank|CP015434.1|162562..211583_[Haemophilus]_ducreyi_strain_GHA9__complete_genome	100.000	76	0	0	2015754	2015829	77	2	7.50e-29	141
accn|CP031862	ICEberg|1701|ICEHdu2|GenBank|CP015434.1|162562..211583_[Haemophilus]_ducreyi_strain_GHA9__complete_genome	97.590	83	0	2	861816	861896	49022	48940	7.50e-29	141
accn|CP031862	ICEberg|1701|ICEHdu2|GenBank|CP015434.1|162562..211583_[Haemophilus]_ducreyi_strain_GHA9__complete_genome	100.000	76	0	0	1496752	1496827	49022	48947	7.50e-29	141
accn|CP031862	ICEberg|1701|ICEHdu2|GenBank|CP015434.1|162562..211583_[Haemophilus]_ducreyi_strain_GHA9__complete_genome	98.684	76	1	0	2015864	2015939	77	2	3.49e-27	135
accn|CP031862	ICEberg|1701|ICEHdu2|GenBank|CP015434.1|162562..211583_[Haemophilus]_ducreyi_strain_GHA9__complete_genome	97.059	68	2	0	1496440	1496507	48918	48851	4.55e-21	115
accn|CP031862	ICEberg|1586|ICEAac3|GenBank|CP043003.1|2132073..2197982_Aggregatibacter_actinomycetemcomitans_strain_HK_907_chromosome__complete_genome	100.000	76	0	0	1496202	1496277	76	1	7.50e-29	141
accn|CP031862	ICEberg|1586|ICEAac3|GenBank|CP043003.1|2132073..2197982_Aggregatibacter_actinomycetemcomitans_strain_HK_907_chromosome__complete_genome	100.000	76	0	0	861816	861891	76	1	7.50e-29	141
accn|CP031862	ICEberg|1586|ICEAac3|GenBank|CP043003.1|2132073..2197982_Aggregatibacter_actinomycetemcomitans_strain_HK_907_chromosome__complete_genome	100.000	76	0	0	2015963	2016038	292	217	7.50e-29	141
accn|CP031862	ICEberg|1586|ICEAac3|GenBank|CP043003.1|2132073..2197982_Aggregatibacter_actinomycetemcomitans_strain_HK_907_chromosome__complete_genome	100.000	76	0	0	2015754	2015829	292	217	7.50e-29	141
accn|CP031862	ICEberg|1586|ICEAac3|GenBank|CP043003.1|2132073..2197982_Aggregatibacter_actinomycetemcomitans_strain_HK_907_chromosome__complete_genome	98.684	76	1	0	2015864	2015939	292	217	3.49e-27	135
accn|CP031862	ICEberg|1586|ICEAac3|GenBank|CP043003.1|2132073..2197982_Aggregatibacter_actinomycetemcomitans_strain_HK_907_chromosome__complete_genome	98.571	70	1	0	1496435	1496504	64314	64245	7.56e-24	124
accn|CP031862	ICEberg|1586|ICEAac3|GenBank|CP043003.1|2132073..2197982_Aggregatibacter_actinomycetemcomitans_strain_HK_907_chromosome__complete_genome	98.507	67	1	0	1496649	1496715	64311	64245	3.52e-22	119
accn|CP031862	ICEberg|1586|ICEAac3|GenBank|CP043003.1|2132073..2197982_Aggregatibacter_actinomycetemcomitans_strain_HK_907_chromosome__complete_genome	100.000	62	0	0	2015963	2016024	64407	64346	4.55e-21	115
accn|CP031862	ICEberg|1586|ICEAac3|GenBank|CP043003.1|2132073..2197982_Aggregatibacter_actinomycetemcomitans_strain_HK_907_chromosome__complete_genome	100.000	62	0	0	2015754	2015815	64407	64346	4.55e-21	115
accn|CP031862	ICEberg|1586|ICEAac3|GenBank|CP043003.1|2132073..2197982_Aggregatibacter_actinomycetemcomitans_strain_HK_907_chromosome__complete_genome	98.438	64	1	0	1496322	1496385	64308	64245	1.64e-20	113
accn|CP031862	ICEberg|1586|ICEAac3|GenBank|CP043003.1|2132073..2197982_Aggregatibacter_actinomycetemcomitans_strain_HK_907_chromosome__complete_genome	98.387	62	1	0	2015864	2015925	64407	64346	2.12e-19	110
accn|CP031862	ICEberg|1584|ICEAac1|GenBank|CP012959.1|2164508..2181462_Aggregatibacter_actinomycetemcomitans_strain_624__complete_genome	100.000	76	0	0	861816	861891	16880	16955	7.50e-29	141
accn|CP031862	ICEberg|1584|ICEAac1|GenBank|CP012959.1|2164508..2181462_Aggregatibacter_actinomycetemcomitans_strain_624__complete_genome	100.000	76	0	0	1496202	1496277	16880	16955	7.50e-29	141
accn|CP031862	ICEberg|1584|ICEAac1|GenBank|CP012959.1|2164508..2181462_Aggregatibacter_actinomycetemcomitans_strain_624__complete_genome	100.000	76	0	0	1496552	1496627	16880	16955	7.50e-29	141
accn|CP031862	ICEberg|2010|Tn6783_201330|GenBank|CP054623.1|2596147..2668162_Pseudomonas_aeruginosa_strain_DL201330_chromosome__complete_genome	98.718	78	1	0	1496202	1496279	66974	66897	2.70e-28	139
accn|CP031862	ICEberg|2010|Tn6783_201330|GenBank|CP054623.1|2596147..2668162_Pseudomonas_aeruginosa_strain_DL201330_chromosome__complete_genome	98.701	77	1	0	1496752	1496828	66974	66898	9.71e-28	137
accn|CP031862	ICEberg|2010|Tn6783_201330|GenBank|CP054623.1|2596147..2668162_Pseudomonas_aeruginosa_strain_DL201330_chromosome__complete_genome	98.684	76	1	0	1496552	1496627	66974	66899	3.49e-27	135
accn|CP031862	ICEberg|2010|Tn6783_201330|GenBank|CP054623.1|2596147..2668162_Pseudomonas_aeruginosa_strain_DL201330_chromosome__complete_genome	98.684	76	1	0	861816	861891	66974	66899	3.49e-27	135
accn|CP031862	ICEberg|1581|ICE6660|GenBank|MK497171.1|1..112205_Pseudomonas_aeruginosa_sequence	95.294	85	4	0	1496743	1496827	112121	112205	3.49e-27	135
accn|CP031862	ICEberg|1581|ICE6660|GenBank|MK497171.1|1..112205_Pseudomonas_aeruginosa_sequence	96.341	82	3	0	861810	861891	112124	112205	3.49e-27	135
accn|CP031862	ICEberg|1581|ICE6660|GenBank|MK497171.1|1..112205_Pseudomonas_aeruginosa_sequence	98.684	76	1	0	1496202	1496277	112130	112205	3.49e-27	135
accn|CP031862	ICEberg|1807|ICEPmu4|GenBank|CP038875.1|2009809..2087766_Pasteurella_multocida_strain_FCf83_chromosome__complete_genome	96.053	76	3	0	356218	356293	1	76	7.56e-24	124
accn|CP031862	ICEberg|1807|ICEPmu4|GenBank|CP038875.1|2009809..2087766_Pasteurella_multocida_strain_FCf83_chromosome__complete_genome	96.053	76	3	0	1941752	1941827	1	76	7.56e-24	124
accn|CP031862	ICEberg|1807|ICEPmu4|GenBank|CP038875.1|2009809..2087766_Pasteurella_multocida_strain_FCf83_chromosome__complete_genome	96.053	76	3	0	1952856	1952931	1	76	7.56e-24	124
accn|CP031862	ICEberg|1804|ICEPmu3|GenBank|CP038873.1|1026914..1096464_Pasteurella_multocida_strain_FCf45_chromosome__complete_genome	96.053	76	3	0	1952856	1952931	69551	69476	7.56e-24	124
accn|CP031862	ICEberg|1804|ICEPmu3|GenBank|CP038873.1|1026914..1096464_Pasteurella_multocida_strain_FCf45_chromosome__complete_genome	96.053	76	3	0	1941752	1941827	69551	69476	7.56e-24	124
accn|CP031862	ICEberg|1804|ICEPmu3|GenBank|CP038873.1|1026914..1096464_Pasteurella_multocida_strain_FCf45_chromosome__complete_genome	96.053	76	3	0	356218	356293	69551	69476	7.56e-24	124
accn|CP031862	ICEberg|1718|ICEHso3|GenBank|NC_008309.1|1952153..2005728_Histophilus_somni_129PT__complete_sequence	96.053	76	3	0	356218	356293	99	174	7.56e-24	124
accn|CP031862	ICEberg|960|ICEApl1|GenBank|KU551309|27..56176_Actinobacillus_pleuropneumoniae_strain_MIDG2427_tRNA-Leu_gene__integrative_conjugative_element_ICEApl1_mobile_element__and_tRNA-Gly_gene__complete_sequence	98.485	66	1	0	1496653	1496718	56150	56085	1.26e-21	117
accn|CP031862	ICEberg|960|ICEApl1|GenBank|KU551309|27..56176_Actinobacillus_pleuropneumoniae_strain_MIDG2427_tRNA-Leu_gene__integrative_conjugative_element_ICEApl1_mobile_element__and_tRNA-Gly_gene__complete_sequence	98.485	66	1	0	1496442	1496507	56150	56085	1.26e-21	117
accn|CP031862	ICEberg|960|ICEApl1|GenBank|KU551309|27..56176_Actinobacillus_pleuropneumoniae_strain_MIDG2427_tRNA-Leu_gene__integrative_conjugative_element_ICEApl1_mobile_element__and_tRNA-Gly_gene__complete_sequence	98.485	66	1	0	1496323	1496388	56150	56085	1.26e-21	117
accn|CP031862	ICEberg|960|ICEApl1|GenBank|KU551309|27..56176_Actinobacillus_pleuropneumoniae_strain_MIDG2427_tRNA-Leu_gene__integrative_conjugative_element_ICEApl1_mobile_element__and_tRNA-Gly_gene__complete_sequence	97.015	67	2	0	1496653	1496719	67	1	1.64e-20	113
accn|CP031862	ICEberg|960|ICEApl1|GenBank|KU551309|27..56176_Actinobacillus_pleuropneumoniae_strain_MIDG2427_tRNA-Leu_gene__integrative_conjugative_element_ICEApl1_mobile_element__and_tRNA-Gly_gene__complete_sequence	97.015	67	2	0	1496442	1496508	67	1	1.64e-20	113
accn|CP031862	ICEberg|960|ICEApl1|GenBank|KU551309|27..56176_Actinobacillus_pleuropneumoniae_strain_MIDG2427_tRNA-Leu_gene__integrative_conjugative_element_ICEApl1_mobile_element__and_tRNA-Gly_gene__complete_sequence	97.015	67	2	0	1496323	1496389	67	1	1.64e-20	113
accn|CP031862	ICEberg|60|ICEHin1056|GenBank|AJ627386|1..59393_Haemophilus_influenzae_plasmid_ICEhin1056	95.455	66	3	0	1496653	1496718	66	1	2.74e-18	106
accn|CP031862	ICEberg|60|ICEHin1056|GenBank|AJ627386|1..59393_Haemophilus_influenzae_plasmid_ICEhin1056	95.455	66	3	0	1496442	1496507	66	1	2.74e-18	106
accn|CP031862	ICEberg|60|ICEHin1056|GenBank|AJ627386|1..59393_Haemophilus_influenzae_plasmid_ICEhin1056	95.455	66	3	0	1496323	1496388	66	1	2.74e-18	106
accn|CP031862	ICEberg|350|ICEHpaT3T1|GenBank|FQ312002|1153089..1213144_Haemophilus_parainfluenzae_T3T1_genome	96.825	63	2	0	1496323	1496385	59991	60053	2.74e-18	106
accn|CP031862	ICEberg|350|ICEHpaT3T1|GenBank|FQ312002|1153089..1213144_Haemophilus_parainfluenzae_T3T1_genome	96.825	63	2	0	1496442	1496504	59991	60053	2.74e-18	106
accn|CP031862	ICEberg|350|ICEHpaT3T1|GenBank|FQ312002|1153089..1213144_Haemophilus_parainfluenzae_T3T1_genome	96.825	63	2	0	1496653	1496715	59991	60053	2.74e-18	106
accn|CP031862	ICEberg|349|ICEHpa8f|GenBank|AM884335|1..52725_Haemophilus_influenzae_parA_gene_for_chromosome_partitioning_protein__strain_8f	95.455	66	3	0	1496653	1496718	66	1	2.74e-18	106
accn|CP031862	ICEberg|349|ICEHpa8f|GenBank|AM884335|1..52725_Haemophilus_influenzae_parA_gene_for_chromosome_partitioning_protein__strain_8f	95.455	66	3	0	1496442	1496507	66	1	2.74e-18	106
accn|CP031862	ICEberg|349|ICEHpa8f|GenBank|AM884335|1..52725_Haemophilus_influenzae_parA_gene_for_chromosome_partitioning_protein__strain_8f	95.455	66	3	0	1496323	1496388	66	1	2.74e-18	106
accn|CP031862	ICEberg|348|ICEHin299|GenBank|AM884334|1..53902_Haemophilus_influenzae_parA_gene_for_chromosome_partitioning_protein__strain_299	95.455	66	3	0	1496653	1496718	66	1	2.74e-18	106
accn|CP031862	ICEberg|348|ICEHin299|GenBank|AM884334|1..53902_Haemophilus_influenzae_parA_gene_for_chromosome_partitioning_protein__strain_299	95.455	66	3	0	1496442	1496507	66	1	2.74e-18	106
accn|CP031862	ICEberg|348|ICEHin299|GenBank|AM884334|1..53902_Haemophilus_influenzae_parA_gene_for_chromosome_partitioning_protein__strain_299	95.455	66	3	0	1496323	1496388	66	1	2.74e-18	106
accn|CP031862	ICEberg|346|ICEHinB|GenBank|FQ312006|87548..143543_Haemophilus_influenzae_10810_genome	95.455	66	3	0	1496653	1496718	66	1	2.74e-18	106
accn|CP031862	ICEberg|346|ICEHinB|GenBank|FQ312006|87548..143543_Haemophilus_influenzae_10810_genome	95.455	66	3	0	1496442	1496507	66	1	2.74e-18	106
accn|CP031862	ICEberg|346|ICEHinB|GenBank|FQ312006|87548..143543_Haemophilus_influenzae_10810_genome	95.455	66	3	0	1496323	1496388	66	1	2.74e-18	106
accn|CP031862	ICEberg|2046|Tn7100|GenBank|OW736085.1|1..73601_Haemophilus_influenzae_strain_Hi-228_transposon_7100__complete_sequence	95.455	66	3	0	1496653	1496718	66	1	2.74e-18	106
accn|CP031862	ICEberg|2046|Tn7100|GenBank|OW736085.1|1..73601_Haemophilus_influenzae_strain_Hi-228_transposon_7100__complete_sequence	95.455	66	3	0	1496442	1496507	66	1	2.74e-18	106
accn|CP031862	ICEberg|2046|Tn7100|GenBank|OW736085.1|1..73601_Haemophilus_influenzae_strain_Hi-228_transposon_7100__complete_sequence	95.455	66	3	0	1496323	1496388	66	1	2.74e-18	106
accn|CP031862	ICEberg|2007|Tn6687|GenBank|MN106412.1|1..68777_Haemophilus_influenzae_strain_0_transposon_Tn6687__complete_sequence	95.455	66	3	0	1496653	1496718	66	1	2.74e-18	106
accn|CP031862	ICEberg|2007|Tn6687|GenBank|MN106412.1|1..68777_Haemophilus_influenzae_strain_0_transposon_Tn6687__complete_sequence	95.455	66	3	0	1496442	1496507	66	1	2.74e-18	106
accn|CP031862	ICEberg|2007|Tn6687|GenBank|MN106412.1|1..68777_Haemophilus_influenzae_strain_0_transposon_Tn6687__complete_sequence	95.455	66	3	0	1496323	1496388	66	1	2.74e-18	106
accn|CP031862	ICEberg|2006|Tn6686|GenBank|MN106411.1|1..64737_Haemophilus_influenzae_strain_G_transposon_Tn6686__complete_sequence	95.455	66	3	0	1496653	1496718	66	1	2.74e-18	106
accn|CP031862	ICEberg|2006|Tn6686|GenBank|MN106411.1|1..64737_Haemophilus_influenzae_strain_G_transposon_Tn6686__complete_sequence	95.455	66	3	0	1496442	1496507	66	1	2.74e-18	106
accn|CP031862	ICEberg|2006|Tn6686|GenBank|MN106411.1|1..64737_Haemophilus_influenzae_strain_G_transposon_Tn6686__complete_sequence	95.455	66	3	0	1496323	1496388	66	1	2.74e-18	106
accn|CP031862	ICEberg|2005|Tn6685|GenBank|MN106410.1|1..52414_Haemophilus_influenzae_strain_E_transposon_Tn6685__complete_sequence	95.455	66	3	0	1496653	1496718	66	1	2.74e-18	106
accn|CP031862	ICEberg|2005|Tn6685|GenBank|MN106410.1|1..52414_Haemophilus_influenzae_strain_E_transposon_Tn6685__complete_sequence	95.455	66	3	0	1496442	1496507	66	1	2.74e-18	106
accn|CP031862	ICEberg|2005|Tn6685|GenBank|MN106410.1|1..52414_Haemophilus_influenzae_strain_E_transposon_Tn6685__complete_sequence	95.455	66	3	0	1496323	1496388	66	1	2.74e-18	106
accn|CP031862	ICEberg|1592|ICEAeq1|GenBank|LR134310.1|200137..254057_Actinobacillus_equuli_strain_NCTC8529_genome_assembly__chromosome__1	96.491	57	0	2	922567	922622	44607	44662	2.13e-14	93.5
accn|CP031862	ICEberg|1685|ICEEC8|GenBank|LOGV01000031.1|282800..364210_Escherichia_coli_strain_STEC_2174_STEC2174_contig_26__whole_genome_shotgun_sequence	96.154	52	2	0	1941985	1942036	1	52	3.57e-12	86.1
accn|CP031862	ICEberg|1685|ICEEC8|GenBank|LOGV01000031.1|282800..364210_Escherichia_coli_strain_STEC_2174_STEC2174_contig_26__whole_genome_shotgun_sequence	96.078	51	2	0	1941696	1941746	1	51	1.28e-11	84.2
