accn|CP029206	ICEberg|1804|ICEPmu3|GenBank|CP038873.1|1026914..1096464_Pasteurella_multocida_strain_FCf45_chromosome__complete_genome	99.956	9150	4	0	149066	158215	49657	40508	0.0	16875
accn|CP029206	ICEberg|1804|ICEPmu3|GenBank|CP038873.1|1026914..1096464_Pasteurella_multocida_strain_FCf45_chromosome__complete_genome	99.925	1331	1	0	149065	150395	58787	57457	0.0	2453
accn|CP029206	ICEberg|1804|ICEPmu3|GenBank|CP038873.1|1026914..1096464_Pasteurella_multocida_strain_FCf45_chromosome__complete_genome	98.730	1339	16	1	149059	150397	40505	41842	0.0	2377
accn|CP029206	ICEberg|1804|ICEPmu3|GenBank|CP038873.1|1026914..1096464_Pasteurella_multocida_strain_FCf45_chromosome__complete_genome	98.729	1338	17	0	156876	158213	57450	58787	0.0	2377
accn|CP029206	ICEberg|1804|ICEPmu3|GenBank|CP038873.1|1026914..1096464_Pasteurella_multocida_strain_FCf45_chromosome__complete_genome	98.799	1332	16	0	156881	158212	48326	49657	0.0	2372
accn|CP029206	ICEberg|1804|ICEPmu3|GenBank|CP038873.1|1026914..1096464_Pasteurella_multocida_strain_FCf45_chromosome__complete_genome	96.203	79	3	0	2106569	2106647	69473	69551	1.63e-25	130
accn|CP029206	ICEberg|1804|ICEPmu3|GenBank|CP038873.1|1026914..1096464_Pasteurella_multocida_strain_FCf45_chromosome__complete_genome	96.053	76	3	0	445426	445501	69476	69551	7.59e-24	124
accn|CP029206	ICEberg|960|ICEApl1|GenBank|KU551309|27..56176_Actinobacillus_pleuropneumoniae_strain_MIDG2427_tRNA-Leu_gene__integrative_conjugative_element_ICEApl1_mobile_element__and_tRNA-Gly_gene__complete_sequence	99.945	9147	4	1	149066	158212	23759	14614	0.0	16862
accn|CP029206	ICEberg|960|ICEApl1|GenBank|KU551309|27..56176_Actinobacillus_pleuropneumoniae_strain_MIDG2427_tRNA-Leu_gene__integrative_conjugative_element_ICEApl1_mobile_element__and_tRNA-Gly_gene__complete_sequence	98.874	1332	15	0	149066	150397	14614	15945	0.0	2377
accn|CP029206	ICEberg|960|ICEApl1|GenBank|KU551309|27..56176_Actinobacillus_pleuropneumoniae_strain_MIDG2427_tRNA-Leu_gene__integrative_conjugative_element_ICEApl1_mobile_element__and_tRNA-Gly_gene__complete_sequence	98.874	1332	15	0	156881	158212	22428	23759	0.0	2377
accn|CP029206	ICEberg|960|ICEApl1|GenBank|KU551309|27..56176_Actinobacillus_pleuropneumoniae_strain_MIDG2427_tRNA-Leu_gene__integrative_conjugative_element_ICEApl1_mobile_element__and_tRNA-Gly_gene__complete_sequence	95.890	73	3	0	1228988	1229060	1	73	3.53e-22	119
accn|CP029206	ICEberg|960|ICEApl1|GenBank|KU551309|27..56176_Actinobacillus_pleuropneumoniae_strain_MIDG2427_tRNA-Leu_gene__integrative_conjugative_element_ICEApl1_mobile_element__and_tRNA-Gly_gene__complete_sequence	98.485	66	1	0	718325	718390	56085	56150	1.27e-21	117
accn|CP029206	ICEberg|960|ICEApl1|GenBank|KU551309|27..56176_Actinobacillus_pleuropneumoniae_strain_MIDG2427_tRNA-Leu_gene__integrative_conjugative_element_ICEApl1_mobile_element__and_tRNA-Gly_gene__complete_sequence	98.485	66	1	0	1228989	1229054	56085	56150	1.27e-21	117
accn|CP029206	ICEberg|960|ICEApl1|GenBank|KU551309|27..56176_Actinobacillus_pleuropneumoniae_strain_MIDG2427_tRNA-Leu_gene__integrative_conjugative_element_ICEApl1_mobile_element__and_tRNA-Gly_gene__complete_sequence	97.015	67	2	0	718324	718390	1	67	1.64e-20	113
accn|CP029206	ICEberg|976|ICEKkKWG1|GenBank|LN869922|850916..923591_Kingella_kingae_genome_assembly_KKKWG1__chromosome___I	99.913	9147	7	1	149066	158212	31425	40570	0.0	16846
accn|CP029206	ICEberg|976|ICEKkKWG1|GenBank|LN869922|850916..923591_Kingella_kingae_genome_assembly_KKKWG1__chromosome___I	98.802	1336	16	0	149062	150397	40574	39239	0.0	2379
accn|CP029206	ICEberg|976|ICEKkKWG1|GenBank|LN869922|850916..923591_Kingella_kingae_genome_assembly_KKKWG1__chromosome___I	98.874	1332	15	0	156881	158212	32756	31425	0.0	2377
accn|CP029206	ICEberg|2007|Tn6687|GenBank|MN106412.1|1..68777_Haemophilus_influenzae_strain_0_transposon_Tn6687__complete_sequence	99.902	9147	8	1	149066	158212	24881	15736	0.0	16840
accn|CP029206	ICEberg|2007|Tn6687|GenBank|MN106412.1|1..68777_Haemophilus_influenzae_strain_0_transposon_Tn6687__complete_sequence	98.949	1332	14	0	149066	150397	15736	17067	0.0	2383
accn|CP029206	ICEberg|2007|Tn6687|GenBank|MN106412.1|1..68777_Haemophilus_influenzae_strain_0_transposon_Tn6687__complete_sequence	98.874	1332	15	0	156881	158212	23550	24881	0.0	2377
accn|CP029206	ICEberg|2007|Tn6687|GenBank|MN106412.1|1..68777_Haemophilus_influenzae_strain_0_transposon_Tn6687__complete_sequence	95.455	66	3	0	718325	718390	1	66	2.75e-18	106
accn|CP029206	ICEberg|350|ICEHpaT3T1|GenBank|FQ312002|1153089..1213144_Haemophilus_parainfluenzae_T3T1_genome	99.847	9147	14	0	149066	158212	17271	8125	0.0	16814
accn|CP029206	ICEberg|350|ICEHpaT3T1|GenBank|FQ312002|1153089..1213144_Haemophilus_parainfluenzae_T3T1_genome	99.399	1332	8	0	149066	150397	8125	9456	0.0	2416
accn|CP029206	ICEberg|350|ICEHpaT3T1|GenBank|FQ312002|1153089..1213144_Haemophilus_parainfluenzae_T3T1_genome	99.324	1332	9	0	156881	158212	15940	17271	0.0	2410
accn|CP029206	ICEberg|350|ICEHpaT3T1|GenBank|FQ312002|1153089..1213144_Haemophilus_parainfluenzae_T3T1_genome	95.652	69	3	0	1228992	1229060	60053	59985	5.91e-20	111
accn|CP029206	ICEberg|350|ICEHpaT3T1|GenBank|FQ312002|1153089..1213144_Haemophilus_parainfluenzae_T3T1_genome	96.825	63	2	0	718328	718390	60053	59991	2.75e-18	106
accn|CP029206	ICEberg|1597|ICEApa1|GenBank|CP050316.1|2129122..2199489_Avibacterium_paragallinarum_strain_ESV-135_chromosome__complete_genome	99.934	9113	6	0	149066	158178	46725	55837	0.0	16796
accn|CP029206	ICEberg|1597|ICEApa1|GenBank|CP050316.1|2129122..2199489_Avibacterium_paragallinarum_strain_ESV-135_chromosome__complete_genome	98.949	1332	14	0	156881	158212	48056	46725	0.0	2383
accn|CP029206	ICEberg|1597|ICEApa1|GenBank|CP050316.1|2129122..2199489_Avibacterium_paragallinarum_strain_ESV-135_chromosome__complete_genome	99.153	1298	11	0	149100	150397	55837	54540	0.0	2337
accn|CP029206	ICEberg|1597|ICEApa1|GenBank|CP050316.1|2129122..2199489_Avibacterium_paragallinarum_strain_ESV-135_chromosome__complete_genome	95.349	129	5	1	445426	445554	1	128	9.48e-48	204
accn|CP029206	ICEberg|1597|ICEApa1|GenBank|CP050316.1|2129122..2199489_Avibacterium_paragallinarum_strain_ESV-135_chromosome__complete_genome	96.203	79	3	0	2106569	2106647	70290	70368	1.63e-25	130
accn|CP029206	ICEberg|1597|ICEApa1|GenBank|CP050316.1|2129122..2199489_Avibacterium_paragallinarum_strain_ESV-135_chromosome__complete_genome	96.053	76	3	0	2106572	2106647	1	76	7.59e-24	124
accn|CP029206	ICEberg|1597|ICEApa1|GenBank|CP050316.1|2129122..2199489_Avibacterium_paragallinarum_strain_ESV-135_chromosome__complete_genome	96.053	76	3	0	445426	445501	70293	70368	7.59e-24	124
accn|CP029206	ICEberg|1597|ICEApa1|GenBank|CP050316.1|2129122..2199489_Avibacterium_paragallinarum_strain_ESV-135_chromosome__complete_genome	95.745	47	1	1	158167	158213	60603	60648	7.76e-09	75.0
accn|CP029206	ICEberg|1713|ICEHpa1|GenBank|CP054198.1|1511383..1580304_Glaesserella_parasuis_strain_YHP170504_chromosome__complete_genome	99.970	6687	2	0	151526	158212	18686	25372	0.0	12338
accn|CP029206	ICEberg|1713|ICEHpa1|GenBank|CP054198.1|1511383..1580304_Glaesserella_parasuis_strain_YHP170504_chromosome__complete_genome	98.874	1332	15	0	149066	150397	25372	24041	0.0	2377
accn|CP029206	ICEberg|1713|ICEHpa1|GenBank|CP054198.1|1511383..1580304_Glaesserella_parasuis_strain_YHP170504_chromosome__complete_genome	99.814	1073	2	0	2015439	2016511	6997	5925	0.0	1971
accn|CP029206	ICEberg|1713|ICEHpa1|GenBank|CP054198.1|1511383..1580304_Glaesserella_parasuis_strain_YHP170504_chromosome__complete_genome	99.629	1079	3	1	1905630	1906707	7003	5925	0.0	1969
accn|CP029206	ICEberg|1713|ICEHpa1|GenBank|CP054198.1|1511383..1580304_Glaesserella_parasuis_strain_YHP170504_chromosome__complete_genome	99.721	1076	2	1	1186125	1187199	7000	5925	0.0	1969
accn|CP029206	ICEberg|1713|ICEHpa1|GenBank|CP054198.1|1511383..1580304_Glaesserella_parasuis_strain_YHP170504_chromosome__complete_genome	99.813	1072	2	0	575406	576477	6996	5925	0.0	1969
accn|CP029206	ICEberg|1713|ICEHpa1|GenBank|CP054198.1|1511383..1580304_Glaesserella_parasuis_strain_YHP170504_chromosome__complete_genome	99.721	1074	3	0	1571286	1572359	6994	5921	0.0	1967
accn|CP029206	ICEberg|1713|ICEHpa1|GenBank|CP054198.1|1511383..1580304_Glaesserella_parasuis_strain_YHP170504_chromosome__complete_genome	99.813	1071	2	0	128070	129140	6994	5924	0.0	1967
accn|CP029206	ICEberg|1713|ICEHpa1|GenBank|CP054198.1|1511383..1580304_Glaesserella_parasuis_strain_YHP170504_chromosome__complete_genome	99.266	1090	5	2	572401	573487	5912	7001	0.0	1965
accn|CP029206	ICEberg|1713|ICEHpa1|GenBank|CP054198.1|1511383..1580304_Glaesserella_parasuis_strain_YHP170504_chromosome__complete_genome	99.813	1070	2	0	1150097	1151166	5925	6994	0.0	1965
accn|CP029206	ICEberg|1713|ICEHpa1|GenBank|CP054198.1|1511383..1580304_Glaesserella_parasuis_strain_YHP170504_chromosome__complete_genome	99.813	1070	2	0	1400206	1401275	5925	6994	0.0	1965
accn|CP029206	ICEberg|1713|ICEHpa1|GenBank|CP054198.1|1511383..1580304_Glaesserella_parasuis_strain_YHP170504_chromosome__complete_genome	99.813	1070	2	0	304214	305283	6994	5925	0.0	1965
accn|CP029206	ICEberg|1713|ICEHpa1|GenBank|CP054198.1|1511383..1580304_Glaesserella_parasuis_strain_YHP170504_chromosome__complete_genome	99.443	1077	6	0	1571286	1572362	9810	8734	0.0	1956
accn|CP029206	ICEberg|1713|ICEHpa1|GenBank|CP054198.1|1511383..1580304_Glaesserella_parasuis_strain_YHP170504_chromosome__complete_genome	99.534	1074	5	0	1905634	1906707	9814	8741	0.0	1956
accn|CP029206	ICEberg|1713|ICEHpa1|GenBank|CP054198.1|1511383..1580304_Glaesserella_parasuis_strain_YHP170504_chromosome__complete_genome	99.351	1079	7	0	128070	129148	9810	8732	0.0	1954
accn|CP029206	ICEberg|1713|ICEHpa1|GenBank|CP054198.1|1511383..1580304_Glaesserella_parasuis_strain_YHP170504_chromosome__complete_genome	99.080	1087	8	1	572397	573481	8724	9810	0.0	1951
accn|CP029206	ICEberg|1713|ICEHpa1|GenBank|CP054198.1|1511383..1580304_Glaesserella_parasuis_strain_YHP170504_chromosome__complete_genome	99.533	1071	5	0	2015441	2016511	9811	8741	0.0	1951
accn|CP029206	ICEberg|1713|ICEHpa1|GenBank|CP054198.1|1511383..1580304_Glaesserella_parasuis_strain_YHP170504_chromosome__complete_genome	99.533	1071	5	0	1186129	1187199	9811	8741	0.0	1951
accn|CP029206	ICEberg|1713|ICEHpa1|GenBank|CP054198.1|1511383..1580304_Glaesserella_parasuis_strain_YHP170504_chromosome__complete_genome	99.533	1071	5	0	575407	576477	9811	8741	0.0	1951
accn|CP029206	ICEberg|1713|ICEHpa1|GenBank|CP054198.1|1511383..1580304_Glaesserella_parasuis_strain_YHP170504_chromosome__complete_genome	99.533	1070	5	0	1150097	1151166	8741	9810	0.0	1949
accn|CP029206	ICEberg|1713|ICEHpa1|GenBank|CP054198.1|1511383..1580304_Glaesserella_parasuis_strain_YHP170504_chromosome__complete_genome	99.533	1070	5	0	1400206	1401275	8741	9810	0.0	1949
accn|CP029206	ICEberg|1713|ICEHpa1|GenBank|CP054198.1|1511383..1580304_Glaesserella_parasuis_strain_YHP170504_chromosome__complete_genome	99.533	1070	5	0	304214	305283	9810	8741	0.0	1949
accn|CP029206	ICEberg|1713|ICEHpa1|GenBank|CP054198.1|1511383..1580304_Glaesserella_parasuis_strain_YHP170504_chromosome__complete_genome	96.379	1077	39	0	1400200	1401276	13911	14987	0.0	1773
accn|CP029206	ICEberg|1713|ICEHpa1|GenBank|CP054198.1|1511383..1580304_Glaesserella_parasuis_strain_YHP170504_chromosome__complete_genome	96.462	1074	37	1	1571282	1572355	14989	13917	0.0	1772
accn|CP029206	ICEberg|1713|ICEHpa1|GenBank|CP054198.1|1511383..1580304_Glaesserella_parasuis_strain_YHP170504_chromosome__complete_genome	96.542	1070	37	0	2015442	2016511	14986	13917	0.0	1772
accn|CP029206	ICEberg|1713|ICEHpa1|GenBank|CP054198.1|1511383..1580304_Glaesserella_parasuis_strain_YHP170504_chromosome__complete_genome	96.542	1070	37	0	1905638	1906707	14986	13917	0.0	1772
accn|CP029206	ICEberg|1713|ICEHpa1|GenBank|CP054198.1|1511383..1580304_Glaesserella_parasuis_strain_YHP170504_chromosome__complete_genome	96.542	1070	37	0	572412	573481	13917	14986	0.0	1772
accn|CP029206	ICEberg|1713|ICEHpa1|GenBank|CP054198.1|1511383..1580304_Glaesserella_parasuis_strain_YHP170504_chromosome__complete_genome	96.542	1070	37	0	1186130	1187199	14986	13917	0.0	1772
accn|CP029206	ICEberg|1713|ICEHpa1|GenBank|CP054198.1|1511383..1580304_Glaesserella_parasuis_strain_YHP170504_chromosome__complete_genome	96.542	1070	37	0	1150097	1151166	13917	14986	0.0	1772
accn|CP029206	ICEberg|1713|ICEHpa1|GenBank|CP054198.1|1511383..1580304_Glaesserella_parasuis_strain_YHP170504_chromosome__complete_genome	96.542	1070	37	0	575408	576477	14986	13917	0.0	1772
accn|CP029206	ICEberg|1713|ICEHpa1|GenBank|CP054198.1|1511383..1580304_Glaesserella_parasuis_strain_YHP170504_chromosome__complete_genome	96.542	1070	37	0	304214	305283	14986	13917	0.0	1772
accn|CP029206	ICEberg|1713|ICEHpa1|GenBank|CP054198.1|1511383..1580304_Glaesserella_parasuis_strain_YHP170504_chromosome__complete_genome	96.542	1070	37	0	128070	129139	14986	13917	0.0	1772
accn|CP029206	ICEberg|1602|ICEAsp1|GenBank|MW030510.1|1..72978_Actinobacillus_sp._ICEAsp1_mobile_element__complete_sequence	99.925	6687	5	0	151526	158212	50359	43673	0.0	12321
accn|CP029206	ICEberg|1602|ICEAsp1|GenBank|MW030510.1|1..72978_Actinobacillus_sp._ICEAsp1_mobile_element__complete_sequence	98.949	1332	14	0	149066	150397	43673	45004	0.0	2383
accn|CP029206	ICEberg|1602|ICEAsp1|GenBank|MW030510.1|1..72978_Actinobacillus_sp._ICEAsp1_mobile_element__complete_sequence	99.814	1078	2	0	1400206	1401283	67052	65975	0.0	1980
accn|CP029206	ICEberg|1602|ICEAsp1|GenBank|MW030510.1|1..72978_Actinobacillus_sp._ICEAsp1_mobile_element__complete_sequence	99.722	1081	2	1	1905634	1906713	59555	60635	0.0	1978
accn|CP029206	ICEberg|1602|ICEAsp1|GenBank|MW030510.1|1..72978_Actinobacillus_sp._ICEAsp1_mobile_element__complete_sequence	99.814	1077	2	0	2015435	2016511	65976	67052	0.0	1978
accn|CP029206	ICEberg|1602|ICEAsp1|GenBank|MW030510.1|1..72978_Actinobacillus_sp._ICEAsp1_mobile_element__complete_sequence	100.000	1071	0	0	128070	129140	65983	67053	0.0	1978
accn|CP029206	ICEberg|1602|ICEAsp1|GenBank|MW030510.1|1..72978_Actinobacillus_sp._ICEAsp1_mobile_element__complete_sequence	100.000	1071	0	0	1571286	1572356	65983	67053	0.0	1978
accn|CP029206	ICEberg|1602|ICEAsp1|GenBank|MW030510.1|1..72978_Actinobacillus_sp._ICEAsp1_mobile_element__complete_sequence	99.722	1080	1	1	575398	576477	65975	67052	0.0	1977
accn|CP029206	ICEberg|1602|ICEAsp1|GenBank|MW030510.1|1..72978_Actinobacillus_sp._ICEAsp1_mobile_element__complete_sequence	100.000	1070	0	0	304214	305283	65983	67052	0.0	1977
accn|CP029206	ICEberg|1602|ICEAsp1|GenBank|MW030510.1|1..72978_Actinobacillus_sp._ICEAsp1_mobile_element__complete_sequence	100.000	1070	0	0	1150097	1151166	67052	65983	0.0	1977
accn|CP029206	ICEberg|1602|ICEAsp1|GenBank|MW030510.1|1..72978_Actinobacillus_sp._ICEAsp1_mobile_element__complete_sequence	100.000	1070	0	0	1186130	1187199	65983	67052	0.0	1977
accn|CP029206	ICEberg|1602|ICEAsp1|GenBank|MW030510.1|1..72978_Actinobacillus_sp._ICEAsp1_mobile_element__complete_sequence	100.000	1070	0	0	572412	573481	67052	65983	0.0	1977
accn|CP029206	ICEberg|1602|ICEAsp1|GenBank|MW030510.1|1..72978_Actinobacillus_sp._ICEAsp1_mobile_element__complete_sequence	100.000	1070	0	0	1905638	1906707	65983	67052	0.0	1977
accn|CP029206	ICEberg|1602|ICEAsp1|GenBank|MW030510.1|1..72978_Actinobacillus_sp._ICEAsp1_mobile_element__complete_sequence	99.538	1082	5	0	304214	305295	59559	60640	0.0	1971
accn|CP029206	ICEberg|1602|ICEAsp1|GenBank|MW030510.1|1..72978_Actinobacillus_sp._ICEAsp1_mobile_element__complete_sequence	99.538	1082	4	1	1186129	1187210	59558	60638	0.0	1969
accn|CP029206	ICEberg|1602|ICEAsp1|GenBank|MW030510.1|1..72978_Actinobacillus_sp._ICEAsp1_mobile_element__complete_sequence	99.538	1082	4	1	572400	573481	60639	59559	0.0	1969
accn|CP029206	ICEberg|1602|ICEAsp1|GenBank|MW030510.1|1..72978_Actinobacillus_sp._ICEAsp1_mobile_element__complete_sequence	99.537	1081	4	1	2015441	2016520	59558	60638	0.0	1967
accn|CP029206	ICEberg|1602|ICEAsp1|GenBank|MW030510.1|1..72978_Actinobacillus_sp._ICEAsp1_mobile_element__complete_sequence	99.813	1071	2	0	575407	576477	59558	60628	0.0	1967
accn|CP029206	ICEberg|1602|ICEAsp1|GenBank|MW030510.1|1..72978_Actinobacillus_sp._ICEAsp1_mobile_element__complete_sequence	99.813	1070	2	0	128070	129139	59559	60628	0.0	1965
accn|CP029206	ICEberg|1602|ICEAsp1|GenBank|MW030510.1|1..72978_Actinobacillus_sp._ICEAsp1_mobile_element__complete_sequence	99.813	1070	2	0	1400206	1401275	60628	59559	0.0	1965
accn|CP029206	ICEberg|1602|ICEAsp1|GenBank|MW030510.1|1..72978_Actinobacillus_sp._ICEAsp1_mobile_element__complete_sequence	99.813	1070	2	0	1150097	1151166	60628	59559	0.0	1965
accn|CP029206	ICEberg|1602|ICEAsp1|GenBank|MW030510.1|1..72978_Actinobacillus_sp._ICEAsp1_mobile_element__complete_sequence	99.813	1070	2	0	1571286	1572355	59559	60628	0.0	1965
accn|CP029206	ICEberg|1602|ICEAsp1|GenBank|MW030510.1|1..72978_Actinobacillus_sp._ICEAsp1_mobile_element__complete_sequence	99.441	1074	6	0	1905634	1906707	62300	63373	0.0	1951
accn|CP029206	ICEberg|1602|ICEAsp1|GenBank|MW030510.1|1..72978_Actinobacillus_sp._ICEAsp1_mobile_element__complete_sequence	99.351	1078	6	1	2015441	2016517	62303	63380	0.0	1951
accn|CP029206	ICEberg|1602|ICEAsp1|GenBank|MW030510.1|1..72978_Actinobacillus_sp._ICEAsp1_mobile_element__complete_sequence	99.079	1086	8	2	572403	573488	63381	62298	0.0	1949
accn|CP029206	ICEberg|1602|ICEAsp1|GenBank|MW030510.1|1..72978_Actinobacillus_sp._ICEAsp1_mobile_element__complete_sequence	99.441	1073	6	0	1186129	1187201	62303	63375	0.0	1949
accn|CP029206	ICEberg|1602|ICEAsp1|GenBank|MW030510.1|1..72978_Actinobacillus_sp._ICEAsp1_mobile_element__complete_sequence	99.440	1072	6	0	575407	576478	62303	63374	0.0	1947
accn|CP029206	ICEberg|1602|ICEAsp1|GenBank|MW030510.1|1..72978_Actinobacillus_sp._ICEAsp1_mobile_element__complete_sequence	99.257	1077	8	0	1400205	1401281	63374	62298	0.0	1945
accn|CP029206	ICEberg|1602|ICEAsp1|GenBank|MW030510.1|1..72978_Actinobacillus_sp._ICEAsp1_mobile_element__complete_sequence	99.440	1071	6	0	304214	305284	62304	63374	0.0	1945
accn|CP029206	ICEberg|1602|ICEAsp1|GenBank|MW030510.1|1..72978_Actinobacillus_sp._ICEAsp1_mobile_element__complete_sequence	99.440	1071	6	0	1150096	1151166	63374	62304	0.0	1945
accn|CP029206	ICEberg|1602|ICEAsp1|GenBank|MW030510.1|1..72978_Actinobacillus_sp._ICEAsp1_mobile_element__complete_sequence	99.439	1070	6	0	128070	129139	62304	63373	0.0	1943
accn|CP029206	ICEberg|1602|ICEAsp1|GenBank|MW030510.1|1..72978_Actinobacillus_sp._ICEAsp1_mobile_element__complete_sequence	99.439	1070	6	0	1571286	1572355	62304	63373	0.0	1943
accn|CP029206	ICEberg|1602|ICEAsp1|GenBank|MW030510.1|1..72978_Actinobacillus_sp._ICEAsp1_mobile_element__complete_sequence	96.369	1074	37	2	1571282	1572355	54058	55129	0.0	1766
accn|CP029206	ICEberg|1602|ICEAsp1|GenBank|MW030510.1|1..72978_Actinobacillus_sp._ICEAsp1_mobile_element__complete_sequence	96.452	1071	37	1	1400206	1401276	55129	54060	0.0	1766
accn|CP029206	ICEberg|1602|ICEAsp1|GenBank|MW030510.1|1..72978_Actinobacillus_sp._ICEAsp1_mobile_element__complete_sequence	96.449	1070	37	1	128070	129139	54061	55129	0.0	1764
accn|CP029206	ICEberg|1602|ICEAsp1|GenBank|MW030510.1|1..72978_Actinobacillus_sp._ICEAsp1_mobile_element__complete_sequence	96.449	1070	37	1	304214	305283	54061	55129	0.0	1764
accn|CP029206	ICEberg|1602|ICEAsp1|GenBank|MW030510.1|1..72978_Actinobacillus_sp._ICEAsp1_mobile_element__complete_sequence	96.449	1070	37	1	575408	576477	54061	55129	0.0	1764
accn|CP029206	ICEberg|1602|ICEAsp1|GenBank|MW030510.1|1..72978_Actinobacillus_sp._ICEAsp1_mobile_element__complete_sequence	96.449	1070	37	1	1150097	1151166	55129	54061	0.0	1764
accn|CP029206	ICEberg|1602|ICEAsp1|GenBank|MW030510.1|1..72978_Actinobacillus_sp._ICEAsp1_mobile_element__complete_sequence	96.449	1070	37	1	1186130	1187199	54061	55129	0.0	1764
accn|CP029206	ICEberg|1602|ICEAsp1|GenBank|MW030510.1|1..72978_Actinobacillus_sp._ICEAsp1_mobile_element__complete_sequence	96.449	1070	37	1	572412	573481	55129	54061	0.0	1764
accn|CP029206	ICEberg|1602|ICEAsp1|GenBank|MW030510.1|1..72978_Actinobacillus_sp._ICEAsp1_mobile_element__complete_sequence	96.449	1070	37	1	1905638	1906707	54061	55129	0.0	1764
accn|CP029206	ICEberg|1602|ICEAsp1|GenBank|MW030510.1|1..72978_Actinobacillus_sp._ICEAsp1_mobile_element__complete_sequence	96.449	1070	37	1	2015442	2016511	54061	55129	0.0	1764
accn|CP029206	ICEberg|1602|ICEAsp1|GenBank|MW030510.1|1..72978_Actinobacillus_sp._ICEAsp1_mobile_element__complete_sequence	100.000	41	0	0	2068738	2068778	41	1	2.16e-09	76.8
accn|CP029206	ICEberg|1692|ICEGpa1804|GenBank|CP069308.1|717521..789400_Glaesserella_parasuis_strain_EHP1804_chromosome__complete_genome	99.821	6687	12	0	151526	158212	54906	48220	0.0	12283
accn|CP029206	ICEberg|1692|ICEGpa1804|GenBank|CP069308.1|717521..789400_Glaesserella_parasuis_strain_EHP1804_chromosome__complete_genome	99.324	1332	9	0	149066	150397	48220	49551	0.0	2410
accn|CP029206	ICEberg|1692|ICEGpa1804|GenBank|CP069308.1|717521..789400_Glaesserella_parasuis_strain_EHP1804_chromosome__complete_genome	99.541	1090	3	2	1400206	1401294	55976	54888	0.0	1984
accn|CP029206	ICEberg|1692|ICEGpa1804|GenBank|CP069308.1|717521..789400_Glaesserella_parasuis_strain_EHP1804_chromosome__complete_genome	99.632	1086	2	2	128061	129145	54898	55982	0.0	1982
accn|CP029206	ICEberg|1692|ICEGpa1804|GenBank|CP069308.1|717521..789400_Glaesserella_parasuis_strain_EHP1804_chromosome__complete_genome	99.815	1080	0	2	572412	573490	55976	54898	0.0	1982
accn|CP029206	ICEberg|1692|ICEGpa1804|GenBank|CP069308.1|717521..789400_Glaesserella_parasuis_strain_EHP1804_chromosome__complete_genome	100.000	1073	0	0	304211	305283	64928	66000	0.0	1982
accn|CP029206	ICEberg|1692|ICEGpa1804|GenBank|CP069308.1|717521..789400_Glaesserella_parasuis_strain_EHP1804_chromosome__complete_genome	99.814	1078	2	0	304206	305283	54899	55976	0.0	1980
accn|CP029206	ICEberg|1692|ICEGpa1804|GenBank|CP069308.1|717521..789400_Glaesserella_parasuis_strain_EHP1804_chromosome__complete_genome	99.723	1082	1	2	1150089	1151169	55983	54903	0.0	1980
accn|CP029206	ICEberg|1692|ICEGpa1804|GenBank|CP069308.1|717521..789400_Glaesserella_parasuis_strain_EHP1804_chromosome__complete_genome	99.815	1079	1	1	1571286	1572364	54907	55984	0.0	1980
accn|CP029206	ICEberg|1692|ICEGpa1804|GenBank|CP069308.1|717521..789400_Glaesserella_parasuis_strain_EHP1804_chromosome__complete_genome	99.814	1077	2	0	1905638	1906714	54907	55983	0.0	1978
accn|CP029206	ICEberg|1692|ICEGpa1804|GenBank|CP069308.1|717521..789400_Glaesserella_parasuis_strain_EHP1804_chromosome__complete_genome	99.814	1077	2	0	2015435	2016511	64924	66000	0.0	1978
accn|CP029206	ICEberg|1692|ICEGpa1804|GenBank|CP069308.1|717521..789400_Glaesserella_parasuis_strain_EHP1804_chromosome__complete_genome	100.000	1071	0	0	128070	129140	64931	66001	0.0	1978
accn|CP029206	ICEberg|1692|ICEGpa1804|GenBank|CP069308.1|717521..789400_Glaesserella_parasuis_strain_EHP1804_chromosome__complete_genome	100.000	1071	0	0	1571286	1572356	64931	66001	0.0	1978
accn|CP029206	ICEberg|1692|ICEGpa1804|GenBank|CP069308.1|717521..789400_Glaesserella_parasuis_strain_EHP1804_chromosome__complete_genome	99.722	1080	2	1	1186120	1187199	54898	55976	0.0	1977
accn|CP029206	ICEberg|1692|ICEGpa1804|GenBank|CP069308.1|717521..789400_Glaesserella_parasuis_strain_EHP1804_chromosome__complete_genome	100.000	1070	0	0	575408	576477	54907	55976	0.0	1977
accn|CP029206	ICEberg|1692|ICEGpa1804|GenBank|CP069308.1|717521..789400_Glaesserella_parasuis_strain_EHP1804_chromosome__complete_genome	100.000	1070	0	0	2015442	2016511	54907	55976	0.0	1977
accn|CP029206	ICEberg|1692|ICEGpa1804|GenBank|CP069308.1|717521..789400_Glaesserella_parasuis_strain_EHP1804_chromosome__complete_genome	100.000	1070	0	0	575408	576477	64931	66000	0.0	1977
accn|CP029206	ICEberg|1692|ICEGpa1804|GenBank|CP069308.1|717521..789400_Glaesserella_parasuis_strain_EHP1804_chromosome__complete_genome	100.000	1070	0	0	1400206	1401275	66000	64931	0.0	1977
accn|CP029206	ICEberg|1692|ICEGpa1804|GenBank|CP069308.1|717521..789400_Glaesserella_parasuis_strain_EHP1804_chromosome__complete_genome	100.000	1070	0	0	1150097	1151166	66000	64931	0.0	1977
accn|CP029206	ICEberg|1692|ICEGpa1804|GenBank|CP069308.1|717521..789400_Glaesserella_parasuis_strain_EHP1804_chromosome__complete_genome	100.000	1070	0	0	1186130	1187199	64931	66000	0.0	1977
accn|CP029206	ICEberg|1692|ICEGpa1804|GenBank|CP069308.1|717521..789400_Glaesserella_parasuis_strain_EHP1804_chromosome__complete_genome	100.000	1070	0	0	572412	573481	66000	64931	0.0	1977
accn|CP029206	ICEberg|1692|ICEGpa1804|GenBank|CP069308.1|717521..789400_Glaesserella_parasuis_strain_EHP1804_chromosome__complete_genome	100.000	1070	0	0	1905638	1906707	64931	66000	0.0	1977
accn|CP029206	ICEberg|1692|ICEGpa1804|GenBank|CP069308.1|717521..789400_Glaesserella_parasuis_strain_EHP1804_chromosome__complete_genome	99.604	1009	4	0	157204	158212	45982	44974	0.0	1842
accn|CP029206	ICEberg|1692|ICEGpa1804|GenBank|CP069308.1|717521..789400_Glaesserella_parasuis_strain_EHP1804_chromosome__complete_genome	99.306	1009	7	0	149066	150074	44974	45982	0.0	1825
accn|CP029206	ICEberg|1692|ICEGpa1804|GenBank|CP069308.1|717521..789400_Glaesserella_parasuis_strain_EHP1804_chromosome__complete_genome	99.682	314	0	1	1400967	1401279	58315	58002	6.27e-159	573
accn|CP029206	ICEberg|1692|ICEGpa1804|GenBank|CP069308.1|717521..789400_Glaesserella_parasuis_strain_EHP1804_chromosome__complete_genome	99.367	316	1	1	573173	573487	58315	58000	2.26e-158	571
accn|CP029206	ICEberg|1692|ICEGpa1804|GenBank|CP069308.1|717521..789400_Glaesserella_parasuis_strain_EHP1804_chromosome__complete_genome	99.365	315	2	0	304208	304522	58001	58315	2.26e-158	571
accn|CP029206	ICEberg|1692|ICEGpa1804|GenBank|CP069308.1|717521..789400_Glaesserella_parasuis_strain_EHP1804_chromosome__complete_genome	100.000	309	0	0	128070	128378	58007	58315	2.26e-158	571
accn|CP029206	ICEberg|1692|ICEGpa1804|GenBank|CP069308.1|717521..789400_Glaesserella_parasuis_strain_EHP1804_chromosome__complete_genome	100.000	309	0	0	575408	575716	58007	58315	2.26e-158	571
accn|CP029206	ICEberg|1692|ICEGpa1804|GenBank|CP069308.1|717521..789400_Glaesserella_parasuis_strain_EHP1804_chromosome__complete_genome	100.000	309	0	0	1150858	1151166	58315	58007	2.26e-158	571
accn|CP029206	ICEberg|1692|ICEGpa1804|GenBank|CP069308.1|717521..789400_Glaesserella_parasuis_strain_EHP1804_chromosome__complete_genome	100.000	309	0	0	1186130	1186438	58007	58315	2.26e-158	571
accn|CP029206	ICEberg|1692|ICEGpa1804|GenBank|CP069308.1|717521..789400_Glaesserella_parasuis_strain_EHP1804_chromosome__complete_genome	100.000	309	0	0	1571286	1571594	58007	58315	2.26e-158	571
accn|CP029206	ICEberg|1692|ICEGpa1804|GenBank|CP069308.1|717521..789400_Glaesserella_parasuis_strain_EHP1804_chromosome__complete_genome	100.000	309	0	0	1905638	1905946	58007	58315	2.26e-158	571
accn|CP029206	ICEberg|1692|ICEGpa1804|GenBank|CP069308.1|717521..789400_Glaesserella_parasuis_strain_EHP1804_chromosome__complete_genome	100.000	309	0	0	2015442	2015750	58007	58315	2.26e-158	571
accn|CP029206	ICEberg|1697|ICEGpa2|GenBank|CP049090.1|1351751..1421790_Glaesserella_parasuis_strain_aHPS7_chromosome__complete_genome	99.716	6698	2	16	151526	158212	18445	25136	0.0	12248
accn|CP029206	ICEberg|1697|ICEGpa2|GenBank|CP049090.1|1351751..1421790_Glaesserella_parasuis_strain_aHPS7_chromosome__complete_genome	98.874	1332	15	0	149066	150397	25136	23805	0.0	2377
accn|CP029206	ICEberg|1697|ICEGpa2|GenBank|CP049090.1|1351751..1421790_Glaesserella_parasuis_strain_aHPS7_chromosome__complete_genome	99.536	1077	5	0	1571286	1572362	11294	10218	0.0	1962
accn|CP029206	ICEberg|1697|ICEGpa2|GenBank|CP049090.1|1351751..1421790_Glaesserella_parasuis_strain_aHPS7_chromosome__complete_genome	99.628	1074	4	0	1905634	1906707	11298	10225	0.0	1962
accn|CP029206	ICEberg|1697|ICEGpa2|GenBank|CP049090.1|1351751..1421790_Glaesserella_parasuis_strain_aHPS7_chromosome__complete_genome	99.444	1079	6	0	128070	129148	11294	10216	0.0	1960
accn|CP029206	ICEberg|1697|ICEGpa2|GenBank|CP049090.1|1351751..1421790_Glaesserella_parasuis_strain_aHPS7_chromosome__complete_genome	99.172	1087	7	1	572397	573481	10208	11294	0.0	1956
accn|CP029206	ICEberg|1697|ICEGpa2|GenBank|CP049090.1|1351751..1421790_Glaesserella_parasuis_strain_aHPS7_chromosome__complete_genome	99.627	1071	4	0	2015441	2016511	11295	10225	0.0	1956
accn|CP029206	ICEberg|1697|ICEGpa2|GenBank|CP049090.1|1351751..1421790_Glaesserella_parasuis_strain_aHPS7_chromosome__complete_genome	99.627	1071	4	0	1186129	1187199	11295	10225	0.0	1956
accn|CP029206	ICEberg|1697|ICEGpa2|GenBank|CP049090.1|1351751..1421790_Glaesserella_parasuis_strain_aHPS7_chromosome__complete_genome	99.627	1071	4	0	575407	576477	11295	10225	0.0	1956
accn|CP029206	ICEberg|1697|ICEGpa2|GenBank|CP049090.1|1351751..1421790_Glaesserella_parasuis_strain_aHPS7_chromosome__complete_genome	99.626	1070	4	0	1150097	1151166	10225	11294	0.0	1954
accn|CP029206	ICEberg|1697|ICEGpa2|GenBank|CP049090.1|1351751..1421790_Glaesserella_parasuis_strain_aHPS7_chromosome__complete_genome	99.626	1070	4	0	1400206	1401275	10225	11294	0.0	1954
accn|CP029206	ICEberg|1697|ICEGpa2|GenBank|CP049090.1|1351751..1421790_Glaesserella_parasuis_strain_aHPS7_chromosome__complete_genome	99.626	1070	4	0	304214	305283	11294	10225	0.0	1954
accn|CP029206	ICEberg|1697|ICEGpa2|GenBank|CP049090.1|1351751..1421790_Glaesserella_parasuis_strain_aHPS7_chromosome__complete_genome	99.161	1073	9	0	2015439	2016511	8475	7403	0.0	1932
accn|CP029206	ICEberg|1697|ICEGpa2|GenBank|CP049090.1|1351751..1421790_Glaesserella_parasuis_strain_aHPS7_chromosome__complete_genome	98.981	1079	10	1	1905630	1906707	8481	7403	0.0	1930
accn|CP029206	ICEberg|1697|ICEGpa2|GenBank|CP049090.1|1351751..1421790_Glaesserella_parasuis_strain_aHPS7_chromosome__complete_genome	99.071	1076	9	1	1186125	1187199	8478	7403	0.0	1930
accn|CP029206	ICEberg|1697|ICEGpa2|GenBank|CP049090.1|1351751..1421790_Glaesserella_parasuis_strain_aHPS7_chromosome__complete_genome	99.160	1072	9	0	575406	576477	8474	7403	0.0	1930
accn|CP029206	ICEberg|1697|ICEGpa2|GenBank|CP049090.1|1351751..1421790_Glaesserella_parasuis_strain_aHPS7_chromosome__complete_genome	99.069	1074	10	0	1571286	1572359	8472	7399	0.0	1929
accn|CP029206	ICEberg|1697|ICEGpa2|GenBank|CP049090.1|1351751..1421790_Glaesserella_parasuis_strain_aHPS7_chromosome__complete_genome	99.160	1071	9	0	128070	129140	8472	7402	0.0	1929
accn|CP029206	ICEberg|1697|ICEGpa2|GenBank|CP049090.1|1351751..1421790_Glaesserella_parasuis_strain_aHPS7_chromosome__complete_genome	98.624	1090	12	2	572401	573487	7390	8479	0.0	1927
accn|CP029206	ICEberg|1697|ICEGpa2|GenBank|CP049090.1|1351751..1421790_Glaesserella_parasuis_strain_aHPS7_chromosome__complete_genome	99.159	1070	9	0	1150097	1151166	7403	8472	0.0	1927
accn|CP029206	ICEberg|1697|ICEGpa2|GenBank|CP049090.1|1351751..1421790_Glaesserella_parasuis_strain_aHPS7_chromosome__complete_genome	99.159	1070	9	0	1400206	1401275	7403	8472	0.0	1927
accn|CP029206	ICEberg|1697|ICEGpa2|GenBank|CP049090.1|1351751..1421790_Glaesserella_parasuis_strain_aHPS7_chromosome__complete_genome	99.159	1070	9	0	304214	305283	8472	7403	0.0	1927
accn|CP029206	ICEberg|1697|ICEGpa2|GenBank|CP049090.1|1351751..1421790_Glaesserella_parasuis_strain_aHPS7_chromosome__complete_genome	96.762	1081	34	1	1400200	1401279	15338	16418	0.0	1801
accn|CP029206	ICEberg|1697|ICEGpa2|GenBank|CP049090.1|1351751..1421790_Glaesserella_parasuis_strain_aHPS7_chromosome__complete_genome	96.843	1077	33	1	572412	573487	15344	16420	0.0	1799
accn|CP029206	ICEberg|1697|ICEGpa2|GenBank|CP049090.1|1351751..1421790_Glaesserella_parasuis_strain_aHPS7_chromosome__complete_genome	97.009	1070	32	0	2015442	2016511	16413	15344	0.0	1799
accn|CP029206	ICEberg|1697|ICEGpa2|GenBank|CP049090.1|1351751..1421790_Glaesserella_parasuis_strain_aHPS7_chromosome__complete_genome	97.009	1070	32	0	1905638	1906707	16413	15344	0.0	1799
accn|CP029206	ICEberg|1697|ICEGpa2|GenBank|CP049090.1|1351751..1421790_Glaesserella_parasuis_strain_aHPS7_chromosome__complete_genome	97.009	1070	32	0	1571286	1572355	16413	15344	0.0	1799
accn|CP029206	ICEberg|1697|ICEGpa2|GenBank|CP049090.1|1351751..1421790_Glaesserella_parasuis_strain_aHPS7_chromosome__complete_genome	97.009	1070	32	0	1186130	1187199	16413	15344	0.0	1799
accn|CP029206	ICEberg|1697|ICEGpa2|GenBank|CP049090.1|1351751..1421790_Glaesserella_parasuis_strain_aHPS7_chromosome__complete_genome	97.009	1070	32	0	1150097	1151166	15344	16413	0.0	1799
accn|CP029206	ICEberg|1697|ICEGpa2|GenBank|CP049090.1|1351751..1421790_Glaesserella_parasuis_strain_aHPS7_chromosome__complete_genome	97.009	1070	32	0	575408	576477	16413	15344	0.0	1799
accn|CP029206	ICEberg|1697|ICEGpa2|GenBank|CP049090.1|1351751..1421790_Glaesserella_parasuis_strain_aHPS7_chromosome__complete_genome	97.009	1070	32	0	304214	305283	16413	15344	0.0	1799
accn|CP029206	ICEberg|1697|ICEGpa2|GenBank|CP049090.1|1351751..1421790_Glaesserella_parasuis_strain_aHPS7_chromosome__complete_genome	97.009	1070	32	0	128070	129139	16413	15344	0.0	1799
accn|CP029206	ICEberg|2006|Tn6686|GenBank|MN106411.1|1..64737_Haemophilus_influenzae_strain_G_transposon_Tn6686__complete_sequence	99.934	6050	4	0	149066	155115	26690	20641	0.0	11151
accn|CP029206	ICEberg|2006|Tn6686|GenBank|MN106411.1|1..64737_Haemophilus_influenzae_strain_G_transposon_Tn6686__complete_sequence	98.874	1332	15	0	156881	158212	25359	26690	0.0	2377
accn|CP029206	ICEberg|2006|Tn6686|GenBank|MN106411.1|1..64737_Haemophilus_influenzae_strain_G_transposon_Tn6686__complete_sequence	100.000	1201	0	0	157012	158212	15865	14665	0.0	2218
accn|CP029206	ICEberg|2006|Tn6686|GenBank|MN106411.1|1..64737_Haemophilus_influenzae_strain_G_transposon_Tn6686__complete_sequence	99.251	1201	9	0	149066	150266	14665	15865	0.0	2169
accn|CP029206	ICEberg|2006|Tn6686|GenBank|MN106411.1|1..64737_Haemophilus_influenzae_strain_G_transposon_Tn6686__complete_sequence	95.455	66	3	0	718325	718390	1	66	2.75e-18	106
accn|CP029206	ICEberg|60|ICEHin1056|GenBank|AJ627386|1..59393_Haemophilus_influenzae_plasmid_ICEhin1056	99.818	6050	10	1	149066	155115	26637	20589	0.0	11110
accn|CP029206	ICEberg|60|ICEHin1056|GenBank|AJ627386|1..59393_Haemophilus_influenzae_plasmid_ICEhin1056	98.799	1332	16	0	156881	158212	25306	26637	0.0	2372
accn|CP029206	ICEberg|60|ICEHin1056|GenBank|AJ627386|1..59393_Haemophilus_influenzae_plasmid_ICEhin1056	99.917	1201	1	0	157012	158212	15813	14613	0.0	2213
accn|CP029206	ICEberg|60|ICEHin1056|GenBank|AJ627386|1..59393_Haemophilus_influenzae_plasmid_ICEhin1056	99.334	1201	8	0	149066	150266	14613	15813	0.0	2174
accn|CP029206	ICEberg|60|ICEHin1056|GenBank|AJ627386|1..59393_Haemophilus_influenzae_plasmid_ICEhin1056	95.455	66	3	0	718325	718390	1	66	2.75e-18	106
accn|CP029206	ICEberg|1803|ICEPmu2|GenBank|CP038871.1|1998244..2056820_Pasteurella_multocida_strain_FCf15_chromosome__complete_genome	99.865	5944	8	0	149062	155005	14036	19979	0.0	10933
accn|CP029206	ICEberg|1803|ICEPmu2|GenBank|CP038871.1|1998244..2056820_Pasteurella_multocida_strain_FCf15_chromosome__complete_genome	98.876	1335	15	0	156881	158215	15371	14037	0.0	2383
accn|CP029206	ICEberg|1807|ICEPmu4|GenBank|CP038875.1|2009809..2087766_Pasteurella_multocida_strain_FCf83_chromosome__complete_genome	99.891	5509	6	0	149066	154574	55340	49832	0.0	10141
accn|CP029206	ICEberg|1807|ICEPmu4|GenBank|CP038875.1|2009809..2087766_Pasteurella_multocida_strain_FCf83_chromosome__complete_genome	99.774	1330	3	0	149066	150395	74007	72678	0.0	2440
accn|CP029206	ICEberg|1807|ICEPmu4|GenBank|CP038875.1|2009809..2087766_Pasteurella_multocida_strain_FCf83_chromosome__complete_genome	98.878	1337	15	0	156876	158212	72671	74007	0.0	2386
accn|CP029206	ICEberg|1807|ICEPmu4|GenBank|CP038875.1|2009809..2087766_Pasteurella_multocida_strain_FCf83_chromosome__complete_genome	98.949	1332	14	0	156881	158212	54009	55340	0.0	2383
accn|CP029206	ICEberg|1807|ICEPmu4|GenBank|CP038875.1|2009809..2087766_Pasteurella_multocida_strain_FCf83_chromosome__complete_genome	96.203	79	3	0	2106569	2106647	79	1	1.63e-25	130
accn|CP029206	ICEberg|1807|ICEPmu4|GenBank|CP038875.1|2009809..2087766_Pasteurella_multocida_strain_FCf83_chromosome__complete_genome	96.053	76	3	0	445426	445501	76	1	7.59e-24	124
accn|CP029206	ICEberg|2045|Tn6966|GenBank|CP064830.1|3371703..3442829_Morganella_morganii_subsp._morganii_strain_81703_chromosome__complete_genome	99.903	5142	5	0	149062	154203	17557	12416	0.0	9468
accn|CP029206	ICEberg|2045|Tn6966|GenBank|CP064830.1|3371703..3442829_Morganella_morganii_subsp._morganii_strain_81703_chromosome__complete_genome	99.850	1336	2	0	149063	150398	3280	1945	0.0	2457
accn|CP029206	ICEberg|2045|Tn6966|GenBank|CP064830.1|3371703..3442829_Morganella_morganii_subsp._morganii_strain_81703_chromosome__complete_genome	98.801	1335	16	0	156883	158217	1948	3282	0.0	2377
accn|CP029206	ICEberg|2045|Tn6966|GenBank|CP064830.1|3371703..3442829_Morganella_morganii_subsp._morganii_strain_81703_chromosome__complete_genome	98.799	1332	16	0	156881	158212	16222	17553	0.0	2372
accn|CP029206	ICEberg|2045|Tn6966|GenBank|CP064830.1|3371703..3442829_Morganella_morganii_subsp._morganii_strain_81703_chromosome__complete_genome	99.894	941	1	0	157272	158212	12415	11475	0.0	1733
accn|CP029206	ICEberg|2045|Tn6966|GenBank|CP064830.1|3371703..3442829_Morganella_morganii_subsp._morganii_strain_81703_chromosome__complete_genome	98.937	941	10	0	149066	150006	11475	12415	0.0	1683
accn|CP029206	ICEberg|1791|ICEPmiJpn1_PM655|GenBank|KT894734.1|1..92934_Proteus_mirabilis_strain_PM14C28_integrating_conjugative_element_ICEPmiJpn1_mobile_element__complete_sequence__and_peptide_chain_release_factor_3_(prfC)_gene__complete_cds	99.925	1337	1	0	149061	150397	24299	22963	0.0	2464
accn|CP029206	ICEberg|1791|ICEPmiJpn1_PM655|GenBank|KT894734.1|1..92934_Proteus_mirabilis_strain_PM14C28_integrating_conjugative_element_ICEPmiJpn1_mobile_element__complete_sequence__and_peptide_chain_release_factor_3_(prfC)_gene__complete_cds	99.324	1332	9	0	149066	150397	11324	9993	0.0	2410
accn|CP029206	ICEberg|1791|ICEPmiJpn1_PM655|GenBank|KT894734.1|1..92934_Proteus_mirabilis_strain_PM14C28_integrating_conjugative_element_ICEPmiJpn1_mobile_element__complete_sequence__and_peptide_chain_release_factor_3_(prfC)_gene__complete_cds	98.887	1348	15	0	156875	158222	9987	11334	0.0	2407
accn|CP029206	ICEberg|1791|ICEPmiJpn1_PM655|GenBank|KT894734.1|1..92934_Proteus_mirabilis_strain_PM14C28_integrating_conjugative_element_ICEPmiJpn1_mobile_element__complete_sequence__and_peptide_chain_release_factor_3_(prfC)_gene__complete_cds	98.661	1344	17	1	156876	158219	22958	24300	0.0	2381
accn|CP029206	ICEberg|1772|ICEPmiBra607|GenBank|CP049753.1|1687350..1780822_Proteus_mirabilis_strain_PmBR607_chromosome__complete_genome	99.629	1349	5	0	149061	150409	26331	24983	0.0	2464
accn|CP029206	ICEberg|1772|ICEPmiBra607|GenBank|CP049753.1|1687350..1780822_Proteus_mirabilis_strain_PmBR607_chromosome__complete_genome	99.553	1341	6	0	156875	158215	9756	11096	0.0	2444
accn|CP029206	ICEberg|1772|ICEPmiBra607|GenBank|CP049753.1|1687350..1780822_Proteus_mirabilis_strain_PmBR607_chromosome__complete_genome	98.876	1335	15	0	149063	150397	11096	9762	0.0	2383
accn|CP029206	ICEberg|1772|ICEPmiBra607|GenBank|CP049753.1|1687350..1780822_Proteus_mirabilis_strain_PmBR607_chromosome__complete_genome	98.730	1339	16	1	156881	158219	24995	26332	0.0	2377
accn|CP029206	ICEberg|1207|ICEKpnCR14-2|GenBank|CP015392.1|1776406..1984641_Klebsiella_pneumoniae_strain_CR14__complete_genome	99.630	1350	4	1	149058	150406	57573	56224	0.0	2464
accn|CP029206	ICEberg|1207|ICEKpnCR14-2|GenBank|CP015392.1|1776406..1984641_Klebsiella_pneumoniae_strain_CR14__complete_genome	99.850	1333	2	0	149062	150394	62743	64075	0.0	2451
accn|CP029206	ICEberg|1207|ICEKpnCR14-2|GenBank|CP015392.1|1776406..1984641_Klebsiella_pneumoniae_strain_CR14__complete_genome	99.850	1333	2	0	149062	150394	168054	169386	0.0	2451
accn|CP029206	ICEberg|1207|ICEKpnCR14-2|GenBank|CP015392.1|1776406..1984641_Klebsiella_pneumoniae_strain_CR14__complete_genome	98.657	1340	18	0	156876	158215	169394	168055	0.0	2375
accn|CP029206	ICEberg|1207|ICEKpnCR14-2|GenBank|CP015392.1|1776406..1984641_Klebsiella_pneumoniae_strain_CR14__complete_genome	98.583	1341	19	0	156875	158215	56228	57568	0.0	2372
accn|CP029206	ICEberg|1207|ICEKpnCR14-2|GenBank|CP015392.1|1776406..1984641_Klebsiella_pneumoniae_strain_CR14__complete_genome	98.724	1332	17	0	156884	158215	64075	62744	0.0	2366
accn|CP029206	ICEberg|969|ICEEcUMNK88|GenBank|CP002729|4888719..4951420_Escherichia_coli_UMNK88__complete_genome	99.925	1333	1	0	156883	158215	50928	49596	0.0	2457
accn|CP029206	ICEberg|969|ICEEcUMNK88|GenBank|CP002729|4888719..4951420_Escherichia_coli_UMNK88__complete_genome	98.730	1339	17	0	149061	150399	49594	50932	0.0	2379
accn|CP029206	ICEberg|38|ICEPdaSpa1|GenBank|AJ870986|1..102985_Photobacterium_damselae_subsp._piscicida_integrative_and_conjugative_element_ICEPdaSpa1__isolate_PC554.2	99.261	1354	8	2	156864	158215	81869	83222	0.0	2444
accn|CP029206	ICEberg|38|ICEPdaSpa1|GenBank|AJ870986|1..102985_Photobacterium_damselae_subsp._piscicida_integrative_and_conjugative_element_ICEPdaSpa1__isolate_PC554.2	99.476	1337	7	0	156877	158213	28168	29504	0.0	2431
accn|CP029206	ICEberg|38|ICEPdaSpa1|GenBank|AJ870986|1..102985_Photobacterium_damselae_subsp._piscicida_integrative_and_conjugative_element_ICEPdaSpa1__isolate_PC554.2	99.180	1341	11	0	149057	150397	29512	28172	0.0	2416
accn|CP029206	ICEberg|38|ICEPdaSpa1|GenBank|AJ870986|1..102985_Photobacterium_damselae_subsp._piscicida_integrative_and_conjugative_element_ICEPdaSpa1__isolate_PC554.2	99.251	1336	10	0	149062	150397	83223	81888	0.0	2412
accn|CP029206	ICEberg|64|CTnBST|GenBank|AY345595|1..100903_Bacteroides_uniformis_strain_WH207_transposon_CTnBST__complete_sequence	99.549	1331	6	0	156883	158213	96201	94871	0.0	2425
accn|CP029206	ICEberg|64|CTnBST|GenBank|AY345595|1..100903_Bacteroides_uniformis_strain_WH207_transposon_CTnBST__complete_sequence	99.324	1331	9	0	149065	150395	94871	96201	0.0	2409
accn|CP029206	ICEberg|1046|ICEValHN492|GenBank|KT072769|1..106164_Vibrio_alginolyticus_strain_HN492_transposon_integrating_conjugative_element_ICEValHN492__complete_sequence	97.092	1341	37	2	149054	150394	24996	26334	0.0	2259
accn|CP029206	ICEberg|1046|ICEValHN492|GenBank|KT072769|1..106164_Vibrio_alginolyticus_strain_HN492_transposon_integrating_conjugative_element_ICEValHN492__complete_sequence	96.746	1352	41	3	156880	158231	26338	24990	0.0	2250
accn|CP029206	ICEberg|1043|ICEValE0601|GenBank|KT072768|1..106165_Vibrio_alginolyticus_strain_E0601_transposon_integrating_conjugative_element_ICEValE0601__complete_sequence	97.092	1341	37	2	149054	150394	24997	26335	0.0	2259
accn|CP029206	ICEberg|1043|ICEValE0601|GenBank|KT072768|1..106165_Vibrio_alginolyticus_strain_E0601_transposon_integrating_conjugative_element_ICEValE0601__complete_sequence	96.746	1352	41	3	156880	158231	26339	24991	0.0	2250
accn|CP029206	resfinderf|tet(B)|2	100.000	1206	0	0	151601	152806	1206	1	0.0	2228
accn|CP029206	resfinderf|tet(B)|1	99.917	1206	1	0	151601	152806	1206	1	0.0	2222
accn|CP029206	ICEberg|2046|Tn7100|GenBank|OW736085.1|1..73601_Haemophilus_influenzae_strain_Hi-228_transposon_7100__complete_sequence	100.000	1201	0	0	157012	158212	21193	19993	0.0	2218
accn|CP029206	ICEberg|2046|Tn7100|GenBank|OW736085.1|1..73601_Haemophilus_influenzae_strain_Hi-228_transposon_7100__complete_sequence	100.000	1201	0	0	157012	158212	25969	27169	0.0	2218
accn|CP029206	ICEberg|2046|Tn7100|GenBank|OW736085.1|1..73601_Haemophilus_influenzae_strain_Hi-228_transposon_7100__complete_sequence	99.251	1201	9	0	149066	150266	19993	21193	0.0	2169
accn|CP029206	ICEberg|2046|Tn7100|GenBank|OW736085.1|1..73601_Haemophilus_influenzae_strain_Hi-228_transposon_7100__complete_sequence	99.251	1201	9	0	149066	150266	27169	25969	0.0	2169
accn|CP029206	ICEberg|2046|Tn7100|GenBank|OW736085.1|1..73601_Haemophilus_influenzae_strain_Hi-228_transposon_7100__complete_sequence	95.455	66	3	0	718325	718390	1	66	2.75e-18	106
accn|CP029206	resfinderf|tet(B)|3	99.585	1206	5	0	151601	152806	1206	1	0.0	2200
accn|CP029206	ICEberg|441|ICEHso2336-1|GenBank|CP000947|1927921..1994529_Haemophilus_somnus_2336__complete_genome	99.353	1082	5	2	1400206	1401287	4601	3522	0.0	1958
accn|CP029206	ICEberg|441|ICEHso2336-1|GenBank|CP000947|1927921..1994529_Haemophilus_somnus_2336__complete_genome	98.906	1097	7	5	572405	573498	4607	3513	0.0	1954
accn|CP029206	ICEberg|441|ICEHso2336-1|GenBank|CP000947|1927921..1994529_Haemophilus_somnus_2336__complete_genome	99.171	1086	8	1	1571274	1572358	3520	4605	0.0	1954
accn|CP029206	ICEberg|441|ICEHso2336-1|GenBank|CP000947|1927921..1994529_Haemophilus_somnus_2336__complete_genome	99.170	1084	8	1	2015435	2016518	3525	4607	0.0	1951
accn|CP029206	ICEberg|441|ICEHso2336-1|GenBank|CP000947|1927921..1994529_Haemophilus_somnus_2336__complete_genome	99.533	1071	5	0	1905638	1906708	3532	4602	0.0	1951
accn|CP029206	ICEberg|441|ICEHso2336-1|GenBank|CP000947|1927921..1994529_Haemophilus_somnus_2336__complete_genome	99.170	1084	6	2	575396	576477	3519	4601	0.0	1949
accn|CP029206	ICEberg|441|ICEHso2336-1|GenBank|CP000947|1927921..1994529_Haemophilus_somnus_2336__complete_genome	99.350	1077	6	1	304208	305283	3525	4601	0.0	1949
accn|CP029206	ICEberg|441|ICEHso2336-1|GenBank|CP000947|1927921..1994529_Haemophilus_somnus_2336__complete_genome	99.441	1073	6	0	1150097	1151169	4601	3529	0.0	1949
accn|CP029206	ICEberg|441|ICEHso2336-1|GenBank|CP000947|1927921..1994529_Haemophilus_somnus_2336__complete_genome	99.533	1070	5	0	128070	129139	3532	4601	0.0	1949
accn|CP029206	ICEberg|441|ICEHso2336-1|GenBank|CP000947|1927921..1994529_Haemophilus_somnus_2336__complete_genome	99.533	1070	5	0	1186130	1187199	3532	4601	0.0	1949
accn|CP029206	ICEberg|441|ICEHso2336-1|GenBank|CP000947|1927921..1994529_Haemophilus_somnus_2336__complete_genome	97.015	67	1	1	2144383	2144449	43103	43168	5.91e-20	111
accn|CP029206	ICEberg|440|ICEPmu1|GenBank|CP003022|273284..355497_Pasteurella_multocida_36950__complete_genome	99.262	1084	7	1	1571286	1572368	4552	3469	0.0	1956
accn|CP029206	ICEberg|440|ICEPmu1|GenBank|CP003022|273284..355497_Pasteurella_multocida_36950__complete_genome	99.083	1091	7	3	128059	129146	4566	3476	0.0	1956
accn|CP029206	ICEberg|440|ICEPmu1|GenBank|CP003022|273284..355497_Pasteurella_multocida_36950__complete_genome	99.534	1073	5	0	575407	576479	4553	3481	0.0	1954
accn|CP029206	ICEberg|440|ICEPmu1|GenBank|CP003022|273284..355497_Pasteurella_multocida_36950__complete_genome	99.352	1080	6	1	1186121	1187200	4560	3482	0.0	1954
accn|CP029206	ICEberg|440|ICEPmu1|GenBank|CP003022|273284..355497_Pasteurella_multocida_36950__complete_genome	99.351	1079	6	1	2015441	2016519	4553	3476	0.0	1953
accn|CP029206	ICEberg|440|ICEPmu1|GenBank|CP003022|273284..355497_Pasteurella_multocida_36950__complete_genome	99.534	1072	5	0	1150095	1151166	3481	4552	0.0	1953
accn|CP029206	ICEberg|440|ICEPmu1|GenBank|CP003022|273284..355497_Pasteurella_multocida_36950__complete_genome	99.081	1088	7	3	572411	573495	3482	4569	0.0	1951
accn|CP029206	ICEberg|440|ICEPmu1|GenBank|CP003022|273284..355497_Pasteurella_multocida_36950__complete_genome	99.533	1071	5	0	1400205	1401275	3482	4552	0.0	1951
accn|CP029206	ICEberg|440|ICEPmu1|GenBank|CP003022|273284..355497_Pasteurella_multocida_36950__complete_genome	99.533	1071	5	0	304214	305284	4552	3482	0.0	1951
accn|CP029206	ICEberg|440|ICEPmu1|GenBank|CP003022|273284..355497_Pasteurella_multocida_36950__complete_genome	99.533	1071	5	0	1905637	1906707	4553	3483	0.0	1951
accn|CP029206	ICEberg|440|ICEPmu1|GenBank|CP003022|273284..355497_Pasteurella_multocida_36950__complete_genome	98.535	1092	14	2	572395	573484	18105	19196	0.0	1927
accn|CP029206	ICEberg|440|ICEPmu1|GenBank|CP003022|273284..355497_Pasteurella_multocida_36950__complete_genome	98.889	1080	11	1	1400206	1401285	18124	19202	0.0	1927
accn|CP029206	ICEberg|440|ICEPmu1|GenBank|CP003022|273284..355497_Pasteurella_multocida_36950__complete_genome	99.068	1073	10	0	1150097	1151169	18124	19196	0.0	1927
accn|CP029206	ICEberg|440|ICEPmu1|GenBank|CP003022|273284..355497_Pasteurella_multocida_36950__complete_genome	98.977	1075	11	0	1571281	1572355	19198	18124	0.0	1925
accn|CP029206	ICEberg|440|ICEPmu1|GenBank|CP003022|273284..355497_Pasteurella_multocida_36950__complete_genome	98.887	1078	11	1	304207	305283	19201	18124	0.0	1923
accn|CP029206	ICEberg|440|ICEPmu1|GenBank|CP003022|273284..355497_Pasteurella_multocida_36950__complete_genome	98.976	1074	11	0	2015438	2016511	19197	18124	0.0	1923
accn|CP029206	ICEberg|440|ICEPmu1|GenBank|CP003022|273284..355497_Pasteurella_multocida_36950__complete_genome	99.066	1071	10	0	128069	129139	19194	18124	0.0	1923
accn|CP029206	ICEberg|440|ICEPmu1|GenBank|CP003022|273284..355497_Pasteurella_multocida_36950__complete_genome	98.975	1073	11	0	1905638	1906710	19193	18121	0.0	1921
accn|CP029206	ICEberg|440|ICEPmu1|GenBank|CP003022|273284..355497_Pasteurella_multocida_36950__complete_genome	98.975	1073	11	0	1186130	1187202	19193	18121	0.0	1921
accn|CP029206	ICEberg|440|ICEPmu1|GenBank|CP003022|273284..355497_Pasteurella_multocida_36950__complete_genome	99.065	1070	10	0	575408	576477	19193	18124	0.0	1921
accn|CP029206	ICEberg|440|ICEPmu1|GenBank|CP003022|273284..355497_Pasteurella_multocida_36950__complete_genome	97.015	67	1	1	2144383	2144449	61049	61114	5.91e-20	111
accn|CP029206	ICEberg|1717|ICEHs1|GenBank|MF136609.1|1..64932_Histophilus_somni_strain_AVI_1_integrative_conjugative_element_ICEHs1__complete_sequence	99.352	1080	6	1	1400206	1401285	4616	3538	0.0	1954
accn|CP029206	ICEberg|1717|ICEHs1|GenBank|MF136609.1|1..64932_Histophilus_somni_strain_AVI_1_integrative_conjugative_element_ICEHs1__complete_sequence	99.172	1087	6	2	572405	573491	4622	3539	0.0	1954
accn|CP029206	ICEberg|1717|ICEHs1|GenBank|MF136609.1|1..64932_Histophilus_somni_strain_AVI_1_integrative_conjugative_element_ICEHs1__complete_sequence	99.534	1073	5	0	1150097	1151169	4616	3544	0.0	1954
accn|CP029206	ICEberg|1717|ICEHs1|GenBank|MF136609.1|1..64932_Histophilus_somni_strain_AVI_1_integrative_conjugative_element_ICEHs1__complete_sequence	99.351	1079	6	1	1571281	1572358	3542	4620	0.0	1953
accn|CP029206	ICEberg|1717|ICEHs1|GenBank|MF136609.1|1..64932_Histophilus_somni_strain_AVI_1_integrative_conjugative_element_ICEHs1__complete_sequence	99.351	1078	7	0	1905638	1906715	3547	4624	0.0	1953
accn|CP029206	ICEberg|1717|ICEHs1|GenBank|MF136609.1|1..64932_Histophilus_somni_strain_AVI_1_integrative_conjugative_element_ICEHs1__complete_sequence	99.260	1081	7	1	304204	305283	3536	4616	0.0	1951
accn|CP029206	ICEberg|1717|ICEHs1|GenBank|MF136609.1|1..64932_Histophilus_somni_strain_AVI_1_integrative_conjugative_element_ICEHs1__complete_sequence	99.170	1084	8	1	2015435	2016518	3540	4622	0.0	1951
accn|CP029206	ICEberg|1717|ICEHs1|GenBank|MF136609.1|1..64932_Histophilus_somni_strain_AVI_1_integrative_conjugative_element_ICEHs1__complete_sequence	99.533	1071	5	0	128069	129139	3546	4616	0.0	1951
accn|CP029206	ICEberg|1717|ICEHs1|GenBank|MF136609.1|1..64932_Histophilus_somni_strain_AVI_1_integrative_conjugative_element_ICEHs1__complete_sequence	99.533	1070	5	0	575408	576477	3547	4616	0.0	1949
accn|CP029206	ICEberg|1717|ICEHs1|GenBank|MF136609.1|1..64932_Histophilus_somni_strain_AVI_1_integrative_conjugative_element_ICEHs1__complete_sequence	99.533	1070	5	0	1186130	1187199	3547	4616	0.0	1949
accn|CP029206	ICEberg|1717|ICEHs1|GenBank|MF136609.1|1..64932_Histophilus_somni_strain_AVI_1_integrative_conjugative_element_ICEHs1__complete_sequence	97.015	67	1	1	2144383	2144449	43115	43180	5.91e-20	111
accn|CP029206	ICEberg|987|ICEMh1|GenBank|CP005383|2128248..2190602_Mannheimia_haemolytica_M42548__complete_genome	98.891	1082	12	0	1571281	1572362	7115	6034	0.0	1932
accn|CP029206	ICEberg|987|ICEMh1|GenBank|CP005383|2128248..2190602_Mannheimia_haemolytica_M42548__complete_genome	98.624	1090	13	1	572397	573484	6024	7113	0.0	1929
accn|CP029206	ICEberg|987|ICEMh1|GenBank|CP005383|2128248..2190602_Mannheimia_haemolytica_M42548__complete_genome	98.889	1080	12	0	128069	129148	7111	6032	0.0	1929
accn|CP029206	ICEberg|987|ICEMh1|GenBank|CP005383|2128248..2190602_Mannheimia_haemolytica_M42548__complete_genome	98.889	1080	11	1	1400206	1401285	6041	7119	0.0	1927
accn|CP029206	ICEberg|987|ICEMh1|GenBank|CP005383|2128248..2190602_Mannheimia_haemolytica_M42548__complete_genome	99.068	1073	10	0	1150097	1151169	6041	7113	0.0	1927
accn|CP029206	ICEberg|987|ICEMh1|GenBank|CP005383|2128248..2190602_Mannheimia_haemolytica_M42548__complete_genome	98.887	1078	11	1	304207	305283	7118	6041	0.0	1923
accn|CP029206	ICEberg|987|ICEMh1|GenBank|CP005383|2128248..2190602_Mannheimia_haemolytica_M42548__complete_genome	98.976	1074	11	0	2015438	2016511	7114	6041	0.0	1923
accn|CP029206	ICEberg|987|ICEMh1|GenBank|CP005383|2128248..2190602_Mannheimia_haemolytica_M42548__complete_genome	99.065	1070	10	0	1905638	1906707	7110	6041	0.0	1921
accn|CP029206	ICEberg|987|ICEMh1|GenBank|CP005383|2128248..2190602_Mannheimia_haemolytica_M42548__complete_genome	99.065	1070	10	0	1186130	1187199	7110	6041	0.0	1921
accn|CP029206	ICEberg|987|ICEMh1|GenBank|CP005383|2128248..2190602_Mannheimia_haemolytica_M42548__complete_genome	99.065	1070	10	0	575408	576477	7110	6041	0.0	1921
accn|CP029206	ICEberg|987|ICEMh1|GenBank|CP005383|2128248..2190602_Mannheimia_haemolytica_M42548__complete_genome	100.000	312	0	0	2015439	2015750	4297	3986	4.85e-160	577
accn|CP029206	ICEberg|987|ICEMh1|GenBank|CP005383|2128248..2190602_Mannheimia_haemolytica_M42548__complete_genome	99.371	318	1	1	1905630	1905946	4303	3986	1.74e-159	575
accn|CP029206	ICEberg|987|ICEMh1|GenBank|CP005383|2128248..2190602_Mannheimia_haemolytica_M42548__complete_genome	99.683	315	0	1	1186125	1186438	4300	3986	1.74e-159	575
accn|CP029206	ICEberg|987|ICEMh1|GenBank|CP005383|2128248..2190602_Mannheimia_haemolytica_M42548__complete_genome	100.000	311	0	0	575406	575716	4296	3986	1.74e-159	575
accn|CP029206	ICEberg|987|ICEMh1|GenBank|CP005383|2128248..2190602_Mannheimia_haemolytica_M42548__complete_genome	99.367	316	1	1	573173	573487	3986	4301	2.26e-158	571
accn|CP029206	ICEberg|987|ICEMh1|GenBank|CP005383|2128248..2190602_Mannheimia_haemolytica_M42548__complete_genome	100.000	309	0	0	1571286	1571594	4294	3986	2.26e-158	571
accn|CP029206	ICEberg|987|ICEMh1|GenBank|CP005383|2128248..2190602_Mannheimia_haemolytica_M42548__complete_genome	100.000	309	0	0	1150858	1151166	3986	4294	2.26e-158	571
accn|CP029206	ICEberg|987|ICEMh1|GenBank|CP005383|2128248..2190602_Mannheimia_haemolytica_M42548__complete_genome	100.000	309	0	0	1400967	1401275	3986	4294	2.26e-158	571
accn|CP029206	ICEberg|987|ICEMh1|GenBank|CP005383|2128248..2190602_Mannheimia_haemolytica_M42548__complete_genome	100.000	309	0	0	304214	304522	4294	3986	2.26e-158	571
accn|CP029206	ICEberg|987|ICEMh1|GenBank|CP005383|2128248..2190602_Mannheimia_haemolytica_M42548__complete_genome	100.000	309	0	0	128070	128378	4294	3986	2.26e-158	571
accn|CP029206	ICEberg|987|ICEMh1|GenBank|CP005383|2128248..2190602_Mannheimia_haemolytica_M42548__complete_genome	97.015	67	1	1	2144383	2144449	48965	49030	5.91e-20	111
accn|CP029206	ICEberg|1716|ICEHs02|GenBank|CP042993.1|687500..760418_Histophilus_somni_strain_UOC-KLM-ATR-014_chromosome__complete_genome	99.071	1076	10	0	575407	576482	68312	69387	0.0	1932
accn|CP029206	ICEberg|1716|ICEHs02|GenBank|CP042993.1|687500..760418_Histophilus_somni_strain_UOC-KLM-ATR-014_chromosome__complete_genome	98.801	1084	10	3	128059	129139	68299	69382	0.0	1927
accn|CP029206	ICEberg|1716|ICEHs02|GenBank|CP042993.1|687500..760418_Histophilus_somni_strain_UOC-KLM-ATR-014_chromosome__complete_genome	98.889	1080	11	1	1186121	1187200	68305	69383	0.0	1927
accn|CP029206	ICEberg|1716|ICEHs02|GenBank|CP042993.1|687500..760418_Histophilus_somni_strain_UOC-KLM-ATR-014_chromosome__complete_genome	98.978	1076	11	0	2015441	2016516	68312	69387	0.0	1927
accn|CP029206	ICEberg|1716|ICEHs02|GenBank|CP042993.1|687500..760418_Histophilus_somni_strain_UOC-KLM-ATR-014_chromosome__complete_genome	98.710	1085	12	1	1571286	1572368	68313	69397	0.0	1925
accn|CP029206	ICEberg|1716|ICEHs02|GenBank|CP042993.1|687500..760418_Histophilus_somni_strain_UOC-KLM-ATR-014_chromosome__complete_genome	99.067	1072	10	0	1150095	1151166	69384	68313	0.0	1925
accn|CP029206	ICEberg|1716|ICEHs02|GenBank|CP042993.1|687500..760418_Histophilus_somni_strain_UOC-KLM-ATR-014_chromosome__complete_genome	98.621	1088	12	3	572411	573495	69383	68296	0.0	1923
accn|CP029206	ICEberg|1716|ICEHs02|GenBank|CP042993.1|687500..760418_Histophilus_somni_strain_UOC-KLM-ATR-014_chromosome__complete_genome	99.066	1071	10	0	1905637	1906707	68312	69382	0.0	1923
accn|CP029206	ICEberg|1716|ICEHs02|GenBank|CP042993.1|687500..760418_Histophilus_somni_strain_UOC-KLM-ATR-014_chromosome__complete_genome	99.066	1071	10	0	304214	305284	68313	69383	0.0	1923
accn|CP029206	ICEberg|1716|ICEHs02|GenBank|CP042993.1|687500..760418_Histophilus_somni_strain_UOC-KLM-ATR-014_chromosome__complete_genome	99.066	1071	10	0	1400205	1401275	69383	68313	0.0	1923
accn|CP029206	ICEberg|1716|ICEHs02|GenBank|CP042993.1|687500..760418_Histophilus_somni_strain_UOC-KLM-ATR-014_chromosome__complete_genome	98.910	642	6	1	1400644	1401285	55830	55190	0.0	1146
accn|CP029206	ICEberg|1716|ICEHs02|GenBank|CP042993.1|687500..760418_Histophilus_somni_strain_UOC-KLM-ATR-014_chromosome__complete_genome	98.910	642	5	1	572850	573491	55830	55191	0.0	1146
accn|CP029206	ICEberg|1716|ICEHs02|GenBank|CP042993.1|687500..760418_Histophilus_somni_strain_UOC-KLM-ATR-014_chromosome__complete_genome	99.213	635	5	0	1150535	1151169	55830	55196	0.0	1146
accn|CP029206	ICEberg|1716|ICEHs02|GenBank|CP042993.1|687500..760418_Histophilus_somni_strain_UOC-KLM-ATR-014_chromosome__complete_genome	99.058	637	6	0	1571281	1571917	55194	55830	0.0	1144
accn|CP029206	ICEberg|1716|ICEHs02|GenBank|CP042993.1|687500..760418_Histophilus_somni_strain_UOC-KLM-ATR-014_chromosome__complete_genome	98.756	643	7	1	304204	304845	55188	55830	0.0	1142
accn|CP029206	ICEberg|1716|ICEHs02|GenBank|CP042993.1|687500..760418_Histophilus_somni_strain_UOC-KLM-ATR-014_chromosome__complete_genome	98.905	639	7	0	2015435	2016073	55192	55830	0.0	1142
accn|CP029206	ICEberg|1716|ICEHs02|GenBank|CP042993.1|687500..760418_Histophilus_somni_strain_UOC-KLM-ATR-014_chromosome__complete_genome	99.210	633	5	0	128069	128701	55198	55830	0.0	1142
accn|CP029206	ICEberg|1716|ICEHs02|GenBank|CP042993.1|687500..760418_Histophilus_somni_strain_UOC-KLM-ATR-014_chromosome__complete_genome	99.209	632	5	0	575408	576039	55199	55830	0.0	1140
accn|CP029206	ICEberg|1716|ICEHs02|GenBank|CP042993.1|687500..760418_Histophilus_somni_strain_UOC-KLM-ATR-014_chromosome__complete_genome	99.209	632	5	0	1186130	1186761	55199	55830	0.0	1140
accn|CP029206	ICEberg|1716|ICEHs02|GenBank|CP042993.1|687500..760418_Histophilus_somni_strain_UOC-KLM-ATR-014_chromosome__complete_genome	99.209	632	5	0	1905638	1906269	55199	55830	0.0	1140
accn|CP029206	ICEberg|1716|ICEHs02|GenBank|CP042993.1|687500..760418_Histophilus_somni_strain_UOC-KLM-ATR-014_chromosome__complete_genome	97.015	67	1	1	2144383	2144449	13343	13278	5.91e-20	111
accn|CP029206	ICEberg|1716|ICEHs02|GenBank|CP042993.1|687500..760418_Histophilus_somni_strain_UOC-KLM-ATR-014_chromosome__complete_genome	95.082	61	1	2	1926927	1926986	13337	13278	5.95e-15	95.3
accn|CP029206	ICEberg|1719|ICEHso4|GenBank|CP018803.1|686759..761246_Histophilus_somni_strain_USDA-ARS-USMARC-63255_chromosome__complete_genome	98.713	1088	11	3	128059	129143	68348	69435	0.0	1929
accn|CP029206	ICEberg|1719|ICEHso4|GenBank|CP018803.1|686759..761246_Histophilus_somni_strain_USDA-ARS-USMARC-63255_chromosome__complete_genome	98.801	1084	12	1	1571286	1572368	68362	69445	0.0	1929
accn|CP029206	ICEberg|1719|ICEHso4|GenBank|CP018803.1|686759..761246_Histophilus_somni_strain_USDA-ARS-USMARC-63255_chromosome__complete_genome	98.889	1080	11	1	1186121	1187200	68354	69432	0.0	1927
accn|CP029206	ICEberg|1719|ICEHso4|GenBank|CP018803.1|686759..761246_Histophilus_somni_strain_USDA-ARS-USMARC-63255_chromosome__complete_genome	99.068	1073	10	0	575407	576479	68361	69433	0.0	1927
accn|CP029206	ICEberg|1719|ICEHso4|GenBank|CP018803.1|686759..761246_Histophilus_somni_strain_USDA-ARS-USMARC-63255_chromosome__complete_genome	98.978	1076	10	1	2015441	2016516	68361	69435	0.0	1925
accn|CP029206	ICEberg|1719|ICEHso4|GenBank|CP018803.1|686759..761246_Histophilus_somni_strain_USDA-ARS-USMARC-63255_chromosome__complete_genome	99.067	1072	10	0	1150095	1151166	69433	68362	0.0	1925
accn|CP029206	ICEberg|1719|ICEHso4|GenBank|CP018803.1|686759..761246_Histophilus_somni_strain_USDA-ARS-USMARC-63255_chromosome__complete_genome	98.621	1088	12	3	572411	573495	69432	68345	0.0	1923
accn|CP029206	ICEberg|1719|ICEHso4|GenBank|CP018803.1|686759..761246_Histophilus_somni_strain_USDA-ARS-USMARC-63255_chromosome__complete_genome	99.066	1071	10	0	1905637	1906707	68361	69431	0.0	1923
accn|CP029206	ICEberg|1719|ICEHso4|GenBank|CP018803.1|686759..761246_Histophilus_somni_strain_USDA-ARS-USMARC-63255_chromosome__complete_genome	99.066	1071	10	0	304214	305284	68362	69432	0.0	1923
accn|CP029206	ICEberg|1719|ICEHso4|GenBank|CP018803.1|686759..761246_Histophilus_somni_strain_USDA-ARS-USMARC-63255_chromosome__complete_genome	99.066	1071	10	0	1400205	1401275	69432	68362	0.0	1923
accn|CP029206	ICEberg|1719|ICEHso4|GenBank|CP018803.1|686759..761246_Histophilus_somni_strain_USDA-ARS-USMARC-63255_chromosome__complete_genome	98.910	642	6	1	1400644	1401285	55879	55239	0.0	1146
accn|CP029206	ICEberg|1719|ICEHso4|GenBank|CP018803.1|686759..761246_Histophilus_somni_strain_USDA-ARS-USMARC-63255_chromosome__complete_genome	98.910	642	5	1	572850	573491	55879	55240	0.0	1146
accn|CP029206	ICEberg|1719|ICEHso4|GenBank|CP018803.1|686759..761246_Histophilus_somni_strain_USDA-ARS-USMARC-63255_chromosome__complete_genome	99.213	635	5	0	1150535	1151169	55879	55245	0.0	1146
accn|CP029206	ICEberg|1719|ICEHso4|GenBank|CP018803.1|686759..761246_Histophilus_somni_strain_USDA-ARS-USMARC-63255_chromosome__complete_genome	99.058	637	6	0	1571281	1571917	55243	55879	0.0	1144
accn|CP029206	ICEberg|1719|ICEHso4|GenBank|CP018803.1|686759..761246_Histophilus_somni_strain_USDA-ARS-USMARC-63255_chromosome__complete_genome	98.756	643	7	1	304204	304845	55237	55879	0.0	1142
accn|CP029206	ICEberg|1719|ICEHso4|GenBank|CP018803.1|686759..761246_Histophilus_somni_strain_USDA-ARS-USMARC-63255_chromosome__complete_genome	98.905	639	7	0	2015435	2016073	55241	55879	0.0	1142
accn|CP029206	ICEberg|1719|ICEHso4|GenBank|CP018803.1|686759..761246_Histophilus_somni_strain_USDA-ARS-USMARC-63255_chromosome__complete_genome	99.210	633	5	0	128069	128701	55247	55879	0.0	1142
accn|CP029206	ICEberg|1719|ICEHso4|GenBank|CP018803.1|686759..761246_Histophilus_somni_strain_USDA-ARS-USMARC-63255_chromosome__complete_genome	99.209	632	5	0	575408	576039	55248	55879	0.0	1140
accn|CP029206	ICEberg|1719|ICEHso4|GenBank|CP018803.1|686759..761246_Histophilus_somni_strain_USDA-ARS-USMARC-63255_chromosome__complete_genome	99.209	632	5	0	1186130	1186761	55248	55879	0.0	1140
accn|CP029206	ICEberg|1719|ICEHso4|GenBank|CP018803.1|686759..761246_Histophilus_somni_strain_USDA-ARS-USMARC-63255_chromosome__complete_genome	99.209	632	5	0	1905638	1906269	55248	55879	0.0	1140
accn|CP029206	ICEberg|1719|ICEHso4|GenBank|CP018803.1|686759..761246_Histophilus_somni_strain_USDA-ARS-USMARC-63255_chromosome__complete_genome	97.015	67	1	1	2144383	2144449	13391	13326	5.91e-20	111
accn|CP029206	ICEberg|1719|ICEHso4|GenBank|CP018803.1|686759..761246_Histophilus_somni_strain_USDA-ARS-USMARC-63255_chromosome__complete_genome	95.082	61	1	2	1926927	1926986	13385	13326	5.95e-15	95.3
accn|CP029206	ICEberg|1702|ICEHin8|GenBank|LS483392.1|192252..244996_Haemophilus_influenzae_strain_NCTC11931_genome_assembly__chromosome__1	96.269	134	2	1	445426	445559	1	131	1.22e-51	217
accn|CP029206	ICEberg|1702|ICEHin8|GenBank|LS483392.1|192252..244996_Haemophilus_influenzae_strain_NCTC11931_genome_assembly__chromosome__1	98.701	77	1	0	2106572	2106648	1	77	9.75e-28	137
accn|CP029206	ICEberg|1702|ICEHin8|GenBank|LS483392.1|192252..244996_Haemophilus_influenzae_strain_NCTC11931_genome_assembly__chromosome__1	96.104	77	3	0	2106571	2106647	52669	52745	2.11e-24	126
accn|CP029206	ICEberg|1702|ICEHin8|GenBank|LS483392.1|192252..244996_Haemophilus_influenzae_strain_NCTC11931_genome_assembly__chromosome__1	95.000	80	3	1	445422	445501	52667	52745	7.59e-24	124
accn|CP029206	ICEberg|1700|ICEHdu1|GenBank|NC_002940.2|718953..768668_[Haemophilus]_ducreyi_35000HP__complete_sequence	98.925	93	1	0	1228967	1229059	49716	49624	1.24e-36	167
accn|CP029206	ICEberg|1700|ICEHdu1|GenBank|NC_002940.2|718953..768668_[Haemophilus]_ducreyi_35000HP__complete_sequence	98.889	90	1	0	718303	718392	49716	49627	5.79e-35	161
accn|CP029206	ICEberg|1700|ICEHdu1|GenBank|NC_002940.2|718953..768668_[Haemophilus]_ducreyi_35000HP__complete_sequence	100.000	76	0	0	1681738	1681813	76	1	7.54e-29	141
accn|CP029206	ICEberg|1700|ICEHdu1|GenBank|NC_002940.2|718953..768668_[Haemophilus]_ducreyi_35000HP__complete_sequence	100.000	76	0	0	1228696	1228771	76	1	7.54e-29	141
accn|CP029206	ICEberg|1700|ICEHdu1|GenBank|NC_002940.2|718953..768668_[Haemophilus]_ducreyi_35000HP__complete_sequence	100.000	76	0	0	401111	401186	49501	49576	7.54e-29	141
accn|CP029206	ICEberg|1700|ICEHdu1|GenBank|NC_002940.2|718953..768668_[Haemophilus]_ducreyi_35000HP__complete_sequence	100.000	76	0	0	401209	401284	49501	49576	7.54e-29	141
accn|CP029206	ICEberg|1700|ICEHdu1|GenBank|NC_002940.2|718953..768668_[Haemophilus]_ducreyi_35000HP__complete_sequence	100.000	76	0	0	401308	401383	49501	49576	7.54e-29	141
accn|CP029206	ICEberg|1586|ICEAac3|GenBank|CP043003.1|2132073..2197982_Aggregatibacter_actinomycetemcomitans_strain_HK_907_chromosome__complete_genome	96.774	93	3	0	1228967	1229059	78	170	2.69e-33	156
accn|CP029206	ICEberg|1586|ICEAac3|GenBank|CP043003.1|2132073..2197982_Aggregatibacter_actinomycetemcomitans_strain_HK_907_chromosome__complete_genome	96.667	90	3	0	718303	718392	78	167	1.25e-31	150
accn|CP029206	ICEberg|1586|ICEAac3|GenBank|CP043003.1|2132073..2197982_Aggregatibacter_actinomycetemcomitans_strain_HK_907_chromosome__complete_genome	100.000	76	0	0	718401	718476	1	76	7.54e-29	141
accn|CP029206	ICEberg|1586|ICEAac3|GenBank|CP043003.1|2132073..2197982_Aggregatibacter_actinomycetemcomitans_strain_HK_907_chromosome__complete_genome	100.000	76	0	0	1228696	1228771	1	76	7.54e-29	141
accn|CP029206	ICEberg|1586|ICEAac3|GenBank|CP043003.1|2132073..2197982_Aggregatibacter_actinomycetemcomitans_strain_HK_907_chromosome__complete_genome	100.000	76	0	0	1229067	1229142	1	76	7.54e-29	141
accn|CP029206	ICEberg|1586|ICEAac3|GenBank|CP043003.1|2132073..2197982_Aggregatibacter_actinomycetemcomitans_strain_HK_907_chromosome__complete_genome	100.000	76	0	0	1681738	1681813	1	76	7.54e-29	141
accn|CP029206	ICEberg|1586|ICEAac3|GenBank|CP043003.1|2132073..2197982_Aggregatibacter_actinomycetemcomitans_strain_HK_907_chromosome__complete_genome	100.000	76	0	0	401308	401383	292	217	7.54e-29	141
accn|CP029206	ICEberg|1586|ICEAac3|GenBank|CP043003.1|2132073..2197982_Aggregatibacter_actinomycetemcomitans_strain_HK_907_chromosome__complete_genome	100.000	76	0	0	401209	401284	292	217	7.54e-29	141
accn|CP029206	ICEberg|1586|ICEAac3|GenBank|CP043003.1|2132073..2197982_Aggregatibacter_actinomycetemcomitans_strain_HK_907_chromosome__complete_genome	100.000	76	0	0	401111	401186	292	217	7.54e-29	141
accn|CP029206	ICEberg|1586|ICEAac3|GenBank|CP043003.1|2132073..2197982_Aggregatibacter_actinomycetemcomitans_strain_HK_907_chromosome__complete_genome	98.507	67	1	0	718328	718394	64245	64311	3.53e-22	119
accn|CP029206	ICEberg|1586|ICEAac3|GenBank|CP043003.1|2132073..2197982_Aggregatibacter_actinomycetemcomitans_strain_HK_907_chromosome__complete_genome	98.462	65	1	0	1228992	1229056	64245	64309	4.57e-21	115
accn|CP029206	ICEberg|1586|ICEAac3|GenBank|CP043003.1|2132073..2197982_Aggregatibacter_actinomycetemcomitans_strain_HK_907_chromosome__complete_genome	100.000	62	0	0	401308	401369	64407	64346	4.57e-21	115
accn|CP029206	ICEberg|1586|ICEAac3|GenBank|CP043003.1|2132073..2197982_Aggregatibacter_actinomycetemcomitans_strain_HK_907_chromosome__complete_genome	100.000	62	0	0	401209	401270	64407	64346	4.57e-21	115
accn|CP029206	ICEberg|1586|ICEAac3|GenBank|CP043003.1|2132073..2197982_Aggregatibacter_actinomycetemcomitans_strain_HK_907_chromosome__complete_genome	100.000	62	0	0	401111	401172	64407	64346	4.57e-21	115
accn|CP029206	ICEberg|1603|ICEAsu1|GenBank|CP009159.1|982132..1037894_Actinobacillus_suis_ATCC_33415__complete_genome	96.591	88	3	0	2068693	2068780	55763	55676	1.62e-30	147
accn|CP029206	ICEberg|1603|ICEAsu1|GenBank|CP009159.1|982132..1037894_Actinobacillus_suis_ATCC_33415__complete_genome	97.015	67	1	1	2144383	2144449	16393	16328	5.91e-20	111
accn|CP029206	ICEberg|1603|ICEAsu1|GenBank|CP009159.1|982132..1037894_Actinobacillus_suis_ATCC_33415__complete_genome	95.082	61	1	2	1926927	1926986	16387	16328	5.95e-15	95.3
accn|CP029206	ICEberg|1701|ICEHdu2|GenBank|CP015434.1|162562..211583_[Haemophilus]_ducreyi_strain_GHA9__complete_genome	100.000	76	0	0	401308	401383	77	2	7.54e-29	141
accn|CP029206	ICEberg|1701|ICEHdu2|GenBank|CP015434.1|162562..211583_[Haemophilus]_ducreyi_strain_GHA9__complete_genome	100.000	76	0	0	401209	401284	77	2	7.54e-29	141
accn|CP029206	ICEberg|1701|ICEHdu2|GenBank|CP015434.1|162562..211583_[Haemophilus]_ducreyi_strain_GHA9__complete_genome	100.000	76	0	0	401111	401186	77	2	7.54e-29	141
accn|CP029206	ICEberg|1701|ICEHdu2|GenBank|CP015434.1|162562..211583_[Haemophilus]_ducreyi_strain_GHA9__complete_genome	98.734	79	1	0	1228693	1228771	48944	49022	7.54e-29	141
accn|CP029206	ICEberg|1701|ICEHdu2|GenBank|CP015434.1|162562..211583_[Haemophilus]_ducreyi_strain_GHA9__complete_genome	100.000	76	0	0	1681738	1681813	48947	49022	7.54e-29	141
accn|CP029206	ICEberg|1584|ICEAac1|GenBank|CP012959.1|2164508..2181462_Aggregatibacter_actinomycetemcomitans_strain_624__complete_genome	100.000	76	0	0	1681738	1681813	16955	16880	7.54e-29	141
accn|CP029206	ICEberg|1584|ICEAac1|GenBank|CP012959.1|2164508..2181462_Aggregatibacter_actinomycetemcomitans_strain_624__complete_genome	100.000	76	0	0	1229067	1229142	16955	16880	7.54e-29	141
accn|CP029206	ICEberg|1584|ICEAac1|GenBank|CP012959.1|2164508..2181462_Aggregatibacter_actinomycetemcomitans_strain_624__complete_genome	100.000	76	0	0	1228696	1228771	16955	16880	7.54e-29	141
accn|CP029206	ICEberg|1584|ICEAac1|GenBank|CP012959.1|2164508..2181462_Aggregatibacter_actinomycetemcomitans_strain_624__complete_genome	100.000	76	0	0	718401	718476	16955	16880	7.54e-29	141
accn|CP029206	ICEberg|2010|Tn6783_201330|GenBank|CP054623.1|2596147..2668162_Pseudomonas_aeruginosa_strain_DL201330_chromosome__complete_genome	98.718	78	1	0	1229065	1229142	66897	66974	2.71e-28	139
accn|CP029206	ICEberg|2010|Tn6783_201330|GenBank|CP054623.1|2596147..2668162_Pseudomonas_aeruginosa_strain_DL201330_chromosome__complete_genome	98.718	78	1	0	1681736	1681813	66897	66974	2.71e-28	139
accn|CP029206	ICEberg|2010|Tn6783_201330|GenBank|CP054623.1|2596147..2668162_Pseudomonas_aeruginosa_strain_DL201330_chromosome__complete_genome	95.349	86	3	1	1228696	1228781	66899	66983	3.51e-27	135
accn|CP029206	ICEberg|2010|Tn6783_201330|GenBank|CP054623.1|2596147..2668162_Pseudomonas_aeruginosa_strain_DL201330_chromosome__complete_genome	98.684	76	1	0	718401	718476	66899	66974	3.51e-27	135
accn|CP029206	ICEberg|1581|ICE6660|GenBank|MK497171.1|1..112205_Pseudomonas_aeruginosa_sequence	95.349	86	3	1	1228696	1228781	112205	112121	3.51e-27	135
accn|CP029206	ICEberg|1581|ICE6660|GenBank|MK497171.1|1..112205_Pseudomonas_aeruginosa_sequence	98.684	76	1	0	1681738	1681813	112205	112130	3.51e-27	135
accn|CP029206	ICEberg|1581|ICE6660|GenBank|MK497171.1|1..112205_Pseudomonas_aeruginosa_sequence	98.684	76	1	0	1229067	1229142	112205	112130	3.51e-27	135
accn|CP029206	ICEberg|1581|ICE6660|GenBank|MK497171.1|1..112205_Pseudomonas_aeruginosa_sequence	98.684	76	1	0	718401	718476	112205	112130	3.51e-27	135
accn|CP029206	ICEberg|1718|ICEHso3|GenBank|NC_008309.1|1952153..2005728_Histophilus_somni_129PT__complete_sequence	96.104	77	3	0	2106571	2106647	175	99	2.11e-24	126
accn|CP029206	ICEberg|1734|ICEMh3|GenBank|CP006942.1|959858..1026317_Mannheimia_sp._USDA-ARS-USMARC-1261__complete_genome	97.015	67	1	1	2144383	2144449	23444	23379	5.91e-20	111
accn|CP029206	ICEberg|1734|ICEMh3|GenBank|CP006942.1|959858..1026317_Mannheimia_sp._USDA-ARS-USMARC-1261__complete_genome	95.082	61	1	2	1926927	1926986	23438	23379	5.95e-15	95.3
accn|CP029206	ICEberg|349|ICEHpa8f|GenBank|AM884335|1..52725_Haemophilus_influenzae_parA_gene_for_chromosome_partitioning_protein__strain_8f	95.455	66	3	0	718325	718390	1	66	2.75e-18	106
accn|CP029206	ICEberg|348|ICEHin299|GenBank|AM884334|1..53902_Haemophilus_influenzae_parA_gene_for_chromosome_partitioning_protein__strain_299	95.455	66	3	0	718325	718390	1	66	2.75e-18	106
accn|CP029206	ICEberg|346|ICEHinB|GenBank|FQ312006|87548..143543_Haemophilus_influenzae_10810_genome	95.455	66	3	0	718325	718390	1	66	2.75e-18	106
accn|CP029206	ICEberg|2005|Tn6685|GenBank|MN106410.1|1..52414_Haemophilus_influenzae_strain_E_transposon_Tn6685__complete_sequence	95.455	66	3	0	718325	718390	1	66	2.75e-18	106
accn|CP029206	ICEberg|1592|ICEAeq1|GenBank|LR134310.1|200137..254057_Actinobacillus_equuli_strain_NCTC8529_genome_assembly__chromosome__1	100.000	56	0	0	2068693	2068748	44662	44607	9.89e-18	104
accn|CP029206	ICEberg|1685|ICEEC8|GenBank|LOGV01000031.1|282800..364210_Escherichia_coli_strain_STEC_2174_STEC2174_contig_26__whole_genome_shotgun_sequence	96.078	51	2	0	445507	445557	51	1	1.29e-11	84.2
