accn|JAPQFI010000004	ICEberg|1736|ICEMha2|GenBank|NC_020833.2|1557279..1616347_Mannheimia_haemolytica_USDA-ARS-USMARC-183__complete_sequence	97.468	79	1	1	1	78	9295	9217	8.57e-30	134
accn|JAPQFI010000001	VFG042962(gb|WP_005615186)_(APL_RS04590)_GspE_PulE_family_protein_[Type_IV_pili_(VF1198)_-_Adherence_(VFC0001)]_[Actinobacillus_pleuropneumoniae_serovar_5b_str._L20]	99.785	1395	3	0	978180	979574	1395	1	0.0	2560
accn|JAPQFI010000001	VFG042961(gb|WP_011848486)_(APL_RS04585)_type_II_secretion_system_F_family_protein_[Type_IV_pili_(VF1198)_-_Adherence_(VFC0001)]_[Actinobacillus_pleuropneumoniae_serovar_5b_str._L20]	99.501	1203	6	0	976994	978196	1203	1	0.0	2189
accn|JAPQFI010000001	ICEberg|961|ICEApl2|GenBank|MF187965|1..92660_Actinobacillus_pleuropneumoniae_strain_MIDG3553_YhaH_(yhaH)_gene__complete_cds__ICEApl2_mobile_element__complete_sequence__and_PrfC_(prfC)_gene__complete_cds	99.720	714	2	0	6733	7446	714	1	0.0	1308
accn|JAPQFI010000001	VFG042960(gb|WP_009874617)_(APL_RS04580)_prepilin_peptidase_[Type_IV_pili_(VF1198)_-_Adherence_(VFC0001)]_[Actinobacillus_pleuropneumoniae_serovar_5b_str._L20]	99.531	639	3	0	976329	976967	639	1	0.0	1164
accn|JAPQFI010000001	VFG042963(gb|WP_009874618)_(APL_RS04595)_prepilin-type_N-terminal_cleavage_methylation_domain-containing_protein_[Type_IV_pili_(VF1198)_-_Adherence_(VFC0001)]_[Actinobacillus_pleuropneumoniae_serovar_5b_str._L20]	98.658	447	4	2	979593	980038	446	1	0.0	791
accn|JAPQFI010000001	ICEberg|1702|ICEHin8|GenBank|LS483392.1|192252..244996_Haemophilus_influenzae_strain_NCTC11931_genome_assembly__chromosome__1	96.269	134	2	1	1915091	1915224	131	1	1.21e-51	217
accn|JAPQFI010000001	ICEberg|1702|ICEHin8|GenBank|LS483392.1|192252..244996_Haemophilus_influenzae_strain_NCTC11931_genome_assembly__chromosome__1	98.701	77	1	0	308768	308844	77	1	9.70e-28	137
accn|JAPQFI010000001	ICEberg|1702|ICEHin8|GenBank|LS483392.1|192252..244996_Haemophilus_influenzae_strain_NCTC11931_genome_assembly__chromosome__1	98.701	77	1	0	308591	308667	77	1	9.70e-28	137
accn|JAPQFI010000001	ICEberg|1702|ICEHin8|GenBank|LS483392.1|192252..244996_Haemophilus_influenzae_strain_NCTC11931_genome_assembly__chromosome__1	98.611	72	1	0	1926648	1926719	72	1	5.84e-25	128
accn|JAPQFI010000001	ICEberg|1702|ICEHin8|GenBank|LS483392.1|192252..244996_Haemophilus_influenzae_strain_NCTC11931_genome_assembly__chromosome__1	95.000	80	3	1	1915149	1915228	52745	52667	7.55e-24	124
accn|JAPQFI010000001	ICEberg|1702|ICEHin8|GenBank|LS483392.1|192252..244996_Haemophilus_influenzae_strain_NCTC11931_genome_assembly__chromosome__1	96.053	76	3	0	308769	308844	52745	52670	7.55e-24	124
accn|JAPQFI010000001	ICEberg|1702|ICEHin8|GenBank|LS483392.1|192252..244996_Haemophilus_influenzae_strain_NCTC11931_genome_assembly__chromosome__1	96.053	76	3	0	308592	308667	52745	52670	7.55e-24	124
accn|JAPQFI010000001	ICEberg|1702|ICEHin8|GenBank|LS483392.1|192252..244996_Haemophilus_influenzae_strain_NCTC11931_genome_assembly__chromosome__1	100.000	46	0	0	1926502	1926547	52745	52700	3.56e-12	86.1
accn|JAPQFI010000001	ICEberg|1597|ICEApa1|GenBank|CP050316.1|2129122..2199489_Avibacterium_paragallinarum_strain_ESV-135_chromosome__complete_genome	96.124	129	4	1	1915096	1915224	128	1	2.03e-49	209
accn|JAPQFI010000001	ICEberg|1597|ICEApa1|GenBank|CP050316.1|2129122..2199489_Avibacterium_paragallinarum_strain_ESV-135_chromosome__complete_genome	96.053	76	3	0	308769	308844	76	1	7.55e-24	124
accn|JAPQFI010000001	ICEberg|1597|ICEApa1|GenBank|CP050316.1|2129122..2199489_Avibacterium_paragallinarum_strain_ESV-135_chromosome__complete_genome	96.053	76	3	0	308592	308667	76	1	7.55e-24	124
accn|JAPQFI010000001	ICEberg|1597|ICEApa1|GenBank|CP050316.1|2129122..2199489_Avibacterium_paragallinarum_strain_ESV-135_chromosome__complete_genome	96.053	76	3	0	1915149	1915224	70368	70293	7.55e-24	124
accn|JAPQFI010000001	ICEberg|1597|ICEApa1|GenBank|CP050316.1|2129122..2199489_Avibacterium_paragallinarum_strain_ESV-135_chromosome__complete_genome	96.053	76	3	0	308769	308844	70368	70293	7.55e-24	124
accn|JAPQFI010000001	ICEberg|1597|ICEApa1|GenBank|CP050316.1|2129122..2199489_Avibacterium_paragallinarum_strain_ESV-135_chromosome__complete_genome	96.053	76	3	0	308592	308667	70368	70293	7.55e-24	124
accn|JAPQFI010000001	ICEberg|1597|ICEApa1|GenBank|CP050316.1|2129122..2199489_Avibacterium_paragallinarum_strain_ESV-135_chromosome__complete_genome	95.833	72	3	0	1926648	1926719	72	1	1.26e-21	117
accn|JAPQFI010000001	ICEberg|1597|ICEApa1|GenBank|CP050316.1|2129122..2199489_Avibacterium_paragallinarum_strain_ESV-135_chromosome__complete_genome	95.833	72	3	0	1926648	1926719	70364	70293	1.26e-21	117
accn|JAPQFI010000001	ICEberg|1597|ICEApa1|GenBank|CP050316.1|2129122..2199489_Avibacterium_paragallinarum_strain_ESV-135_chromosome__complete_genome	100.000	46	0	0	1926502	1926547	70368	70323	3.56e-12	86.1
accn|JAPQFI010000001	ICEberg|1700|ICEHdu1|GenBank|NC_002940.2|718953..768668_[Haemophilus]_ducreyi_35000HP__complete_sequence	98.876	89	1	0	1482737	1482825	49628	49716	2.07e-34	159
accn|JAPQFI010000001	ICEberg|1700|ICEHdu1|GenBank|NC_002940.2|718953..768668_[Haemophilus]_ducreyi_35000HP__complete_sequence	100.000	76	0	0	843666	843741	1	76	7.50e-29	141
accn|JAPQFI010000001	ICEberg|1700|ICEHdu1|GenBank|NC_002940.2|718953..768668_[Haemophilus]_ducreyi_35000HP__complete_sequence	100.000	76	0	0	1482837	1482912	1	76	7.50e-29	141
accn|JAPQFI010000001	ICEberg|1700|ICEHdu1|GenBank|NC_002940.2|718953..768668_[Haemophilus]_ducreyi_35000HP__complete_sequence	100.000	76	0	0	1992987	1993062	49501	49576	7.50e-29	141
accn|JAPQFI010000001	ICEberg|1736|ICEMha2|GenBank|NC_020833.2|1557279..1616347_Mannheimia_haemolytica_USDA-ARS-USMARC-183__complete_sequence	95.556	90	3	1	894773	894861	9206	9295	2.08e-29	143
accn|JAPQFI010000001	ICEberg|1736|ICEMha2|GenBank|NC_020833.2|1557279..1616347_Mannheimia_haemolytica_USDA-ARS-USMARC-183__complete_sequence	97.619	84	1	1	1931645	1931727	9212	9295	2.08e-29	143
accn|JAPQFI010000001	ICEberg|1736|ICEMha2|GenBank|NC_020833.2|1557279..1616347_Mannheimia_haemolytica_USDA-ARS-USMARC-183__complete_sequence	96.386	83	2	1	1920211	1920292	9295	9213	3.49e-27	135
accn|JAPQFI010000001	ICEberg|1701|ICEHdu2|GenBank|CP015434.1|162562..211583_[Haemophilus]_ducreyi_strain_GHA9__complete_genome	100.000	76	0	0	1992987	1993062	77	2	7.50e-29	141
accn|JAPQFI010000001	ICEberg|1701|ICEHdu2|GenBank|CP015434.1|162562..211583_[Haemophilus]_ducreyi_strain_GHA9__complete_genome	100.000	76	0	0	1482837	1482912	49022	48947	7.50e-29	141
accn|JAPQFI010000001	ICEberg|1701|ICEHdu2|GenBank|CP015434.1|162562..211583_[Haemophilus]_ducreyi_strain_GHA9__complete_genome	100.000	76	0	0	843666	843741	49022	48947	7.50e-29	141
accn|JAPQFI010000001	ICEberg|1586|ICEAac3|GenBank|CP043003.1|2132073..2197982_Aggregatibacter_actinomycetemcomitans_strain_HK_907_chromosome__complete_genome	100.000	76	0	0	843666	843741	76	1	7.50e-29	141
accn|JAPQFI010000001	ICEberg|1586|ICEAac3|GenBank|CP043003.1|2132073..2197982_Aggregatibacter_actinomycetemcomitans_strain_HK_907_chromosome__complete_genome	100.000	76	0	0	1992987	1993062	292	217	7.50e-29	141
accn|JAPQFI010000001	ICEberg|1586|ICEAac3|GenBank|CP043003.1|2132073..2197982_Aggregatibacter_actinomycetemcomitans_strain_HK_907_chromosome__complete_genome	98.684	76	1	0	1482617	1482692	76	1	3.49e-27	135
accn|JAPQFI010000001	ICEberg|1586|ICEAac3|GenBank|CP043003.1|2132073..2197982_Aggregatibacter_actinomycetemcomitans_strain_HK_907_chromosome__complete_genome	100.000	62	0	0	1992987	1993048	64407	64346	4.55e-21	115
accn|JAPQFI010000001	ICEberg|1586|ICEAac3|GenBank|CP043003.1|2132073..2197982_Aggregatibacter_actinomycetemcomitans_strain_HK_907_chromosome__complete_genome	98.438	64	1	0	1482737	1482800	64308	64245	1.63e-20	113
accn|JAPQFI010000001	ICEberg|1584|ICEAac1|GenBank|CP012959.1|2164508..2181462_Aggregatibacter_actinomycetemcomitans_strain_624__complete_genome	100.000	76	0	0	843666	843741	16880	16955	7.50e-29	141
accn|JAPQFI010000001	ICEberg|1584|ICEAac1|GenBank|CP012959.1|2164508..2181462_Aggregatibacter_actinomycetemcomitans_strain_624__complete_genome	98.684	76	1	0	1482617	1482692	16880	16955	3.49e-27	135
accn|JAPQFI010000001	ICEberg|2010|Tn6783_201330|GenBank|CP054623.1|2596147..2668162_Pseudomonas_aeruginosa_strain_DL201330_chromosome__complete_genome	98.701	77	1	0	1482837	1482913	66974	66898	9.70e-28	137
accn|JAPQFI010000001	ICEberg|2010|Tn6783_201330|GenBank|CP054623.1|2596147..2668162_Pseudomonas_aeruginosa_strain_DL201330_chromosome__complete_genome	98.684	76	1	0	843666	843741	66974	66899	3.49e-27	135
accn|JAPQFI010000001	ICEberg|2010|Tn6783_201330|GenBank|CP054623.1|2596147..2668162_Pseudomonas_aeruginosa_strain_DL201330_chromosome__complete_genome	97.436	78	2	0	1482617	1482694	66974	66897	1.25e-26	134
accn|JAPQFI010000001	ICEberg|1581|ICE6660|GenBank|MK497171.1|1..112205_Pseudomonas_aeruginosa_sequence	95.294	85	4	0	1482828	1482912	112121	112205	3.49e-27	135
accn|JAPQFI010000001	ICEberg|1581|ICE6660|GenBank|MK497171.1|1..112205_Pseudomonas_aeruginosa_sequence	98.684	76	1	0	843666	843741	112130	112205	3.49e-27	135
accn|JAPQFI010000001	ICEberg|1581|ICE6660|GenBank|MK497171.1|1..112205_Pseudomonas_aeruginosa_sequence	97.368	76	2	0	1482617	1482692	112130	112205	1.62e-25	130
accn|JAPQFI010000001	ICEberg|1807|ICEPmu4|GenBank|CP038875.1|2009809..2087766_Pasteurella_multocida_strain_FCf83_chromosome__complete_genome	96.053	76	3	0	308592	308667	1	76	7.55e-24	124
accn|JAPQFI010000001	ICEberg|1807|ICEPmu4|GenBank|CP038875.1|2009809..2087766_Pasteurella_multocida_strain_FCf83_chromosome__complete_genome	96.053	76	3	0	308769	308844	1	76	7.55e-24	124
accn|JAPQFI010000001	ICEberg|1807|ICEPmu4|GenBank|CP038875.1|2009809..2087766_Pasteurella_multocida_strain_FCf83_chromosome__complete_genome	96.053	76	3	0	1915149	1915224	1	76	7.55e-24	124
accn|JAPQFI010000001	ICEberg|1807|ICEPmu4|GenBank|CP038875.1|2009809..2087766_Pasteurella_multocida_strain_FCf83_chromosome__complete_genome	95.833	72	3	0	1926648	1926719	5	76	1.26e-21	117
accn|JAPQFI010000001	ICEberg|1807|ICEPmu4|GenBank|CP038875.1|2009809..2087766_Pasteurella_multocida_strain_FCf83_chromosome__complete_genome	100.000	46	0	0	1926502	1926547	1	46	3.56e-12	86.1
accn|JAPQFI010000001	ICEberg|1804|ICEPmu3|GenBank|CP038873.1|1026914..1096464_Pasteurella_multocida_strain_FCf45_chromosome__complete_genome	96.053	76	3	0	1915149	1915224	69551	69476	7.55e-24	124
accn|JAPQFI010000001	ICEberg|1804|ICEPmu3|GenBank|CP038873.1|1026914..1096464_Pasteurella_multocida_strain_FCf45_chromosome__complete_genome	96.053	76	3	0	308769	308844	69551	69476	7.55e-24	124
accn|JAPQFI010000001	ICEberg|1804|ICEPmu3|GenBank|CP038873.1|1026914..1096464_Pasteurella_multocida_strain_FCf45_chromosome__complete_genome	96.053	76	3	0	308592	308667	69551	69476	7.55e-24	124
accn|JAPQFI010000001	ICEberg|1804|ICEPmu3|GenBank|CP038873.1|1026914..1096464_Pasteurella_multocida_strain_FCf45_chromosome__complete_genome	95.833	72	3	0	1926648	1926719	69547	69476	1.26e-21	117
accn|JAPQFI010000001	ICEberg|1804|ICEPmu3|GenBank|CP038873.1|1026914..1096464_Pasteurella_multocida_strain_FCf45_chromosome__complete_genome	100.000	46	0	0	1926502	1926547	69551	69506	3.56e-12	86.1
accn|JAPQFI010000001	ICEberg|1718|ICEHso3|GenBank|NC_008309.1|1952153..2005728_Histophilus_somni_129PT__complete_sequence	96.053	76	3	0	308592	308667	99	174	7.55e-24	124
accn|JAPQFI010000001	ICEberg|1718|ICEHso3|GenBank|NC_008309.1|1952153..2005728_Histophilus_somni_129PT__complete_sequence	96.053	76	3	0	308769	308844	99	174	7.55e-24	124
accn|JAPQFI010000001	ICEberg|960|ICEApl1|GenBank|KU551309|27..56176_Actinobacillus_pleuropneumoniae_strain_MIDG2427_tRNA-Leu_gene__integrative_conjugative_element_ICEApl1_mobile_element__and_tRNA-Gly_gene__complete_sequence	98.485	66	1	0	1482738	1482803	56150	56085	1.26e-21	117
accn|JAPQFI010000001	ICEberg|960|ICEApl1|GenBank|KU551309|27..56176_Actinobacillus_pleuropneumoniae_strain_MIDG2427_tRNA-Leu_gene__integrative_conjugative_element_ICEApl1_mobile_element__and_tRNA-Gly_gene__complete_sequence	97.015	67	2	0	1482738	1482804	67	1	1.63e-20	113
accn|JAPQFI010000001	ICEberg|60|ICEHin1056|GenBank|AJ627386|1..59393_Haemophilus_influenzae_plasmid_ICEhin1056	95.455	66	3	0	1482738	1482803	66	1	2.74e-18	106
accn|JAPQFI010000001	ICEberg|350|ICEHpaT3T1|GenBank|FQ312002|1153089..1213144_Haemophilus_parainfluenzae_T3T1_genome	96.825	63	2	0	1482738	1482800	59991	60053	2.74e-18	106
accn|JAPQFI010000001	ICEberg|349|ICEHpa8f|GenBank|AM884335|1..52725_Haemophilus_influenzae_parA_gene_for_chromosome_partitioning_protein__strain_8f	95.455	66	3	0	1482738	1482803	66	1	2.74e-18	106
accn|JAPQFI010000001	ICEberg|348|ICEHin299|GenBank|AM884334|1..53902_Haemophilus_influenzae_parA_gene_for_chromosome_partitioning_protein__strain_299	95.455	66	3	0	1482738	1482803	66	1	2.74e-18	106
accn|JAPQFI010000001	ICEberg|346|ICEHinB|GenBank|FQ312006|87548..143543_Haemophilus_influenzae_10810_genome	95.455	66	3	0	1482738	1482803	66	1	2.74e-18	106
accn|JAPQFI010000001	ICEberg|2046|Tn7100|GenBank|OW736085.1|1..73601_Haemophilus_influenzae_strain_Hi-228_transposon_7100__complete_sequence	95.455	66	3	0	1482738	1482803	66	1	2.74e-18	106
accn|JAPQFI010000001	ICEberg|2007|Tn6687|GenBank|MN106412.1|1..68777_Haemophilus_influenzae_strain_0_transposon_Tn6687__complete_sequence	95.455	66	3	0	1482738	1482803	66	1	2.74e-18	106
accn|JAPQFI010000001	ICEberg|2006|Tn6686|GenBank|MN106411.1|1..64737_Haemophilus_influenzae_strain_G_transposon_Tn6686__complete_sequence	95.455	66	3	0	1482738	1482803	66	1	2.74e-18	106
accn|JAPQFI010000001	ICEberg|2005|Tn6685|GenBank|MN106410.1|1..52414_Haemophilus_influenzae_strain_E_transposon_Tn6685__complete_sequence	95.455	66	3	0	1482738	1482803	66	1	2.74e-18	106
accn|JAPQFI010000001	ICEberg|1592|ICEAeq1|GenBank|LR134310.1|200137..254057_Actinobacillus_equuli_strain_NCTC8529_genome_assembly__chromosome__1	96.491	57	0	2	904570	904625	44607	44662	2.13e-14	93.5
accn|JAPQFI010000001	ICEberg|1592|ICEAeq1|GenBank|LR134310.1|200137..254057_Actinobacillus_equuli_strain_NCTC8529_genome_assembly__chromosome__1	95.349	43	2	0	2000800	2000842	44792	44750	3.59e-07	69.4
accn|JAPQFI010000001	ICEberg|1685|ICEEC8|GenBank|LOGV01000031.1|282800..364210_Escherichia_coli_strain_STEC_2174_STEC2174_contig_26__whole_genome_shotgun_sequence	96.154	52	2	0	1915382	1915433	1	52	3.56e-12	86.1
accn|JAPQFI010000001	ICEberg|1685|ICEEC8|GenBank|LOGV01000031.1|282800..364210_Escherichia_coli_strain_STEC_2174_STEC2174_contig_26__whole_genome_shotgun_sequence	96.078	51	2	0	1915093	1915143	1	51	1.28e-11	84.2
