accn|CP051641	ICEberg|1807|ICEPmu4|GenBank|CP038875.1|2009809..2087766_Pasteurella_multocida_strain_FCf83_chromosome__complete_genome	98.895	724	6	2	2331563	2332286	46549	47270	0.0	1291
accn|CP051641	ICEberg|1807|ICEPmu4|GenBank|CP038875.1|2009809..2087766_Pasteurella_multocida_strain_FCf83_chromosome__complete_genome	99.022	716	3	2	2118199	2118911	47272	46558	0.0	1280
accn|CP051641	ICEberg|1807|ICEPmu4|GenBank|CP038875.1|2009809..2087766_Pasteurella_multocida_strain_FCf83_chromosome__complete_genome	99.014	710	7	0	302920	303629	46558	47267	0.0	1273
accn|CP051641	ICEberg|1807|ICEPmu4|GenBank|CP038875.1|2009809..2087766_Pasteurella_multocida_strain_FCf83_chromosome__complete_genome	98.739	714	9	0	577017	577730	46555	47268	0.0	1269
accn|CP051641	ICEberg|1807|ICEPmu4|GenBank|CP038875.1|2009809..2087766_Pasteurella_multocida_strain_FCf83_chromosome__complete_genome	96.875	128	4	0	1978874	1979001	77831	77958	4.68e-51	215
accn|CP051641	ICEberg|1807|ICEPmu4|GenBank|CP038875.1|2009809..2087766_Pasteurella_multocida_strain_FCf83_chromosome__complete_genome	98.765	81	1	0	1978926	1979006	1	81	6.22e-30	145
accn|CP051641	ICEberg|1807|ICEPmu4|GenBank|CP038875.1|2009809..2087766_Pasteurella_multocida_strain_FCf83_chromosome__complete_genome	100.000	78	0	0	730082	730159	77881	77958	6.22e-30	145
accn|CP051641	ICEberg|1807|ICEPmu4|GenBank|CP038875.1|2009809..2087766_Pasteurella_multocida_strain_FCf83_chromosome__complete_genome	96.296	81	3	0	730084	730164	1	81	1.35e-26	134
accn|CP051641	ICEberg|1597|ICEApa1|GenBank|CP050316.1|2129122..2199489_Avibacterium_paragallinarum_strain_ESV-135_chromosome__complete_genome	100.000	128	0	0	1978874	1979001	128	1	9.98e-58	237
accn|CP051641	ICEberg|1597|ICEApa1|GenBank|CP050316.1|2129122..2199489_Avibacterium_paragallinarum_strain_ESV-135_chromosome__complete_genome	98.765	81	1	0	1978926	1979006	70368	70288	6.22e-30	145
accn|CP051641	ICEberg|1597|ICEApa1|GenBank|CP050316.1|2129122..2199489_Avibacterium_paragallinarum_strain_ESV-135_chromosome__complete_genome	96.296	81	3	0	730084	730164	70368	70288	1.35e-26	134
accn|CP051641	ICEberg|1597|ICEApa1|GenBank|CP050316.1|2129122..2199489_Avibacterium_paragallinarum_strain_ESV-135_chromosome__complete_genome	97.368	76	2	0	730084	730159	76	1	1.74e-25	130
accn|CP051641	ICEberg|1584|ICEAac1|GenBank|CP012959.1|2164508..2181462_Aggregatibacter_actinomycetemcomitans_strain_624__complete_genome	96.491	114	2	1	904964	905077	16844	16955	1.02e-42	187
accn|CP051641	ICEberg|1584|ICEAac1|GenBank|CP012959.1|2164508..2181462_Aggregatibacter_actinomycetemcomitans_strain_624__complete_genome	100.000	77	0	0	624347	624423	16955	16879	2.24e-29	143
accn|CP051641	ICEberg|1584|ICEAac1|GenBank|CP012959.1|2164508..2181462_Aggregatibacter_actinomycetemcomitans_strain_624__complete_genome	100.000	77	0	0	252624	252700	16955	16879	2.24e-29	143
accn|CP051641	ICEberg|1584|ICEAac1|GenBank|CP012959.1|2164508..2181462_Aggregatibacter_actinomycetemcomitans_strain_624__complete_genome	96.104	77	3	0	624438	624514	16955	16879	2.25e-24	126
accn|CP051641	ICEberg|2010|Tn6783_201330|GenBank|CP054623.1|2596147..2668162_Pseudomonas_aeruginosa_strain_DL201330_chromosome__complete_genome	98.795	83	1	0	624345	624427	66897	66979	4.81e-31	148
accn|CP051641	ICEberg|2010|Tn6783_201330|GenBank|CP054623.1|2596147..2668162_Pseudomonas_aeruginosa_strain_DL201330_chromosome__complete_genome	98.701	77	1	0	905002	905078	66974	66898	1.04e-27	137
accn|CP051641	ICEberg|2010|Tn6783_201330|GenBank|CP054623.1|2596147..2668162_Pseudomonas_aeruginosa_strain_DL201330_chromosome__complete_genome	98.701	77	1	0	252624	252700	66899	66975	1.04e-27	137
accn|CP051641	ICEberg|1702|ICEHin8|GenBank|LS483392.1|192252..244996_Haemophilus_influenzae_strain_NCTC11931_genome_assembly__chromosome__1	98.795	83	0	1	1978926	1979008	52745	52664	1.73e-30	147
accn|CP051641	ICEberg|1702|ICEHin8|GenBank|LS483392.1|192252..244996_Haemophilus_influenzae_strain_NCTC11931_genome_assembly__chromosome__1	96.296	81	3	0	730084	730164	52745	52665	1.35e-26	134
accn|CP051641	ICEberg|1804|ICEPmu3|GenBank|CP038873.1|1026914..1096464_Pasteurella_multocida_strain_FCf45_chromosome__complete_genome	98.765	81	1	0	1978926	1979006	69551	69471	6.22e-30	145
accn|CP051641	ICEberg|1804|ICEPmu3|GenBank|CP038873.1|1026914..1096464_Pasteurella_multocida_strain_FCf45_chromosome__complete_genome	96.296	81	3	0	730084	730164	69551	69471	1.35e-26	134
accn|CP051641	ICEberg|1701|ICEHdu2|GenBank|CP015434.1|162562..211583_[Haemophilus]_ducreyi_strain_GHA9__complete_genome	100.000	78	0	0	1836426	1836503	2	79	6.22e-30	145
accn|CP051641	ICEberg|1701|ICEHdu2|GenBank|CP015434.1|162562..211583_[Haemophilus]_ducreyi_strain_GHA9__complete_genome	98.765	81	1	0	624342	624422	48942	49022	6.22e-30	145
accn|CP051641	ICEberg|1701|ICEHdu2|GenBank|CP015434.1|162562..211583_[Haemophilus]_ducreyi_strain_GHA9__complete_genome	100.000	76	0	0	252624	252699	48947	49022	8.05e-29	141
accn|CP051641	ICEberg|1701|ICEHdu2|GenBank|CP015434.1|162562..211583_[Haemophilus]_ducreyi_strain_GHA9__complete_genome	100.000	76	0	0	905002	905077	49022	48947	8.05e-29	141
accn|CP051641	ICEberg|1701|ICEHdu2|GenBank|CP015434.1|162562..211583_[Haemophilus]_ducreyi_strain_GHA9__complete_genome	96.053	76	3	0	624438	624513	48947	49022	8.11e-24	124
accn|CP051641	ICEberg|1700|ICEHdu1|GenBank|NC_002940.2|718953..768668_[Haemophilus]_ducreyi_35000HP__complete_sequence	98.765	81	1	0	624342	624422	81	1	6.22e-30	145
accn|CP051641	ICEberg|1700|ICEHdu1|GenBank|NC_002940.2|718953..768668_[Haemophilus]_ducreyi_35000HP__complete_sequence	100.000	78	0	0	1836426	1836503	49576	49499	6.22e-30	145
accn|CP051641	ICEberg|1700|ICEHdu1|GenBank|NC_002940.2|718953..768668_[Haemophilus]_ducreyi_35000HP__complete_sequence	100.000	76	0	0	905002	905077	1	76	8.05e-29	141
accn|CP051641	ICEberg|1700|ICEHdu1|GenBank|NC_002940.2|718953..768668_[Haemophilus]_ducreyi_35000HP__complete_sequence	100.000	76	0	0	252624	252699	76	1	8.05e-29	141
accn|CP051641	ICEberg|1700|ICEHdu1|GenBank|NC_002940.2|718953..768668_[Haemophilus]_ducreyi_35000HP__complete_sequence	96.053	76	3	0	624438	624513	76	1	8.11e-24	124
accn|CP051641	ICEberg|1586|ICEAac3|GenBank|CP043003.1|2132073..2197982_Aggregatibacter_actinomycetemcomitans_strain_HK_907_chromosome__complete_genome	100.000	77	0	0	252624	252700	1	77	2.24e-29	143
accn|CP051641	ICEberg|1586|ICEAac3|GenBank|CP043003.1|2132073..2197982_Aggregatibacter_actinomycetemcomitans_strain_HK_907_chromosome__complete_genome	100.000	77	0	0	624347	624423	1	77	2.24e-29	143
accn|CP051641	ICEberg|1586|ICEAac3|GenBank|CP043003.1|2132073..2197982_Aggregatibacter_actinomycetemcomitans_strain_HK_907_chromosome__complete_genome	100.000	77	0	0	1836426	1836502	217	293	2.24e-29	143
accn|CP051641	ICEberg|1586|ICEAac3|GenBank|CP043003.1|2132073..2197982_Aggregatibacter_actinomycetemcomitans_strain_HK_907_chromosome__complete_genome	96.104	77	3	0	624438	624514	1	77	2.25e-24	126
accn|CP051641	ICEberg|1586|ICEAac3|GenBank|CP043003.1|2132073..2197982_Aggregatibacter_actinomycetemcomitans_strain_HK_907_chromosome__complete_genome	100.000	64	0	0	1836440	1836503	64346	64409	3.77e-22	119
accn|CP051641	ICEberg|1718|ICEHso3|GenBank|NC_008309.1|1952153..2005728_Histophilus_somni_129PT__complete_sequence	95.455	88	3	1	730078	730164	92	179	2.89e-28	139
accn|CP051641	ICEberg|1581|ICE6660|GenBank|MK497171.1|1..112205_Pseudomonas_aeruginosa_sequence	97.531	81	2	0	252624	252704	112205	112125	2.89e-28	139
accn|CP051641	ICEberg|1581|ICE6660|GenBank|MK497171.1|1..112205_Pseudomonas_aeruginosa_sequence	98.701	77	1	0	624347	624423	112205	112129	1.04e-27	137
accn|CP051641	ICEberg|1581|ICE6660|GenBank|MK497171.1|1..112205_Pseudomonas_aeruginosa_sequence	98.684	76	1	0	905002	905077	112130	112205	3.74e-27	135
accn|CP051641	ICEberg|987|ICEMh1|GenBank|CP005383|2128248..2190602_Mannheimia_haemolytica_M42548__complete_genome	95.522	67	2	1	1888495	1888561	49030	48965	2.94e-18	106
accn|CP051641	ICEberg|987|ICEMh1|GenBank|CP005383|2128248..2190602_Mannheimia_haemolytica_M42548__complete_genome	95.522	67	2	1	1856105	1856171	48965	49030	2.94e-18	106
accn|CP051641	ICEberg|441|ICEHso2336-1|GenBank|CP000947|1927921..1994529_Haemophilus_somnus_2336__complete_genome	95.522	67	2	1	1888495	1888561	43168	43103	2.94e-18	106
accn|CP051641	ICEberg|441|ICEHso2336-1|GenBank|CP000947|1927921..1994529_Haemophilus_somnus_2336__complete_genome	95.522	67	2	1	1856105	1856171	43103	43168	2.94e-18	106
accn|CP051641	ICEberg|440|ICEPmu1|GenBank|CP003022|273284..355497_Pasteurella_multocida_36950__complete_genome	95.522	67	2	1	1888495	1888561	61114	61049	2.94e-18	106
accn|CP051641	ICEberg|440|ICEPmu1|GenBank|CP003022|273284..355497_Pasteurella_multocida_36950__complete_genome	95.522	67	2	1	1856105	1856171	61049	61114	2.94e-18	106
accn|CP051641	ICEberg|1734|ICEMh3|GenBank|CP006942.1|959858..1026317_Mannheimia_sp._USDA-ARS-USMARC-1261__complete_genome	95.522	67	2	1	1856105	1856171	23444	23379	2.94e-18	106
accn|CP051641	ICEberg|1734|ICEMh3|GenBank|CP006942.1|959858..1026317_Mannheimia_sp._USDA-ARS-USMARC-1261__complete_genome	95.522	67	2	1	1888495	1888561	23379	23444	2.94e-18	106
accn|CP051641	ICEberg|1719|ICEHso4|GenBank|CP018803.1|686759..761246_Histophilus_somni_strain_USDA-ARS-USMARC-63255_chromosome__complete_genome	95.522	67	2	1	1856105	1856171	13391	13326	2.94e-18	106
accn|CP051641	ICEberg|1719|ICEHso4|GenBank|CP018803.1|686759..761246_Histophilus_somni_strain_USDA-ARS-USMARC-63255_chromosome__complete_genome	95.522	67	2	1	1888495	1888561	13326	13391	2.94e-18	106
accn|CP051641	ICEberg|1719|ICEHso4|GenBank|CP018803.1|686759..761246_Histophilus_somni_strain_USDA-ARS-USMARC-63255_chromosome__complete_genome	98.276	58	0	1	500199	500256	72972	72916	1.37e-16	100
accn|CP051641	ICEberg|1717|ICEHs1|GenBank|MF136609.1|1..64932_Histophilus_somni_strain_AVI_1_integrative_conjugative_element_ICEHs1__complete_sequence	95.522	67	2	1	1888495	1888561	43180	43115	2.94e-18	106
accn|CP051641	ICEberg|1717|ICEHs1|GenBank|MF136609.1|1..64932_Histophilus_somni_strain_AVI_1_integrative_conjugative_element_ICEHs1__complete_sequence	95.522	67	2	1	1856105	1856171	43115	43180	2.94e-18	106
accn|CP051641	ICEberg|1716|ICEHs02|GenBank|CP042993.1|687500..760418_Histophilus_somni_strain_UOC-KLM-ATR-014_chromosome__complete_genome	95.522	67	2	1	1856105	1856171	13343	13278	2.94e-18	106
accn|CP051641	ICEberg|1716|ICEHs02|GenBank|CP042993.1|687500..760418_Histophilus_somni_strain_UOC-KLM-ATR-014_chromosome__complete_genome	95.522	67	2	1	1888495	1888561	13278	13343	2.94e-18	106
accn|CP051641	ICEberg|1716|ICEHs02|GenBank|CP042993.1|687500..760418_Histophilus_somni_strain_UOC-KLM-ATR-014_chromosome__complete_genome	100.000	52	0	0	500205	500256	72919	72868	1.77e-15	97.1
accn|CP051641	ICEberg|1603|ICEAsu1|GenBank|CP009159.1|982132..1037894_Actinobacillus_suis_ATCC_33415__complete_genome	95.522	67	2	1	1856105	1856171	16393	16328	2.94e-18	106
accn|CP051641	ICEberg|1603|ICEAsu1|GenBank|CP009159.1|982132..1037894_Actinobacillus_suis_ATCC_33415__complete_genome	95.522	67	2	1	1888495	1888561	16328	16393	2.94e-18	106
accn|CP051641	ICEberg|1697|ICEGpa2|GenBank|CP049090.1|1351751..1421790_Glaesserella_parasuis_strain_aHPS7_chromosome__complete_genome	96.774	62	1	1	500199	500260	1477	1537	3.80e-17	102
accn|CP051641	ICEberg|1713|ICEHpa1|GenBank|CP054198.1|1511383..1580304_Glaesserella_parasuis_strain_YHP170504_chromosome__complete_genome	95.082	61	1	2	500200	500260	1	59	6.36e-15	95.3
accn|CP051641	ICEberg|1736|ICEMha2|GenBank|NC_020833.2|1557279..1616347_Mannheimia_haemolytica_USDA-ARS-USMARC-183__complete_sequence	95.000	60	2	1	500197	500256	3825	3883	2.29e-14	93.5
accn|CP051641	ICEberg|1685|ICEEC8|GenBank|LOGV01000031.1|282800..364210_Escherichia_coli_strain_STEC_2174_STEC2174_contig_26__whole_genome_shotgun_sequence	96.078	51	2	0	1978871	1978921	1	51	1.38e-11	84.2
accn|CP051641	ICEberg|1601|ICEApol3|GenBank|CP030840.1|5037772..5086665_Acidisarcina_polymorpha_strain_SBC82_chromosome__complete_genome	95.833	48	2	0	1262351	1262398	40491	40444	6.40e-10	78.7
accn|CP051641	ICEberg|1600|ICEApol2|GenBank|CP030840.1|4848388..4904726_Acidisarcina_polymorpha_strain_SBC82_chromosome__complete_genome	95.745	47	2	0	1262351	1262397	54793	54747	2.30e-09	76.8
accn|CP051641	ICEberg|163|SLP1|GenBank|NC_003888|5038594..5055797_Streptomyces_coelicolor_A3(2)_chromosome__complete_genome	95.556	45	2	0	2263191	2263235	17019	17063	2.98e-08	73.1
accn|CP051641	ICEberg|1856|ICERps4|GenBank|CP039339.1|545761..602147_Ralstonia_solanacearum_strain_UW386_chromosome__complete_genome	97.436	39	1	0	904961	904999	55691	55729	1.39e-06	67.6
accn|CP051641	ICEberg|1856|ICERps4|GenBank|CP039339.1|545761..602147_Ralstonia_solanacearum_strain_UW386_chromosome__complete_genome	97.368	38	1	0	252815	252852	55728	55691	4.98e-06	65.8
accn|CP051641	ICEberg|1854|ICERps2_YC40-M|GenBank|CP015850.1|2532466..2588165_Ralstonia_solanacearum_strain_YC40-M__complete_sequence	97.436	39	1	0	904961	904999	527	489	1.39e-06	67.6
accn|CP051641	ICEberg|1854|ICERps2_YC40-M|GenBank|CP015850.1|2532466..2588165_Ralstonia_solanacearum_strain_YC40-M__complete_sequence	97.368	38	1	0	252815	252852	490	527	4.98e-06	65.8
accn|CP051641	ICEberg|1853|ICERps2_FQY_4|GenBank|CP004012.1|1113417..1173796_Ralstonia_solanacearum_FQY_4__complete_genome	97.436	39	1	0	904961	904999	57747	57785	1.39e-06	67.6
accn|CP051641	ICEberg|1853|ICERps2_FQY_4|GenBank|CP004012.1|1113417..1173796_Ralstonia_solanacearum_FQY_4__complete_genome	97.368	38	1	0	252815	252852	57784	57747	4.98e-06	65.8
