accn|CP110664	ICEberg|2047|Tn7406|GenBank|CP087379.1|1564187..1622411_Mannheimia_haemolytica_strain_IMT47952_chromosome__complete_genome	99.850	3340	2	2	813090	816426	40278	43617	0.0	6137
accn|CP110664	ICEberg|2047|Tn7406|GenBank|CP087379.1|1564187..1622411_Mannheimia_haemolytica_strain_IMT47952_chromosome__complete_genome	99.802	1008	2	0	816423	817430	51605	52612	0.0	1851
accn|CP110664	ICEberg|2047|Tn7406|GenBank|CP087379.1|1564187..1622411_Mannheimia_haemolytica_strain_IMT47952_chromosome__complete_genome	99.832	595	1	0	816423	817017	44368	44962	0.0	1094
accn|CP110664	ICEberg|1807|ICEPmu4|GenBank|CP038875.1|2009809..2087766_Pasteurella_multocida_strain_FCf83_chromosome__complete_genome	99.964	2777	1	0	814654	817430	71464	68688	0.0	5123
accn|CP110664	ICEberg|1807|ICEPmu4|GenBank|CP038875.1|2009809..2087766_Pasteurella_multocida_strain_FCf83_chromosome__complete_genome	96.053	76	3	0	354508	354583	1	76	8.02e-24	124
accn|CP110664	ICEberg|1807|ICEPmu4|GenBank|CP038875.1|2009809..2087766_Pasteurella_multocida_strain_FCf83_chromosome__complete_genome	96.053	76	3	0	2038501	2038576	1	76	8.02e-24	124
accn|CP110664	ICEberg|1807|ICEPmu4|GenBank|CP038875.1|2009809..2087766_Pasteurella_multocida_strain_FCf83_chromosome__complete_genome	96.053	76	3	0	2048961	2049036	1	76	8.02e-24	124
accn|CP110664	ICEberg|1713|ICEHpa1|GenBank|CP054198.1|1511383..1580304_Glaesserella_parasuis_strain_YHP170504_chromosome__complete_genome	99.923	2600	2	0	814654	817253	12669	10070	0.0	4791
accn|CP110664	ICEberg|1697|ICEGpa2|GenBank|CP049090.1|1351751..1421790_Glaesserella_parasuis_strain_aHPS7_chromosome__complete_genome	99.885	2600	3	0	814654	817253	14096	11497	0.0	4785
accn|CP110664	ICEberg|987|ICEMh1|GenBank|CP005383|2128248..2190602_Mannheimia_haemolytica_M42548__complete_genome	99.944	1770	1	0	814654	816423	1046	2815	0.0	3264
accn|CP110664	ICEberg|987|ICEMh1|GenBank|CP005383|2128248..2190602_Mannheimia_haemolytica_M42548__complete_genome	99.896	958	1	0	816423	817380	2961	3918	0.0	1764
accn|CP110664	ICEberg|1804|ICEPmu3|GenBank|CP038873.1|1026914..1096464_Pasteurella_multocida_strain_FCf45_chromosome__complete_genome	99.887	1774	1	1	814654	816426	56243	54470	0.0	3264
accn|CP110664	ICEberg|1804|ICEPmu3|GenBank|CP038873.1|1026914..1096464_Pasteurella_multocida_strain_FCf45_chromosome__complete_genome	99.802	1008	2	0	816423	817430	53719	52712	0.0	1851
accn|CP110664	ICEberg|1804|ICEPmu3|GenBank|CP038873.1|1026914..1096464_Pasteurella_multocida_strain_FCf45_chromosome__complete_genome	96.053	76	3	0	2048961	2049036	69551	69476	8.02e-24	124
accn|CP110664	ICEberg|1804|ICEPmu3|GenBank|CP038873.1|1026914..1096464_Pasteurella_multocida_strain_FCf45_chromosome__complete_genome	96.053	76	3	0	2038501	2038576	69551	69476	8.02e-24	124
accn|CP110664	ICEberg|1804|ICEPmu3|GenBank|CP038873.1|1026914..1096464_Pasteurella_multocida_strain_FCf45_chromosome__complete_genome	96.053	76	3	0	354508	354583	69551	69476	8.02e-24	124
accn|CP110664	ICEberg|1763|ICEPgs6Chn1|GenBank|MN507533.1|1..116235_Proteus_genomosp._6_strain_T60_sequence	99.887	1771	2	0	814653	816423	22556	24326	0.0	3260
accn|CP110664	ICEberg|1763|ICEPgs6Chn1|GenBank|MN507533.1|1..116235_Proteus_genomosp._6_strain_T60_sequence	99.901	1008	1	0	816423	817430	40840	41847	0.0	1857
accn|CP110664	ICEberg|1758|ICEPciChn180|GenBank|CP073356.1|3209019..3335275_Proteus_terrae_subsp._cibarius_strain_SDQ8C180-2T_chromosome__complete_genome	99.887	1771	2	0	814653	816423	92164	90394	0.0	3260
accn|CP110664	ICEberg|1758|ICEPciChn180|GenBank|CP073356.1|3209019..3335275_Proteus_terrae_subsp._cibarius_strain_SDQ8C180-2T_chromosome__complete_genome	99.901	1008	1	0	816423	817430	73880	72873	0.0	1857
accn|CP110664	ICEberg|50|ICEXcaVe85-1|GenBank|AM039952|2631723..2740954_Xanthomonas_campestris_pv._vesicatoria_complete_genome	99.887	1770	2	0	814654	816423	24753	26522	0.0	3258
accn|CP110664	ICEberg|1935|ICEVchChn1307|GenBank|KJ817376.1|1..104025_Vibrio_cholerae_O1_strain_ICDC-1307_SXT_element__complete_sequence	99.887	1770	2	0	814654	816423	81049	79280	0.0	3258
accn|CP110664	ICEberg|1935|ICEVchChn1307|GenBank|KJ817376.1|1..104025_Vibrio_cholerae_O1_strain_ICDC-1307_SXT_element__complete_sequence	99.802	1008	2	0	816423	817430	79242	78235	0.0	1851
accn|CP110664	ICEberg|1935|ICEVchChn1307|GenBank|KJ817376.1|1..104025_Vibrio_cholerae_O1_strain_ICDC-1307_SXT_element__complete_sequence	99.150	941	7	1	814653	815593	85004	84065	0.0	1692
accn|CP110664	ICEberg|1933|ICEVchChn0956|GenBank|KT151655.1|1..109322_Vibrio_cholerae_strain_ICDC-956_sequence	99.887	1770	2	0	814654	816423	79522	77753	0.0	3258
accn|CP110664	ICEberg|1933|ICEVchChn0956|GenBank|KT151655.1|1..109322_Vibrio_cholerae_strain_ICDC-956_sequence	99.802	1008	2	0	816423	817430	77715	76708	0.0	1851
accn|CP110664	ICEberg|1933|ICEVchChn0956|GenBank|KT151655.1|1..109322_Vibrio_cholerae_strain_ICDC-956_sequence	99.256	941	7	0	814653	815593	83478	82538	0.0	1700
accn|CP110664	ICEberg|1719|ICEHso4|GenBank|CP018803.1|686759..761246_Histophilus_somni_strain_USDA-ARS-USMARC-63255_chromosome__complete_genome	99.887	1770	2	0	814654	816423	65375	63606	0.0	3258
accn|CP110664	ICEberg|1719|ICEHso4|GenBank|CP018803.1|686759..761246_Histophilus_somni_strain_USDA-ARS-USMARC-63255_chromosome__complete_genome	99.877	812	1	0	816423	817234	63460	62649	0.0	1495
accn|CP110664	ICEberg|1716|ICEHs02|GenBank|CP042993.1|687500..760418_Histophilus_somni_strain_UOC-KLM-ATR-014_chromosome__complete_genome	99.887	1770	2	0	814654	816423	65326	63557	0.0	3258
accn|CP110664	ICEberg|1716|ICEHs02|GenBank|CP042993.1|687500..760418_Histophilus_somni_strain_UOC-KLM-ATR-014_chromosome__complete_genome	99.877	812	1	0	816423	817234	63411	62600	0.0	1495
accn|CP110664	ICEberg|1692|ICEGpa1804|GenBank|CP069308.1|717521..789400_Glaesserella_parasuis_strain_EHP1804_chromosome__complete_genome	99.831	1774	2	1	814654	816426	61864	60091	0.0	3258
accn|CP110664	ICEberg|1692|ICEGpa1804|GenBank|CP069308.1|717521..789400_Glaesserella_parasuis_strain_EHP1804_chromosome__complete_genome	99.791	958	2	0	816423	817380	59340	58383	0.0	1759
accn|CP110664	ICEberg|1063|ICEVchCHN956|GenBank|KT151655|1..109322_Vibrio_cholerae_strain_ICDC-956_SXT_element_genomic_sequence	99.887	1770	2	0	814654	816423	79522	77753	0.0	3258
accn|CP110664	ICEberg|1063|ICEVchCHN956|GenBank|KT151655|1..109322_Vibrio_cholerae_strain_ICDC-956_SXT_element_genomic_sequence	99.802	1008	2	0	816423	817430	77715	76708	0.0	1851
accn|CP110664	ICEberg|1063|ICEVchCHN956|GenBank|KT151655|1..109322_Vibrio_cholerae_strain_ICDC-956_SXT_element_genomic_sequence	99.256	941	7	0	814653	815593	83478	82538	0.0	1700
accn|CP110664	ICEberg|1059|ICEVchCHN4210|GenBank|KT151662|1..110349_Vibrio_cholerae_strain_ICDC-4210_SXT_element_genomic_sequence	99.887	1770	2	0	814654	816423	79522	77753	0.0	3258
accn|CP110664	ICEberg|1059|ICEVchCHN4210|GenBank|KT151662|1..110349_Vibrio_cholerae_strain_ICDC-4210_SXT_element_genomic_sequence	99.802	1008	2	0	816423	817430	77715	76708	0.0	1851
accn|CP110664	ICEberg|1059|ICEVchCHN4210|GenBank|KT151662|1..110349_Vibrio_cholerae_strain_ICDC-4210_SXT_element_genomic_sequence	99.362	941	6	0	814653	815593	83478	82538	0.0	1705
accn|CP110664	ICEberg|1051|ICEVchCHN1627|GenBank|KT151657|1..102413_Vibrio_cholerae_strain_ICDC-1627_SXT_element_genomic_sequence	99.887	1770	2	0	814654	816423	79522	77753	0.0	3258
accn|CP110664	ICEberg|1051|ICEVchCHN1627|GenBank|KT151657|1..102413_Vibrio_cholerae_strain_ICDC-1627_SXT_element_genomic_sequence	99.802	1008	2	0	816423	817430	77715	76708	0.0	1851
accn|CP110664	ICEberg|1051|ICEVchCHN1627|GenBank|KT151657|1..102413_Vibrio_cholerae_strain_ICDC-1627_SXT_element_genomic_sequence	99.256	941	7	0	814653	815593	83478	82538	0.0	1700
accn|CP110664	ICEberg|35|ICEVchVie1|GenBank|AB114188|1..23402_Vibrio_cholerae_DNA__integrating_antibiotic_resistance_gene_element	99.831	1770	3	0	814654	816423	17625	19394	0.0	3253
accn|CP110664	ICEberg|35|ICEVchVie1|GenBank|AB114188|1..23402_Vibrio_cholerae_DNA__integrating_antibiotic_resistance_gene_element	99.802	1008	2	0	816423	817430	19432	20439	0.0	1851
accn|CP110664	ICEberg|35|ICEVchVie1|GenBank|AB114188|1..23402_Vibrio_cholerae_DNA__integrating_antibiotic_resistance_gene_element	99.256	941	7	0	814653	815593	13668	14608	0.0	1700
accn|CP110664	ICEberg|1598|ICEAplChn1|GenBank|KX196444.1|1..100848_Actinobacillus_pleuropneumoniae_sequence	99.831	1770	3	0	814654	816423	24980	26749	0.0	3253
accn|CP110664	ICEberg|1598|ICEAplChn1|GenBank|KX196444.1|1..100848_Actinobacillus_pleuropneumoniae_sequence	99.603	1008	1	1	816423	817430	26787	27791	0.0	1836
accn|CP110664	ICEberg|1598|ICEAplChn1|GenBank|KX196444.1|1..100848_Actinobacillus_pleuropneumoniae_sequence	99.899	987	1	0	814738	815724	22732	23718	0.0	1818
accn|CP110664	ICEberg|976|ICEKkKWG1|GenBank|LN869922|850916..923591_Kingella_kingae_genome_assembly_KKKWG1__chromosome___I	99.774	1772	4	0	814652	816423	19212	20983	0.0	3251
accn|CP110664	ICEberg|976|ICEKkKWG1|GenBank|LN869922|850916..923591_Kingella_kingae_genome_assembly_KKKWG1__chromosome___I	99.548	1771	8	0	814653	816423	29632	31402	0.0	3227
accn|CP110664	ICEberg|976|ICEKkKWG1|GenBank|LN869922|850916..923591_Kingella_kingae_genome_assembly_KKKWG1__chromosome___I	99.901	1008	1	0	816423	817430	21021	22028	0.0	1857
accn|CP110664	ICEberg|440|ICEPmu1|GenBank|CP003022|273284..355497_Pasteurella_multocida_36950__complete_genome	99.831	1770	2	1	814654	816423	7539	9307	0.0	3251
accn|CP110664	ICEberg|440|ICEPmu1|GenBank|CP003022|273284..355497_Pasteurella_multocida_36950__complete_genome	99.877	812	1	0	816423	817234	9453	10264	0.0	1495
accn|CP110664	ICEberg|1781|ICEPmiChn-JZ35|GenBank|ON390821.1|1..142200_Proteus_terrae_subsp._cibarius_strain_JZ35_ICEPmiChn-JZ35_mobile_element__complete_sequence	99.661	1770	4	2	814654	816423	86020	84253	0.0	3234
accn|CP110664	ICEberg|1781|ICEPmiChn-JZ35|GenBank|ON390821.1|1..142200_Proteus_terrae_subsp._cibarius_strain_JZ35_ICEPmiChn-JZ35_mobile_element__complete_sequence	99.440	1072	6	0	814653	815724	88349	87278	0.0	1947
accn|CP110664	ICEberg|1781|ICEPmiChn-JZ35|GenBank|ON390821.1|1..142200_Proteus_terrae_subsp._cibarius_strain_JZ35_ICEPmiChn-JZ35_mobile_element__complete_sequence	99.603	1008	1	3	816423	817430	84215	83211	0.0	1836
accn|CP110664	ICEberg|1056|ICEVchCHN2605|GenBank|KT151661|1..98458_Vibrio_cholerae_strain_ICDC-2605_SXT_element_genomic_sequence	99.605	1771	7	0	814653	816423	79523	77753	0.0	3232
accn|CP110664	ICEberg|1056|ICEVchCHN2605|GenBank|KT151661|1..98458_Vibrio_cholerae_strain_ICDC-2605_SXT_element_genomic_sequence	99.802	1008	2	0	816423	817430	77715	76708	0.0	1851
accn|CP110664	ICEberg|1053|ICEVchCHN1944|GenBank|KT151659|1..100703_Vibrio_cholerae_strain_ICDC-1944_SXT_element_genomic_sequence	99.605	1771	7	0	814653	816423	79487	77717	0.0	3232
accn|CP110664	ICEberg|1053|ICEVchCHN1944|GenBank|KT151659|1..100703_Vibrio_cholerae_strain_ICDC-1944_SXT_element_genomic_sequence	99.802	1008	2	0	816423	817430	77679	76672	0.0	1851
accn|CP110664	ICEberg|1052|ICEVchCHN1909|GenBank|KT151658|1..108995_Vibrio_cholerae_strain_ICDC-1909_SXT_element_genomic_sequence	99.605	1771	7	0	814653	816423	79495	77725	0.0	3232
accn|CP110664	ICEberg|1052|ICEVchCHN1909|GenBank|KT151658|1..108995_Vibrio_cholerae_strain_ICDC-1909_SXT_element_genomic_sequence	99.802	1008	2	0	816423	817430	77687	76680	0.0	1851
accn|CP110664	ICEberg|1050|ICEVchCHN1605|GenBank|KT151656|1..98419_Vibrio_cholerae_strain_ICDC-1605_SXT_element_genomic_sequence	99.605	1771	7	0	814653	816423	79523	77753	0.0	3232
accn|CP110664	ICEberg|1050|ICEVchCHN1605|GenBank|KT151656|1..98419_Vibrio_cholerae_strain_ICDC-1605_SXT_element_genomic_sequence	99.802	1008	2	0	816423	817430	77715	76708	0.0	1851
accn|CP110664	ICEberg|1049|ICEVchCHN143|GenBank|KT151654|1..98459_Vibrio_cholerae_strain_ICDC-143_SXT_element_genomic_sequence	99.605	1771	7	0	814653	816423	79523	77753	0.0	3232
accn|CP110664	ICEberg|1049|ICEVchCHN143|GenBank|KT151654|1..98459_Vibrio_cholerae_strain_ICDC-143_SXT_element_genomic_sequence	99.802	1008	2	0	816423	817430	77715	76708	0.0	1851
accn|CP110664	ICEberg|1035|ICEPvuCHN2213|GenBank|KX243403|1..94340_Proteus_vulgaris_strain_08MAS2213_complete_sequence	99.605	1771	7	0	814653	816423	18930	20700	0.0	3232
accn|CP110664	ICEberg|1035|ICEPvuCHN2213|GenBank|KX243403|1..94340_Proteus_vulgaris_strain_08MAS2213_complete_sequence	99.802	1008	2	0	816423	817430	20738	21745	0.0	1851
accn|CP110664	ICEberg|1031|ICEPmiCHN903|GenBank|KX243410|1..89644_Proteus_mirabilis_strain_MD20140903_complete_sequence	99.605	1771	7	0	814653	816423	16799	18569	0.0	3232
accn|CP110664	ICEberg|1031|ICEPmiCHN903|GenBank|KX243410|1..89644_Proteus_mirabilis_strain_MD20140903_complete_sequence	99.802	1008	2	0	816423	817430	18607	19614	0.0	1851
accn|CP110664	ICEberg|1030|ICEPmiCHN902|GenBank|KX243409|1..89096_Proteus_mirabilis_strain_MD20140902__complete_sequence	99.605	1771	7	0	814653	816423	16799	18569	0.0	3232
accn|CP110664	ICEberg|1030|ICEPmiCHN902|GenBank|KX243409|1..89096_Proteus_mirabilis_strain_MD20140902__complete_sequence	99.802	1008	2	0	816423	817430	18607	19614	0.0	1851
accn|CP110664	ICEberg|1029|ICEPmiCHN901|GenBank|KX243408|1..89493_Proteus_mirabilis_strain_MD20140901_complete_sequence	99.605	1771	7	0	814653	816423	16799	18569	0.0	3232
accn|CP110664	ICEberg|1029|ICEPmiCHN901|GenBank|KX243408|1..89493_Proteus_mirabilis_strain_MD20140901_complete_sequence	99.802	1008	2	0	816423	817430	18607	19614	0.0	1851
accn|CP110664	ICEberg|1026|ICEPmiCHN3300|GenBank|KX243415|1..108335_Proteus_mirabilis_strain_TJ3300_complete_sequence	99.605	1771	7	0	814653	816423	18927	20697	0.0	3232
accn|CP110664	ICEberg|1026|ICEPmiCHN3300|GenBank|KX243415|1..108335_Proteus_mirabilis_strain_TJ3300_complete_sequence	99.802	1008	2	0	816423	817430	20735	21742	0.0	1851
accn|CP110664	ICEberg|1017|ICEPmiCHN1586|GenBank|KX243404|1..99355_Proteus_mirabilis_strain_08MAS1586_complete_sequence	99.605	1771	7	0	814653	816423	18998	20768	0.0	3232
accn|CP110664	ICEberg|1017|ICEPmiCHN1586|GenBank|KX243404|1..99355_Proteus_mirabilis_strain_08MAS1586_complete_sequence	99.802	1008	2	0	816423	817430	20806	21813	0.0	1851
accn|CP110664	ICEberg|961|ICEApl2|GenBank|MF187965|1..92660_Actinobacillus_pleuropneumoniae_strain_MIDG3553_YhaH_(yhaH)_gene__complete_cds__ICEApl2_mobile_element__complete_sequence__and_PrfC_(prfC)_gene__complete_cds	99.548	1771	8	0	814653	816423	17311	19081	0.0	3227
accn|CP110664	ICEberg|961|ICEApl2|GenBank|MF187965|1..92660_Actinobacillus_pleuropneumoniae_strain_MIDG3553_YhaH_(yhaH)_gene__complete_cds__ICEApl2_mobile_element__complete_sequence__and_PrfC_(prfC)_gene__complete_cds	99.901	1008	1	0	816423	817430	19119	20126	0.0	1857
accn|CP110664	ICEberg|961|ICEApl2|GenBank|MF187965|1..92660_Actinobacillus_pleuropneumoniae_strain_MIDG3553_YhaH_(yhaH)_gene__complete_cds__ICEApl2_mobile_element__complete_sequence__and_PrfC_(prfC)_gene__complete_cds	99.860	714	1	0	37058	37771	714	1	0.0	1314
accn|CP110664	ICEberg|44|SXT(MO10)|GenBank|AY055428|1..99483_Vibrio_cholerae_STX_transposon-like_element_and_pilus_assembly_region__complete_sequence	99.548	1771	8	0	814653	816423	18462	20232	0.0	3227
accn|CP110664	ICEberg|44|SXT(MO10)|GenBank|AY055428|1..99483_Vibrio_cholerae_STX_transposon-like_element_and_pilus_assembly_region__complete_sequence	99.901	1008	1	0	816423	817430	20270	21277	0.0	1857
accn|CP110664	ICEberg|37|ICEPalBan1|GenBank|GQ463139|1..96676_Providencia_alcalifaciens_Ban1_integrating_conjugative_element_ICEPalban1__complete_sequence	99.548	1771	8	0	814653	816423	16700	18470	0.0	3227
accn|CP110664	ICEberg|37|ICEPalBan1|GenBank|GQ463139|1..96676_Providencia_alcalifaciens_Ban1_integrating_conjugative_element_ICEPalban1__complete_sequence	99.901	1008	1	0	816423	817430	18508	19515	0.0	1857
accn|CP110664	ICEberg|21|ICEVchInd4|GenBank|GQ463141|1..95326_Vibrio_cholerae_Ind4_integrating_conjugative_element_ICEVchind4__complete_sequence	99.548	1771	8	0	814653	816423	14285	16055	0.0	3227
accn|CP110664	ICEberg|21|ICEVchInd4|GenBank|GQ463141|1..95326_Vibrio_cholerae_Ind4_integrating_conjugative_element_ICEVchind4__complete_sequence	99.901	1008	1	0	816423	817430	16093	17100	0.0	1857
accn|CP110664	ICEberg|2038|Tn6864|GenBank|MT219827.1|1..108763_Providencia_rettgeri_strain_RF14-2_sequence	99.548	1771	8	0	814653	816423	18539	20309	0.0	3227
accn|CP110664	ICEberg|2038|Tn6864|GenBank|MT219827.1|1..108763_Providencia_rettgeri_strain_RF14-2_sequence	99.901	1008	1	0	816423	817430	20347	21354	0.0	1857
accn|CP110664	ICEberg|2036|Tn6862|GenBank|CP059348.1|704853..810761_Providencia_rettgeri_strain_PROV023_chromosome__complete_genome	99.548	1771	8	0	814653	816423	32130	33900	0.0	3227
accn|CP110664	ICEberg|2036|Tn6862|GenBank|CP059348.1|704853..810761_Providencia_rettgeri_strain_PROV023_chromosome__complete_genome	99.901	1008	1	0	816423	817430	33938	34945	0.0	1857
accn|CP110664	ICEberg|1940|ICEVchThd1|GenBank|CP007653.1|579719..680801_Vibrio_cholerae_strain_TSY216_chromosome_1__complete_sequence	99.548	1771	8	0	814653	816423	25085	26855	0.0	3227
accn|CP110664	ICEberg|1940|ICEVchThd1|GenBank|CP007653.1|579719..680801_Vibrio_cholerae_strain_TSY216_chromosome_1__complete_sequence	99.901	1008	1	0	816423	817430	26893	27900	0.0	1857
accn|CP110664	ICEberg|1923|ICEValZJT1|GenBank|CP016224.1|2476706..2564476_Vibrio_alginolyticus_strain_ZJ-T_chromosome_1__complete_sequence	99.548	1771	8	0	814653	816423	72137	70367	0.0	3227
accn|CP110664	ICEberg|1923|ICEValZJT1|GenBank|CP016224.1|2476706..2564476_Vibrio_alginolyticus_strain_ZJ-T_chromosome_1__complete_sequence	99.901	1008	1	0	816423	817430	70329	69322	0.0	1857
accn|CP110664	ICEberg|1915|ICETET|GenBank|MK165649.1|1..91463_Vibrio_cholerae_strain_IDH_1986_sequence	99.548	1771	8	0	814653	816423	15465	17235	0.0	3227
accn|CP110664	ICEberg|1915|ICETET|GenBank|MK165649.1|1..91463_Vibrio_cholerae_strain_IDH_1986_sequence	99.901	1008	1	0	816423	817430	17273	18280	0.0	1857
accn|CP110664	ICEberg|1914|ICESupCHN110003|GenBank|MG014393.1|1..91669_Shewanella_algae_strain_110003_sequence	99.548	1771	8	0	814653	816423	16618	18388	0.0	3227
accn|CP110664	ICEberg|1914|ICESupCHN110003|GenBank|MG014393.1|1..91669_Shewanella_algae_strain_110003_sequence	99.901	1008	1	0	816423	817430	18426	19433	0.0	1857
accn|CP110664	ICEberg|1857|ICERspD18B|GenBank|CP037745.1|2629186..2657721_Rheinheimera_sp._D18_chromosome__complete_genome	99.548	1771	8	0	814653	816423	2932	1162	0.0	3227
accn|CP110664	ICEberg|1857|ICERspD18B|GenBank|CP037745.1|2629186..2657721_Rheinheimera_sp._D18_chromosome__complete_genome	99.901	1008	1	0	816423	817430	1124	117	0.0	1857
accn|CP110664	ICEberg|1844|ICEPvuChnBC22|GenBank|MH160822.1|1..148751_Proteus_vulgaris_strain_SCpv22_sequence	99.548	1771	8	0	814653	816423	86812	88582	0.0	3227
accn|CP110664	ICEberg|1844|ICEPvuChnBC22|GenBank|MH160822.1|1..148751_Proteus_vulgaris_strain_SCpv22_sequence	99.901	1008	1	0	816423	817430	88620	89627	0.0	1857
accn|CP110664	ICEberg|1788|ICEPmiFra1|GenBank|MF490434.1|1..107395_Proteus_mirabilis_sequence	99.548	1771	8	0	814653	816423	15362	17132	0.0	3227
accn|CP110664	ICEberg|1788|ICEPmiFra1|GenBank|MF490434.1|1..107395_Proteus_mirabilis_sequence	99.901	1008	1	0	816423	817430	17170	18177	0.0	1857
accn|CP110664	ICEberg|1786|ICEPmiChn-TQ12|GenBank|ON390822.1|1..147546_Proteus_terrae_subsp._cibarius_strain_TQ12_ICEPmiChn-TQ12_mobile_element__complete_sequence	99.548	1771	8	0	814653	816423	53918	55688	0.0	3227
accn|CP110664	ICEberg|1786|ICEPmiChn-TQ12|GenBank|ON390822.1|1..147546_Proteus_terrae_subsp._cibarius_strain_TQ12_ICEPmiChn-TQ12_mobile_element__complete_sequence	99.802	1008	2	0	816423	817430	55726	56733	0.0	1851
accn|CP110664	ICEberg|1785|ICEPmiChnSTP3|GenBank|MT449450.1|1..118916_Proteus_mirabilis_strain_STP3_sequence	99.548	1771	8	0	814653	816423	103797	102027	0.0	3227
accn|CP110664	ICEberg|1785|ICEPmiChnSTP3|GenBank|MT449450.1|1..118916_Proteus_mirabilis_strain_STP3_sequence	99.886	878	1	0	816423	817300	101989	101112	0.0	1616
accn|CP110664	ICEberg|1782|ICEPmiChnJZ57|GenBank|ON553412.1|1..116292_Proteus_mirabilis_strain_JZ57_ICEPmiChn_JZ57_mobile_element__complete_sequence	99.548	1771	8	0	814653	816423	12076	13846	0.0	3227
accn|CP110664	ICEberg|1782|ICEPmiChnJZ57|GenBank|ON553412.1|1..116292_Proteus_mirabilis_strain_JZ57_ICEPmiChn_JZ57_mobile_element__complete_sequence	99.901	1008	1	0	816423	817430	13884	14891	0.0	1857
accn|CP110664	ICEberg|1779|ICEPmiChnChSC1905|GenBank|CP047929.1|3384696..3471195_Proteus_mirabilis_strain_ChSC1905_chromosome__complete_genome	99.548	1771	8	0	814653	816423	82473	80703	0.0	3227
accn|CP110664	ICEberg|1779|ICEPmiChnChSC1905|GenBank|CP047929.1|3384696..3471195_Proteus_mirabilis_strain_ChSC1905_chromosome__complete_genome	99.901	1008	1	0	816423	817430	80665	79658	0.0	1857
accn|CP110664	ICEberg|1779|ICEPmiChnChSC1905|GenBank|CP047929.1|3384696..3471195_Proteus_mirabilis_strain_ChSC1905_chromosome__complete_genome	100.000	833	0	0	816423	817255	2058	2890	0.0	1539
accn|CP110664	ICEberg|1779|ICEPmiChnChSC1905|GenBank|CP047929.1|3384696..3471195_Proteus_mirabilis_strain_ChSC1905_chromosome__complete_genome	98.913	184	2	0	817247	817430	4071	4254	1.58e-85	329
accn|CP110664	ICEberg|1778|ICEPmiChnBCP11|GenBank|MG773277.1|1..141263_Proteus_mirabilis_integrating_conjugative_element_ICEPmiChn-BCP11_sequence	99.548	1771	8	0	814653	816423	14750	16520	0.0	3227
accn|CP110664	ICEberg|1778|ICEPmiChnBCP11|GenBank|MG773277.1|1..141263_Proteus_mirabilis_integrating_conjugative_element_ICEPmiChn-BCP11_sequence	99.802	1008	2	0	816423	817430	16558	17565	0.0	1851
accn|CP110664	ICEberg|1778|ICEPmiChnBCP11|GenBank|MG773277.1|1..141263_Proteus_mirabilis_integrating_conjugative_element_ICEPmiChn-BCP11_sequence	99.802	1008	2	0	816423	817430	102191	103198	0.0	1851
accn|CP110664	ICEberg|1762|ICEPflCDM8|GenBank|CP047240.1|950152..1060244_Pseudoalteromonas_sp._M8_chromosome_2__complete_sequence	99.548	1771	8	0	814653	816423	24684	26454	0.0	3227
accn|CP110664	ICEberg|1762|ICEPflCDM8|GenBank|CP047240.1|950152..1060244_Pseudoalteromonas_sp._M8_chromosome_2__complete_sequence	99.901	1008	1	0	816423	817430	26492	27499	0.0	1857
accn|CP110664	ICEberg|1759|ICEPciChn2|GenBank|MW423608.1|1..140916_Proteus_terrae_subsp._cibarius_strain_SH19PTE4_sequence	99.548	1771	8	0	814653	816423	31457	33227	0.0	3227
accn|CP110664	ICEberg|1759|ICEPciChn2|GenBank|MW423608.1|1..140916_Proteus_terrae_subsp._cibarius_strain_SH19PTE4_sequence	99.802	1008	2	0	816423	817430	33265	34272	0.0	1851
accn|CP110664	ICEberg|1253|ICEKpnINF249-2|GenBank|CP024489.1|5079347..5289591_Klebsiella_pneumoniae_strain_INF249_chromosome__complete_genome	99.548	1771	8	0	814653	816423	202380	200610	0.0	3227
accn|CP110664	ICEberg|1253|ICEKpnINF249-2|GenBank|CP024489.1|5079347..5289591_Klebsiella_pneumoniae_strain_INF249_chromosome__complete_genome	99.802	1008	2	0	816423	817430	200572	199565	0.0	1851
accn|CP110664	ICEberg|1110|ICEKpnQD23-1|GenBank|CP042858.1|4831525..5022379_Klebsiella_pneumoniae_strain_QD23_chromosome__complete_genome	99.548	1771	8	0	814653	816423	173708	171938	0.0	3227
accn|CP110664	ICEberg|1110|ICEKpnQD23-1|GenBank|CP042858.1|4831525..5022379_Klebsiella_pneumoniae_strain_QD23_chromosome__complete_genome	99.901	1008	1	0	816423	817430	171900	170893	0.0	1857
accn|CP110664	ICEberg|1064|ICEVchChnAHV1003|GenBank|KT151663|1..101856_Vibrio_cholerae_strain_AHV1003_SXT_element_genomic_sequence	99.548	1771	8	0	814653	816423	76323	74553	0.0	3227
accn|CP110664	ICEberg|1064|ICEVchChnAHV1003|GenBank|KT151663|1..101856_Vibrio_cholerae_strain_AHV1003_SXT_element_genomic_sequence	99.901	1008	1	0	816423	817430	74515	73508	0.0	1857
accn|CP110664	ICEberg|1055|ICEVchChn2255|GenBank|KT151660|1..92592_Vibrio_cholerae_strain_ICDC-2255_SXT_element_genomic_sequence	99.548	1771	8	0	814653	816423	76323	74553	0.0	3227
accn|CP110664	ICEberg|1055|ICEVchChn2255|GenBank|KT151660|1..92592_Vibrio_cholerae_strain_ICDC-2255_SXT_element_genomic_sequence	99.901	1008	1	0	816423	817430	74515	73508	0.0	1857
accn|CP110664	ICEberg|1040|ICEValA056-1|GenBank|KR231688|1..89004_Vibrio_alginolyticus_strain_A056_transposon_ICEValA056-1__complete_sequence	99.548	1771	8	0	814653	816423	11236	13006	0.0	3227
accn|CP110664	ICEberg|1040|ICEValA056-1|GenBank|KR231688|1..89004_Vibrio_alginolyticus_strain_A056_transposon_ICEValA056-1__complete_sequence	99.901	1008	1	0	816423	817430	13044	14051	0.0	1857
accn|CP110664	ICEberg|1028|ICEPmiChn4|GenBank|KY437728|1..90566_Proteus_mirabilis_integrative_and_conjugative_element_ICEPmiChn4__complete_sequence__and_peptide_chain_release_factor_3_(prfC)_gene__complete_cds	99.548	1771	8	0	814653	816423	14786	16556	0.0	3227
accn|CP110664	ICEberg|1028|ICEPmiChn4|GenBank|KY437728|1..90566_Proteus_mirabilis_integrative_and_conjugative_element_ICEPmiChn4__complete_sequence__and_peptide_chain_release_factor_3_(prfC)_gene__complete_cds	99.603	1008	4	0	816423	817430	16594	17601	0.0	1840
accn|CP110664	ICEberg|1937|ICEVchMJ1236|GenBank|CP001485.1|2958350..3066043_Vibrio_cholerae_MJ-1236_chromosome_1__complete_sequence	99.548	1770	8	0	814654	816423	86718	84949	0.0	3225
accn|CP110664	ICEberg|1937|ICEVchMJ1236|GenBank|CP001485.1|2958350..3066043_Vibrio_cholerae_MJ-1236_chromosome_1__complete_sequence	99.901	1008	1	0	816423	817430	84911	83904	0.0	1857
accn|CP110664	ICEberg|1937|ICEVchMJ1236|GenBank|CP001485.1|2958350..3066043_Vibrio_cholerae_MJ-1236_chromosome_1__complete_sequence	100.000	169	0	0	815705	815873	89166	88998	1.59e-80	313
accn|CP110664	ICEberg|16|ICEVchBan9|GenBank|CP001485|2958347..3066049_Vibrio_cholerae_MJ-1236_chromosome_1__complete_sequence	99.548	1770	8	0	814654	816423	86721	84952	0.0	3225
accn|CP110664	ICEberg|16|ICEVchBan9|GenBank|CP001485|2958347..3066049_Vibrio_cholerae_MJ-1236_chromosome_1__complete_sequence	99.901	1008	1	0	816423	817430	84914	83907	0.0	1857
accn|CP110664	ICEberg|16|ICEVchBan9|GenBank|CP001485|2958347..3066049_Vibrio_cholerae_MJ-1236_chromosome_1__complete_sequence	100.000	169	0	0	815705	815873	89169	89001	1.59e-80	313
accn|CP110664	ICEberg|36|ICEVflInd1|GenBank|GQ463144|1..114195_Vibrio_fluvialis_Ind1_integrating_conjugative_element_ICEVflInd1__complete_sequence	99.492	1771	9	0	814653	816423	35889	37659	0.0	3221
accn|CP110664	ICEberg|36|ICEVflInd1|GenBank|GQ463144|1..114195_Vibrio_fluvialis_Ind1_integrating_conjugative_element_ICEVflInd1__complete_sequence	99.802	1008	2	0	816423	817430	37697	38704	0.0	1851
accn|CP110664	ICEberg|287|ICEEcoJ53|GenBank|FJ968160|1..22687_Escherichia_coli_strain_J53_transposon_SXT__partial_sequence	99.492	1771	9	0	814653	816423	16909	18679	0.0	3221
accn|CP110664	ICEberg|287|ICEEcoJ53|GenBank|FJ968160|1..22687_Escherichia_coli_strain_J53_transposon_SXT__partial_sequence	99.802	1008	2	0	816423	817430	18717	19724	0.0	1851
accn|CP110664	ICEberg|273|SXT(KN14)|GenBank|AB535680|1..20747_Vibrio_cholerae_O1_biovar_El_Tor_SXT_conjugative_element_gene_cluster__complete_sequence__strain__KN14	99.492	1771	9	0	814653	816423	13656	15426	0.0	3221
accn|CP110664	ICEberg|273|SXT(KN14)|GenBank|AB535680|1..20747_Vibrio_cholerae_O1_biovar_El_Tor_SXT_conjugative_element_gene_cluster__complete_sequence__strain__KN14	99.901	1008	1	0	816423	817430	15464	16471	0.0	1857
accn|CP110664	ICEberg|22|ICEVchInd5|GenBank|GQ463142|1..97952_Vibrio_cholerae_Ind5_integrating_conjugative_element_ICEVchind5__complete_sequence	99.492	1771	9	0	814653	816423	16702	18472	0.0	3221
accn|CP110664	ICEberg|22|ICEVchInd5|GenBank|GQ463142|1..97952_Vibrio_cholerae_Ind5_integrating_conjugative_element_ICEVchind5__complete_sequence	99.901	1008	1	0	816423	817430	18510	19517	0.0	1857
accn|CP110664	ICEberg|1939|ICEVchRua2|GenBank|KY382506.1|1..97915_Vibrio_cholerae_O1_biovar_El_Tor_str._Inaba_RND18826_ICE_element_genomic_sequence	99.492	1771	9	0	814653	816423	14676	16446	0.0	3221
accn|CP110664	ICEberg|1939|ICEVchRua2|GenBank|KY382506.1|1..97915_Vibrio_cholerae_O1_biovar_El_Tor_str._Inaba_RND18826_ICE_element_genomic_sequence	99.901	1008	1	0	816423	817430	16484	17491	0.0	1857
accn|CP110664	ICEberg|1938|ICEVchRua1|GenBank|KY382507.1|1..97915_Vibrio_cholerae_O1_biovar_El_Tor_str._Ogawa_RND6878_ICE_element_genomic_sequence	99.492	1771	9	0	814653	816423	81251	79481	0.0	3221
accn|CP110664	ICEberg|1938|ICEVchRua1|GenBank|KY382507.1|1..97915_Vibrio_cholerae_O1_biovar_El_Tor_str._Ogawa_RND6878_ICE_element_genomic_sequence	99.901	1008	1	0	816423	817430	79443	78436	0.0	1857
accn|CP110664	ICEberg|1925|ICEVch2010_EL-1786|GenBank|CP003069.1|83542..182958_Vibrio_cholerae_O1_str._2010EL-1786_chromosome_1__complete_sequence	99.492	1771	9	0	814653	816423	16669	18439	0.0	3221
accn|CP110664	ICEberg|1925|ICEVch2010_EL-1786|GenBank|CP003069.1|83542..182958_Vibrio_cholerae_O1_str._2010EL-1786_chromosome_1__complete_sequence	99.901	1008	1	0	816423	817430	18477	19484	0.0	1857
accn|CP110664	ICEberg|1691|ICEGEN|GenBank|MK165650.1|1..96718_Vibrio_cholerae_strain_IDH_4268_sequence	99.492	1771	9	0	814653	816423	15813	17583	0.0	3221
accn|CP110664	ICEberg|1691|ICEGEN|GenBank|MK165650.1|1..96718_Vibrio_cholerae_strain_IDH_4268_sequence	99.901	1008	1	0	816423	817430	17621	18628	0.0	1857
accn|CP110664	ICEberg|149|ICEVflH-08942|GenBank|KM213605.1|1..102878_Vibrio_fluvialis_strain_H08942_ICEVflInd1_integrating_conjugative_element_genomic_sequence	99.492	1771	9	0	814653	816423	20569	22339	0.0	3221
accn|CP110664	ICEberg|149|ICEVflH-08942|GenBank|KM213605.1|1..102878_Vibrio_fluvialis_strain_H08942_ICEVflInd1_integrating_conjugative_element_genomic_sequence	99.802	1008	2	0	816423	817430	22377	23384	0.0	1851
accn|CP110664	ICEberg|148|SXT(HN1)|GenBank|AB450045|1..19086_Vibrio_cholerae_O1_biovar_El_tor_SXT_conjugative_element_gene_cluster__complete_sequence__strain__HN1	99.492	1771	9	0	814653	816423	13308	15078	0.0	3221
accn|CP110664	ICEberg|148|SXT(HN1)|GenBank|AB450045|1..19086_Vibrio_cholerae_O1_biovar_El_tor_SXT_conjugative_element_gene_cluster__complete_sequence__strain__HN1	99.802	1008	2	0	816423	817430	15116	16123	0.0	1851
accn|CP110664	ICEberg|12|ICEVchBan5|GenBank|GQ463140|1..102122_Vibrio_cholerae_Ban5_integrating_conjugative_element_ICEVchban5__complete_sequence	99.492	1771	9	0	814653	816423	20836	22606	0.0	3221
accn|CP110664	ICEberg|12|ICEVchBan5|GenBank|GQ463140|1..102122_Vibrio_cholerae_Ban5_integrating_conjugative_element_ICEVchban5__complete_sequence	99.901	1008	1	0	816423	817430	22644	23651	0.0	1857
accn|CP110664	ICEberg|1069|ICEVchNig1|GenBank|KC886258|528..97570_Vibrio_cholerae_VC833_ICE_element_genomic_sequence	99.492	1771	9	0	814653	816423	16138	17908	0.0	3221
accn|CP110664	ICEberg|1069|ICEVchNig1|GenBank|KC886258|528..97570_Vibrio_cholerae_VC833_ICE_element_genomic_sequence	99.901	1008	1	0	816423	817430	17946	18953	0.0	1857
accn|CP110664	ICEberg|1068|ICEVchNep1|GenBank|KC886257|528..97877_Vibrio_cholerae_strain_VC504_ICE_element_genomic_sequence	99.492	1771	9	0	814653	816423	16138	17908	0.0	3221
accn|CP110664	ICEberg|1068|ICEVchNep1|GenBank|KC886257|528..97877_Vibrio_cholerae_strain_VC504_ICE_element_genomic_sequence	99.901	1008	1	0	816423	817430	17946	18953	0.0	1857
accn|CP110664	ICEberg|1061|ICEVchCHN57|GenBank|KT151664.1|1..96186_Vibrio_cholerae_strain_wujiang-2_sequence	99.492	1771	9	0	814653	816423	79917	78147	0.0	3221
accn|CP110664	ICEberg|1061|ICEVchCHN57|GenBank|KT151664.1|1..96186_Vibrio_cholerae_strain_wujiang-2_sequence	99.901	1008	1	0	816423	817430	78109	77102	0.0	1857
accn|CP110664	ICEberg|1033|ICEPmiCHN905|GenBank|KX243412|1..94956_Proteus_mirabilis_strain_MD20140905_complete_sequence	99.492	1771	9	0	814653	816423	14481	16251	0.0	3221
accn|CP110664	ICEberg|1033|ICEPmiCHN905|GenBank|KX243412|1..94956_Proteus_mirabilis_strain_MD20140905_complete_sequence	99.901	1008	1	0	816423	817430	16289	17296	0.0	1857
accn|CP110664	ICEberg|1032|ICEPmiCHN904|GenBank|KX243411|1..94942_Proteus_mirabilis_strain_MD20140904_complete_sequence	99.492	1771	9	0	814653	816423	11652	13422	0.0	3221
accn|CP110664	ICEberg|1032|ICEPmiCHN904|GenBank|KX243411|1..94942_Proteus_mirabilis_strain_MD20140904_complete_sequence	99.901	1008	1	0	816423	817430	13460	14467	0.0	1857
accn|CP110664	ICEberg|1027|ICEPmiCHN3335|GenBank|KX243416|1..89996_Proteus_mirabilis_strain_TJ3335_complete_sequence	99.435	1770	10	0	814654	816423	16661	18430	0.0	3214
accn|CP110664	ICEberg|1027|ICEPmiCHN3335|GenBank|KX243416|1..89996_Proteus_mirabilis_strain_TJ3335_complete_sequence	99.901	1008	1	0	816423	817430	18468	19475	0.0	1857
accn|CP110664	ICEberg|1016|ICEPmiChn1|GenBank|KT962845|1..92751_Proteus_mirabilis_integrative_and_conjugative_element_ICEPmiChn1__complete_sequence__and_peptide_chain_release_factor_3_(prfC)_gene__complete_cds	99.435	1770	10	0	814654	816423	16966	18735	0.0	3214
accn|CP110664	ICEberg|1016|ICEPmiChn1|GenBank|KT962845|1..92751_Proteus_mirabilis_integrative_and_conjugative_element_ICEPmiChn1__complete_sequence__and_peptide_chain_release_factor_3_(prfC)_gene__complete_cds	99.901	1008	1	0	816423	817430	18773	19780	0.0	1857
accn|CP110664	VFG042962(gb|WP_005615186)_(APL_RS04590)_GspE_PulE_family_protein_[Type_IV_pili_(VF1198)_-_Adherence_(VFC0001)]_[Actinobacillus_pleuropneumoniae_serovar_5b_str._L20]	99.570	1395	6	0	1064041	1065435	1395	1	0.0	2543
accn|CP110664	VFG042961(gb|WP_011848486)_(APL_RS04585)_type_II_secretion_system_F_family_protein_[Type_IV_pili_(VF1198)_-_Adherence_(VFC0001)]_[Actinobacillus_pleuropneumoniae_serovar_5b_str._L20]	99.501	1203	6	0	1062855	1064057	1203	1	0.0	2189
accn|CP110664	resfinderf|tet(Y)|1	100.000	1176	0	0	813135	814310	1	1176	0.0	2172
accn|CP110664	ICEberg|1603|ICEAsu1|GenBank|CP009159.1|982132..1037894_Actinobacillus_suis_ATCC_33415__complete_genome	98.742	1192	12	3	950706	951896	9663	10852	0.0	2115
accn|CP110664	ICEberg|441|ICEHso2336-1|GenBank|CP000947|1927921..1994529_Haemophilus_somnus_2336__complete_genome	98.658	1192	13	3	950706	951896	56794	55605	0.0	2109
accn|CP110664	ICEberg|1734|ICEMh3|GenBank|CP006942.1|959858..1026317_Mannheimia_sp._USDA-ARS-USMARC-1261__complete_genome	98.658	1192	13	3	950706	951896	9754	10943	0.0	2109
accn|CP110664	resfinderf|tet(Y)|2	97.109	1176	34	0	813135	814310	1	1176	0.0	1984
accn|CP110664	ICEberg|1717|ICEHs1|GenBank|MF136609.1|1..64932_Histophilus_somni_strain_AVI_1_integrative_conjugative_element_ICEHs1__complete_sequence	96.393	1192	41	2	950706	951896	55120	53930	0.0	1962
accn|CP110664	ICEberg|1803|ICEPmu2|GenBank|CP038871.1|1998244..2056820_Pasteurella_multocida_strain_FCf15_chromosome__complete_genome	99.901	1008	1	0	816423	817430	48767	49774	0.0	1857
accn|CP110664	ICEberg|1803|ICEPmu2|GenBank|CP038871.1|1998244..2056820_Pasteurella_multocida_strain_FCf15_chromosome__complete_genome	99.010	101	1	0	816323	816423	48521	48621	4.69e-41	182
accn|CP110664	ICEberg|1019|ICEPmiChn2|GenBank|KY437726|1..104371_Proteus_mirabilis_integrative_and_conjugative_element_ICEPmiChn2__complete_sequence__and_peptide_chain_release_factor_3_(prfC)_gene__complete_cds	99.901	1008	1	0	816423	817430	16431	17438	0.0	1857
accn|CP110664	ICEberg|1452|ICE_erm42|GenBank|CP060730.1|568141..660867_Salmonella_enterica_subsp._enterica_serovar_Albany_strain_R17.5974_chromosome__complete_genome	99.603	1008	1	1	816423	817430	16717	17721	0.0	1836
accn|CP110664	ICEberg|1602|ICEAsp1|GenBank|MW030510.1|1..72978_Actinobacillus_sp._ICEAsp1_mobile_element__complete_sequence	99.900	996	1	0	814654	815649	56377	57372	0.0	1834
accn|CP110664	ICEberg|1602|ICEAsp1|GenBank|MW030510.1|1..72978_Actinobacillus_sp._ICEAsp1_mobile_element__complete_sequence	100.000	831	0	0	816423	817253	58526	59356	0.0	1535
accn|CP110664	ICEberg|1602|ICEAsp1|GenBank|MW030510.1|1..72978_Actinobacillus_sp._ICEAsp1_mobile_element__complete_sequence	100.000	64	0	0	814760	814823	58463	58526	3.73e-22	119
accn|CP110664	resfinderf|sul2|9	100.000	852	0	0	816386	817237	852	1	0.0	1574
accn|CP110664	resfinderf|sul2|8	99.883	852	1	0	816386	817237	852	1	0.0	1568
accn|CP110664	resfinderf|sul2|7	99.883	852	1	0	816386	817237	852	1	0.0	1568
accn|CP110664	resfinderf|aph(6)-Id|3	99.881	837	1	0	814760	815596	837	1	0.0	1541
accn|CP110664	resfinderf|aph(6)-Id|1	99.881	837	1	0	814760	815596	837	1	0.0	1541
accn|CP110664	ICEberg|2045|Tn6966|GenBank|CP064830.1|3371703..3442829_Morganella_morganii_subsp._morganii_strain_81703_chromosome__complete_genome	100.000	833	0	0	816423	817255	37290	38122	0.0	1539
accn|CP110664	ICEberg|2045|Tn6966|GenBank|CP064830.1|3371703..3442829_Morganella_morganii_subsp._morganii_strain_81703_chromosome__complete_genome	98.913	184	2	0	817247	817430	39303	39486	1.58e-85	329
accn|CP110664	ICEberg|1023|ICEPmiChn3|GenBank|KY437727|1..55195_Proteus_mirabilis_integrative_and_conjugative_element_ICEPmiChn3__complete_sequence__and_peptide_chain_release_factor_3_(prfC)_gene__complete_cds	100.000	833	0	0	816423	817255	16441	17273	0.0	1539
accn|CP110664	ICEberg|1023|ICEPmiChn3|GenBank|KY437727|1..55195_Proteus_mirabilis_integrative_and_conjugative_element_ICEPmiChn3__complete_sequence__and_peptide_chain_release_factor_3_(prfC)_gene__complete_cds	98.913	184	2	0	817247	817430	18454	18637	1.58e-85	329
accn|CP110664	resfinderf|aph(6)-Id|2	99.761	837	2	0	814760	815596	837	1	0.0	1535
accn|CP110664	resfinderf|aph(6)-Id|5	99.761	837	2	0	814760	815596	837	1	0.0	1535
accn|CP110664	resfinderf|aph(6)-Id|4	99.759	831	2	0	814760	815590	831	1	0.0	1524
accn|CP110664	resfinderf|sul2|2	100.000	815	0	0	816423	817237	815	1	0.0	1506
accn|CP110664	resfinderf|sul2|20	99.877	815	1	0	816423	817237	815	1	0.0	1500
accn|CP110664	resfinderf|sul2|19	99.877	815	1	0	816423	817237	815	1	0.0	1500
accn|CP110664	resfinderf|sul2|18	99.877	815	1	0	816423	817237	815	1	0.0	1500
accn|CP110664	resfinderf|sul2|17	99.877	815	1	0	816423	817237	815	1	0.0	1500
accn|CP110664	resfinderf|sul2|15	99.877	815	1	0	816423	817237	815	1	0.0	1500
accn|CP110664	resfinderf|sul2|12	99.877	815	1	0	816423	817237	815	1	0.0	1500
accn|CP110664	resfinderf|sul2|11	99.877	815	1	0	816423	817237	815	1	0.0	1500
accn|CP110664	resfinderf|sul2|13	99.755	815	2	0	816423	817237	815	1	0.0	1495
accn|CP110664	resfinderf|sul2|6	99.755	815	2	0	816423	817237	815	1	0.0	1495
accn|CP110664	resfinderf|sul2|14	100.000	808	0	0	816430	817237	808	1	0.0	1493
accn|CP110664	resfinderf|sul2|10	99.633	818	0	3	816423	817237	818	1	0.0	1491
accn|CP110664	resfinderf|sul2|3	99.632	815	3	0	816423	817237	815	1	0.0	1489
accn|CP110664	resfinderf|sul2|1	99.632	815	3	0	816423	817237	815	1	0.0	1489
accn|CP110664	resfinderf|sul2|21	99.509	815	4	0	816423	817237	815	1	0.0	1483
accn|CP110664	resfinderf|aph(3__)-Ib|2	99.875	803	1	0	815596	816398	804	2	0.0	1478
accn|CP110664	resfinderf|aph(3__)-Ib|5	99.751	804	2	0	815596	816399	804	1	0.0	1474
accn|CP110664	resfinderf|aph(3__)-Ib|4	99.751	804	2	0	815596	816399	804	1	0.0	1474
accn|CP110664	resfinderf|aph(3__)-Ib|3	99.751	804	2	0	815596	816399	804	1	0.0	1474
accn|CP110664	ICEberg|1863|ICEShaJpn1|GenBank|BFBQ01000004.1|213376..320508_Shewanella_halifaxensis_6JANF4-E-4_DNA__sequence4__whole_genome_shotgun_sequence	100.000	794	0	0	816423	817216	18253	19046	0.0	1467
accn|CP110664	resfinderf|aph(3__)-Ib|1	99.502	804	4	0	815596	816399	804	1	0.0	1463
accn|CP110664	resfinderf|sul2|5	99.018	815	8	0	816423	817237	815	1	0.0	1461
accn|CP110664	VFG042960(gb|WP_009874617)_(APL_RS04580)_prepilin_peptidase_[Type_IV_pili_(VF1198)_-_Adherence_(VFC0001)]_[Actinobacillus_pleuropneumoniae_serovar_5b_str._L20]	99.844	639	1	0	1062190	1062828	639	1	0.0	1175
accn|CP110664	VFG042963(gb|WP_009874618)_(APL_RS04595)_prepilin-type_N-terminal_cleavage_methylation_domain-containing_protein_[Type_IV_pili_(VF1198)_-_Adherence_(VFC0001)]_[Actinobacillus_pleuropneumoniae_serovar_5b_str._L20]	98.210	447	6	2	1065454	1065899	446	1	0.0	780
accn|CP110664	ICEberg|1702|ICEHin8|GenBank|LS483392.1|192252..244996_Haemophilus_influenzae_strain_NCTC11931_genome_assembly__chromosome__1	96.269	134	2	1	2038443	2038576	131	1	1.29e-51	217
accn|CP110664	ICEberg|1702|ICEHin8|GenBank|LS483392.1|192252..244996_Haemophilus_influenzae_strain_NCTC11931_genome_assembly__chromosome__1	98.701	77	1	0	354507	354583	77	1	1.03e-27	137
accn|CP110664	ICEberg|1702|ICEHin8|GenBank|LS483392.1|192252..244996_Haemophilus_influenzae_strain_NCTC11931_genome_assembly__chromosome__1	95.000	80	3	1	2048961	2049040	52745	52667	8.02e-24	124
accn|CP110664	ICEberg|1702|ICEHin8|GenBank|LS483392.1|192252..244996_Haemophilus_influenzae_strain_NCTC11931_genome_assembly__chromosome__1	95.000	80	3	1	2038501	2038580	52745	52667	8.02e-24	124
accn|CP110664	ICEberg|1702|ICEHin8|GenBank|LS483392.1|192252..244996_Haemophilus_influenzae_strain_NCTC11931_genome_assembly__chromosome__1	96.053	76	3	0	354508	354583	52745	52670	8.02e-24	124
accn|CP110664	ICEberg|1597|ICEApa1|GenBank|CP050316.1|2129122..2199489_Avibacterium_paragallinarum_strain_ESV-135_chromosome__complete_genome	96.124	129	4	1	2038448	2038576	128	1	2.15e-49	209
accn|CP110664	ICEberg|1597|ICEApa1|GenBank|CP050316.1|2129122..2199489_Avibacterium_paragallinarum_strain_ESV-135_chromosome__complete_genome	96.053	76	3	0	354508	354583	76	1	8.02e-24	124
accn|CP110664	ICEberg|1597|ICEApa1|GenBank|CP050316.1|2129122..2199489_Avibacterium_paragallinarum_strain_ESV-135_chromosome__complete_genome	96.053	76	3	0	2048961	2049036	70368	70293	8.02e-24	124
accn|CP110664	ICEberg|1597|ICEApa1|GenBank|CP050316.1|2129122..2199489_Avibacterium_paragallinarum_strain_ESV-135_chromosome__complete_genome	96.053	76	3	0	2038501	2038576	70368	70293	8.02e-24	124
accn|CP110664	ICEberg|1597|ICEApa1|GenBank|CP050316.1|2129122..2199489_Avibacterium_paragallinarum_strain_ESV-135_chromosome__complete_genome	96.053	76	3	0	354508	354583	70368	70293	8.02e-24	124
accn|CP110664	ICEberg|1700|ICEHdu1|GenBank|NC_002940.2|718953..768668_[Haemophilus]_ducreyi_35000HP__complete_sequence	98.889	90	1	0	1578216	1578305	49627	49716	6.11e-35	161
accn|CP110664	ICEberg|1700|ICEHdu1|GenBank|NC_002940.2|718953..768668_[Haemophilus]_ducreyi_35000HP__complete_sequence	98.889	90	1	0	1578427	1578516	49627	49716	6.11e-35	161
accn|CP110664	ICEberg|1700|ICEHdu1|GenBank|NC_002940.2|718953..768668_[Haemophilus]_ducreyi_35000HP__complete_sequence	98.876	89	1	0	1578098	1578186	49628	49716	2.20e-34	159
accn|CP110664	ICEberg|1700|ICEHdu1|GenBank|NC_002940.2|718953..768668_[Haemophilus]_ducreyi_35000HP__complete_sequence	100.000	76	0	0	929072	929147	1	76	7.96e-29	141
accn|CP110664	ICEberg|1700|ICEHdu1|GenBank|NC_002940.2|718953..768668_[Haemophilus]_ducreyi_35000HP__complete_sequence	100.000	76	0	0	1578528	1578603	1	76	7.96e-29	141
accn|CP110664	ICEberg|1700|ICEHdu1|GenBank|NC_002940.2|718953..768668_[Haemophilus]_ducreyi_35000HP__complete_sequence	100.000	76	0	0	2114647	2114722	49501	49576	7.96e-29	141
accn|CP110664	ICEberg|1700|ICEHdu1|GenBank|NC_002940.2|718953..768668_[Haemophilus]_ducreyi_35000HP__complete_sequence	100.000	76	0	0	2114757	2114832	49501	49576	7.96e-29	141
accn|CP110664	ICEberg|1700|ICEHdu1|GenBank|NC_002940.2|718953..768668_[Haemophilus]_ducreyi_35000HP__complete_sequence	100.000	76	0	0	2114856	2114931	49501	49576	7.96e-29	141
accn|CP110664	ICEberg|1701|ICEHdu2|GenBank|CP015434.1|162562..211583_[Haemophilus]_ducreyi_strain_GHA9__complete_genome	100.000	76	0	0	2114856	2114931	77	2	7.96e-29	141
accn|CP110664	ICEberg|1701|ICEHdu2|GenBank|CP015434.1|162562..211583_[Haemophilus]_ducreyi_strain_GHA9__complete_genome	100.000	76	0	0	2114757	2114832	77	2	7.96e-29	141
accn|CP110664	ICEberg|1701|ICEHdu2|GenBank|CP015434.1|162562..211583_[Haemophilus]_ducreyi_strain_GHA9__complete_genome	100.000	76	0	0	2114647	2114722	77	2	7.96e-29	141
accn|CP110664	ICEberg|1701|ICEHdu2|GenBank|CP015434.1|162562..211583_[Haemophilus]_ducreyi_strain_GHA9__complete_genome	97.590	83	0	2	929072	929152	49022	48940	7.96e-29	141
accn|CP110664	ICEberg|1701|ICEHdu2|GenBank|CP015434.1|162562..211583_[Haemophilus]_ducreyi_strain_GHA9__complete_genome	100.000	76	0	0	1578528	1578603	49022	48947	7.96e-29	141
accn|CP110664	ICEberg|1701|ICEHdu2|GenBank|CP015434.1|162562..211583_[Haemophilus]_ducreyi_strain_GHA9__complete_genome	97.059	68	2	0	1578216	1578283	48918	48851	4.83e-21	115
accn|CP110664	ICEberg|1586|ICEAac3|GenBank|CP043003.1|2132073..2197982_Aggregatibacter_actinomycetemcomitans_strain_HK_907_chromosome__complete_genome	100.000	76	0	0	1577978	1578053	76	1	7.96e-29	141
accn|CP110664	ICEberg|1586|ICEAac3|GenBank|CP043003.1|2132073..2197982_Aggregatibacter_actinomycetemcomitans_strain_HK_907_chromosome__complete_genome	100.000	76	0	0	929072	929147	76	1	7.96e-29	141
accn|CP110664	ICEberg|1586|ICEAac3|GenBank|CP043003.1|2132073..2197982_Aggregatibacter_actinomycetemcomitans_strain_HK_907_chromosome__complete_genome	100.000	76	0	0	2114856	2114931	292	217	7.96e-29	141
accn|CP110664	ICEberg|1586|ICEAac3|GenBank|CP043003.1|2132073..2197982_Aggregatibacter_actinomycetemcomitans_strain_HK_907_chromosome__complete_genome	100.000	76	0	0	2114757	2114832	292	217	7.96e-29	141
accn|CP110664	ICEberg|1586|ICEAac3|GenBank|CP043003.1|2132073..2197982_Aggregatibacter_actinomycetemcomitans_strain_HK_907_chromosome__complete_genome	100.000	76	0	0	2114647	2114722	292	217	7.96e-29	141
accn|CP110664	ICEberg|1586|ICEAac3|GenBank|CP043003.1|2132073..2197982_Aggregatibacter_actinomycetemcomitans_strain_HK_907_chromosome__complete_genome	98.571	70	1	0	1578211	1578280	64314	64245	8.02e-24	124
accn|CP110664	ICEberg|1586|ICEAac3|GenBank|CP043003.1|2132073..2197982_Aggregatibacter_actinomycetemcomitans_strain_HK_907_chromosome__complete_genome	98.507	67	1	0	1578425	1578491	64311	64245	3.73e-22	119
accn|CP110664	ICEberg|1586|ICEAac3|GenBank|CP043003.1|2132073..2197982_Aggregatibacter_actinomycetemcomitans_strain_HK_907_chromosome__complete_genome	100.000	62	0	0	2114856	2114917	64407	64346	4.83e-21	115
accn|CP110664	ICEberg|1586|ICEAac3|GenBank|CP043003.1|2132073..2197982_Aggregatibacter_actinomycetemcomitans_strain_HK_907_chromosome__complete_genome	100.000	62	0	0	2114757	2114818	64407	64346	4.83e-21	115
accn|CP110664	ICEberg|1586|ICEAac3|GenBank|CP043003.1|2132073..2197982_Aggregatibacter_actinomycetemcomitans_strain_HK_907_chromosome__complete_genome	100.000	62	0	0	2114647	2114708	64407	64346	4.83e-21	115
accn|CP110664	ICEberg|1586|ICEAac3|GenBank|CP043003.1|2132073..2197982_Aggregatibacter_actinomycetemcomitans_strain_HK_907_chromosome__complete_genome	98.438	64	1	0	1578098	1578161	64308	64245	1.74e-20	113
accn|CP110664	ICEberg|1584|ICEAac1|GenBank|CP012959.1|2164508..2181462_Aggregatibacter_actinomycetemcomitans_strain_624__complete_genome	100.000	76	0	0	929072	929147	16880	16955	7.96e-29	141
accn|CP110664	ICEberg|1584|ICEAac1|GenBank|CP012959.1|2164508..2181462_Aggregatibacter_actinomycetemcomitans_strain_624__complete_genome	100.000	76	0	0	1577978	1578053	16880	16955	7.96e-29	141
accn|CP110664	ICEberg|1584|ICEAac1|GenBank|CP012959.1|2164508..2181462_Aggregatibacter_actinomycetemcomitans_strain_624__complete_genome	100.000	76	0	0	1578328	1578403	16880	16955	7.96e-29	141
accn|CP110664	ICEberg|2010|Tn6783_201330|GenBank|CP054623.1|2596147..2668162_Pseudomonas_aeruginosa_strain_DL201330_chromosome__complete_genome	98.718	78	1	0	1577978	1578055	66974	66897	2.86e-28	139
accn|CP110664	ICEberg|2010|Tn6783_201330|GenBank|CP054623.1|2596147..2668162_Pseudomonas_aeruginosa_strain_DL201330_chromosome__complete_genome	98.701	77	1	0	1578528	1578604	66974	66898	1.03e-27	137
accn|CP110664	ICEberg|2010|Tn6783_201330|GenBank|CP054623.1|2596147..2668162_Pseudomonas_aeruginosa_strain_DL201330_chromosome__complete_genome	98.684	76	1	0	1578328	1578403	66974	66899	3.70e-27	135
accn|CP110664	ICEberg|2010|Tn6783_201330|GenBank|CP054623.1|2596147..2668162_Pseudomonas_aeruginosa_strain_DL201330_chromosome__complete_genome	98.684	76	1	0	929072	929147	66974	66899	3.70e-27	135
accn|CP110664	ICEberg|1581|ICE6660|GenBank|MK497171.1|1..112205_Pseudomonas_aeruginosa_sequence	95.294	85	4	0	1578519	1578603	112121	112205	3.70e-27	135
accn|CP110664	ICEberg|1581|ICE6660|GenBank|MK497171.1|1..112205_Pseudomonas_aeruginosa_sequence	98.684	76	1	0	929072	929147	112130	112205	3.70e-27	135
accn|CP110664	ICEberg|1581|ICE6660|GenBank|MK497171.1|1..112205_Pseudomonas_aeruginosa_sequence	98.684	76	1	0	1577978	1578053	112130	112205	3.70e-27	135
accn|CP110664	ICEberg|1718|ICEHso3|GenBank|NC_008309.1|1952153..2005728_Histophilus_somni_129PT__complete_sequence	96.053	76	3	0	354508	354583	99	174	8.02e-24	124
accn|CP110664	ICEberg|960|ICEApl1|GenBank|KU551309|27..56176_Actinobacillus_pleuropneumoniae_strain_MIDG2427_tRNA-Leu_gene__integrative_conjugative_element_ICEApl1_mobile_element__and_tRNA-Gly_gene__complete_sequence	98.485	66	1	0	1578429	1578494	56150	56085	1.34e-21	117
accn|CP110664	ICEberg|960|ICEApl1|GenBank|KU551309|27..56176_Actinobacillus_pleuropneumoniae_strain_MIDG2427_tRNA-Leu_gene__integrative_conjugative_element_ICEApl1_mobile_element__and_tRNA-Gly_gene__complete_sequence	98.485	66	1	0	1578218	1578283	56150	56085	1.34e-21	117
accn|CP110664	ICEberg|960|ICEApl1|GenBank|KU551309|27..56176_Actinobacillus_pleuropneumoniae_strain_MIDG2427_tRNA-Leu_gene__integrative_conjugative_element_ICEApl1_mobile_element__and_tRNA-Gly_gene__complete_sequence	98.485	66	1	0	1578099	1578164	56150	56085	1.34e-21	117
accn|CP110664	ICEberg|960|ICEApl1|GenBank|KU551309|27..56176_Actinobacillus_pleuropneumoniae_strain_MIDG2427_tRNA-Leu_gene__integrative_conjugative_element_ICEApl1_mobile_element__and_tRNA-Gly_gene__complete_sequence	97.015	67	2	0	1578429	1578495	67	1	1.74e-20	113
accn|CP110664	ICEberg|960|ICEApl1|GenBank|KU551309|27..56176_Actinobacillus_pleuropneumoniae_strain_MIDG2427_tRNA-Leu_gene__integrative_conjugative_element_ICEApl1_mobile_element__and_tRNA-Gly_gene__complete_sequence	97.015	67	2	0	1578218	1578284	67	1	1.74e-20	113
accn|CP110664	ICEberg|960|ICEApl1|GenBank|KU551309|27..56176_Actinobacillus_pleuropneumoniae_strain_MIDG2427_tRNA-Leu_gene__integrative_conjugative_element_ICEApl1_mobile_element__and_tRNA-Gly_gene__complete_sequence	97.015	67	2	0	1578099	1578165	67	1	1.74e-20	113
accn|CP110664	ICEberg|60|ICEHin1056|GenBank|AJ627386|1..59393_Haemophilus_influenzae_plasmid_ICEhin1056	95.455	66	3	0	1578429	1578494	66	1	2.90e-18	106
accn|CP110664	ICEberg|60|ICEHin1056|GenBank|AJ627386|1..59393_Haemophilus_influenzae_plasmid_ICEhin1056	95.455	66	3	0	1578218	1578283	66	1	2.90e-18	106
accn|CP110664	ICEberg|60|ICEHin1056|GenBank|AJ627386|1..59393_Haemophilus_influenzae_plasmid_ICEhin1056	95.455	66	3	0	1578099	1578164	66	1	2.90e-18	106
accn|CP110664	ICEberg|350|ICEHpaT3T1|GenBank|FQ312002|1153089..1213144_Haemophilus_parainfluenzae_T3T1_genome	96.825	63	2	0	1578099	1578161	59991	60053	2.90e-18	106
accn|CP110664	ICEberg|350|ICEHpaT3T1|GenBank|FQ312002|1153089..1213144_Haemophilus_parainfluenzae_T3T1_genome	96.825	63	2	0	1578218	1578280	59991	60053	2.90e-18	106
accn|CP110664	ICEberg|350|ICEHpaT3T1|GenBank|FQ312002|1153089..1213144_Haemophilus_parainfluenzae_T3T1_genome	96.825	63	2	0	1578429	1578491	59991	60053	2.90e-18	106
accn|CP110664	ICEberg|349|ICEHpa8f|GenBank|AM884335|1..52725_Haemophilus_influenzae_parA_gene_for_chromosome_partitioning_protein__strain_8f	95.455	66	3	0	1578429	1578494	66	1	2.90e-18	106
accn|CP110664	ICEberg|349|ICEHpa8f|GenBank|AM884335|1..52725_Haemophilus_influenzae_parA_gene_for_chromosome_partitioning_protein__strain_8f	95.455	66	3	0	1578218	1578283	66	1	2.90e-18	106
accn|CP110664	ICEberg|349|ICEHpa8f|GenBank|AM884335|1..52725_Haemophilus_influenzae_parA_gene_for_chromosome_partitioning_protein__strain_8f	95.455	66	3	0	1578099	1578164	66	1	2.90e-18	106
accn|CP110664	ICEberg|348|ICEHin299|GenBank|AM884334|1..53902_Haemophilus_influenzae_parA_gene_for_chromosome_partitioning_protein__strain_299	95.455	66	3	0	1578429	1578494	66	1	2.90e-18	106
accn|CP110664	ICEberg|348|ICEHin299|GenBank|AM884334|1..53902_Haemophilus_influenzae_parA_gene_for_chromosome_partitioning_protein__strain_299	95.455	66	3	0	1578218	1578283	66	1	2.90e-18	106
accn|CP110664	ICEberg|348|ICEHin299|GenBank|AM884334|1..53902_Haemophilus_influenzae_parA_gene_for_chromosome_partitioning_protein__strain_299	95.455	66	3	0	1578099	1578164	66	1	2.90e-18	106
accn|CP110664	ICEberg|346|ICEHinB|GenBank|FQ312006|87548..143543_Haemophilus_influenzae_10810_genome	95.455	66	3	0	1578429	1578494	66	1	2.90e-18	106
accn|CP110664	ICEberg|346|ICEHinB|GenBank|FQ312006|87548..143543_Haemophilus_influenzae_10810_genome	95.455	66	3	0	1578218	1578283	66	1	2.90e-18	106
accn|CP110664	ICEberg|346|ICEHinB|GenBank|FQ312006|87548..143543_Haemophilus_influenzae_10810_genome	95.455	66	3	0	1578099	1578164	66	1	2.90e-18	106
accn|CP110664	ICEberg|2046|Tn7100|GenBank|OW736085.1|1..73601_Haemophilus_influenzae_strain_Hi-228_transposon_7100__complete_sequence	95.455	66	3	0	1578429	1578494	66	1	2.90e-18	106
accn|CP110664	ICEberg|2046|Tn7100|GenBank|OW736085.1|1..73601_Haemophilus_influenzae_strain_Hi-228_transposon_7100__complete_sequence	95.455	66	3	0	1578218	1578283	66	1	2.90e-18	106
accn|CP110664	ICEberg|2046|Tn7100|GenBank|OW736085.1|1..73601_Haemophilus_influenzae_strain_Hi-228_transposon_7100__complete_sequence	95.455	66	3	0	1578099	1578164	66	1	2.90e-18	106
accn|CP110664	ICEberg|2007|Tn6687|GenBank|MN106412.1|1..68777_Haemophilus_influenzae_strain_0_transposon_Tn6687__complete_sequence	95.455	66	3	0	1578429	1578494	66	1	2.90e-18	106
accn|CP110664	ICEberg|2007|Tn6687|GenBank|MN106412.1|1..68777_Haemophilus_influenzae_strain_0_transposon_Tn6687__complete_sequence	95.455	66	3	0	1578218	1578283	66	1	2.90e-18	106
accn|CP110664	ICEberg|2007|Tn6687|GenBank|MN106412.1|1..68777_Haemophilus_influenzae_strain_0_transposon_Tn6687__complete_sequence	95.455	66	3	0	1578099	1578164	66	1	2.90e-18	106
accn|CP110664	ICEberg|2006|Tn6686|GenBank|MN106411.1|1..64737_Haemophilus_influenzae_strain_G_transposon_Tn6686__complete_sequence	95.455	66	3	0	1578429	1578494	66	1	2.90e-18	106
accn|CP110664	ICEberg|2006|Tn6686|GenBank|MN106411.1|1..64737_Haemophilus_influenzae_strain_G_transposon_Tn6686__complete_sequence	95.455	66	3	0	1578218	1578283	66	1	2.90e-18	106
accn|CP110664	ICEberg|2006|Tn6686|GenBank|MN106411.1|1..64737_Haemophilus_influenzae_strain_G_transposon_Tn6686__complete_sequence	95.455	66	3	0	1578099	1578164	66	1	2.90e-18	106
accn|CP110664	ICEberg|2005|Tn6685|GenBank|MN106410.1|1..52414_Haemophilus_influenzae_strain_E_transposon_Tn6685__complete_sequence	95.455	66	3	0	1578429	1578494	66	1	2.90e-18	106
accn|CP110664	ICEberg|2005|Tn6685|GenBank|MN106410.1|1..52414_Haemophilus_influenzae_strain_E_transposon_Tn6685__complete_sequence	95.455	66	3	0	1578218	1578283	66	1	2.90e-18	106
accn|CP110664	ICEberg|2005|Tn6685|GenBank|MN106410.1|1..52414_Haemophilus_influenzae_strain_E_transposon_Tn6685__complete_sequence	95.455	66	3	0	1578099	1578164	66	1	2.90e-18	106
accn|CP110664	ICEberg|1592|ICEAeq1|GenBank|LR134310.1|200137..254057_Actinobacillus_equuli_strain_NCTC8529_genome_assembly__chromosome__1	96.491	57	0	2	986815	986870	44607	44662	2.26e-14	93.5
accn|CP110664	ICEberg|1592|ICEAeq1|GenBank|LR134310.1|200137..254057_Actinobacillus_equuli_strain_NCTC8529_genome_assembly__chromosome__1	95.349	43	2	0	2122669	2122711	44792	44750	3.81e-07	69.4
accn|CP110664	ICEberg|1685|ICEEC8|GenBank|LOGV01000031.1|282800..364210_Escherichia_coli_strain_STEC_2174_STEC2174_contig_26__whole_genome_shotgun_sequence	96.154	52	2	0	2038734	2038785	1	52	3.78e-12	86.1
accn|CP110664	ICEberg|1685|ICEEC8|GenBank|LOGV01000031.1|282800..364210_Escherichia_coli_strain_STEC_2174_STEC2174_contig_26__whole_genome_shotgun_sequence	96.078	51	2	0	2038445	2038495	1	51	1.36e-11	84.2
