accn|JAMDKB010000001	ICEberg|1807|ICEPmu4|GenBank|CP038875.1|2009809..2087766_Pasteurella_multocida_strain_FCf83_chromosome__complete_genome	97.756	713	16	0	1	713	46558	47270	0.0	1229
accn|JAMDKB010000001	ICEberg|2010|Tn6783_201330|GenBank|CP054623.1|2596147..2668162_Pseudomonas_aeruginosa_strain_DL201330_chromosome__complete_genome	98.795	83	1	0	90649	90731	66979	66897	4.41e-32	148
accn|JAMDKB010000001	ICEberg|1701|ICEHdu2|GenBank|CP015434.1|162562..211583_[Haemophilus]_ducreyi_strain_GHA9__complete_genome	98.765	81	1	0	90654	90734	49022	48942	5.70e-31	145
accn|JAMDKB010000001	ICEberg|1701|ICEHdu2|GenBank|CP015434.1|162562..211583_[Haemophilus]_ducreyi_strain_GHA9__complete_genome	97.368	76	2	0	90563	90638	49022	48947	1.60e-26	130
accn|JAMDKB010000001	ICEberg|1700|ICEHdu1|GenBank|NC_002940.2|718953..768668_[Haemophilus]_ducreyi_35000HP__complete_sequence	98.765	81	1	0	90654	90734	1	81	5.70e-31	145
accn|JAMDKB010000001	ICEberg|1700|ICEHdu1|GenBank|NC_002940.2|718953..768668_[Haemophilus]_ducreyi_35000HP__complete_sequence	97.368	76	2	0	90563	90638	1	76	1.60e-26	130
accn|JAMDKB010000001	ICEberg|1586|ICEAac3|GenBank|CP043003.1|2132073..2197982_Aggregatibacter_actinomycetemcomitans_strain_HK_907_chromosome__complete_genome	100.000	77	0	0	90653	90729	77	1	2.05e-30	143
accn|JAMDKB010000001	ICEberg|1586|ICEAac3|GenBank|CP043003.1|2132073..2197982_Aggregatibacter_actinomycetemcomitans_strain_HK_907_chromosome__complete_genome	97.403	77	2	0	90562	90638	77	1	4.44e-27	132
accn|JAMDKB010000001	ICEberg|1584|ICEAac1|GenBank|CP012959.1|2164508..2181462_Aggregatibacter_actinomycetemcomitans_strain_624__complete_genome	100.000	77	0	0	90653	90729	16879	16955	2.05e-30	143
accn|JAMDKB010000001	ICEberg|1584|ICEAac1|GenBank|CP012959.1|2164508..2181462_Aggregatibacter_actinomycetemcomitans_strain_624__complete_genome	97.403	77	2	0	90562	90638	16879	16955	4.44e-27	132
accn|JAMDKB010000001	ICEberg|1581|ICE6660|GenBank|MK497171.1|1..112205_Pseudomonas_aeruginosa_sequence	98.701	77	1	0	90653	90729	112129	112205	9.54e-29	137
accn|JAMDKB010000001	ICEberg|987|ICEMh1|GenBank|CP005383|2128248..2190602_Mannheimia_haemolytica_M42548__complete_genome	95.522	67	2	1	126239	126305	49030	48965	2.69e-19	106
accn|JAMDKB010000001	ICEberg|441|ICEHso2336-1|GenBank|CP000947|1927921..1994529_Haemophilus_somnus_2336__complete_genome	95.522	67	2	1	126239	126305	43168	43103	2.69e-19	106
accn|JAMDKB010000001	ICEberg|440|ICEPmu1|GenBank|CP003022|273284..355497_Pasteurella_multocida_36950__complete_genome	95.522	67	2	1	126239	126305	61114	61049	2.69e-19	106
accn|JAMDKB010000001	ICEberg|1734|ICEMh3|GenBank|CP006942.1|959858..1026317_Mannheimia_sp._USDA-ARS-USMARC-1261__complete_genome	95.522	67	2	1	126239	126305	23379	23444	2.69e-19	106
accn|JAMDKB010000001	ICEberg|1719|ICEHso4|GenBank|CP018803.1|686759..761246_Histophilus_somni_strain_USDA-ARS-USMARC-63255_chromosome__complete_genome	95.522	67	2	1	126239	126305	13326	13391	2.69e-19	106
accn|JAMDKB010000001	ICEberg|1719|ICEHso4|GenBank|CP018803.1|686759..761246_Histophilus_somni_strain_USDA-ARS-USMARC-63255_chromosome__complete_genome	98.276	58	0	1	210284	210341	72916	72972	1.25e-17	100
accn|JAMDKB010000001	ICEberg|1717|ICEHs1|GenBank|MF136609.1|1..64932_Histophilus_somni_strain_AVI_1_integrative_conjugative_element_ICEHs1__complete_sequence	95.522	67	2	1	126239	126305	43180	43115	2.69e-19	106
accn|JAMDKB010000001	ICEberg|1716|ICEHs02|GenBank|CP042993.1|687500..760418_Histophilus_somni_strain_UOC-KLM-ATR-014_chromosome__complete_genome	95.522	67	2	1	126239	126305	13278	13343	2.69e-19	106
accn|JAMDKB010000001	ICEberg|1716|ICEHs02|GenBank|CP042993.1|687500..760418_Histophilus_somni_strain_UOC-KLM-ATR-014_chromosome__complete_genome	100.000	52	0	0	210284	210335	72868	72919	1.62e-16	97.1
accn|JAMDKB010000001	ICEberg|1603|ICEAsu1|GenBank|CP009159.1|982132..1037894_Actinobacillus_suis_ATCC_33415__complete_genome	95.522	67	2	1	126239	126305	16328	16393	2.69e-19	106
accn|JAMDKB010000001	ICEberg|1697|ICEGpa2|GenBank|CP049090.1|1351751..1421790_Glaesserella_parasuis_strain_aHPS7_chromosome__complete_genome	96.774	62	1	1	210280	210341	1537	1477	3.48e-18	102
accn|JAMDKB010000001	ICEberg|1713|ICEHpa1|GenBank|CP054198.1|1511383..1580304_Glaesserella_parasuis_strain_YHP170504_chromosome__complete_genome	95.082	61	1	2	210280	210340	59	1	5.82e-16	95.3
accn|JAMDKB010000001	ICEberg|1736|ICEMha2|GenBank|NC_020833.2|1557279..1616347_Mannheimia_haemolytica_USDA-ARS-USMARC-183__complete_sequence	95.000	60	2	1	210284	210343	3883	3825	2.09e-15	93.5
accn|JAMDKB010000003	ICEberg|1698|ICEGpa3|GenBank|CP018032.1|1710663..1776472_Glaesserella_parasuis_D74__complete_sequence	100.000	34	0	0	2	35	64743	64710	8.91e-07	63.9
accn|JAMDKB010000005	ICEberg|1698|ICEGpa3|GenBank|CP018032.1|1710663..1776472_Glaesserella_parasuis_D74__complete_sequence	100.000	34	0	0	115319	115352	64743	64710	8.57e-07	63.9
accn|JAMDKB010000011	ICEberg|1807|ICEPmu4|GenBank|CP038875.1|2009809..2087766_Pasteurella_multocida_strain_FCf83_chromosome__complete_genome	100.000	149	0	0	1	149	46706	46558	5.00e-71	276
accn|JAMDKB010000011	ICEberg|1807|ICEPmu4|GenBank|CP038875.1|2009809..2087766_Pasteurella_multocida_strain_FCf83_chromosome__complete_genome	100.000	78	0	0	11644	11721	77881	77958	1.47e-31	145
accn|JAMDKB010000011	ICEberg|1807|ICEPmu4|GenBank|CP038875.1|2009809..2087766_Pasteurella_multocida_strain_FCf83_chromosome__complete_genome	96.296	81	3	0	11646	11726	1	81	3.19e-28	134
accn|JAMDKB010000011	ICEberg|1718|ICEHso3|GenBank|NC_008309.1|1952153..2005728_Histophilus_somni_129PT__complete_sequence	95.455	88	3	1	11640	11726	92	179	6.85e-30	139
accn|JAMDKB010000011	ICEberg|1804|ICEPmu3|GenBank|CP038873.1|1026914..1096464_Pasteurella_multocida_strain_FCf45_chromosome__complete_genome	96.296	81	3	0	11646	11726	69551	69471	3.19e-28	134
accn|JAMDKB010000011	ICEberg|1702|ICEHin8|GenBank|LS483392.1|192252..244996_Haemophilus_influenzae_strain_NCTC11931_genome_assembly__chromosome__1	96.296	81	3	0	11646	11726	52745	52665	3.19e-28	134
accn|JAMDKB010000011	ICEberg|1597|ICEApa1|GenBank|CP050316.1|2129122..2199489_Avibacterium_paragallinarum_strain_ESV-135_chromosome__complete_genome	96.296	81	3	0	11646	11726	70368	70288	3.19e-28	134
accn|JAMDKB010000011	ICEberg|1597|ICEApa1|GenBank|CP050316.1|2129122..2199489_Avibacterium_paragallinarum_strain_ESV-135_chromosome__complete_genome	97.368	76	2	0	11646	11721	76	1	4.12e-27	130
accn|JAMDKB010000012	ICEberg|1698|ICEGpa3|GenBank|CP018032.1|1710663..1776472_Glaesserella_parasuis_D74__complete_sequence	100.000	34	0	0	56046	56079	64743	64710	4.17e-07	63.9
accn|JAMDKB010000015	ICEberg|987|ICEMh1|GenBank|CP005383|2128248..2190602_Mannheimia_haemolytica_M42548__complete_genome	98.276	58	0	1	25958	26015	48974	49030	2.81e-18	100
accn|JAMDKB010000015	ICEberg|441|ICEHso2336-1|GenBank|CP000947|1927921..1994529_Haemophilus_somnus_2336__complete_genome	98.276	58	0	1	25958	26015	43112	43168	2.81e-18	100
accn|JAMDKB010000015	ICEberg|440|ICEPmu1|GenBank|CP003022|273284..355497_Pasteurella_multocida_36950__complete_genome	98.276	58	0	1	25958	26015	61058	61114	2.81e-18	100
accn|JAMDKB010000015	ICEberg|1734|ICEMh3|GenBank|CP006942.1|959858..1026317_Mannheimia_sp._USDA-ARS-USMARC-1261__complete_genome	98.276	58	0	1	25958	26015	23435	23379	2.81e-18	100
accn|JAMDKB010000015	ICEberg|1719|ICEHso4|GenBank|CP018803.1|686759..761246_Histophilus_somni_strain_USDA-ARS-USMARC-63255_chromosome__complete_genome	98.276	58	0	1	25958	26015	13382	13326	2.81e-18	100
accn|JAMDKB010000015	ICEberg|1717|ICEHs1|GenBank|MF136609.1|1..64932_Histophilus_somni_strain_AVI_1_integrative_conjugative_element_ICEHs1__complete_sequence	98.276	58	0	1	25958	26015	43124	43180	2.81e-18	100
accn|JAMDKB010000015	ICEberg|1716|ICEHs02|GenBank|CP042993.1|687500..760418_Histophilus_somni_strain_UOC-KLM-ATR-014_chromosome__complete_genome	98.276	58	0	1	25958	26015	13334	13278	2.81e-18	100
accn|JAMDKB010000015	ICEberg|1603|ICEAsu1|GenBank|CP009159.1|982132..1037894_Actinobacillus_suis_ATCC_33415__complete_genome	98.276	58	0	1	25958	26015	16384	16328	2.81e-18	100
accn|JAMDKB010000016	ICEberg|1804|ICEPmu3|GenBank|CP038873.1|1026914..1096464_Pasteurella_multocida_strain_FCf45_chromosome__complete_genome	97.990	9801	197	0	49932	59732	27965	18165	0.0	17008
accn|JAMDKB010000016	ICEberg|1804|ICEPmu3|GenBank|CP038873.1|1026914..1096464_Pasteurella_multocida_strain_FCf45_chromosome__complete_genome	98.919	7216	78	0	38007	45222	40510	33295	0.0	12894
accn|JAMDKB010000016	ICEberg|1804|ICEPmu3|GenBank|CP038873.1|1026914..1096464_Pasteurella_multocida_strain_FCf45_chromosome__complete_genome	97.004	6174	174	10	27008	33176	69551	63384	0.0	10366
accn|JAMDKB010000016	ICEberg|1804|ICEPmu3|GenBank|CP038873.1|1026914..1096464_Pasteurella_multocida_strain_FCf45_chromosome__complete_genome	97.000	4234	113	3	45373	49606	32980	28761	0.0	7103
accn|JAMDKB010000016	ICEberg|1804|ICEPmu3|GenBank|CP038873.1|1026914..1096464_Pasteurella_multocida_strain_FCf45_chromosome__complete_genome	98.614	2525	35	0	35491	38015	61311	58787	0.0	4470
accn|JAMDKB010000016	ICEberg|1807|ICEPmu4|GenBank|CP038875.1|2009809..2087766_Pasteurella_multocida_strain_FCf83_chromosome__complete_genome	96.920	9839	291	7	49902	59729	22795	32632	0.0	16480
accn|JAMDKB010000016	ICEberg|1807|ICEPmu4|GenBank|CP038875.1|2009809..2087766_Pasteurella_multocida_strain_FCf83_chromosome__complete_genome	95.949	7505	296	8	37722	45222	10572	18072	0.0	12168
accn|JAMDKB010000016	ICEberg|1807|ICEPmu4|GenBank|CP038875.1|2009809..2087766_Pasteurella_multocida_strain_FCf83_chromosome__complete_genome	96.041	6290	235	13	27008	33290	1	6283	0.0	10224
accn|JAMDKB010000016	ICEberg|1807|ICEPmu4|GenBank|CP038875.1|2009809..2087766_Pasteurella_multocida_strain_FCf83_chromosome__complete_genome	96.952	4232	120	3	45373	49601	18387	22612	0.0	7092
accn|JAMDKB010000016	ICEberg|1807|ICEPmu4|GenBank|CP038875.1|2009809..2087766_Pasteurella_multocida_strain_FCf83_chromosome__complete_genome	96.403	2419	84	3	70910	73326	44850	47267	0.0	3982
accn|JAMDKB010000016	ICEberg|1807|ICEPmu4|GenBank|CP038875.1|2009809..2087766_Pasteurella_multocida_strain_FCf83_chromosome__complete_genome	96.947	131	4	0	26953	27083	77828	77958	3.05e-54	220
accn|JAMDKB010000016	ICEberg|1807|ICEPmu4|GenBank|CP038875.1|2009809..2087766_Pasteurella_multocida_strain_FCf83_chromosome__complete_genome	100.000	64	0	0	61013	61076	33858	33921	1.14e-23	119
accn|JAMDKB010000016	ICEberg|1807|ICEPmu4|GenBank|CP038875.1|2009809..2087766_Pasteurella_multocida_strain_FCf83_chromosome__complete_genome	100.000	64	0	0	60976	61039	33895	33958	1.14e-23	119
accn|JAMDKB010000016	ICEberg|1597|ICEApa1|GenBank|CP050316.1|2129122..2199489_Avibacterium_paragallinarum_strain_ESV-135_chromosome__complete_genome	95.995	10138	383	7	49606	59732	30680	20555	0.0	16451
accn|JAMDKB010000016	ICEberg|1597|ICEApa1|GenBank|CP050316.1|2129122..2199489_Avibacterium_paragallinarum_strain_ESV-135_chromosome__complete_genome	95.305	6432	280	21	27008	33427	70368	63947	0.0	10185
accn|JAMDKB010000016	ICEberg|1597|ICEApa1|GenBank|CP050316.1|2129122..2199489_Avibacterium_paragallinarum_strain_ESV-135_chromosome__complete_genome	95.125	5149	241	10	37722	42866	45062	39920	0.0	8109
accn|JAMDKB010000016	ICEberg|1597|ICEApa1|GenBank|CP050316.1|2129122..2199489_Avibacterium_paragallinarum_strain_ESV-135_chromosome__complete_genome	97.083	3839	109	1	45766	49601	34676	30838	0.0	6466
accn|JAMDKB010000016	ICEberg|1597|ICEApa1|GenBank|CP050316.1|2129122..2199489_Avibacterium_paragallinarum_strain_ESV-135_chromosome__complete_genome	96.000	2500	87	7	43006	45505	37208	34722	0.0	4050
accn|JAMDKB010000016	ICEberg|1597|ICEApa1|GenBank|CP050316.1|2129122..2199489_Avibacterium_paragallinarum_strain_ESV-135_chromosome__complete_genome	98.473	131	2	0	26953	27083	131	1	1.41e-57	231
accn|JAMDKB010000016	ICEberg|1736|ICEMha2|GenBank|NC_020833.2|1557279..1616347_Mannheimia_haemolytica_USDA-ARS-USMARC-183__complete_sequence	98.113	53	1	0	40428	40480	46892	46840	6.94e-16	93.5
accn|JAMDKB010000016	ICEberg|960|ICEApl1|GenBank|KU551309|27..56176_Actinobacillus_pleuropneumoniae_strain_MIDG2427_tRNA-Leu_gene__integrative_conjugative_element_ICEApl1_mobile_element__and_tRNA-Gly_gene__complete_sequence	100.000	49	0	0	34828	34876	7481	7529	2.50e-15	91.6
accn|JAMDKB010000016	ICEberg|61|ICEHin86-1|GenBank|CP000057|92259..148366_Haemophilus_influenzae_86-028NP__complete_genome	100.000	49	0	0	34828	34876	7499	7547	2.50e-15	91.6
accn|JAMDKB010000016	ICEberg|60|ICEHin1056|GenBank|AJ627386|1..59393_Haemophilus_influenzae_plasmid_ICEhin1056	100.000	49	0	0	34828	34876	7480	7528	2.50e-15	91.6
accn|JAMDKB010000016	ICEberg|350|ICEHpaT3T1|GenBank|FQ312002|1153089..1213144_Haemophilus_parainfluenzae_T3T1_genome	100.000	49	0	0	34828	34876	52565	52517	2.50e-15	91.6
accn|JAMDKB010000016	ICEberg|349|ICEHpa8f|GenBank|AM884335|1..52725_Haemophilus_influenzae_parA_gene_for_chromosome_partitioning_protein__strain_8f	100.000	49	0	0	34828	34876	7588	7636	2.50e-15	91.6
accn|JAMDKB010000016	ICEberg|348|ICEHin299|GenBank|AM884334|1..53902_Haemophilus_influenzae_parA_gene_for_chromosome_partitioning_protein__strain_299	100.000	49	0	0	34828	34876	7564	7612	2.50e-15	91.6
accn|JAMDKB010000016	ICEberg|347|ICEhinR2866|GenBank|CP002277|555283..608328_Haemophilus_influenzae_R2866__complete_genome	100.000	49	0	0	34828	34876	45588	45540	2.50e-15	91.6
accn|JAMDKB010000016	ICEberg|346|ICEHinB|GenBank|FQ312006|87548..143543_Haemophilus_influenzae_10810_genome	100.000	49	0	0	34828	34876	7564	7612	2.50e-15	91.6
accn|JAMDKB010000016	ICEberg|2046|Tn7100|GenBank|OW736085.1|1..73601_Haemophilus_influenzae_strain_Hi-228_transposon_7100__complete_sequence	100.000	49	0	0	34828	34876	7480	7528	2.50e-15	91.6
accn|JAMDKB010000016	ICEberg|2007|Tn6687|GenBank|MN106412.1|1..68777_Haemophilus_influenzae_strain_0_transposon_Tn6687__complete_sequence	100.000	49	0	0	34828	34876	7532	7580	2.50e-15	91.6
accn|JAMDKB010000016	ICEberg|2005|Tn6685|GenBank|MN106410.1|1..52414_Haemophilus_influenzae_strain_E_transposon_Tn6685__complete_sequence	100.000	49	0	0	34828	34876	7480	7528	2.50e-15	91.6
accn|JAMDKB010000016	ICEberg|1701|ICEHdu2|GenBank|CP015434.1|162562..211583_[Haemophilus]_ducreyi_strain_GHA9__complete_genome	96.000	50	1	1	34828	34876	6744	6793	5.40e-12	80.5
accn|JAMDKB010000016	ICEberg|1700|ICEHdu1|GenBank|NC_002940.2|718953..768668_[Haemophilus]_ducreyi_35000HP__complete_sequence	96.000	50	1	1	34828	34876	42278	42229	5.40e-12	80.5
accn|JAMDKB010000016	ICEberg|1698|ICEGpa3|GenBank|CP018032.1|1710663..1776472_Glaesserella_parasuis_D74__complete_sequence	96.000	50	1	1	34828	34876	7371	7420	5.40e-12	80.5
accn|JAMDKB010000016	ICEberg|1586|ICEAac3|GenBank|CP043003.1|2132073..2197982_Aggregatibacter_actinomycetemcomitans_strain_HK_907_chromosome__complete_genome	95.833	48	1	1	34828	34874	7908	7955	6.99e-11	76.8
accn|JAMDKB010000022	ICEberg|1807|ICEPmu4|GenBank|CP038875.1|2009809..2087766_Pasteurella_multocida_strain_FCf83_chromosome__complete_genome	100.000	147	0	0	39518	39664	47270	47124	4.49e-70	272
accn|JAMDKB010000023	ICEberg|1807|ICEPmu4|GenBank|CP038875.1|2009809..2087766_Pasteurella_multocida_strain_FCf83_chromosome__complete_genome	100.000	145	0	0	1	145	46702	46558	5.76e-69	268
accn|JAMDKB010000023	ICEberg|1601|ICEApol3|GenBank|CP030840.1|5037772..5086665_Acidisarcina_polymorpha_strain_SBC82_chromosome__complete_genome	95.833	48	2	0	16739	16786	40444	40491	1.04e-11	78.7
accn|JAMDKB010000023	ICEberg|1600|ICEApol2|GenBank|CP030840.1|4848388..4904726_Acidisarcina_polymorpha_strain_SBC82_chromosome__complete_genome	95.745	47	2	0	16740	16786	54747	54793	3.75e-11	76.8
accn|JAMDKB010000024	ICEberg|1807|ICEPmu4|GenBank|CP038875.1|2009809..2087766_Pasteurella_multocida_strain_FCf83_chromosome__complete_genome	97.403	154	4	0	41005	41158	47275	47122	2.81e-67	263
accn|JAMDKB010000025	ICEberg|163|SLP1|GenBank|NC_003888|5038594..5055797_Streptomyces_coelicolor_A3(2)_chromosome__complete_genome	95.556	45	2	0	37083	37127	17019	17063	5.54e-10	73.1
accn|JAMDKB010000026	ICEberg|1807|ICEPmu4|GenBank|CP038875.1|2009809..2087766_Pasteurella_multocida_strain_FCf83_chromosome__complete_genome	98.726	157	0	2	37242	37397	46550	46705	9.10e-72	278
accn|JAMDKB010000027	ICEberg|1807|ICEPmu4|GenBank|CP038875.1|2009809..2087766_Pasteurella_multocida_strain_FCf83_chromosome__complete_genome	98.192	719	7	2	34163	34881	47270	46558	0.0	1251
accn|JAMDKB010000028	ICEberg|1807|ICEPmu4|GenBank|CP038875.1|2009809..2087766_Pasteurella_multocida_strain_FCf83_chromosome__complete_genome	97.790	724	15	1	8271	8994	47272	46550	0.0	1247
accn|JAMDKB010000028	ICEberg|1585|ICEAac2|GenBank|CP012958.1|1948540..1976212_Aggregatibacter_actinomycetemcomitans_strain_VT1169__complete_genome	95.714	70	3	0	35503	35572	26032	26101	2.58e-22	113
accn|JAMDKB010000029	ICEberg|1807|ICEPmu4|GenBank|CP038875.1|2009809..2087766_Pasteurella_multocida_strain_FCf83_chromosome__complete_genome	100.000	149	0	0	50391	50539	46555	46703	4.42e-71	276
accn|JAMDKB010000029	ICEberg|1701|ICEHdu2|GenBank|CP015434.1|162562..211583_[Haemophilus]_ducreyi_strain_GHA9__complete_genome	100.000	78	0	0	6821	6898	79	2	1.30e-31	145
accn|JAMDKB010000029	ICEberg|1701|ICEHdu2|GenBank|CP015434.1|162562..211583_[Haemophilus]_ducreyi_strain_GHA9__complete_genome	100.000	77	0	0	6924	7000	78	2	4.68e-31	143
accn|JAMDKB010000029	ICEberg|1700|ICEHdu1|GenBank|NC_002940.2|718953..768668_[Haemophilus]_ducreyi_35000HP__complete_sequence	100.000	78	0	0	6821	6898	49499	49576	1.30e-31	145
accn|JAMDKB010000029	ICEberg|1700|ICEHdu1|GenBank|NC_002940.2|718953..768668_[Haemophilus]_ducreyi_35000HP__complete_sequence	100.000	77	0	0	6924	7000	49500	49576	4.68e-31	143
accn|JAMDKB010000029	ICEberg|1586|ICEAac3|GenBank|CP043003.1|2132073..2197982_Aggregatibacter_actinomycetemcomitans_strain_HK_907_chromosome__complete_genome	100.000	77	0	0	6924	7000	293	217	4.68e-31	143
accn|JAMDKB010000029	ICEberg|1586|ICEAac3|GenBank|CP043003.1|2132073..2197982_Aggregatibacter_actinomycetemcomitans_strain_HK_907_chromosome__complete_genome	100.000	77	0	0	6822	6898	293	217	4.68e-31	143
accn|JAMDKB010000029	ICEberg|1586|ICEAac3|GenBank|CP043003.1|2132073..2197982_Aggregatibacter_actinomycetemcomitans_strain_HK_907_chromosome__complete_genome	100.000	64	0	0	6821	6884	64409	64346	7.89e-24	119
accn|JAMDKB010000029	ICEberg|1586|ICEAac3|GenBank|CP043003.1|2132073..2197982_Aggregatibacter_actinomycetemcomitans_strain_HK_907_chromosome__complete_genome	100.000	63	0	0	6924	6986	64408	64346	2.84e-23	117
accn|JAMDKB010000030	ICEberg|1807|ICEPmu4|GenBank|CP038875.1|2009809..2087766_Pasteurella_multocida_strain_FCf83_chromosome__complete_genome	100.000	147	0	0	24792	24938	46558	46704	2.82e-70	272
accn|JAMDKB010000033	ICEberg|1698|ICEGpa3|GenBank|CP018032.1|1710663..1776472_Glaesserella_parasuis_D74__complete_sequence	100.000	34	0	0	111	144	64710	64743	1.70e-07	63.9
accn|JAMDKB010000035	ICEberg|1807|ICEPmu4|GenBank|CP038875.1|2009809..2087766_Pasteurella_multocida_strain_FCf83_chromosome__complete_genome	96.711	152	5	0	1	152	47128	47279	8.69e-65	254
accn|JAMDKB010000036	ICEberg|1698|ICEGpa3|GenBank|CP018032.1|1710663..1776472_Glaesserella_parasuis_D74__complete_sequence	100.000	34	0	0	17979	18012	64743	64710	1.34e-07	63.9
accn|JAMDKB010000040	ICEberg|1804|ICEPmu3|GenBank|CP038873.1|1026914..1096464_Pasteurella_multocida_strain_FCf45_chromosome__complete_genome	99.629	1347	3	2	12548	13892	40495	41841	0.0	2459
accn|JAMDKB010000040	ICEberg|1804|ICEPmu3|GenBank|CP038873.1|1026914..1096464_Pasteurella_multocida_strain_FCf45_chromosome__complete_genome	98.948	1331	14	0	12562	13892	49657	48327	0.0	2381
accn|JAMDKB010000040	ICEberg|1804|ICEPmu3|GenBank|CP038873.1|1026914..1096464_Pasteurella_multocida_strain_FCf45_chromosome__complete_genome	98.947	1330	14	0	12562	13891	58786	57457	0.0	2379
accn|JAMDKB010000040	ICEberg|2007|Tn6687|GenBank|MN106412.1|1..68777_Haemophilus_influenzae_strain_0_transposon_Tn6687__complete_sequence	99.702	1341	4	0	12552	13892	15726	17066	0.0	2455
accn|JAMDKB010000040	ICEberg|2007|Tn6687|GenBank|MN106412.1|1..68777_Haemophilus_influenzae_strain_0_transposon_Tn6687__complete_sequence	99.024	1332	13	0	12561	13892	24882	23551	0.0	2388
accn|JAMDKB010000040	ICEberg|960|ICEApl1|GenBank|KU551309|27..56176_Actinobacillus_pleuropneumoniae_strain_MIDG2427_tRNA-Leu_gene__integrative_conjugative_element_ICEApl1_mobile_element__and_tRNA-Gly_gene__complete_sequence	99.627	1341	5	0	12552	13892	14604	15944	0.0	2449
accn|JAMDKB010000040	ICEberg|960|ICEApl1|GenBank|KU551309|27..56176_Actinobacillus_pleuropneumoniae_strain_MIDG2427_tRNA-Leu_gene__integrative_conjugative_element_ICEApl1_mobile_element__and_tRNA-Gly_gene__complete_sequence	99.024	1332	13	0	12561	13892	23760	22429	0.0	2388
accn|JAMDKB010000040	ICEberg|1772|ICEPmiBra607|GenBank|CP049753.1|1687350..1780822_Proteus_mirabilis_strain_PmBR607_chromosome__complete_genome	99.925	1329	1	0	12562	13890	11093	9765	0.0	2449
accn|JAMDKB010000040	ICEberg|1772|ICEPmiBra607|GenBank|CP049753.1|1687350..1780822_Proteus_mirabilis_strain_PmBR607_chromosome__complete_genome	98.804	1338	16	0	12555	13892	26333	24996	0.0	2383
accn|JAMDKB010000040	ICEberg|1713|ICEHpa1|GenBank|CP054198.1|1511383..1580304_Glaesserella_parasuis_strain_YHP170504_chromosome__complete_genome	99.850	1332	2	0	12561	13892	25373	24042	0.0	2449
accn|JAMDKB010000040	ICEberg|1697|ICEGpa2|GenBank|CP049090.1|1351751..1421790_Glaesserella_parasuis_strain_aHPS7_chromosome__complete_genome	99.850	1332	2	0	12561	13892	25137	23806	0.0	2449
accn|JAMDKB010000040	ICEberg|976|ICEKkKWG1|GenBank|LN869922|850916..923591_Kingella_kingae_genome_assembly_KKKWG1__chromosome___I	99.850	1331	2	0	12562	13892	40570	39240	0.0	2447
accn|JAMDKB010000040	ICEberg|976|ICEKkKWG1|GenBank|LN869922|850916..923591_Kingella_kingae_genome_assembly_KKKWG1__chromosome___I	98.873	1331	15	0	12562	13892	31425	32755	0.0	2375
accn|JAMDKB010000040	ICEberg|969|ICEEcUMNK88|GenBank|CP002729|4888719..4951420_Escherichia_coli_UMNK88__complete_genome	99.775	1333	3	0	12559	13891	49596	50928	0.0	2446
accn|JAMDKB010000040	ICEberg|1602|ICEAsp1|GenBank|MW030510.1|1..72978_Actinobacillus_sp._ICEAsp1_mobile_element__complete_sequence	99.775	1332	3	0	12561	13892	43672	45003	0.0	2444
accn|JAMDKB010000040	ICEberg|38|ICEPdaSpa1|GenBank|AJ870986|1..102985_Photobacterium_damselae_subsp._piscicida_integrative_and_conjugative_element_ICEPdaSpa1__isolate_PC554.2	99.399	1331	8	0	12562	13892	29503	28173	0.0	2414
accn|JAMDKB010000040	ICEberg|38|ICEPdaSpa1|GenBank|AJ870986|1..102985_Photobacterium_damselae_subsp._piscicida_integrative_and_conjugative_element_ICEPdaSpa1__isolate_PC554.2	99.398	1329	8	0	12562	13890	83219	81891	0.0	2410
accn|JAMDKB010000040	ICEberg|64|CTnBST|GenBank|AY345595|1..100903_Bacteroides_uniformis_strain_WH207_transposon_CTnBST__complete_sequence	99.398	1330	8	0	12562	13891	94872	96201	0.0	2412
accn|JAMDKB010000040	ICEberg|1791|ICEPmiJpn1_PM655|GenBank|KT894734.1|1..92934_Proteus_mirabilis_strain_PM14C28_integrating_conjugative_element_ICEPmiJpn1_mobile_element__complete_sequence__and_peptide_chain_release_factor_3_(prfC)_gene__complete_cds	99.325	1333	9	0	12558	13890	11328	9996	0.0	2412
accn|JAMDKB010000040	ICEberg|1791|ICEPmiJpn1_PM655|GenBank|KT894734.1|1..92934_Proteus_mirabilis_strain_PM14C28_integrating_conjugative_element_ICEPmiJpn1_mobile_element__complete_sequence__and_peptide_chain_release_factor_3_(prfC)_gene__complete_cds	98.804	1338	16	0	12555	13892	24301	22964	0.0	2383
accn|JAMDKB010000040	ICEberg|350|ICEHpaT3T1|GenBank|FQ312002|1153089..1213144_Haemophilus_parainfluenzae_T3T1_genome	99.178	1338	11	0	12555	13892	8118	9455	0.0	2410
accn|JAMDKB010000040	ICEberg|350|ICEHpaT3T1|GenBank|FQ312002|1153089..1213144_Haemophilus_parainfluenzae_T3T1_genome	99.174	1331	11	0	12562	13892	17271	15941	0.0	2398
accn|JAMDKB010000040	ICEberg|1692|ICEGpa1804|GenBank|CP069308.1|717521..789400_Glaesserella_parasuis_strain_EHP1804_chromosome__complete_genome	99.250	1333	10	0	12560	13892	48218	49550	0.0	2407
accn|JAMDKB010000040	ICEberg|1692|ICEGpa1804|GenBank|CP069308.1|717521..789400_Glaesserella_parasuis_strain_EHP1804_chromosome__complete_genome	99.802	1010	2	0	12561	13570	44973	45982	0.0	1855
accn|JAMDKB010000040	ICEberg|2045|Tn6966|GenBank|CP064830.1|3371703..3442829_Morganella_morganii_subsp._morganii_strain_81703_chromosome__complete_genome	98.951	1334	14	0	12559	13892	17556	16223	0.0	2386
accn|JAMDKB010000040	ICEberg|2045|Tn6966|GenBank|CP064830.1|3371703..3442829_Morganella_morganii_subsp._morganii_strain_81703_chromosome__complete_genome	98.947	1330	14	0	12562	13891	3277	1948	0.0	2379
accn|JAMDKB010000040	ICEberg|2045|Tn6966|GenBank|CP064830.1|3371703..3442829_Morganella_morganii_subsp._morganii_strain_81703_chromosome__complete_genome	99.681	941	3	0	12562	13502	11475	12415	0.0	1722
accn|JAMDKB010000040	ICEberg|1803|ICEPmu2|GenBank|CP038871.1|1998244..2056820_Pasteurella_multocida_strain_FCf15_chromosome__complete_genome	98.663	1346	18	0	12547	13892	14025	15370	0.0	2386
accn|JAMDKB010000040	ICEberg|60|ICEHin1056|GenBank|AJ627386|1..59393_Haemophilus_influenzae_plasmid_ICEhin1056	98.949	1332	14	0	12561	13892	26638	25307	0.0	2383
accn|JAMDKB010000040	ICEberg|60|ICEHin1056|GenBank|AJ627386|1..59393_Haemophilus_influenzae_plasmid_ICEhin1056	99.505	1211	6	0	12552	13762	14603	15813	0.0	2204
accn|JAMDKB010000040	ICEberg|1207|ICEKpnCR14-2|GenBank|CP015392.1|1776406..1984641_Klebsiella_pneumoniae_strain_CR14__complete_genome	98.949	1332	14	0	12559	13890	168055	169386	0.0	2383
accn|JAMDKB010000040	ICEberg|1207|ICEKpnCR14-2|GenBank|CP015392.1|1776406..1984641_Klebsiella_pneumoniae_strain_CR14__complete_genome	98.947	1329	14	0	12562	13890	57565	56237	0.0	2377
accn|JAMDKB010000040	ICEberg|1207|ICEKpnCR14-2|GenBank|CP015392.1|1776406..1984641_Klebsiella_pneumoniae_strain_CR14__complete_genome	98.874	1332	15	0	12559	13890	62744	64075	0.0	2377
accn|JAMDKB010000040	ICEberg|1807|ICEPmu4|GenBank|CP038875.1|2009809..2087766_Pasteurella_multocida_strain_FCf83_chromosome__complete_genome	98.948	1331	14	0	12562	13892	55340	54010	0.0	2381
accn|JAMDKB010000040	ICEberg|1807|ICEPmu4|GenBank|CP038875.1|2009809..2087766_Pasteurella_multocida_strain_FCf83_chromosome__complete_genome	98.948	1331	14	0	12561	13891	74008	72678	0.0	2381
accn|JAMDKB010000040	ICEberg|1807|ICEPmu4|GenBank|CP038875.1|2009809..2087766_Pasteurella_multocida_strain_FCf83_chromosome__complete_genome	99.888	892	1	0	1	892	47122	48013	0.0	1642
accn|JAMDKB010000040	ICEberg|1597|ICEApa1|GenBank|CP050316.1|2129122..2199489_Avibacterium_paragallinarum_strain_ESV-135_chromosome__complete_genome	98.948	1331	14	0	12562	13892	46725	48055	0.0	2381
accn|JAMDKB010000040	ICEberg|1597|ICEApa1|GenBank|CP050316.1|2129122..2199489_Avibacterium_paragallinarum_strain_ESV-135_chromosome__complete_genome	99.769	1297	3	0	12596	13892	55837	54541	0.0	2379
accn|JAMDKB010000040	ICEberg|1597|ICEApa1|GenBank|CP050316.1|2129122..2199489_Avibacterium_paragallinarum_strain_ESV-135_chromosome__complete_genome	95.652	46	1	1	12562	12607	60647	60603	1.71e-10	73.1
accn|JAMDKB010000040	ICEberg|2006|Tn6686|GenBank|MN106411.1|1..64737_Haemophilus_influenzae_strain_G_transposon_Tn6686__complete_sequence	98.874	1332	15	0	12561	13892	26691	25360	0.0	2377
accn|JAMDKB010000040	ICEberg|2006|Tn6686|GenBank|MN106411.1|1..64737_Haemophilus_influenzae_strain_G_transposon_Tn6686__complete_sequence	99.587	1211	5	0	12552	13762	14655	15865	0.0	2209
accn|JAMDKB010000040	ICEberg|1046|ICEValHN492|GenBank|KT072769|1..106164_Vibrio_alginolyticus_strain_HN492_transposon_integrating_conjugative_element_ICEValHN492__complete_sequence	97.291	1329	34	2	12562	13890	25008	26334	0.0	2254
accn|JAMDKB010000040	ICEberg|1043|ICEValE0601|GenBank|KT072768|1..106165_Vibrio_alginolyticus_strain_E0601_transposon_integrating_conjugative_element_ICEValE0601__complete_sequence	97.291	1329	34	2	12562	13890	25009	26335	0.0	2254
accn|JAMDKB010000040	ICEberg|2046|Tn7100|GenBank|OW736085.1|1..73601_Haemophilus_influenzae_strain_Hi-228_transposon_7100__complete_sequence	99.587	1211	5	0	12552	13762	19983	21193	0.0	2209
accn|JAMDKB010000040	ICEberg|2046|Tn7100|GenBank|OW736085.1|1..73601_Haemophilus_influenzae_strain_Hi-228_transposon_7100__complete_sequence	99.834	1202	2	0	12561	13762	27170	25969	0.0	2209
accn|JAMDKB010000040	ICEberg|1702|ICEHin8|GenBank|LS483392.1|192252..244996_Haemophilus_influenzae_strain_NCTC11931_genome_assembly__chromosome__1	95.385	65	2	1	503	566	3222	3158	2.18e-19	102
accn|JAMDKB010000041	ICEberg|1807|ICEPmu4|GenBank|CP038875.1|2009809..2087766_Pasteurella_multocida_strain_FCf83_chromosome__complete_genome	99.955	4410	2	0	1	4410	73435	77844	0.0	8133
accn|JAMDKB010000041	ICEberg|1807|ICEPmu4|GenBank|CP038875.1|2009809..2087766_Pasteurella_multocida_strain_FCf83_chromosome__complete_genome	99.651	573	2	0	1	573	54768	55340	0.0	1048
accn|JAMDKB010000041	ICEberg|60|ICEHin1056|GenBank|AJ627386|1..59393_Haemophilus_influenzae_plasmid_ICEhin1056	99.828	580	1	0	1	580	26065	26644	0.0	1066
accn|JAMDKB010000041	ICEberg|60|ICEHin1056|GenBank|AJ627386|1..59393_Haemophilus_influenzae_plasmid_ICEhin1056	98.604	573	8	0	1	573	15185	14613	0.0	1014
accn|JAMDKB010000041	ICEberg|2006|Tn6686|GenBank|MN106411.1|1..64737_Haemophilus_influenzae_strain_G_transposon_Tn6686__complete_sequence	99.828	580	1	0	1	580	26118	26697	0.0	1066
accn|JAMDKB010000041	ICEberg|2006|Tn6686|GenBank|MN106411.1|1..64737_Haemophilus_influenzae_strain_G_transposon_Tn6686__complete_sequence	98.429	573	9	0	1	573	15237	14665	0.0	1009
accn|JAMDKB010000041	ICEberg|1804|ICEPmu3|GenBank|CP038873.1|1026914..1096464_Pasteurella_multocida_strain_FCf45_chromosome__complete_genome	99.657	583	2	0	1	583	58214	58796	0.0	1066
accn|JAMDKB010000041	ICEberg|1804|ICEPmu3|GenBank|CP038873.1|1026914..1096464_Pasteurella_multocida_strain_FCf45_chromosome__complete_genome	100.000	573	0	0	1	573	49085	49657	0.0	1059
accn|JAMDKB010000041	ICEberg|1804|ICEPmu3|GenBank|CP038873.1|1026914..1096464_Pasteurella_multocida_strain_FCf45_chromosome__complete_genome	98.432	574	9	0	1	574	41083	40510	0.0	1011
accn|JAMDKB010000041	ICEberg|960|ICEApl1|GenBank|KU551309|27..56176_Actinobacillus_pleuropneumoniae_strain_MIDG2427_tRNA-Leu_gene__integrative_conjugative_element_ICEApl1_mobile_element__and_tRNA-Gly_gene__complete_sequence	99.655	580	2	0	1	580	23187	23766	0.0	1061
accn|JAMDKB010000041	ICEberg|960|ICEApl1|GenBank|KU551309|27..56176_Actinobacillus_pleuropneumoniae_strain_MIDG2427_tRNA-Leu_gene__integrative_conjugative_element_ICEApl1_mobile_element__and_tRNA-Gly_gene__complete_sequence	98.429	573	9	0	1	573	15186	14614	0.0	1009
accn|JAMDKB010000041	ICEberg|2045|Tn6966|GenBank|CP064830.1|3371703..3442829_Morganella_morganii_subsp._morganii_strain_81703_chromosome__complete_genome	100.000	574	0	0	1	574	16981	17554	0.0	1061
accn|JAMDKB010000041	ICEberg|2045|Tn6966|GenBank|CP064830.1|3371703..3442829_Morganella_morganii_subsp._morganii_strain_81703_chromosome__complete_genome	100.000	573	0	0	1	573	2705	3277	0.0	1059
accn|JAMDKB010000041	ICEberg|2045|Tn6966|GenBank|CP064830.1|3371703..3442829_Morganella_morganii_subsp._morganii_strain_81703_chromosome__complete_genome	98.264	576	10	0	1	576	12047	11472	0.0	1009
accn|JAMDKB010000041	ICEberg|2007|Tn6687|GenBank|MN106412.1|1..68777_Haemophilus_influenzae_strain_0_transposon_Tn6687__complete_sequence	99.655	580	2	0	1	580	24309	24888	0.0	1061
accn|JAMDKB010000041	ICEberg|2007|Tn6687|GenBank|MN106412.1|1..68777_Haemophilus_influenzae_strain_0_transposon_Tn6687__complete_sequence	98.778	573	7	0	1	573	16308	15736	0.0	1020
accn|JAMDKB010000041	ICEberg|1791|ICEPmiJpn1_PM655|GenBank|KT894734.1|1..92934_Proteus_mirabilis_strain_PM14C28_integrating_conjugative_element_ICEPmiJpn1_mobile_element__complete_sequence__and_peptide_chain_release_factor_3_(prfC)_gene__complete_cds	100.000	574	0	0	1	574	10752	11325	0.0	1061
accn|JAMDKB010000041	ICEberg|1791|ICEPmiJpn1_PM655|GenBank|KT894734.1|1..92934_Proteus_mirabilis_strain_PM14C28_integrating_conjugative_element_ICEPmiJpn1_mobile_element__complete_sequence__and_peptide_chain_release_factor_3_(prfC)_gene__complete_cds	100.000	573	0	0	1	573	23722	24294	0.0	1059
accn|JAMDKB010000041	ICEberg|1207|ICEKpnCR14-2|GenBank|CP015392.1|1776406..1984641_Klebsiella_pneumoniae_strain_CR14__complete_genome	100.000	574	0	0	1	574	168630	168057	0.0	1061
accn|JAMDKB010000041	ICEberg|1207|ICEKpnCR14-2|GenBank|CP015392.1|1776406..1984641_Klebsiella_pneumoniae_strain_CR14__complete_genome	100.000	573	0	0	1	573	56993	57565	0.0	1059
accn|JAMDKB010000041	ICEberg|1207|ICEKpnCR14-2|GenBank|CP015392.1|1776406..1984641_Klebsiella_pneumoniae_strain_CR14__complete_genome	100.000	573	0	0	1	573	63319	62747	0.0	1059
accn|JAMDKB010000041	ICEberg|976|ICEKkKWG1|GenBank|LN869922|850916..923591_Kingella_kingae_genome_assembly_KKKWG1__chromosome___I	100.000	573	0	0	1	573	31997	31425	0.0	1059
accn|JAMDKB010000041	ICEberg|976|ICEKkKWG1|GenBank|LN869922|850916..923591_Kingella_kingae_genome_assembly_KKKWG1__chromosome___I	98.429	573	9	0	1	573	39998	40570	0.0	1009
accn|JAMDKB010000041	ICEberg|1772|ICEPmiBra607|GenBank|CP049753.1|1687350..1780822_Proteus_mirabilis_strain_PmBR607_chromosome__complete_genome	100.000	573	0	0	1	573	25754	26326	0.0	1059
accn|JAMDKB010000041	ICEberg|1772|ICEPmiBra607|GenBank|CP049753.1|1687350..1780822_Proteus_mirabilis_strain_PmBR607_chromosome__complete_genome	98.778	573	7	0	1	573	10521	11093	0.0	1020
accn|JAMDKB010000041	ICEberg|1803|ICEPmu2|GenBank|CP038871.1|1998244..2056820_Pasteurella_multocida_strain_FCf15_chromosome__complete_genome	99.825	573	1	0	1	573	14612	14040	0.0	1053
accn|JAMDKB010000041	ICEberg|350|ICEHpaT3T1|GenBank|FQ312002|1153089..1213144_Haemophilus_parainfluenzae_T3T1_genome	99.652	574	2	0	1	574	8697	8124	0.0	1050
accn|JAMDKB010000041	ICEberg|350|ICEHpaT3T1|GenBank|FQ312002|1153089..1213144_Haemophilus_parainfluenzae_T3T1_genome	98.953	573	6	0	1	573	16699	17271	0.0	1026
accn|JAMDKB010000041	ICEberg|1597|ICEApa1|GenBank|CP050316.1|2129122..2199489_Avibacterium_paragallinarum_strain_ESV-135_chromosome__complete_genome	99.651	573	2	0	1	573	47297	46725	0.0	1048
accn|JAMDKB010000041	ICEberg|1597|ICEApa1|GenBank|CP050316.1|2129122..2199489_Avibacterium_paragallinarum_strain_ESV-135_chromosome__complete_genome	99.072	539	5	0	1	539	55299	55837	0.0	968
accn|JAMDKB010000041	ICEberg|1692|ICEGpa1804|GenBank|CP069308.1|717521..789400_Glaesserella_parasuis_strain_EHP1804_chromosome__complete_genome	99.477	574	3	0	1	574	48792	48219	0.0	1044
accn|JAMDKB010000041	ICEberg|1692|ICEGpa1804|GenBank|CP069308.1|717521..789400_Glaesserella_parasuis_strain_EHP1804_chromosome__complete_genome	98.958	576	6	0	1	576	45546	44971	0.0	1031
accn|JAMDKB010000041	ICEberg|1602|ICEAsp1|GenBank|MW030510.1|1..72978_Actinobacillus_sp._ICEAsp1_mobile_element__complete_sequence	98.611	576	8	0	1	576	44245	43670	0.0	1020
accn|JAMDKB010000041	ICEberg|2046|Tn7100|GenBank|OW736085.1|1..73601_Haemophilus_influenzae_strain_Hi-228_transposon_7100__complete_sequence	98.276	580	10	0	1	580	26597	27176	0.0	1016
accn|JAMDKB010000041	ICEberg|2046|Tn7100|GenBank|OW736085.1|1..73601_Haemophilus_influenzae_strain_Hi-228_transposon_7100__complete_sequence	98.429	573	9	0	1	573	20565	19993	0.0	1009
accn|JAMDKB010000041	ICEberg|1713|ICEHpa1|GenBank|CP054198.1|1511383..1580304_Glaesserella_parasuis_strain_YHP170504_chromosome__complete_genome	98.438	576	9	0	1	576	24800	25375	0.0	1014
accn|JAMDKB010000041	ICEberg|1697|ICEGpa2|GenBank|CP049090.1|1351751..1421790_Glaesserella_parasuis_strain_aHPS7_chromosome__complete_genome	98.438	576	9	0	1	576	24564	25139	0.0	1014
accn|JAMDKB010000041	ICEberg|969|ICEEcUMNK88|GenBank|CP002729|4888719..4951420_Escherichia_coli_UMNK88__complete_genome	98.429	573	9	0	1	573	50171	49599	0.0	1009
accn|JAMDKB010000041	ICEberg|64|CTnBST|GenBank|AY345595|1..100903_Bacteroides_uniformis_strain_WH207_transposon_CTnBST__complete_sequence	98.264	576	10	0	1	576	95444	94869	0.0	1009
accn|JAMDKB010000041	ICEberg|38|ICEPdaSpa1|GenBank|AJ870986|1..102985_Photobacterium_damselae_subsp._piscicida_integrative_and_conjugative_element_ICEPdaSpa1__isolate_PC554.2	98.429	573	9	0	1	573	28931	29503	0.0	1009
accn|JAMDKB010000041	ICEberg|38|ICEPdaSpa1|GenBank|AJ870986|1..102985_Photobacterium_damselae_subsp._piscicida_integrative_and_conjugative_element_ICEPdaSpa1__isolate_PC554.2	98.429	573	9	0	1	573	82647	83219	0.0	1009
accn|JAMDKB010000041	ICEberg|1046|ICEValHN492|GenBank|KT072769|1..106164_Vibrio_alginolyticus_strain_HN492_transposon_integrating_conjugative_element_ICEValHN492__complete_sequence	97.049	576	15	2	1	576	25578	25005	0.0	968
accn|JAMDKB010000041	ICEberg|1043|ICEValE0601|GenBank|KT072768|1..106165_Vibrio_alginolyticus_strain_E0601_transposon_integrating_conjugative_element_ICEValE0601__complete_sequence	97.049	576	15	2	1	576	25579	25006	0.0	968
accn|JAMDKB010000042	ICEberg|1597|ICEApa1|GenBank|CP050316.1|2129122..2199489_Avibacterium_paragallinarum_strain_ESV-135_chromosome__complete_genome	99.219	128	1	0	6566	6693	1	128	2.37e-58	231
accn|JAMDKB010000042	ICEberg|1597|ICEApa1|GenBank|CP050316.1|2129122..2199489_Avibacterium_paragallinarum_strain_ESV-135_chromosome__complete_genome	98.765	81	1	0	6561	6641	70288	70368	3.17e-32	145
accn|JAMDKB010000042	ICEberg|1807|ICEPmu4|GenBank|CP038875.1|2009809..2087766_Pasteurella_multocida_strain_FCf83_chromosome__complete_genome	97.656	128	3	0	6566	6693	77958	77831	5.13e-55	220
accn|JAMDKB010000042	ICEberg|1807|ICEPmu4|GenBank|CP038875.1|2009809..2087766_Pasteurella_multocida_strain_FCf83_chromosome__complete_genome	98.765	81	1	0	6561	6641	81	1	3.17e-32	145
accn|JAMDKB010000042	ICEberg|1702|ICEHin8|GenBank|LS483392.1|192252..244996_Haemophilus_influenzae_strain_NCTC11931_genome_assembly__chromosome__1	98.795	83	0	1	6559	6641	52664	52745	8.83e-33	147
accn|JAMDKB010000042	ICEberg|1804|ICEPmu3|GenBank|CP038873.1|1026914..1096464_Pasteurella_multocida_strain_FCf45_chromosome__complete_genome	98.765	81	1	0	6561	6641	69471	69551	3.17e-32	145
accn|JAMDKB010000042	ICEberg|1685|ICEEC8|GenBank|LOGV01000031.1|282800..364210_Escherichia_coli_strain_STEC_2174_STEC2174_contig_26__whole_genome_shotgun_sequence	96.078	51	2	0	6646	6696	51	1	7.02e-14	84.2
accn|JAMDKB010000044	ICEberg|1584|ICEAac1|GenBank|CP012959.1|2164508..2181462_Aggregatibacter_actinomycetemcomitans_strain_624__complete_genome	96.491	114	2	1	10749	10862	16844	16955	6.97e-45	187
accn|JAMDKB010000044	ICEberg|1701|ICEHdu2|GenBank|CP015434.1|162562..211583_[Haemophilus]_ducreyi_strain_GHA9__complete_genome	100.000	76	0	0	10787	10862	49022	48947	5.51e-31	141
accn|JAMDKB010000044	ICEberg|1700|ICEHdu1|GenBank|NC_002940.2|718953..768668_[Haemophilus]_ducreyi_35000HP__complete_sequence	100.000	76	0	0	10787	10862	1	76	5.51e-31	141
accn|JAMDKB010000044	ICEberg|2010|Tn6783_201330|GenBank|CP054623.1|2596147..2668162_Pseudomonas_aeruginosa_strain_DL201330_chromosome__complete_genome	98.701	77	1	0	10787	10863	66974	66898	7.12e-30	137
accn|JAMDKB010000044	ICEberg|1581|ICE6660|GenBank|MK497171.1|1..112205_Pseudomonas_aeruginosa_sequence	98.684	76	1	0	10787	10862	112130	112205	2.56e-29	135
accn|JAMDKB010000044	ICEberg|1856|ICERps4|GenBank|CP039339.1|545761..602147_Ralstonia_solanacearum_strain_UW386_chromosome__complete_genome	97.436	39	1	0	10746	10784	55691	55729	9.48e-09	67.6
accn|JAMDKB010000044	ICEberg|1854|ICERps2_YC40-M|GenBank|CP015850.1|2532466..2588165_Ralstonia_solanacearum_strain_YC40-M__complete_sequence	97.436	39	1	0	10746	10784	527	489	9.48e-09	67.6
accn|JAMDKB010000044	ICEberg|1853|ICERps2_FQY_4|GenBank|CP004012.1|1113417..1173796_Ralstonia_solanacearum_FQY_4__complete_genome	97.436	39	1	0	10746	10784	57747	57785	9.48e-09	67.6
accn|JAMDKB010000045	ICEberg|1586|ICEAac3|GenBank|CP043003.1|2132073..2197982_Aggregatibacter_actinomycetemcomitans_strain_HK_907_chromosome__complete_genome	100.000	77	0	0	10169	10245	1	77	1.37e-31	143
accn|JAMDKB010000045	ICEberg|1584|ICEAac1|GenBank|CP012959.1|2164508..2181462_Aggregatibacter_actinomycetemcomitans_strain_624__complete_genome	100.000	77	0	0	10169	10245	16955	16879	1.37e-31	143
accn|JAMDKB010000045	ICEberg|1701|ICEHdu2|GenBank|CP015434.1|162562..211583_[Haemophilus]_ducreyi_strain_GHA9__complete_genome	100.000	76	0	0	10169	10244	48947	49022	4.93e-31	141
accn|JAMDKB010000045	ICEberg|1700|ICEHdu1|GenBank|NC_002940.2|718953..768668_[Haemophilus]_ducreyi_35000HP__complete_sequence	100.000	76	0	0	10169	10244	76	1	4.93e-31	141
accn|JAMDKB010000045	ICEberg|1581|ICE6660|GenBank|MK497171.1|1..112205_Pseudomonas_aeruginosa_sequence	97.531	81	2	0	10169	10249	112205	112125	1.77e-30	139
accn|JAMDKB010000045	ICEberg|2010|Tn6783_201330|GenBank|CP054623.1|2596147..2668162_Pseudomonas_aeruginosa_strain_DL201330_chromosome__complete_genome	98.701	77	1	0	10169	10245	66899	66975	6.38e-30	137
accn|JAMDKB010000045	ICEberg|1856|ICERps4|GenBank|CP039339.1|545761..602147_Ralstonia_solanacearum_strain_UW386_chromosome__complete_genome	97.368	38	1	0	10360	10397	55728	55691	3.05e-08	65.8
accn|JAMDKB010000045	ICEberg|1854|ICERps2_YC40-M|GenBank|CP015850.1|2532466..2588165_Ralstonia_solanacearum_strain_YC40-M__complete_sequence	97.368	38	1	0	10360	10397	490	527	3.05e-08	65.8
accn|JAMDKB010000045	ICEberg|1853|ICERps2_FQY_4|GenBank|CP004012.1|1113417..1173796_Ralstonia_solanacearum_FQY_4__complete_genome	97.368	38	1	0	10360	10397	57784	57747	3.05e-08	65.8
accn|JAMDKB010000047	ICEberg|1807|ICEPmu4|GenBank|CP038875.1|2009809..2087766_Pasteurella_multocida_strain_FCf83_chromosome__complete_genome	99.342	152	1	0	6682	6833	46552	46703	5.96e-72	276
accn|JAMDKB010000048	ICEberg|1804|ICEPmu3|GenBank|CP038873.1|1026914..1096464_Pasteurella_multocida_strain_FCf45_chromosome__complete_genome	99.882	6778	8	0	1	6778	48472	41695	0.0	12473
accn|JAMDKB010000048	ICEberg|1804|ICEPmu3|GenBank|CP038873.1|1026914..1096464_Pasteurella_multocida_strain_FCf45_chromosome__complete_genome	100.000	147	0	0	1	147	41696	41842	7.65e-71	272
accn|JAMDKB010000048	ICEberg|1804|ICEPmu3|GenBank|CP038873.1|1026914..1096464_Pasteurella_multocida_strain_FCf45_chromosome__complete_genome	95.425	153	7	0	6626	6778	57450	57602	1.67e-62	244
accn|JAMDKB010000048	ICEberg|1804|ICEPmu3|GenBank|CP038873.1|1026914..1096464_Pasteurella_multocida_strain_FCf45_chromosome__complete_genome	95.946	148	6	0	6631	6778	48326	48473	2.16e-61	241
accn|JAMDKB010000048	ICEberg|1804|ICEPmu3|GenBank|CP038873.1|1026914..1096464_Pasteurella_multocida_strain_FCf45_chromosome__complete_genome	95.862	145	6	0	1	145	57601	57457	1.00e-59	235
accn|JAMDKB010000048	ICEberg|350|ICEHpaT3T1|GenBank|FQ312002|1153089..1213144_Haemophilus_parainfluenzae_T3T1_genome	99.867	6778	9	0	1	6778	16086	9309	0.0	12467
accn|JAMDKB010000048	ICEberg|350|ICEHpaT3T1|GenBank|FQ312002|1153089..1213144_Haemophilus_parainfluenzae_T3T1_genome	100.000	147	0	0	1	147	9310	9456	7.65e-71	272
accn|JAMDKB010000048	ICEberg|350|ICEHpaT3T1|GenBank|FQ312002|1153089..1213144_Haemophilus_parainfluenzae_T3T1_genome	95.946	148	6	0	6631	6778	15940	16087	2.16e-61	241
accn|JAMDKB010000048	ICEberg|960|ICEApl1|GenBank|KU551309|27..56176_Actinobacillus_pleuropneumoniae_strain_MIDG2427_tRNA-Leu_gene__integrative_conjugative_element_ICEApl1_mobile_element__and_tRNA-Gly_gene__complete_sequence	99.867	6778	8	1	1	6778	22574	15798	0.0	12466
accn|JAMDKB010000048	ICEberg|960|ICEApl1|GenBank|KU551309|27..56176_Actinobacillus_pleuropneumoniae_strain_MIDG2427_tRNA-Leu_gene__integrative_conjugative_element_ICEApl1_mobile_element__and_tRNA-Gly_gene__complete_sequence	100.000	147	0	0	1	147	15799	15945	7.65e-71	272
accn|JAMDKB010000048	ICEberg|960|ICEApl1|GenBank|KU551309|27..56176_Actinobacillus_pleuropneumoniae_strain_MIDG2427_tRNA-Leu_gene__integrative_conjugative_element_ICEApl1_mobile_element__and_tRNA-Gly_gene__complete_sequence	95.946	148	6	0	6631	6778	22428	22575	2.16e-61	241
accn|JAMDKB010000048	ICEberg|1597|ICEApa1|GenBank|CP050316.1|2129122..2199489_Avibacterium_paragallinarum_strain_ESV-135_chromosome__complete_genome	99.852	6778	10	0	1	6778	47910	54687	0.0	12462
accn|JAMDKB010000048	ICEberg|1597|ICEApa1|GenBank|CP050316.1|2129122..2199489_Avibacterium_paragallinarum_strain_ESV-135_chromosome__complete_genome	100.000	147	0	0	1	147	54686	54540	7.65e-71	272
accn|JAMDKB010000048	ICEberg|1597|ICEApa1|GenBank|CP050316.1|2129122..2199489_Avibacterium_paragallinarum_strain_ESV-135_chromosome__complete_genome	95.946	148	6	0	6631	6778	48056	47909	2.16e-61	241
accn|JAMDKB010000048	ICEberg|2007|Tn6687|GenBank|MN106412.1|1..68777_Haemophilus_influenzae_strain_0_transposon_Tn6687__complete_sequence	99.852	6778	9	1	1	6778	23696	16920	0.0	12460
accn|JAMDKB010000048	ICEberg|2007|Tn6687|GenBank|MN106412.1|1..68777_Haemophilus_influenzae_strain_0_transposon_Tn6687__complete_sequence	100.000	147	0	0	1	147	16921	17067	7.65e-71	272
accn|JAMDKB010000048	ICEberg|2007|Tn6687|GenBank|MN106412.1|1..68777_Haemophilus_influenzae_strain_0_transposon_Tn6687__complete_sequence	95.946	148	6	0	6631	6778	23550	23697	2.16e-61	241
accn|JAMDKB010000048	ICEberg|976|ICEKkKWG1|GenBank|LN869922|850916..923591_Kingella_kingae_genome_assembly_KKKWG1__chromosome___I	99.823	6778	11	1	1	6778	32610	39386	0.0	12449
accn|JAMDKB010000048	ICEberg|976|ICEKkKWG1|GenBank|LN869922|850916..923591_Kingella_kingae_genome_assembly_KKKWG1__chromosome___I	100.000	147	0	0	1	147	39385	39239	7.65e-71	272
accn|JAMDKB010000048	ICEberg|976|ICEKkKWG1|GenBank|LN869922|850916..923591_Kingella_kingae_genome_assembly_KKKWG1__chromosome___I	95.946	148	6	0	6631	6778	32756	32609	2.16e-61	241
accn|JAMDKB010000048	ICEberg|1713|ICEHpa1|GenBank|CP054198.1|1511383..1580304_Glaesserella_parasuis_strain_YHP170504_chromosome__complete_genome	99.927	5503	4	0	1276	6778	18686	24188	0.0	10141
accn|JAMDKB010000048	ICEberg|1713|ICEHpa1|GenBank|CP054198.1|1511383..1580304_Glaesserella_parasuis_strain_YHP170504_chromosome__complete_genome	100.000	147	0	0	1	147	24187	24041	7.65e-71	272
accn|JAMDKB010000048	ICEberg|1692|ICEGpa1804|GenBank|CP069308.1|717521..789400_Glaesserella_parasuis_strain_EHP1804_chromosome__complete_genome	99.927	5503	4	0	1276	6778	54906	49404	0.0	10141
accn|JAMDKB010000048	ICEberg|1692|ICEGpa1804|GenBank|CP069308.1|717521..789400_Glaesserella_parasuis_strain_EHP1804_chromosome__complete_genome	100.000	147	0	0	1	147	49405	49551	7.65e-71	272
accn|JAMDKB010000048	ICEberg|1602|ICEAsp1|GenBank|MW030510.1|1..72978_Actinobacillus_sp._ICEAsp1_mobile_element__complete_sequence	99.909	5503	5	0	1276	6778	50359	44857	0.0	10135
accn|JAMDKB010000048	ICEberg|1602|ICEAsp1|GenBank|MW030510.1|1..72978_Actinobacillus_sp._ICEAsp1_mobile_element__complete_sequence	99.320	147	1	0	1	147	44858	45004	3.56e-69	267
accn|JAMDKB010000048	ICEberg|1697|ICEGpa2|GenBank|CP049090.1|1351751..1421790_Glaesserella_parasuis_strain_aHPS7_chromosome__complete_genome	99.619	5514	4	16	1276	6778	18445	23952	0.0	10050
accn|JAMDKB010000048	ICEberg|1697|ICEGpa2|GenBank|CP049090.1|1351751..1421790_Glaesserella_parasuis_strain_aHPS7_chromosome__complete_genome	100.000	147	0	0	1	147	23951	23805	7.65e-71	272
accn|JAMDKB010000048	ICEberg|2006|Tn6686|GenBank|MN106411.1|1..64737_Haemophilus_influenzae_strain_G_transposon_Tn6686__complete_sequence	99.794	4865	10	0	1	4865	25505	20641	0.0	8929
accn|JAMDKB010000048	ICEberg|2006|Tn6686|GenBank|MN106411.1|1..64737_Haemophilus_influenzae_strain_G_transposon_Tn6686__complete_sequence	95.946	148	6	0	6631	6778	25359	25506	2.16e-61	241
accn|JAMDKB010000048	ICEberg|60|ICEHin1056|GenBank|AJ627386|1..59393_Haemophilus_influenzae_plasmid_ICEhin1056	99.671	4865	15	1	1	4865	25452	20589	0.0	8894
accn|JAMDKB010000048	ICEberg|60|ICEHin1056|GenBank|AJ627386|1..59393_Haemophilus_influenzae_plasmid_ICEhin1056	95.946	148	6	0	6631	6778	25306	25453	2.16e-61	241
accn|JAMDKB010000048	ICEberg|1803|ICEPmu2|GenBank|CP038871.1|1998244..2056820_Pasteurella_multocida_strain_FCf15_chromosome__complete_genome	99.790	4755	10	0	1	4755	15225	19979	0.0	8726
accn|JAMDKB010000048	ICEberg|1803|ICEPmu2|GenBank|CP038871.1|1998244..2056820_Pasteurella_multocida_strain_FCf15_chromosome__complete_genome	95.946	148	6	0	6631	6778	15371	15224	2.16e-61	241
accn|JAMDKB010000048	ICEberg|1807|ICEPmu4|GenBank|CP038875.1|2009809..2087766_Pasteurella_multocida_strain_FCf83_chromosome__complete_genome	99.838	4324	7	0	1	4324	54155	49832	0.0	7947
accn|JAMDKB010000048	ICEberg|1807|ICEPmu4|GenBank|CP038875.1|2009809..2087766_Pasteurella_multocida_strain_FCf83_chromosome__complete_genome	95.425	153	7	0	6626	6778	72671	72823	1.67e-62	244
accn|JAMDKB010000048	ICEberg|1807|ICEPmu4|GenBank|CP038875.1|2009809..2087766_Pasteurella_multocida_strain_FCf83_chromosome__complete_genome	95.946	148	6	0	6631	6778	54009	54156	2.16e-61	241
accn|JAMDKB010000048	ICEberg|1807|ICEPmu4|GenBank|CP038875.1|2009809..2087766_Pasteurella_multocida_strain_FCf83_chromosome__complete_genome	95.862	145	6	0	1	145	72822	72678	1.00e-59	235
accn|JAMDKB010000048	ICEberg|2045|Tn6966|GenBank|CP064830.1|3371703..3442829_Morganella_morganii_subsp._morganii_strain_81703_chromosome__complete_genome	99.772	3953	9	0	1	3953	16368	12416	0.0	7251
accn|JAMDKB010000048	ICEberg|2045|Tn6966|GenBank|CP064830.1|3371703..3442829_Morganella_morganii_subsp._morganii_strain_81703_chromosome__complete_genome	95.946	148	6	0	6631	6778	16222	16369	2.16e-61	241
accn|JAMDKB010000048	ICEberg|2045|Tn6966|GenBank|CP064830.1|3371703..3442829_Morganella_morganii_subsp._morganii_strain_81703_chromosome__complete_genome	95.890	146	6	0	6633	6778	1948	2093	2.79e-60	237
accn|JAMDKB010000048	ICEberg|2045|Tn6966|GenBank|CP064830.1|3371703..3442829_Morganella_morganii_subsp._morganii_strain_81703_chromosome__complete_genome	95.270	148	7	0	1	148	2092	1945	1.00e-59	235
accn|JAMDKB010000048	resfinderf|tet(B)|2	100.000	1206	0	0	1351	2556	1206	1	0.0	2228
accn|JAMDKB010000048	resfinderf|tet(B)|1	99.917	1206	1	0	1351	2556	1206	1	0.0	2222
accn|JAMDKB010000048	resfinderf|tet(B)|3	99.585	1206	5	0	1351	2556	1206	1	0.0	2200
accn|JAMDKB010000048	ICEberg|969|ICEEcUMNK88|GenBank|CP002729|4888719..4951420_Escherichia_coli_UMNK88__complete_genome	100.000	146	0	0	6633	6778	50928	50783	2.75e-70	270
accn|JAMDKB010000048	ICEberg|969|ICEEcUMNK88|GenBank|CP002729|4888719..4951420_Escherichia_coli_UMNK88__complete_genome	99.329	149	1	0	1	149	50784	50932	2.75e-70	270
accn|JAMDKB010000048	ICEberg|1791|ICEPmiJpn1_PM655|GenBank|KT894734.1|1..92934_Proteus_mirabilis_strain_PM14C28_integrating_conjugative_element_ICEPmiJpn1_mobile_element__complete_sequence__and_peptide_chain_release_factor_3_(prfC)_gene__complete_cds	98.052	154	3	0	6625	6778	9987	10140	9.90e-70	268
accn|JAMDKB010000048	ICEberg|1791|ICEPmiJpn1_PM655|GenBank|KT894734.1|1..92934_Proteus_mirabilis_strain_PM14C28_integrating_conjugative_element_ICEPmiJpn1_mobile_element__complete_sequence__and_peptide_chain_release_factor_3_(prfC)_gene__complete_cds	99.320	147	1	0	1	147	10139	9993	3.56e-69	267
accn|JAMDKB010000048	ICEberg|1791|ICEPmiJpn1_PM655|GenBank|KT894734.1|1..92934_Proteus_mirabilis_strain_PM14C28_integrating_conjugative_element_ICEPmiJpn1_mobile_element__complete_sequence__and_peptide_chain_release_factor_3_(prfC)_gene__complete_cds	95.425	153	7	0	6626	6778	22958	23110	1.67e-62	244
accn|JAMDKB010000048	ICEberg|1791|ICEPmiJpn1_PM655|GenBank|KT894734.1|1..92934_Proteus_mirabilis_strain_PM14C28_integrating_conjugative_element_ICEPmiJpn1_mobile_element__complete_sequence__and_peptide_chain_release_factor_3_(prfC)_gene__complete_cds	95.918	147	6	0	1	147	23109	22963	7.76e-61	239
accn|JAMDKB010000048	ICEberg|1772|ICEPmiBra607|GenBank|CP049753.1|1687350..1780822_Proteus_mirabilis_strain_PmBR607_chromosome__complete_genome	98.052	154	3	0	6625	6778	9756	9909	9.90e-70	268
accn|JAMDKB010000048	ICEberg|1772|ICEPmiBra607|GenBank|CP049753.1|1687350..1780822_Proteus_mirabilis_strain_PmBR607_chromosome__complete_genome	99.320	147	1	0	1	147	9908	9762	3.56e-69	267
accn|JAMDKB010000048	ICEberg|1772|ICEPmiBra607|GenBank|CP049753.1|1687350..1780822_Proteus_mirabilis_strain_PmBR607_chromosome__complete_genome	95.946	148	6	0	6631	6778	24995	25142	2.16e-61	241
accn|JAMDKB010000048	ICEberg|1207|ICEKpnCR14-2|GenBank|CP015392.1|1776406..1984641_Klebsiella_pneumoniae_strain_CR14__complete_genome	95.425	153	7	0	6626	6778	169394	169242	1.67e-62	244
accn|JAMDKB010000048	ICEberg|1207|ICEKpnCR14-2|GenBank|CP015392.1|1776406..1984641_Klebsiella_pneumoniae_strain_CR14__complete_genome	95.862	145	6	0	6634	6778	64075	63931	1.00e-59	235
accn|JAMDKB010000048	ICEberg|1207|ICEKpnCR14-2|GenBank|CP015392.1|1776406..1984641_Klebsiella_pneumoniae_strain_CR14__complete_genome	95.833	144	6	0	1	144	63932	64075	3.61e-59	233
accn|JAMDKB010000048	ICEberg|1207|ICEKpnCR14-2|GenBank|CP015392.1|1776406..1984641_Klebsiella_pneumoniae_strain_CR14__complete_genome	95.833	144	6	0	1	144	169243	169386	3.61e-59	233
accn|JAMDKB010000048	ICEberg|38|ICEPdaSpa1|GenBank|AJ870986|1..102985_Photobacterium_damselae_subsp._piscicida_integrative_and_conjugative_element_ICEPdaSpa1__isolate_PC554.2	95.395	152	7	0	6627	6778	28168	28319	6.00e-62	243
accn|JAMDKB010000048	ICEberg|38|ICEPdaSpa1|GenBank|AJ870986|1..102985_Photobacterium_damselae_subsp._piscicida_integrative_and_conjugative_element_ICEPdaSpa1__isolate_PC554.2	95.918	147	6	0	1	147	28318	28172	7.76e-61	239
accn|JAMDKB010000048	ICEberg|38|ICEPdaSpa1|GenBank|AJ870986|1..102985_Photobacterium_damselae_subsp._piscicida_integrative_and_conjugative_element_ICEPdaSpa1__isolate_PC554.2	95.238	147	7	0	1	147	82034	81888	3.61e-59	233
accn|JAMDKB010000048	ICEberg|1046|ICEValHN492|GenBank|KT072769|1..106164_Vibrio_alginolyticus_strain_HN492_transposon_integrating_conjugative_element_ICEValHN492__complete_sequence	95.973	149	6	0	6630	6778	26338	26190	6.00e-62	243
accn|JAMDKB010000048	ICEberg|1046|ICEValHN492|GenBank|KT072769|1..106164_Vibrio_alginolyticus_strain_HN492_transposon_integrating_conjugative_element_ICEValHN492__complete_sequence	96.528	144	5	0	1	144	26191	26334	7.76e-61	239
accn|JAMDKB010000048	ICEberg|1043|ICEValE0601|GenBank|KT072768|1..106165_Vibrio_alginolyticus_strain_E0601_transposon_integrating_conjugative_element_ICEValE0601__complete_sequence	95.973	149	6	0	6630	6778	26339	26191	6.00e-62	243
accn|JAMDKB010000048	ICEberg|1043|ICEValE0601|GenBank|KT072768|1..106165_Vibrio_alginolyticus_strain_E0601_transposon_integrating_conjugative_element_ICEValE0601__complete_sequence	96.528	144	5	0	1	144	26192	26335	7.76e-61	239
accn|JAMDKB010000048	ICEberg|64|CTnBST|GenBank|AY345595|1..100903_Bacteroides_uniformis_strain_WH207_transposon_CTnBST__complete_sequence	95.890	146	6	0	6633	6778	96201	96056	2.79e-60	237
accn|JAMDKB010000048	ICEberg|64|CTnBST|GenBank|AY345595|1..100903_Bacteroides_uniformis_strain_WH207_transposon_CTnBST__complete_sequence	95.862	145	6	0	1	145	96057	96201	1.00e-59	235
accn|JAMDKB010000049	ICEberg|1807|ICEPmu4|GenBank|CP038875.1|2009809..2087766_Pasteurella_multocida_strain_FCf83_chromosome__complete_genome	97.917	144	3	0	6054	6197	47270	47127	3.28e-64	250
accn|JAMDKB010000054	ICEberg|1807|ICEPmu4|GenBank|CP038875.1|2009809..2087766_Pasteurella_multocida_strain_FCf83_chromosome__complete_genome	97.386	153	3	1	1274	1425	47278	47126	1.23e-67	259
