accn|JAMDLC010000001	ICEberg|1807|ICEPmu4|GenBank|CP038875.1|2009809..2087766_Pasteurella_multocida_strain_FCf83_chromosome__complete_genome	97.980	99	2	0	1	99	47172	47270	2.65e-39	172
accn|JAMDLC010000001	ICEberg|2010|Tn6783_201330|GenBank|CP054623.1|2596147..2668162_Pseudomonas_aeruginosa_strain_DL201330_chromosome__complete_genome	98.795	83	1	0	90053	90135	66979	66897	4.47e-32	148
accn|JAMDLC010000001	ICEberg|1701|ICEHdu2|GenBank|CP015434.1|162562..211583_[Haemophilus]_ducreyi_strain_GHA9__complete_genome	98.765	81	1	0	90058	90138	49022	48942	5.78e-31	145
accn|JAMDLC010000001	ICEberg|1701|ICEHdu2|GenBank|CP015434.1|162562..211583_[Haemophilus]_ducreyi_strain_GHA9__complete_genome	97.368	76	2	0	89967	90042	49022	48947	1.62e-26	130
accn|JAMDLC010000001	ICEberg|1700|ICEHdu1|GenBank|NC_002940.2|718953..768668_[Haemophilus]_ducreyi_35000HP__complete_sequence	98.765	81	1	0	90058	90138	1	81	5.78e-31	145
accn|JAMDLC010000001	ICEberg|1700|ICEHdu1|GenBank|NC_002940.2|718953..768668_[Haemophilus]_ducreyi_35000HP__complete_sequence	97.368	76	2	0	89967	90042	1	76	1.62e-26	130
accn|JAMDLC010000001	ICEberg|1586|ICEAac3|GenBank|CP043003.1|2132073..2197982_Aggregatibacter_actinomycetemcomitans_strain_HK_907_chromosome__complete_genome	100.000	77	0	0	90057	90133	77	1	2.08e-30	143
accn|JAMDLC010000001	ICEberg|1586|ICEAac3|GenBank|CP043003.1|2132073..2197982_Aggregatibacter_actinomycetemcomitans_strain_HK_907_chromosome__complete_genome	97.403	77	2	0	89966	90042	77	1	4.50e-27	132
accn|JAMDLC010000001	ICEberg|1584|ICEAac1|GenBank|CP012959.1|2164508..2181462_Aggregatibacter_actinomycetemcomitans_strain_624__complete_genome	100.000	77	0	0	90057	90133	16879	16955	2.08e-30	143
accn|JAMDLC010000001	ICEberg|1584|ICEAac1|GenBank|CP012959.1|2164508..2181462_Aggregatibacter_actinomycetemcomitans_strain_624__complete_genome	97.403	77	2	0	89966	90042	16879	16955	4.50e-27	132
accn|JAMDLC010000001	ICEberg|1581|ICE6660|GenBank|MK497171.1|1..112205_Pseudomonas_aeruginosa_sequence	98.701	77	1	0	90057	90133	112129	112205	9.68e-29	137
accn|JAMDLC010000001	ICEberg|987|ICEMh1|GenBank|CP005383|2128248..2190602_Mannheimia_haemolytica_M42548__complete_genome	95.522	67	2	1	125643	125709	49030	48965	2.73e-19	106
accn|JAMDLC010000001	ICEberg|441|ICEHso2336-1|GenBank|CP000947|1927921..1994529_Haemophilus_somnus_2336__complete_genome	95.522	67	2	1	125643	125709	43168	43103	2.73e-19	106
accn|JAMDLC010000001	ICEberg|440|ICEPmu1|GenBank|CP003022|273284..355497_Pasteurella_multocida_36950__complete_genome	95.522	67	2	1	125643	125709	61114	61049	2.73e-19	106
accn|JAMDLC010000001	ICEberg|1734|ICEMh3|GenBank|CP006942.1|959858..1026317_Mannheimia_sp._USDA-ARS-USMARC-1261__complete_genome	95.522	67	2	1	125643	125709	23379	23444	2.73e-19	106
accn|JAMDLC010000001	ICEberg|1719|ICEHso4|GenBank|CP018803.1|686759..761246_Histophilus_somni_strain_USDA-ARS-USMARC-63255_chromosome__complete_genome	95.522	67	2	1	125643	125709	13326	13391	2.73e-19	106
accn|JAMDLC010000001	ICEberg|1719|ICEHso4|GenBank|CP018803.1|686759..761246_Histophilus_somni_strain_USDA-ARS-USMARC-63255_chromosome__complete_genome	98.276	58	0	1	209676	209733	72916	72972	1.27e-17	100
accn|JAMDLC010000001	ICEberg|1717|ICEHs1|GenBank|MF136609.1|1..64932_Histophilus_somni_strain_AVI_1_integrative_conjugative_element_ICEHs1__complete_sequence	95.522	67	2	1	125643	125709	43180	43115	2.73e-19	106
accn|JAMDLC010000001	ICEberg|1716|ICEHs02|GenBank|CP042993.1|687500..760418_Histophilus_somni_strain_UOC-KLM-ATR-014_chromosome__complete_genome	95.522	67	2	1	125643	125709	13278	13343	2.73e-19	106
accn|JAMDLC010000001	ICEberg|1716|ICEHs02|GenBank|CP042993.1|687500..760418_Histophilus_somni_strain_UOC-KLM-ATR-014_chromosome__complete_genome	100.000	52	0	0	209676	209727	72868	72919	1.64e-16	97.1
accn|JAMDLC010000001	ICEberg|1603|ICEAsu1|GenBank|CP009159.1|982132..1037894_Actinobacillus_suis_ATCC_33415__complete_genome	95.522	67	2	1	125643	125709	16328	16393	2.73e-19	106
accn|JAMDLC010000001	ICEberg|1697|ICEGpa2|GenBank|CP049090.1|1351751..1421790_Glaesserella_parasuis_strain_aHPS7_chromosome__complete_genome	96.774	62	1	1	209672	209733	1537	1477	3.53e-18	102
accn|JAMDLC010000001	ICEberg|1713|ICEHpa1|GenBank|CP054198.1|1511383..1580304_Glaesserella_parasuis_strain_YHP170504_chromosome__complete_genome	95.082	61	1	2	209672	209732	59	1	5.91e-16	95.3
accn|JAMDLC010000001	ICEberg|1736|ICEMha2|GenBank|NC_020833.2|1557279..1616347_Mannheimia_haemolytica_USDA-ARS-USMARC-183__complete_sequence	95.000	60	2	1	209676	209735	3883	3825	2.12e-15	93.5
accn|JAMDLC010000002	ICEberg|1807|ICEPmu4|GenBank|CP038875.1|2009809..2087766_Pasteurella_multocida_strain_FCf83_chromosome__complete_genome	99.952	4139	2	0	196806	200944	77844	73706	0.0	7633
accn|JAMDLC010000002	ICEberg|1807|ICEPmu4|GenBank|CP038875.1|2009809..2087766_Pasteurella_multocida_strain_FCf83_chromosome__complete_genome	99.669	302	1	0	200643	200944	55340	55039	7.26e-154	553
accn|JAMDLC010000002	ICEberg|1807|ICEPmu4|GenBank|CP038875.1|2009809..2087766_Pasteurella_multocida_strain_FCf83_chromosome__complete_genome	100.000	99	0	0	1	99	46656	46558	1.10e-42	183
accn|JAMDLC010000002	ICEberg|1807|ICEPmu4|GenBank|CP038875.1|2009809..2087766_Pasteurella_multocida_strain_FCf83_chromosome__complete_genome	100.000	78	0	0	18019	18096	77881	77958	5.18e-31	145
accn|JAMDLC010000002	ICEberg|1807|ICEPmu4|GenBank|CP038875.1|2009809..2087766_Pasteurella_multocida_strain_FCf83_chromosome__complete_genome	96.296	81	3	0	18021	18101	1	81	1.12e-27	134
accn|JAMDLC010000002	ICEberg|60|ICEHin1056|GenBank|AJ627386|1..59393_Haemophilus_influenzae_plasmid_ICEhin1056	99.676	309	1	0	200636	200944	26644	26336	9.32e-158	566
accn|JAMDLC010000002	ICEberg|60|ICEHin1056|GenBank|AJ627386|1..59393_Haemophilus_influenzae_plasmid_ICEhin1056	98.013	302	6	0	200643	200944	14613	14914	1.58e-145	525
accn|JAMDLC010000002	ICEberg|2006|Tn6686|GenBank|MN106411.1|1..64737_Haemophilus_influenzae_strain_G_transposon_Tn6686__complete_sequence	99.676	309	1	0	200636	200944	26697	26389	9.32e-158	566
accn|JAMDLC010000002	ICEberg|2006|Tn6686|GenBank|MN106411.1|1..64737_Haemophilus_influenzae_strain_G_transposon_Tn6686__complete_sequence	97.682	302	7	0	200643	200944	14665	14966	7.36e-144	520
accn|JAMDLC010000002	ICEberg|1804|ICEPmu3|GenBank|CP038873.1|1026914..1096464_Pasteurella_multocida_strain_FCf45_chromosome__complete_genome	99.359	312	2	0	200633	200944	58796	58485	9.32e-158	566
accn|JAMDLC010000002	ICEberg|1804|ICEPmu3|GenBank|CP038873.1|1026914..1096464_Pasteurella_multocida_strain_FCf45_chromosome__complete_genome	100.000	302	0	0	200643	200944	49657	49356	1.56e-155	558
accn|JAMDLC010000002	ICEberg|1804|ICEPmu3|GenBank|CP038873.1|1026914..1096464_Pasteurella_multocida_strain_FCf45_chromosome__complete_genome	97.690	303	7	0	200642	200944	40510	40812	2.05e-144	521
accn|JAMDLC010000002	ICEberg|1804|ICEPmu3|GenBank|CP038873.1|1026914..1096464_Pasteurella_multocida_strain_FCf45_chromosome__complete_genome	96.296	81	3	0	18021	18101	69551	69471	1.12e-27	134
accn|JAMDLC010000002	ICEberg|960|ICEApl1|GenBank|KU551309|27..56176_Actinobacillus_pleuropneumoniae_strain_MIDG2427_tRNA-Leu_gene__integrative_conjugative_element_ICEApl1_mobile_element__and_tRNA-Gly_gene__complete_sequence	99.353	309	2	0	200636	200944	23766	23458	4.34e-156	560
accn|JAMDLC010000002	ICEberg|960|ICEApl1|GenBank|KU551309|27..56176_Actinobacillus_pleuropneumoniae_strain_MIDG2427_tRNA-Leu_gene__integrative_conjugative_element_ICEApl1_mobile_element__and_tRNA-Gly_gene__complete_sequence	97.682	302	7	0	200643	200944	14614	14915	7.36e-144	520
accn|JAMDLC010000002	ICEberg|350|ICEHpaT3T1|GenBank|FQ312002|1153089..1213144_Haemophilus_parainfluenzae_T3T1_genome	100.000	303	0	0	200642	200944	8124	8426	4.34e-156	560
accn|JAMDLC010000002	ICEberg|350|ICEHpaT3T1|GenBank|FQ312002|1153089..1213144_Haemophilus_parainfluenzae_T3T1_genome	98.675	302	4	0	200643	200944	17271	16970	7.31e-149	536
accn|JAMDLC010000002	ICEberg|2045|Tn6966|GenBank|CP064830.1|3371703..3442829_Morganella_morganii_subsp._morganii_strain_81703_chromosome__complete_genome	100.000	303	0	0	200642	200944	17554	17252	4.34e-156	560
accn|JAMDLC010000002	ICEberg|2045|Tn6966|GenBank|CP064830.1|3371703..3442829_Morganella_morganii_subsp._morganii_strain_81703_chromosome__complete_genome	100.000	302	0	0	200643	200944	3277	2976	1.56e-155	558
accn|JAMDLC010000002	ICEberg|2045|Tn6966|GenBank|CP064830.1|3371703..3442829_Morganella_morganii_subsp._morganii_strain_81703_chromosome__complete_genome	97.377	305	8	0	200640	200944	11472	11776	7.36e-144	520
accn|JAMDLC010000002	ICEberg|2007|Tn6687|GenBank|MN106412.1|1..68777_Haemophilus_influenzae_strain_0_transposon_Tn6687__complete_sequence	99.353	309	2	0	200636	200944	24888	24580	4.34e-156	560
accn|JAMDLC010000002	ICEberg|2007|Tn6687|GenBank|MN106412.1|1..68777_Haemophilus_influenzae_strain_0_transposon_Tn6687__complete_sequence	97.682	302	7	0	200643	200944	15736	16037	7.36e-144	520
accn|JAMDLC010000002	ICEberg|1791|ICEPmiJpn1_PM655|GenBank|KT894734.1|1..92934_Proteus_mirabilis_strain_PM14C28_integrating_conjugative_element_ICEPmiJpn1_mobile_element__complete_sequence__and_peptide_chain_release_factor_3_(prfC)_gene__complete_cds	100.000	303	0	0	200642	200944	11325	11023	4.34e-156	560
accn|JAMDLC010000002	ICEberg|1791|ICEPmiJpn1_PM655|GenBank|KT894734.1|1..92934_Proteus_mirabilis_strain_PM14C28_integrating_conjugative_element_ICEPmiJpn1_mobile_element__complete_sequence__and_peptide_chain_release_factor_3_(prfC)_gene__complete_cds	100.000	302	0	0	200643	200944	24294	23993	1.56e-155	558
accn|JAMDLC010000002	ICEberg|1207|ICEKpnCR14-2|GenBank|CP015392.1|1776406..1984641_Klebsiella_pneumoniae_strain_CR14__complete_genome	100.000	303	0	0	200642	200944	168057	168359	4.34e-156	560
accn|JAMDLC010000002	ICEberg|1207|ICEKpnCR14-2|GenBank|CP015392.1|1776406..1984641_Klebsiella_pneumoniae_strain_CR14__complete_genome	100.000	302	0	0	200643	200944	57565	57264	1.56e-155	558
accn|JAMDLC010000002	ICEberg|1207|ICEKpnCR14-2|GenBank|CP015392.1|1776406..1984641_Klebsiella_pneumoniae_strain_CR14__complete_genome	100.000	302	0	0	200643	200944	62747	63048	1.56e-155	558
accn|JAMDLC010000002	ICEberg|976|ICEKkKWG1|GenBank|LN869922|850916..923591_Kingella_kingae_genome_assembly_KKKWG1__chromosome___I	100.000	302	0	0	200643	200944	31425	31726	1.56e-155	558
accn|JAMDLC010000002	ICEberg|976|ICEKkKWG1|GenBank|LN869922|850916..923591_Kingella_kingae_genome_assembly_KKKWG1__chromosome___I	97.682	302	7	0	200643	200944	40570	40269	7.36e-144	520
accn|JAMDLC010000002	ICEberg|1772|ICEPmiBra607|GenBank|CP049753.1|1687350..1780822_Proteus_mirabilis_strain_PmBR607_chromosome__complete_genome	100.000	302	0	0	200643	200944	26326	26025	1.56e-155	558
accn|JAMDLC010000002	ICEberg|1772|ICEPmiBra607|GenBank|CP049753.1|1687350..1780822_Proteus_mirabilis_strain_PmBR607_chromosome__complete_genome	97.682	302	7	0	200643	200944	11093	10792	7.36e-144	520
accn|JAMDLC010000002	ICEberg|1597|ICEApa1|GenBank|CP050316.1|2129122..2199489_Avibacterium_paragallinarum_strain_ESV-135_chromosome__complete_genome	100.000	302	0	0	200643	200944	46725	47026	1.56e-155	558
accn|JAMDLC010000002	ICEberg|1597|ICEApa1|GenBank|CP050316.1|2129122..2199489_Avibacterium_paragallinarum_strain_ESV-135_chromosome__complete_genome	98.881	268	3	0	200677	200944	55837	55570	1.25e-131	479
accn|JAMDLC010000002	ICEberg|1597|ICEApa1|GenBank|CP050316.1|2129122..2199489_Avibacterium_paragallinarum_strain_ESV-135_chromosome__complete_genome	96.296	81	3	0	18021	18101	70368	70288	1.12e-27	134
accn|JAMDLC010000002	ICEberg|1597|ICEApa1|GenBank|CP050316.1|2129122..2199489_Avibacterium_paragallinarum_strain_ESV-135_chromosome__complete_genome	97.368	76	2	0	18021	18096	76	1	1.45e-26	130
accn|JAMDLC010000002	ICEberg|1692|ICEGpa1804|GenBank|CP069308.1|717521..789400_Glaesserella_parasuis_strain_EHP1804_chromosome__complete_genome	99.670	303	1	0	200642	200944	48219	48521	2.02e-154	555
accn|JAMDLC010000002	ICEberg|1692|ICEGpa1804|GenBank|CP069308.1|717521..789400_Glaesserella_parasuis_strain_EHP1804_chromosome__complete_genome	98.033	305	6	0	200640	200944	44971	45275	3.40e-147	531
accn|JAMDLC010000002	ICEberg|1803|ICEPmu2|GenBank|CP038871.1|1998244..2056820_Pasteurella_multocida_strain_FCf15_chromosome__complete_genome	99.669	302	1	0	200643	200944	14040	14341	7.26e-154	553
accn|JAMDLC010000002	ICEberg|2046|Tn7100|GenBank|OW736085.1|1..73601_Haemophilus_influenzae_strain_Hi-228_transposon_7100__complete_sequence	97.411	309	8	0	200636	200944	27176	26868	4.40e-146	527
accn|JAMDLC010000002	ICEberg|2046|Tn7100|GenBank|OW736085.1|1..73601_Haemophilus_influenzae_strain_Hi-228_transposon_7100__complete_sequence	97.682	302	7	0	200643	200944	19993	20294	7.36e-144	520
accn|JAMDLC010000002	ICEberg|1713|ICEHpa1|GenBank|CP054198.1|1511383..1580304_Glaesserella_parasuis_strain_YHP170504_chromosome__complete_genome	97.705	305	7	0	200640	200944	25375	25071	1.58e-145	525
accn|JAMDLC010000002	ICEberg|1697|ICEGpa2|GenBank|CP049090.1|1351751..1421790_Glaesserella_parasuis_strain_aHPS7_chromosome__complete_genome	97.705	305	7	0	200640	200944	25139	24835	1.58e-145	525
accn|JAMDLC010000002	ICEberg|1602|ICEAsp1|GenBank|MW030510.1|1..72978_Actinobacillus_sp._ICEAsp1_mobile_element__complete_sequence	97.705	305	7	0	200640	200944	43670	43974	1.58e-145	525
accn|JAMDLC010000002	ICEberg|969|ICEEcUMNK88|GenBank|CP002729|4888719..4951420_Escherichia_coli_UMNK88__complete_genome	97.682	302	7	0	200643	200944	49599	49900	7.36e-144	520
accn|JAMDLC010000002	ICEberg|64|CTnBST|GenBank|AY345595|1..100903_Bacteroides_uniformis_strain_WH207_transposon_CTnBST__complete_sequence	97.377	305	8	0	200640	200944	94869	95173	7.36e-144	520
accn|JAMDLC010000002	ICEberg|38|ICEPdaSpa1|GenBank|AJ870986|1..102985_Photobacterium_damselae_subsp._piscicida_integrative_and_conjugative_element_ICEPdaSpa1__isolate_PC554.2	97.682	302	7	0	200643	200944	29503	29202	7.36e-144	520
accn|JAMDLC010000002	ICEberg|38|ICEPdaSpa1|GenBank|AJ870986|1..102985_Photobacterium_damselae_subsp._piscicida_integrative_and_conjugative_element_ICEPdaSpa1__isolate_PC554.2	97.682	302	7	0	200643	200944	83219	82918	7.36e-144	520
accn|JAMDLC010000002	ICEberg|1046|ICEValHN492|GenBank|KT072769|1..106164_Vibrio_alginolyticus_strain_HN492_transposon_integrating_conjugative_element_ICEValHN492__complete_sequence	96.721	305	8	2	200640	200944	25005	25307	5.73e-140	507
accn|JAMDLC010000002	ICEberg|1043|ICEValE0601|GenBank|KT072768|1..106165_Vibrio_alginolyticus_strain_E0601_transposon_integrating_conjugative_element_ICEValE0601__complete_sequence	96.721	305	8	2	200640	200944	25006	25308	5.73e-140	507
accn|JAMDLC010000002	ICEberg|1718|ICEHso3|GenBank|NC_008309.1|1952153..2005728_Histophilus_somni_129PT__complete_sequence	95.455	88	3	1	18015	18101	92	179	2.41e-29	139
accn|JAMDLC010000002	ICEberg|1702|ICEHin8|GenBank|LS483392.1|192252..244996_Haemophilus_influenzae_strain_NCTC11931_genome_assembly__chromosome__1	96.296	81	3	0	18021	18101	52745	52665	1.12e-27	134
accn|JAMDLC010000004	ICEberg|1807|ICEPmu4|GenBank|CP038875.1|2009809..2087766_Pasteurella_multocida_strain_FCf83_chromosome__complete_genome	97.980	99	2	0	168209	168307	47270	47172	1.99e-39	172
accn|JAMDLC010000005	ICEberg|1807|ICEPmu4|GenBank|CP038875.1|2009809..2087766_Pasteurella_multocida_strain_FCf83_chromosome__complete_genome	96.296	108	4	0	1	108	47172	47279	3.92e-41	178
accn|JAMDLC010000005	ICEberg|1586|ICEAac3|GenBank|CP043003.1|2132073..2197982_Aggregatibacter_actinomycetemcomitans_strain_HK_907_chromosome__complete_genome	100.000	77	0	0	144189	144265	77	1	1.43e-30	143
accn|JAMDLC010000005	ICEberg|1584|ICEAac1|GenBank|CP012959.1|2164508..2181462_Aggregatibacter_actinomycetemcomitans_strain_624__complete_genome	100.000	77	0	0	144189	144265	16879	16955	1.43e-30	143
accn|JAMDLC010000005	ICEberg|1701|ICEHdu2|GenBank|CP015434.1|162562..211583_[Haemophilus]_ducreyi_strain_GHA9__complete_genome	100.000	76	0	0	144190	144265	49022	48947	5.15e-30	141
accn|JAMDLC010000005	ICEberg|1700|ICEHdu1|GenBank|NC_002940.2|718953..768668_[Haemophilus]_ducreyi_35000HP__complete_sequence	100.000	76	0	0	144190	144265	1	76	5.15e-30	141
accn|JAMDLC010000005	ICEberg|1581|ICE6660|GenBank|MK497171.1|1..112205_Pseudomonas_aeruginosa_sequence	97.531	81	2	0	144185	144265	112125	112205	1.85e-29	139
accn|JAMDLC010000005	ICEberg|2010|Tn6783_201330|GenBank|CP054623.1|2596147..2668162_Pseudomonas_aeruginosa_strain_DL201330_chromosome__complete_genome	98.701	77	1	0	144189	144265	66975	66899	6.66e-29	137
accn|JAMDLC010000005	ICEberg|1856|ICERps4|GenBank|CP039339.1|545761..602147_Ralstonia_solanacearum_strain_UW386_chromosome__complete_genome	97.368	38	1	0	144037	144074	55691	55728	3.19e-07	65.8
accn|JAMDLC010000005	ICEberg|1854|ICERps2_YC40-M|GenBank|CP015850.1|2532466..2588165_Ralstonia_solanacearum_strain_YC40-M__complete_sequence	97.368	38	1	0	144037	144074	527	490	3.19e-07	65.8
accn|JAMDLC010000005	ICEberg|1853|ICERps2_FQY_4|GenBank|CP004012.1|1113417..1173796_Ralstonia_solanacearum_FQY_4__complete_genome	97.368	38	1	0	144037	144074	57747	57784	3.19e-07	65.8
accn|JAMDLC010000008	ICEberg|1584|ICEAac1|GenBank|CP012959.1|2164508..2181462_Aggregatibacter_actinomycetemcomitans_strain_624__complete_genome	96.491	114	2	1	100	213	16844	16955	5.96e-44	187
accn|JAMDLC010000008	ICEberg|1701|ICEHdu2|GenBank|CP015434.1|162562..211583_[Haemophilus]_ducreyi_strain_GHA9__complete_genome	100.000	76	0	0	138	213	49022	48947	4.71e-30	141
accn|JAMDLC010000008	ICEberg|1700|ICEHdu1|GenBank|NC_002940.2|718953..768668_[Haemophilus]_ducreyi_35000HP__complete_sequence	100.000	76	0	0	138	213	1	76	4.71e-30	141
accn|JAMDLC010000008	ICEberg|2010|Tn6783_201330|GenBank|CP054623.1|2596147..2668162_Pseudomonas_aeruginosa_strain_DL201330_chromosome__complete_genome	98.701	77	1	0	138	214	66974	66898	6.09e-29	137
accn|JAMDLC010000008	ICEberg|1581|ICE6660|GenBank|MK497171.1|1..112205_Pseudomonas_aeruginosa_sequence	98.684	76	1	0	138	213	112130	112205	2.19e-28	135
accn|JAMDLC010000008	ICEberg|987|ICEMh1|GenBank|CP005383|2128248..2190602_Mannheimia_haemolytica_M42548__complete_genome	98.276	58	0	1	31854	31911	48974	49030	7.99e-18	100
accn|JAMDLC010000008	ICEberg|441|ICEHso2336-1|GenBank|CP000947|1927921..1994529_Haemophilus_somnus_2336__complete_genome	98.276	58	0	1	31854	31911	43112	43168	7.99e-18	100
accn|JAMDLC010000008	ICEberg|440|ICEPmu1|GenBank|CP003022|273284..355497_Pasteurella_multocida_36950__complete_genome	98.276	58	0	1	31854	31911	61058	61114	7.99e-18	100
accn|JAMDLC010000008	ICEberg|1734|ICEMh3|GenBank|CP006942.1|959858..1026317_Mannheimia_sp._USDA-ARS-USMARC-1261__complete_genome	98.276	58	0	1	31854	31911	23435	23379	7.99e-18	100
accn|JAMDLC010000008	ICEberg|1719|ICEHso4|GenBank|CP018803.1|686759..761246_Histophilus_somni_strain_USDA-ARS-USMARC-63255_chromosome__complete_genome	98.276	58	0	1	31854	31911	13382	13326	7.99e-18	100
accn|JAMDLC010000008	ICEberg|1717|ICEHs1|GenBank|MF136609.1|1..64932_Histophilus_somni_strain_AVI_1_integrative_conjugative_element_ICEHs1__complete_sequence	98.276	58	0	1	31854	31911	43124	43180	7.99e-18	100
accn|JAMDLC010000008	ICEberg|1716|ICEHs02|GenBank|CP042993.1|687500..760418_Histophilus_somni_strain_UOC-KLM-ATR-014_chromosome__complete_genome	98.276	58	0	1	31854	31911	13334	13278	7.99e-18	100
accn|JAMDLC010000008	ICEberg|1603|ICEAsu1|GenBank|CP009159.1|982132..1037894_Actinobacillus_suis_ATCC_33415__complete_genome	98.276	58	0	1	31854	31911	16384	16328	7.99e-18	100
accn|JAMDLC010000008	ICEberg|1856|ICERps4|GenBank|CP039339.1|545761..602147_Ralstonia_solanacearum_strain_UW386_chromosome__complete_genome	97.436	39	1	0	97	135	55691	55729	8.10e-08	67.6
accn|JAMDLC010000008	ICEberg|1854|ICERps2_YC40-M|GenBank|CP015850.1|2532466..2588165_Ralstonia_solanacearum_strain_YC40-M__complete_sequence	97.436	39	1	0	97	135	527	489	8.10e-08	67.6
accn|JAMDLC010000008	ICEberg|1853|ICERps2_FQY_4|GenBank|CP004012.1|1113417..1173796_Ralstonia_solanacearum_FQY_4__complete_genome	97.436	39	1	0	97	135	57747	57785	8.10e-08	67.6
accn|JAMDLC010000009	ICEberg|1807|ICEPmu4|GenBank|CP038875.1|2009809..2087766_Pasteurella_multocida_strain_FCf83_chromosome__complete_genome	97.115	104	3	0	133245	133348	47275	47172	1.22e-40	176
accn|JAMDLC010000010	ICEberg|1807|ICEPmu4|GenBank|CP038875.1|2009809..2087766_Pasteurella_multocida_strain_FCf83_chromosome__complete_genome	97.514	724	17	1	26580	27303	46550	47272	0.0	1236
accn|JAMDLC010000010	ICEberg|1585|ICEAac2|GenBank|CP012958.1|1948540..1976212_Aggregatibacter_actinomycetemcomitans_strain_VT1169__complete_genome	95.714	70	3	0	1	70	26101	26032	6.66e-22	113
accn|JAMDLC010000010	ICEberg|1698|ICEGpa3|GenBank|CP018032.1|1710663..1776472_Glaesserella_parasuis_D74__complete_sequence	100.000	34	0	0	91591	91624	64743	64710	6.80e-07	63.9
accn|JAMDLC010000012	ICEberg|1807|ICEPmu4|GenBank|CP038875.1|2009809..2087766_Pasteurella_multocida_strain_FCf83_chromosome__complete_genome	100.000	98	0	0	1	98	46655	46558	1.22e-42	182
accn|JAMDLC010000013	ICEberg|1807|ICEPmu4|GenBank|CP038875.1|2009809..2087766_Pasteurella_multocida_strain_FCf83_chromosome__complete_genome	99.048	105	1	0	1	105	46656	46552	7.07e-45	189
accn|JAMDLC010000016	ICEberg|1807|ICEPmu4|GenBank|CP038875.1|2009809..2087766_Pasteurella_multocida_strain_FCf83_chromosome__complete_genome	98.148	108	0	2	51894	52000	46550	46656	2.19e-44	187
accn|JAMDLC010000017	ICEberg|1807|ICEPmu4|GenBank|CP038875.1|2009809..2087766_Pasteurella_multocida_strain_FCf83_chromosome__complete_genome	100.000	97	0	0	1	97	47174	47270	2.79e-42	180
accn|JAMDLC010000018	ICEberg|1807|ICEPmu4|GenBank|CP038875.1|2009809..2087766_Pasteurella_multocida_strain_FCf83_chromosome__complete_genome	100.000	99	0	0	1	99	46656	46558	2.14e-43	183
accn|JAMDLC010000018	ICEberg|1585|ICEAac2|GenBank|CP012958.1|1948540..1976212_Aggregatibacter_actinomycetemcomitans_strain_VT1169__complete_genome	95.714	70	3	0	39079	39148	26032	26101	2.84e-22	113
accn|JAMDLC010000018	ICEberg|1601|ICEApol3|GenBank|CP030840.1|5037772..5086665_Acidisarcina_polymorpha_strain_SBC82_chromosome__complete_genome	95.833	48	2	0	16693	16740	40444	40491	1.04e-11	78.7
accn|JAMDLC010000018	ICEberg|1600|ICEApol2|GenBank|CP030840.1|4848388..4904726_Acidisarcina_polymorpha_strain_SBC82_chromosome__complete_genome	95.745	47	2	0	16694	16740	54747	54793	3.73e-11	76.8
accn|JAMDLC010000019	ICEberg|1597|ICEApa1|GenBank|CP050316.1|2129122..2199489_Avibacterium_paragallinarum_strain_ESV-135_chromosome__complete_genome	99.219	128	1	0	27994	28121	128	1	6.66e-58	231
accn|JAMDLC010000019	ICEberg|1597|ICEApa1|GenBank|CP050316.1|2129122..2199489_Avibacterium_paragallinarum_strain_ESV-135_chromosome__complete_genome	98.765	81	1	0	28046	28126	70368	70288	8.92e-32	145
accn|JAMDLC010000019	ICEberg|1807|ICEPmu4|GenBank|CP038875.1|2009809..2087766_Pasteurella_multocida_strain_FCf83_chromosome__complete_genome	97.656	128	3	0	27994	28121	77831	77958	1.44e-54	220
accn|JAMDLC010000019	ICEberg|1807|ICEPmu4|GenBank|CP038875.1|2009809..2087766_Pasteurella_multocida_strain_FCf83_chromosome__complete_genome	98.765	81	1	0	28046	28126	1	81	8.92e-32	145
accn|JAMDLC010000019	ICEberg|1702|ICEHin8|GenBank|LS483392.1|192252..244996_Haemophilus_influenzae_strain_NCTC11931_genome_assembly__chromosome__1	98.795	83	0	1	28046	28128	52745	52664	2.48e-32	147
accn|JAMDLC010000019	ICEberg|1804|ICEPmu3|GenBank|CP038873.1|1026914..1096464_Pasteurella_multocida_strain_FCf45_chromosome__complete_genome	98.765	81	1	0	28046	28126	69551	69471	8.92e-32	145
accn|JAMDLC010000019	ICEberg|1685|ICEEC8|GenBank|LOGV01000031.1|282800..364210_Escherichia_coli_strain_STEC_2174_STEC2174_contig_26__whole_genome_shotgun_sequence	96.078	51	2	0	27991	28041	1	51	1.97e-13	84.2
accn|JAMDLC010000020	ICEberg|1807|ICEPmu4|GenBank|CP038875.1|2009809..2087766_Pasteurella_multocida_strain_FCf83_chromosome__complete_genome	97.938	97	2	0	1	97	47174	47270	5.23e-39	169
accn|JAMDLC010000021	ICEberg|1804|ICEPmu3|GenBank|CP038873.1|1026914..1096464_Pasteurella_multocida_strain_FCf45_chromosome__complete_genome	97.990	9801	197	0	16172	25972	27965	18165	0.0	17008
accn|JAMDLC010000021	ICEberg|1804|ICEPmu3|GenBank|CP038873.1|1026914..1096464_Pasteurella_multocida_strain_FCf45_chromosome__complete_genome	98.933	7216	77	0	4247	11462	40510	33295	0.0	12899
accn|JAMDLC010000021	ICEberg|1804|ICEPmu3|GenBank|CP038873.1|1026914..1096464_Pasteurella_multocida_strain_FCf45_chromosome__complete_genome	97.024	4234	112	3	11613	15846	32980	28761	0.0	7108
accn|JAMDLC010000021	ICEberg|1804|ICEPmu3|GenBank|CP038873.1|1026914..1096464_Pasteurella_multocida_strain_FCf45_chromosome__complete_genome	98.614	2525	35	0	1731	4255	61311	58787	0.0	4470
accn|JAMDLC010000021	ICEberg|1807|ICEPmu4|GenBank|CP038875.1|2009809..2087766_Pasteurella_multocida_strain_FCf83_chromosome__complete_genome	96.920	9839	291	7	16142	25969	22795	32632	0.0	16480
accn|JAMDLC010000021	ICEberg|1807|ICEPmu4|GenBank|CP038875.1|2009809..2087766_Pasteurella_multocida_strain_FCf83_chromosome__complete_genome	95.963	7505	295	8	3962	11462	10572	18072	0.0	12174
accn|JAMDLC010000021	ICEberg|1807|ICEPmu4|GenBank|CP038875.1|2009809..2087766_Pasteurella_multocida_strain_FCf83_chromosome__complete_genome	96.975	4232	119	3	11613	15841	18387	22612	0.0	7097
accn|JAMDLC010000021	ICEberg|1807|ICEPmu4|GenBank|CP038875.1|2009809..2087766_Pasteurella_multocida_strain_FCf83_chromosome__complete_genome	100.000	64	0	0	27253	27316	33858	33921	4.85e-24	119
accn|JAMDLC010000021	ICEberg|1807|ICEPmu4|GenBank|CP038875.1|2009809..2087766_Pasteurella_multocida_strain_FCf83_chromosome__complete_genome	100.000	64	0	0	27216	27279	33895	33958	4.85e-24	119
accn|JAMDLC010000021	ICEberg|1597|ICEApa1|GenBank|CP050316.1|2129122..2199489_Avibacterium_paragallinarum_strain_ESV-135_chromosome__complete_genome	95.995	10138	383	7	15846	25972	30680	20555	0.0	16451
accn|JAMDLC010000021	ICEberg|1597|ICEApa1|GenBank|CP050316.1|2129122..2199489_Avibacterium_paragallinarum_strain_ESV-135_chromosome__complete_genome	95.125	5149	241	10	3962	9106	45062	39920	0.0	8109
accn|JAMDLC010000021	ICEberg|1597|ICEApa1|GenBank|CP050316.1|2129122..2199489_Avibacterium_paragallinarum_strain_ESV-135_chromosome__complete_genome	97.109	3839	108	1	12006	15841	34676	30838	0.0	6471
accn|JAMDLC010000021	ICEberg|1597|ICEApa1|GenBank|CP050316.1|2129122..2199489_Avibacterium_paragallinarum_strain_ESV-135_chromosome__complete_genome	97.364	2693	64	1	100	2792	63333	60648	0.0	4573
accn|JAMDLC010000021	ICEberg|1597|ICEApa1|GenBank|CP050316.1|2129122..2199489_Avibacterium_paragallinarum_strain_ESV-135_chromosome__complete_genome	96.040	2500	86	7	9246	11745	37208	34722	0.0	4056
accn|JAMDLC010000021	ICEberg|1736|ICEMha2|GenBank|NC_020833.2|1557279..1616347_Mannheimia_haemolytica_USDA-ARS-USMARC-183__complete_sequence	98.113	53	1	0	6668	6720	46892	46840	2.94e-16	93.5
accn|JAMDLC010000021	ICEberg|960|ICEApl1|GenBank|KU551309|27..56176_Actinobacillus_pleuropneumoniae_strain_MIDG2427_tRNA-Leu_gene__integrative_conjugative_element_ICEApl1_mobile_element__and_tRNA-Gly_gene__complete_sequence	100.000	49	0	0	1068	1116	7481	7529	1.06e-15	91.6
accn|JAMDLC010000021	ICEberg|61|ICEHin86-1|GenBank|CP000057|92259..148366_Haemophilus_influenzae_86-028NP__complete_genome	100.000	49	0	0	1068	1116	7499	7547	1.06e-15	91.6
accn|JAMDLC010000021	ICEberg|60|ICEHin1056|GenBank|AJ627386|1..59393_Haemophilus_influenzae_plasmid_ICEhin1056	100.000	49	0	0	1068	1116	7480	7528	1.06e-15	91.6
accn|JAMDLC010000021	ICEberg|350|ICEHpaT3T1|GenBank|FQ312002|1153089..1213144_Haemophilus_parainfluenzae_T3T1_genome	100.000	49	0	0	1068	1116	52565	52517	1.06e-15	91.6
accn|JAMDLC010000021	ICEberg|349|ICEHpa8f|GenBank|AM884335|1..52725_Haemophilus_influenzae_parA_gene_for_chromosome_partitioning_protein__strain_8f	100.000	49	0	0	1068	1116	7588	7636	1.06e-15	91.6
accn|JAMDLC010000021	ICEberg|348|ICEHin299|GenBank|AM884334|1..53902_Haemophilus_influenzae_parA_gene_for_chromosome_partitioning_protein__strain_299	100.000	49	0	0	1068	1116	7564	7612	1.06e-15	91.6
accn|JAMDLC010000021	ICEberg|347|ICEhinR2866|GenBank|CP002277|555283..608328_Haemophilus_influenzae_R2866__complete_genome	100.000	49	0	0	1068	1116	45588	45540	1.06e-15	91.6
accn|JAMDLC010000021	ICEberg|346|ICEHinB|GenBank|FQ312006|87548..143543_Haemophilus_influenzae_10810_genome	100.000	49	0	0	1068	1116	7564	7612	1.06e-15	91.6
accn|JAMDLC010000021	ICEberg|2046|Tn7100|GenBank|OW736085.1|1..73601_Haemophilus_influenzae_strain_Hi-228_transposon_7100__complete_sequence	100.000	49	0	0	1068	1116	7480	7528	1.06e-15	91.6
accn|JAMDLC010000021	ICEberg|2007|Tn6687|GenBank|MN106412.1|1..68777_Haemophilus_influenzae_strain_0_transposon_Tn6687__complete_sequence	100.000	49	0	0	1068	1116	7532	7580	1.06e-15	91.6
accn|JAMDLC010000021	ICEberg|2005|Tn6685|GenBank|MN106410.1|1..52414_Haemophilus_influenzae_strain_E_transposon_Tn6685__complete_sequence	100.000	49	0	0	1068	1116	7480	7528	1.06e-15	91.6
accn|JAMDLC010000021	ICEberg|1701|ICEHdu2|GenBank|CP015434.1|162562..211583_[Haemophilus]_ducreyi_strain_GHA9__complete_genome	96.000	50	1	1	1068	1116	6744	6793	2.29e-12	80.5
accn|JAMDLC010000021	ICEberg|1700|ICEHdu1|GenBank|NC_002940.2|718953..768668_[Haemophilus]_ducreyi_35000HP__complete_sequence	96.000	50	1	1	1068	1116	42278	42229	2.29e-12	80.5
accn|JAMDLC010000021	ICEberg|1698|ICEGpa3|GenBank|CP018032.1|1710663..1776472_Glaesserella_parasuis_D74__complete_sequence	96.000	50	1	1	1068	1116	7371	7420	2.29e-12	80.5
accn|JAMDLC010000021	ICEberg|1586|ICEAac3|GenBank|CP043003.1|2132073..2197982_Aggregatibacter_actinomycetemcomitans_strain_HK_907_chromosome__complete_genome	95.833	48	1	1	1068	1114	7908	7955	2.96e-11	76.8
accn|JAMDLC010000022	ICEberg|163|SLP1|GenBank|NC_003888|5038594..5055797_Streptomyces_coelicolor_A3(2)_chromosome__complete_genome	95.556	45	2	0	30547	30591	17019	17063	3.82e-10	73.1
accn|JAMDLC010000023	ICEberg|1807|ICEPmu4|GenBank|CP038875.1|2009809..2087766_Pasteurella_multocida_strain_FCf83_chromosome__complete_genome	100.000	102	0	0	1	102	46656	46555	3.08e-45	189
accn|JAMDLC010000025	ICEberg|1701|ICEHdu2|GenBank|CP015434.1|162562..211583_[Haemophilus]_ducreyi_strain_GHA9__complete_genome	100.000	78	0	0	6771	6848	79	2	6.04e-32	145
accn|JAMDLC010000025	ICEberg|1701|ICEHdu2|GenBank|CP015434.1|162562..211583_[Haemophilus]_ducreyi_strain_GHA9__complete_genome	100.000	77	0	0	6874	6950	78	2	2.17e-31	143
accn|JAMDLC010000025	ICEberg|1700|ICEHdu1|GenBank|NC_002940.2|718953..768668_[Haemophilus]_ducreyi_35000HP__complete_sequence	100.000	78	0	0	6771	6848	49499	49576	6.04e-32	145
accn|JAMDLC010000025	ICEberg|1700|ICEHdu1|GenBank|NC_002940.2|718953..768668_[Haemophilus]_ducreyi_35000HP__complete_sequence	100.000	77	0	0	6874	6950	49500	49576	2.17e-31	143
accn|JAMDLC010000025	ICEberg|1586|ICEAac3|GenBank|CP043003.1|2132073..2197982_Aggregatibacter_actinomycetemcomitans_strain_HK_907_chromosome__complete_genome	100.000	77	0	0	6874	6950	293	217	2.17e-31	143
accn|JAMDLC010000025	ICEberg|1586|ICEAac3|GenBank|CP043003.1|2132073..2197982_Aggregatibacter_actinomycetemcomitans_strain_HK_907_chromosome__complete_genome	100.000	77	0	0	6772	6848	293	217	2.17e-31	143
accn|JAMDLC010000025	ICEberg|1586|ICEAac3|GenBank|CP043003.1|2132073..2197982_Aggregatibacter_actinomycetemcomitans_strain_HK_907_chromosome__complete_genome	100.000	64	0	0	6771	6834	64409	64346	3.66e-24	119
accn|JAMDLC010000025	ICEberg|1586|ICEAac3|GenBank|CP043003.1|2132073..2197982_Aggregatibacter_actinomycetemcomitans_strain_HK_907_chromosome__complete_genome	100.000	63	0	0	6874	6936	64408	64346	1.32e-23	117
accn|JAMDLC010000026	ICEberg|1585|ICEAac2|GenBank|CP012958.1|1948540..1976212_Aggregatibacter_actinomycetemcomitans_strain_VT1169__complete_genome	95.714	70	3	0	21357	21426	26032	26101	1.56e-22	113
accn|JAMDLC010000028	ICEberg|1698|ICEGpa3|GenBank|CP018032.1|1710663..1776472_Glaesserella_parasuis_D74__complete_sequence	100.000	34	0	0	62	95	64710	64743	1.37e-07	63.9
accn|JAMDLC010000031	ICEberg|1807|ICEPmu4|GenBank|CP038875.1|2009809..2087766_Pasteurella_multocida_strain_FCf83_chromosome__complete_genome	100.000	99	0	0	13207	13305	46558	46656	7.25e-44	183
accn|JAMDLC010000032	ICEberg|1807|ICEPmu4|GenBank|CP038875.1|2009809..2087766_Pasteurella_multocida_strain_FCf83_chromosome__complete_genome	99.917	1198	1	0	1	1198	46816	48013	0.0	2207
accn|JAMDLC010000032	ICEberg|1807|ICEPmu4|GenBank|CP038875.1|2009809..2087766_Pasteurella_multocida_strain_FCf83_chromosome__complete_genome	98.020	303	6	0	12867	13169	74008	73706	2.88e-147	527
accn|JAMDLC010000032	ICEberg|1807|ICEPmu4|GenBank|CP038875.1|2009809..2087766_Pasteurella_multocida_strain_FCf83_chromosome__complete_genome	98.013	302	6	0	12868	13169	55340	55039	1.04e-146	525
accn|JAMDLC010000032	ICEberg|1804|ICEPmu3|GenBank|CP038873.1|1026914..1096464_Pasteurella_multocida_strain_FCf45_chromosome__complete_genome	99.057	318	1	2	12854	13169	40495	40812	4.72e-160	569
accn|JAMDLC010000032	ICEberg|1804|ICEPmu3|GenBank|CP038873.1|1026914..1096464_Pasteurella_multocida_strain_FCf45_chromosome__complete_genome	97.682	302	7	0	12868	13169	49657	49356	4.82e-145	520
accn|JAMDLC010000032	ICEberg|1804|ICEPmu3|GenBank|CP038873.1|1026914..1096464_Pasteurella_multocida_strain_FCf45_chromosome__complete_genome	97.682	302	7	0	12868	13169	58786	58485	4.82e-145	520
accn|JAMDLC010000032	ICEberg|960|ICEApl1|GenBank|KU551309|27..56176_Actinobacillus_pleuropneumoniae_strain_MIDG2427_tRNA-Leu_gene__integrative_conjugative_element_ICEApl1_mobile_element__and_tRNA-Gly_gene__complete_sequence	99.038	312	3	0	12858	13169	14604	14915	2.84e-157	560
accn|JAMDLC010000032	ICEberg|960|ICEApl1|GenBank|KU551309|27..56176_Actinobacillus_pleuropneumoniae_strain_MIDG2427_tRNA-Leu_gene__integrative_conjugative_element_ICEApl1_mobile_element__and_tRNA-Gly_gene__complete_sequence	98.020	303	6	0	12867	13169	23760	23458	2.88e-147	527
accn|JAMDLC010000032	ICEberg|2046|Tn7100|GenBank|OW736085.1|1..73601_Haemophilus_influenzae_strain_Hi-228_transposon_7100__complete_sequence	99.038	312	3	0	12858	13169	19983	20294	2.84e-157	560
accn|JAMDLC010000032	ICEberg|2046|Tn7100|GenBank|OW736085.1|1..73601_Haemophilus_influenzae_strain_Hi-228_transposon_7100__complete_sequence	100.000	303	0	0	12867	13169	27170	26868	2.84e-157	560
accn|JAMDLC010000032	ICEberg|2007|Tn6687|GenBank|MN106412.1|1..68777_Haemophilus_influenzae_strain_0_transposon_Tn6687__complete_sequence	99.038	312	3	0	12858	13169	15726	16037	2.84e-157	560
accn|JAMDLC010000032	ICEberg|2007|Tn6687|GenBank|MN106412.1|1..68777_Haemophilus_influenzae_strain_0_transposon_Tn6687__complete_sequence	98.020	303	6	0	12867	13169	24882	24580	2.88e-147	527
accn|JAMDLC010000032	ICEberg|2006|Tn6686|GenBank|MN106411.1|1..64737_Haemophilus_influenzae_strain_G_transposon_Tn6686__complete_sequence	99.038	312	3	0	12858	13169	14655	14966	2.84e-157	560
accn|JAMDLC010000032	ICEberg|2006|Tn6686|GenBank|MN106411.1|1..64737_Haemophilus_influenzae_strain_G_transposon_Tn6686__complete_sequence	97.690	303	7	0	12867	13169	26691	26389	1.34e-145	521
accn|JAMDLC010000032	ICEberg|1713|ICEHpa1|GenBank|CP054198.1|1511383..1580304_Glaesserella_parasuis_strain_YHP170504_chromosome__complete_genome	100.000	303	0	0	12867	13169	25373	25071	2.84e-157	560
accn|JAMDLC010000032	ICEberg|1697|ICEGpa2|GenBank|CP049090.1|1351751..1421790_Glaesserella_parasuis_strain_aHPS7_chromosome__complete_genome	100.000	303	0	0	12867	13169	25137	24835	2.84e-157	560
accn|JAMDLC010000032	ICEberg|1602|ICEAsp1|GenBank|MW030510.1|1..72978_Actinobacillus_sp._ICEAsp1_mobile_element__complete_sequence	100.000	303	0	0	12867	13169	43672	43974	2.84e-157	560
accn|JAMDLC010000032	ICEberg|976|ICEKkKWG1|GenBank|LN869922|850916..923591_Kingella_kingae_genome_assembly_KKKWG1__chromosome___I	100.000	302	0	0	12868	13169	40570	40269	1.02e-156	558
accn|JAMDLC010000032	ICEberg|976|ICEKkKWG1|GenBank|LN869922|850916..923591_Kingella_kingae_genome_assembly_KKKWG1__chromosome___I	97.682	302	7	0	12868	13169	31425	31726	4.82e-145	520
accn|JAMDLC010000032	ICEberg|969|ICEEcUMNK88|GenBank|CP002729|4888719..4951420_Escherichia_coli_UMNK88__complete_genome	99.672	305	1	0	12865	13169	49596	49900	1.02e-156	558
accn|JAMDLC010000032	ICEberg|64|CTnBST|GenBank|AY345595|1..100903_Bacteroides_uniformis_strain_WH207_transposon_CTnBST__complete_sequence	100.000	302	0	0	12868	13169	94872	95173	1.02e-156	558
accn|JAMDLC010000032	ICEberg|38|ICEPdaSpa1|GenBank|AJ870986|1..102985_Photobacterium_damselae_subsp._piscicida_integrative_and_conjugative_element_ICEPdaSpa1__isolate_PC554.2	100.000	302	0	0	12868	13169	29503	29202	1.02e-156	558
accn|JAMDLC010000032	ICEberg|38|ICEPdaSpa1|GenBank|AJ870986|1..102985_Photobacterium_damselae_subsp._piscicida_integrative_and_conjugative_element_ICEPdaSpa1__isolate_PC554.2	100.000	302	0	0	12868	13169	83219	82918	1.02e-156	558
accn|JAMDLC010000032	ICEberg|2045|Tn6966|GenBank|CP064830.1|3371703..3442829_Morganella_morganii_subsp._morganii_strain_81703_chromosome__complete_genome	100.000	302	0	0	12868	13169	11475	11776	1.02e-156	558
accn|JAMDLC010000032	ICEberg|2045|Tn6966|GenBank|CP064830.1|3371703..3442829_Morganella_morganii_subsp._morganii_strain_81703_chromosome__complete_genome	97.705	305	7	0	12865	13169	17556	17252	1.04e-146	525
accn|JAMDLC010000032	ICEberg|2045|Tn6966|GenBank|CP064830.1|3371703..3442829_Morganella_morganii_subsp._morganii_strain_81703_chromosome__complete_genome	97.682	302	7	0	12868	13169	3277	2976	4.82e-145	520
accn|JAMDLC010000032	ICEberg|1772|ICEPmiBra607|GenBank|CP049753.1|1687350..1780822_Proteus_mirabilis_strain_PmBR607_chromosome__complete_genome	100.000	302	0	0	12868	13169	11093	10792	1.02e-156	558
accn|JAMDLC010000032	ICEberg|1772|ICEPmiBra607|GenBank|CP049753.1|1687350..1780822_Proteus_mirabilis_strain_PmBR607_chromosome__complete_genome	97.087	309	9	0	12861	13169	26333	26025	1.34e-145	521
accn|JAMDLC010000032	ICEberg|60|ICEHin1056|GenBank|AJ627386|1..59393_Haemophilus_influenzae_plasmid_ICEhin1056	98.718	312	4	0	12858	13169	14603	14914	1.32e-155	555
accn|JAMDLC010000032	ICEberg|60|ICEHin1056|GenBank|AJ627386|1..59393_Haemophilus_influenzae_plasmid_ICEhin1056	97.690	303	7	0	12867	13169	26638	26336	1.34e-145	521
accn|JAMDLC010000032	ICEberg|1692|ICEGpa1804|GenBank|CP069308.1|717521..789400_Glaesserella_parasuis_strain_EHP1804_chromosome__complete_genome	99.670	303	1	0	12867	13169	44973	45275	1.32e-155	555
accn|JAMDLC010000032	ICEberg|1692|ICEGpa1804|GenBank|CP069308.1|717521..789400_Glaesserella_parasuis_strain_EHP1804_chromosome__complete_genome	97.368	304	8	0	12866	13169	48218	48521	1.73e-144	518
accn|JAMDLC010000032	ICEberg|350|ICEHpaT3T1|GenBank|FQ312002|1153089..1213144_Haemophilus_parainfluenzae_T3T1_genome	99.007	302	3	0	12868	13169	17271	16970	1.03e-151	542
accn|JAMDLC010000032	ICEberg|350|ICEHpaT3T1|GenBank|FQ312002|1153089..1213144_Haemophilus_parainfluenzae_T3T1_genome	97.087	309	9	0	12861	13169	8118	8426	1.34e-145	521
accn|JAMDLC010000032	ICEberg|1803|ICEPmu2|GenBank|CP038871.1|1998244..2056820_Pasteurella_multocida_strain_FCf15_chromosome__complete_genome	96.845	317	10	0	12853	13169	14025	14341	2.23e-148	531
accn|JAMDLC010000032	ICEberg|1791|ICEPmiJpn1_PM655|GenBank|KT894734.1|1..92934_Proteus_mirabilis_strain_PM14C28_integrating_conjugative_element_ICEPmiJpn1_mobile_element__complete_sequence__and_peptide_chain_release_factor_3_(prfC)_gene__complete_cds	97.712	306	7	0	12864	13169	11328	11023	2.88e-147	527
accn|JAMDLC010000032	ICEberg|1791|ICEPmiJpn1_PM655|GenBank|KT894734.1|1..92934_Proteus_mirabilis_strain_PM14C28_integrating_conjugative_element_ICEPmiJpn1_mobile_element__complete_sequence__and_peptide_chain_release_factor_3_(prfC)_gene__complete_cds	97.087	309	9	0	12861	13169	24301	23993	1.34e-145	521
accn|JAMDLC010000032	ICEberg|1207|ICEKpnCR14-2|GenBank|CP015392.1|1776406..1984641_Klebsiella_pneumoniae_strain_CR14__complete_genome	97.705	305	7	0	12865	13169	168055	168359	1.04e-146	525
accn|JAMDLC010000032	ICEberg|1207|ICEKpnCR14-2|GenBank|CP015392.1|1776406..1984641_Klebsiella_pneumoniae_strain_CR14__complete_genome	97.682	302	7	0	12868	13169	57565	57264	4.82e-145	520
accn|JAMDLC010000032	ICEberg|1207|ICEKpnCR14-2|GenBank|CP015392.1|1776406..1984641_Klebsiella_pneumoniae_strain_CR14__complete_genome	97.377	305	8	0	12865	13169	62744	63048	4.82e-145	520
accn|JAMDLC010000032	ICEberg|1597|ICEApa1|GenBank|CP050316.1|2129122..2199489_Avibacterium_paragallinarum_strain_ESV-135_chromosome__complete_genome	97.682	302	7	0	12868	13169	46725	47026	4.82e-145	520
accn|JAMDLC010000032	ICEberg|1597|ICEApa1|GenBank|CP050316.1|2129122..2199489_Avibacterium_paragallinarum_strain_ESV-135_chromosome__complete_genome	99.627	268	1	0	12902	13169	55837	55570	3.78e-136	490
accn|JAMDLC010000032	ICEberg|1597|ICEApa1|GenBank|CP050316.1|2129122..2199489_Avibacterium_paragallinarum_strain_ESV-135_chromosome__complete_genome	95.652	46	1	1	12868	12913	60647	60603	1.62e-10	73.1
accn|JAMDLC010000032	ICEberg|1046|ICEValHN492|GenBank|KT072769|1..106164_Vibrio_alginolyticus_strain_HN492_transposon_integrating_conjugative_element_ICEValHN492__complete_sequence	97.020	302	7	2	12868	13169	25008	25307	3.75e-141	507
accn|JAMDLC010000032	ICEberg|1043|ICEValE0601|GenBank|KT072768|1..106165_Vibrio_alginolyticus_strain_E0601_transposon_integrating_conjugative_element_ICEValE0601__complete_sequence	97.020	302	7	2	12868	13169	25009	25308	3.75e-141	507
accn|JAMDLC010000032	ICEberg|1702|ICEHin8|GenBank|LS483392.1|192252..244996_Haemophilus_influenzae_strain_NCTC11931_genome_assembly__chromosome__1	95.385	65	2	1	809	872	3222	3158	2.07e-19	102
accn|JAMDLC010000040	ICEberg|1807|ICEPmu4|GenBank|CP038875.1|2009809..2087766_Pasteurella_multocida_strain_FCf83_chromosome__complete_genome	95.188	1808	84	3	1	1806	46656	44850	0.0	2854
accn|JAMDLC010000040	ICEberg|1807|ICEPmu4|GenBank|CP038875.1|2009809..2087766_Pasteurella_multocida_strain_FCf83_chromosome__complete_genome	95.914	1493	59	2	6485	7976	39117	37626	0.0	2418
accn|JAMDLC010000040	ICEberg|1804|ICEPmu3|GenBank|CP038873.1|1026914..1096464_Pasteurella_multocida_strain_FCf45_chromosome__complete_genome	100.000	30	0	0	4025	4054	9922	9893	9.99e-06	56.5
accn|JAMDLC010000040	ICEberg|1597|ICEApa1|GenBank|CP050316.1|2129122..2199489_Avibacterium_paragallinarum_strain_ESV-135_chromosome__complete_genome	100.000	30	0	0	4025	4054	11564	11535	9.99e-06	56.5
accn|JAMDLC010000043	ICEberg|1804|ICEPmu3|GenBank|CP038873.1|1026914..1096464_Pasteurella_multocida_strain_FCf45_chromosome__complete_genome	97.004	6174	174	10	795	6963	63384	69551	0.0	10366
accn|JAMDLC010000043	ICEberg|1804|ICEPmu3|GenBank|CP038873.1|1026914..1096464_Pasteurella_multocida_strain_FCf45_chromosome__complete_genome	96.092	563	20	2	104	665	62908	63469	0.0	917
accn|JAMDLC010000043	ICEberg|1807|ICEPmu4|GenBank|CP038875.1|2009809..2087766_Pasteurella_multocida_strain_FCf83_chromosome__complete_genome	96.041	6290	235	13	681	6963	6283	1	0.0	10224
accn|JAMDLC010000043	ICEberg|1807|ICEPmu4|GenBank|CP038875.1|2009809..2087766_Pasteurella_multocida_strain_FCf83_chromosome__complete_genome	98.969	679	7	0	104	782	6752	6074	0.0	1216
accn|JAMDLC010000043	ICEberg|1807|ICEPmu4|GenBank|CP038875.1|2009809..2087766_Pasteurella_multocida_strain_FCf83_chromosome__complete_genome	96.947	131	4	0	6888	7018	77958	77828	2.95e-55	220
accn|JAMDLC010000043	ICEberg|1597|ICEApa1|GenBank|CP050316.1|2129122..2199489_Avibacterium_paragallinarum_strain_ESV-135_chromosome__complete_genome	95.305	6432	280	21	544	6963	63947	70368	0.0	10185
accn|JAMDLC010000043	ICEberg|1597|ICEApa1|GenBank|CP050316.1|2129122..2199489_Avibacterium_paragallinarum_strain_ESV-135_chromosome__complete_genome	98.473	131	2	0	6888	7018	1	131	1.36e-58	231
accn|JAMDLC010000045	ICEberg|1804|ICEPmu3|GenBank|CP038873.1|1026914..1096464_Pasteurella_multocida_strain_FCf45_chromosome__complete_genome	99.969	6483	2	0	1	6483	48325	41843	0.0	11961
accn|JAMDLC010000045	ICEberg|350|ICEHpaT3T1|GenBank|FQ312002|1153089..1213144_Haemophilus_parainfluenzae_T3T1_genome	99.954	6483	3	0	1	6483	15939	9457	0.0	11956
accn|JAMDLC010000045	ICEberg|960|ICEApl1|GenBank|KU551309|27..56176_Actinobacillus_pleuropneumoniae_strain_MIDG2427_tRNA-Leu_gene__integrative_conjugative_element_ICEApl1_mobile_element__and_tRNA-Gly_gene__complete_sequence	99.954	6483	2	1	1	6483	22427	15946	0.0	11954
accn|JAMDLC010000045	ICEberg|1597|ICEApa1|GenBank|CP050316.1|2129122..2199489_Avibacterium_paragallinarum_strain_ESV-135_chromosome__complete_genome	99.938	6483	4	0	1	6483	48057	54539	0.0	11950
accn|JAMDLC010000045	ICEberg|2007|Tn6687|GenBank|MN106412.1|1..68777_Haemophilus_influenzae_strain_0_transposon_Tn6687__complete_sequence	99.938	6483	3	1	1	6483	23549	17068	0.0	11948
accn|JAMDLC010000045	ICEberg|976|ICEKkKWG1|GenBank|LN869922|850916..923591_Kingella_kingae_genome_assembly_KKKWG1__chromosome___I	99.907	6483	5	1	1	6483	32757	39238	0.0	11937
accn|JAMDLC010000045	ICEberg|1713|ICEHpa1|GenBank|CP054198.1|1511383..1580304_Glaesserella_parasuis_strain_YHP170504_chromosome__complete_genome	99.925	5355	4	0	1129	6483	18686	24040	0.0	9867
accn|JAMDLC010000045	ICEberg|1692|ICEGpa1804|GenBank|CP069308.1|717521..789400_Glaesserella_parasuis_strain_EHP1804_chromosome__complete_genome	99.925	5355	4	0	1129	6483	54906	49552	0.0	9867
accn|JAMDLC010000045	ICEberg|1602|ICEAsp1|GenBank|MW030510.1|1..72978_Actinobacillus_sp._ICEAsp1_mobile_element__complete_sequence	99.925	5355	4	0	1129	6483	50359	45005	0.0	9867
accn|JAMDLC010000045	ICEberg|1697|ICEGpa2|GenBank|CP049090.1|1351751..1421790_Glaesserella_parasuis_strain_aHPS7_chromosome__complete_genome	99.609	5366	4	16	1129	6483	18445	23804	0.0	9777
accn|JAMDLC010000045	ICEberg|2006|Tn6686|GenBank|MN106411.1|1..64737_Haemophilus_influenzae_strain_G_transposon_Tn6686__complete_sequence	99.915	4718	4	0	1	4718	25358	20641	0.0	8691
accn|JAMDLC010000045	ICEberg|60|ICEHin1056|GenBank|AJ627386|1..59393_Haemophilus_influenzae_plasmid_ICEhin1056	99.788	4718	9	1	1	4718	25305	20589	0.0	8656
accn|JAMDLC010000045	ICEberg|1803|ICEPmu2|GenBank|CP038871.1|1998244..2056820_Pasteurella_multocida_strain_FCf15_chromosome__complete_genome	99.913	4608	4	0	1	4608	15372	19979	0.0	8488
accn|JAMDLC010000045	ICEberg|1807|ICEPmu4|GenBank|CP038875.1|2009809..2087766_Pasteurella_multocida_strain_FCf83_chromosome__complete_genome	99.976	4177	1	0	1	4177	54008	49832	0.0	7709
accn|JAMDLC010000045	ICEberg|2045|Tn6966|GenBank|CP064830.1|3371703..3442829_Morganella_morganii_subsp._morganii_strain_81703_chromosome__complete_genome	99.921	3806	3	0	1	3806	16221	12416	0.0	7012
accn|JAMDLC010000045	resfinderf|tet(B)|2	100.000	1206	0	0	1204	2409	1206	1	0.0	2228
accn|JAMDLC010000045	resfinderf|tet(B)|1	99.917	1206	1	0	1204	2409	1206	1	0.0	2222
accn|JAMDLC010000045	resfinderf|tet(B)|3	99.585	1206	5	0	1204	2409	1206	1	0.0	2200
accn|JAMDLC010000073	ICEberg|1807|ICEPmu4|GenBank|CP038875.1|2009809..2087766_Pasteurella_multocida_strain_FCf83_chromosome__complete_genome	97.196	107	2	1	1	106	47172	47278	1.02e-43	180
accn|JAMDLC010000073	ICEberg|1585|ICEAac2|GenBank|CP012958.1|1948540..1976212_Aggregatibacter_actinomycetemcomitans_strain_VT1169__complete_genome	95.714	70	3	0	1400	1469	26032	26101	1.05e-23	113
accn|JAMDLC010000084	ICEberg|2007|Tn6687|GenBank|MN106412.1|1..68777_Haemophilus_influenzae_strain_0_transposon_Tn6687__complete_sequence	100.000	1129	0	0	1	1129	15939	17067	0.0	2085
accn|JAMDLC010000084	ICEberg|2007|Tn6687|GenBank|MN106412.1|1..68777_Haemophilus_influenzae_strain_0_transposon_Tn6687__complete_sequence	99.469	1129	6	0	1	1129	24678	23550	0.0	2052
accn|JAMDLC010000084	ICEberg|1772|ICEPmiBra607|GenBank|CP049753.1|1687350..1780822_Proteus_mirabilis_strain_PmBR607_chromosome__complete_genome	99.911	1129	1	0	1	1129	10890	9762	0.0	2080
accn|JAMDLC010000084	ICEberg|1772|ICEPmiBra607|GenBank|CP049753.1|1687350..1780822_Proteus_mirabilis_strain_PmBR607_chromosome__complete_genome	99.469	1129	6	0	1	1129	26123	24995	0.0	2052
accn|JAMDLC010000084	ICEberg|1791|ICEPmiJpn1_PM655|GenBank|KT894734.1|1..92934_Proteus_mirabilis_strain_PM14C28_integrating_conjugative_element_ICEPmiJpn1_mobile_element__complete_sequence__and_peptide_chain_release_factor_3_(prfC)_gene__complete_cds	99.823	1129	2	0	1	1129	11121	9993	0.0	2074
accn|JAMDLC010000084	ICEberg|1791|ICEPmiJpn1_PM655|GenBank|KT894734.1|1..92934_Proteus_mirabilis_strain_PM14C28_integrating_conjugative_element_ICEPmiJpn1_mobile_element__complete_sequence__and_peptide_chain_release_factor_3_(prfC)_gene__complete_cds	99.469	1129	6	0	1	1129	24091	22963	0.0	2052
accn|JAMDLC010000084	ICEberg|976|ICEKkKWG1|GenBank|LN869922|850916..923591_Kingella_kingae_genome_assembly_KKKWG1__chromosome___I	99.734	1129	3	0	1	1129	40367	39239	0.0	2069
accn|JAMDLC010000084	ICEberg|976|ICEKkKWG1|GenBank|LN869922|850916..923591_Kingella_kingae_genome_assembly_KKKWG1__chromosome___I	99.380	1129	7	0	1	1129	31628	32756	0.0	2047
accn|JAMDLC010000084	ICEberg|960|ICEApl1|GenBank|KU551309|27..56176_Actinobacillus_pleuropneumoniae_strain_MIDG2427_tRNA-Leu_gene__integrative_conjugative_element_ICEApl1_mobile_element__and_tRNA-Gly_gene__complete_sequence	99.734	1129	3	0	1	1129	14817	15945	0.0	2069
accn|JAMDLC010000084	ICEberg|960|ICEApl1|GenBank|KU551309|27..56176_Actinobacillus_pleuropneumoniae_strain_MIDG2427_tRNA-Leu_gene__integrative_conjugative_element_ICEApl1_mobile_element__and_tRNA-Gly_gene__complete_sequence	99.469	1129	6	0	1	1129	23556	22428	0.0	2052
accn|JAMDLC010000084	ICEberg|350|ICEHpaT3T1|GenBank|FQ312002|1153089..1213144_Haemophilus_parainfluenzae_T3T1_genome	99.734	1129	3	0	1	1129	8328	9456	0.0	2069
accn|JAMDLC010000084	ICEberg|350|ICEHpaT3T1|GenBank|FQ312002|1153089..1213144_Haemophilus_parainfluenzae_T3T1_genome	99.203	1129	9	0	1	1129	17068	15940	0.0	2036
accn|JAMDLC010000084	ICEberg|1804|ICEPmu3|GenBank|CP038873.1|1026914..1096464_Pasteurella_multocida_strain_FCf45_chromosome__complete_genome	99.734	1129	3	0	1	1129	40714	41842	0.0	2069
accn|JAMDLC010000084	ICEberg|1804|ICEPmu3|GenBank|CP038873.1|1026914..1096464_Pasteurella_multocida_strain_FCf45_chromosome__complete_genome	99.469	1129	6	0	1	1129	49454	48326	0.0	2052
accn|JAMDLC010000084	ICEberg|1804|ICEPmu3|GenBank|CP038873.1|1026914..1096464_Pasteurella_multocida_strain_FCf45_chromosome__complete_genome	99.468	1127	6	0	1	1127	58583	57457	0.0	2049
accn|JAMDLC010000084	ICEberg|1713|ICEHpa1|GenBank|CP054198.1|1511383..1580304_Glaesserella_parasuis_strain_YHP170504_chromosome__complete_genome	99.734	1129	3	0	1	1129	25169	24041	0.0	2069
accn|JAMDLC010000084	ICEberg|1697|ICEGpa2|GenBank|CP049090.1|1351751..1421790_Glaesserella_parasuis_strain_aHPS7_chromosome__complete_genome	99.734	1129	3	0	1	1129	24933	23805	0.0	2069
accn|JAMDLC010000084	ICEberg|1692|ICEGpa1804|GenBank|CP069308.1|717521..789400_Glaesserella_parasuis_strain_EHP1804_chromosome__complete_genome	99.734	1129	3	0	1	1129	48423	49551	0.0	2069
accn|JAMDLC010000084	ICEberg|1692|ICEGpa1804|GenBank|CP069308.1|717521..789400_Glaesserella_parasuis_strain_EHP1804_chromosome__complete_genome	100.000	806	0	0	1	806	45177	45982	0.0	1489
accn|JAMDLC010000084	ICEberg|1597|ICEApa1|GenBank|CP050316.1|2129122..2199489_Avibacterium_paragallinarum_strain_ESV-135_chromosome__complete_genome	99.734	1129	3	0	1	1129	55668	54540	0.0	2069
accn|JAMDLC010000084	ICEberg|1597|ICEApa1|GenBank|CP050316.1|2129122..2199489_Avibacterium_paragallinarum_strain_ESV-135_chromosome__complete_genome	99.291	1129	8	0	1	1129	46928	48056	0.0	2041
accn|JAMDLC010000084	ICEberg|969|ICEEcUMNK88|GenBank|CP002729|4888719..4951420_Escherichia_coli_UMNK88__complete_genome	99.734	1127	3	0	1	1127	49802	50928	0.0	2065
accn|JAMDLC010000084	ICEberg|1602|ICEAsp1|GenBank|MW030510.1|1..72978_Actinobacillus_sp._ICEAsp1_mobile_element__complete_sequence	99.646	1129	4	0	1	1129	43876	45004	0.0	2063
accn|JAMDLC010000084	ICEberg|60|ICEHin1056|GenBank|AJ627386|1..59393_Haemophilus_influenzae_plasmid_ICEhin1056	99.469	1129	6	0	1	1129	26434	25306	0.0	2052
accn|JAMDLC010000084	ICEberg|60|ICEHin1056|GenBank|AJ627386|1..59393_Haemophilus_influenzae_plasmid_ICEhin1056	99.699	998	3	0	1	998	14816	15813	0.0	1827
accn|JAMDLC010000084	ICEberg|2045|Tn6966|GenBank|CP064830.1|3371703..3442829_Morganella_morganii_subsp._morganii_strain_81703_chromosome__complete_genome	99.469	1129	6	0	1	1129	17350	16222	0.0	2052
accn|JAMDLC010000084	ICEberg|2045|Tn6966|GenBank|CP064830.1|3371703..3442829_Morganella_morganii_subsp._morganii_strain_81703_chromosome__complete_genome	99.468	1127	6	0	1	1127	3074	1948	0.0	2049
accn|JAMDLC010000084	ICEberg|2045|Tn6966|GenBank|CP064830.1|3371703..3442829_Morganella_morganii_subsp._morganii_strain_81703_chromosome__complete_genome	99.458	738	4	0	1	738	11678	12415	0.0	1341
accn|JAMDLC010000084	ICEberg|2006|Tn6686|GenBank|MN106411.1|1..64737_Haemophilus_influenzae_strain_G_transposon_Tn6686__complete_sequence	99.380	1129	7	0	1	1129	26487	25359	0.0	2047
accn|JAMDLC010000084	ICEberg|2006|Tn6686|GenBank|MN106411.1|1..64737_Haemophilus_influenzae_strain_G_transposon_Tn6686__complete_sequence	99.699	998	3	0	1	998	14868	15865	0.0	1827
accn|JAMDLC010000084	ICEberg|1807|ICEPmu4|GenBank|CP038875.1|2009809..2087766_Pasteurella_multocida_strain_FCf83_chromosome__complete_genome	99.380	1129	7	0	1	1129	55137	54009	0.0	2047
accn|JAMDLC010000084	ICEberg|1807|ICEPmu4|GenBank|CP038875.1|2009809..2087766_Pasteurella_multocida_strain_FCf83_chromosome__complete_genome	99.379	1127	7	0	1	1127	73804	72678	0.0	2043
accn|JAMDLC010000084	ICEberg|1803|ICEPmu2|GenBank|CP038871.1|1998244..2056820_Pasteurella_multocida_strain_FCf15_chromosome__complete_genome	99.380	1129	7	0	1	1129	14243	15371	0.0	2047
accn|JAMDLC010000084	ICEberg|1207|ICEKpnCR14-2|GenBank|CP015392.1|1776406..1984641_Klebsiella_pneumoniae_strain_CR14__complete_genome	99.380	1129	7	0	1	1129	57362	56234	0.0	2047
accn|JAMDLC010000084	ICEberg|1207|ICEKpnCR14-2|GenBank|CP015392.1|1776406..1984641_Klebsiella_pneumoniae_strain_CR14__complete_genome	99.467	1126	6	0	1	1126	62950	64075	0.0	2047
accn|JAMDLC010000084	ICEberg|1207|ICEKpnCR14-2|GenBank|CP015392.1|1776406..1984641_Klebsiella_pneumoniae_strain_CR14__complete_genome	99.467	1126	6	0	1	1126	168261	169386	0.0	2047
accn|JAMDLC010000084	ICEberg|38|ICEPdaSpa1|GenBank|AJ870986|1..102985_Photobacterium_damselae_subsp._piscicida_integrative_and_conjugative_element_ICEPdaSpa1__isolate_PC554.2	99.203	1129	9	0	1	1129	29300	28172	0.0	2036
accn|JAMDLC010000084	ICEberg|38|ICEPdaSpa1|GenBank|AJ870986|1..102985_Photobacterium_damselae_subsp._piscicida_integrative_and_conjugative_element_ICEPdaSpa1__isolate_PC554.2	99.114	1129	10	0	1	1129	83016	81888	0.0	2030
accn|JAMDLC010000084	ICEberg|64|CTnBST|GenBank|AY345595|1..100903_Bacteroides_uniformis_strain_WH207_transposon_CTnBST__complete_sequence	99.201	1127	9	0	1	1127	95075	96201	0.0	2032
accn|JAMDLC010000084	ICEberg|1046|ICEValHN492|GenBank|KT072769|1..106164_Vibrio_alginolyticus_strain_HN492_transposon_integrating_conjugative_element_ICEValHN492__complete_sequence	97.425	1126	28	1	1	1126	25210	26334	0.0	1917
accn|JAMDLC010000084	ICEberg|1043|ICEValE0601|GenBank|KT072768|1..106165_Vibrio_alginolyticus_strain_E0601_transposon_integrating_conjugative_element_ICEValE0601__complete_sequence	97.425	1126	28	1	1	1126	25211	26335	0.0	1917
accn|JAMDLC010000084	ICEberg|2046|Tn7100|GenBank|OW736085.1|1..73601_Haemophilus_influenzae_strain_Hi-228_transposon_7100__complete_sequence	99.699	998	3	0	1	998	20196	21193	0.0	1827
accn|JAMDLC010000084	ICEberg|2046|Tn7100|GenBank|OW736085.1|1..73601_Haemophilus_influenzae_strain_Hi-228_transposon_7100__complete_sequence	99.699	998	3	0	1	998	26966	25969	0.0	1827
accn|JAMDLC010000097	ICEberg|1698|ICEGpa3|GenBank|CP018032.1|1710663..1776472_Glaesserella_parasuis_D74__complete_sequence	100.000	34	0	0	5	38	64743	64710	5.14e-09	63.9
accn|JAMDLC010000121	ICEberg|1807|ICEPmu4|GenBank|CP038875.1|2009809..2087766_Pasteurella_multocida_strain_FCf83_chromosome__complete_genome	95.683	278	12	0	1	278	46899	47176	4.44e-125	448
