accn|EF015636	ICEberg|1807|ICEPmu4|GenBank|CP038875.1|2009809..2087766_Pasteurella_multocida_strain_FCf83_chromosome__complete_genome	99.887	2661	2	1	2358	5017	67014	69674	0.0	4896
accn|EF015636	ICEberg|1807|ICEPmu4|GenBank|CP038875.1|2009809..2087766_Pasteurella_multocida_strain_FCf83_chromosome__complete_genome	99.326	1039	0	7	167	1199	69584	70621	0.0	1873
accn|EF015636	ICEberg|1807|ICEPmu4|GenBank|CP038875.1|2009809..2087766_Pasteurella_multocida_strain_FCf83_chromosome__complete_genome	98.630	146	0	2	16	159	69719	69864	1.59e-66	257
accn|EF015636	ICEberg|1804|ICEPmu3|GenBank|CP038873.1|1026914..1096464_Pasteurella_multocida_strain_FCf45_chromosome__complete_genome	99.511	2661	12	1	2358	5017	51038	53698	0.0	4841
accn|EF015636	ICEberg|1804|ICEPmu3|GenBank|CP038873.1|1026914..1096464_Pasteurella_multocida_strain_FCf45_chromosome__complete_genome	99.678	931	0	3	272	1199	54470	55400	0.0	1700
accn|EF015636	ICEberg|1804|ICEPmu3|GenBank|CP038873.1|1026914..1096464_Pasteurella_multocida_strain_FCf45_chromosome__complete_genome	98.630	146	0	2	16	159	54498	54643	1.59e-66	257
accn|EF015636	ICEberg|1804|ICEPmu3|GenBank|CP038873.1|1026914..1096464_Pasteurella_multocida_strain_FCf45_chromosome__complete_genome	95.575	113	0	5	167	275	53608	53719	4.59e-42	176
accn|EF015636	ICEberg|1803|ICEPmu2|GenBank|CP038871.1|1998244..2056820_Pasteurella_multocida_strain_FCf15_chromosome__complete_genome	99.756	1232	2	1	3787	5017	50019	48788	0.0	2257
accn|EF015636	ICEberg|1803|ICEPmu2|GenBank|CP038871.1|1998244..2056820_Pasteurella_multocida_strain_FCf15_chromosome__complete_genome	97.188	320	7	2	3468	3785	51551	51232	1.41e-151	540
accn|EF015636	ICEberg|1803|ICEPmu2|GenBank|CP038871.1|1998244..2056820_Pasteurella_multocida_strain_FCf15_chromosome__complete_genome	97.170	106	0	3	172	275	48871	48767	4.59e-42	176
accn|EF015636	ICEberg|1803|ICEPmu2|GenBank|CP038871.1|1998244..2056820_Pasteurella_multocida_strain_FCf15_chromosome__complete_genome	97.030	101	1	2	275	373	48621	48521	7.68e-40	169
accn|EF015636	ICEberg|1803|ICEPmu2|GenBank|CP038871.1|1998244..2056820_Pasteurella_multocida_strain_FCf15_chromosome__complete_genome	98.701	77	1	0	16	92	48597	48521	2.17e-30	137
accn|EF015636	ICEberg|961|ICEApl2|GenBank|MF187965|1..92660_Actinobacillus_pleuropneumoniae_strain_MIDG3553_YhaH_(yhaH)_gene__complete_cds__ICEApl2_mobile_element__complete_sequence__and_PrfC_(prfC)_gene__complete_cds	99.822	1125	1	1	3894	5017	20264	19140	0.0	2065
accn|EF015636	ICEberg|961|ICEApl2|GenBank|MF187965|1..92660_Actinobacillus_pleuropneumoniae_strain_MIDG3553_YhaH_(yhaH)_gene__complete_cds__ICEApl2_mobile_element__complete_sequence__and_PrfC_(prfC)_gene__complete_cds	99.569	927	2	2	275	1199	19081	18155	0.0	1688
accn|EF015636	ICEberg|961|ICEApl2|GenBank|MF187965|1..92660_Actinobacillus_pleuropneumoniae_strain_MIDG3553_YhaH_(yhaH)_gene__complete_cds__ICEApl2_mobile_element__complete_sequence__and_PrfC_(prfC)_gene__complete_cds	97.945	146	1	2	16	159	19057	18912	7.41e-65	252
accn|EF015636	ICEberg|961|ICEApl2|GenBank|MF187965|1..92660_Actinobacillus_pleuropneumoniae_strain_MIDG3553_YhaH_(yhaH)_gene__complete_cds__ICEApl2_mobile_element__complete_sequence__and_PrfC_(prfC)_gene__complete_cds	97.170	106	0	3	172	275	19223	19119	4.59e-42	176
accn|EF015636	ICEberg|44|SXT(MO10)|GenBank|AY055428|1..99483_Vibrio_cholerae_STX_transposon-like_element_and_pilus_assembly_region__complete_sequence	99.822	1125	1	1	3894	5017	21415	20291	0.0	2065
accn|EF015636	ICEberg|44|SXT(MO10)|GenBank|AY055428|1..99483_Vibrio_cholerae_STX_transposon-like_element_and_pilus_assembly_region__complete_sequence	99.569	927	2	2	275	1199	20232	19306	0.0	1688
accn|EF015636	ICEberg|44|SXT(MO10)|GenBank|AY055428|1..99483_Vibrio_cholerae_STX_transposon-like_element_and_pilus_assembly_region__complete_sequence	97.945	146	1	2	16	159	20208	20063	7.41e-65	252
accn|EF015636	ICEberg|44|SXT(MO10)|GenBank|AY055428|1..99483_Vibrio_cholerae_STX_transposon-like_element_and_pilus_assembly_region__complete_sequence	97.170	106	0	3	172	275	20374	20270	4.59e-42	176
accn|EF015636	ICEberg|37|ICEPalBan1|GenBank|GQ463139|1..96676_Providencia_alcalifaciens_Ban1_integrating_conjugative_element_ICEPalban1__complete_sequence	99.822	1125	1	1	3894	5017	19653	18529	0.0	2065
accn|EF015636	ICEberg|37|ICEPalBan1|GenBank|GQ463139|1..96676_Providencia_alcalifaciens_Ban1_integrating_conjugative_element_ICEPalban1__complete_sequence	99.569	927	2	2	275	1199	18470	17544	0.0	1688
accn|EF015636	ICEberg|37|ICEPalBan1|GenBank|GQ463139|1..96676_Providencia_alcalifaciens_Ban1_integrating_conjugative_element_ICEPalban1__complete_sequence	97.945	146	1	2	16	159	18446	18301	7.41e-65	252
accn|EF015636	ICEberg|37|ICEPalBan1|GenBank|GQ463139|1..96676_Providencia_alcalifaciens_Ban1_integrating_conjugative_element_ICEPalban1__complete_sequence	97.170	106	0	3	172	275	18612	18508	4.59e-42	176
accn|EF015636	ICEberg|273|SXT(KN14)|GenBank|AB535680|1..20747_Vibrio_cholerae_O1_biovar_El_Tor_SXT_conjugative_element_gene_cluster__complete_sequence__strain__KN14	99.822	1125	1	1	3894	5017	16609	15485	0.0	2065
accn|EF015636	ICEberg|273|SXT(KN14)|GenBank|AB535680|1..20747_Vibrio_cholerae_O1_biovar_El_Tor_SXT_conjugative_element_gene_cluster__complete_sequence__strain__KN14	99.461	927	3	2	275	1199	15426	14500	0.0	1683
accn|EF015636	ICEberg|273|SXT(KN14)|GenBank|AB535680|1..20747_Vibrio_cholerae_O1_biovar_El_Tor_SXT_conjugative_element_gene_cluster__complete_sequence__strain__KN14	97.945	146	1	2	16	159	15402	15257	7.41e-65	252
accn|EF015636	ICEberg|273|SXT(KN14)|GenBank|AB535680|1..20747_Vibrio_cholerae_O1_biovar_El_Tor_SXT_conjugative_element_gene_cluster__complete_sequence__strain__KN14	97.170	106	0	3	172	275	15568	15464	4.59e-42	176
accn|EF015636	ICEberg|22|ICEVchInd5|GenBank|GQ463142|1..97952_Vibrio_cholerae_Ind5_integrating_conjugative_element_ICEVchind5__complete_sequence	99.822	1125	1	1	3894	5017	19655	18531	0.0	2065
accn|EF015636	ICEberg|22|ICEVchInd5|GenBank|GQ463142|1..97952_Vibrio_cholerae_Ind5_integrating_conjugative_element_ICEVchind5__complete_sequence	99.461	927	3	2	275	1199	18472	17546	0.0	1683
accn|EF015636	ICEberg|22|ICEVchInd5|GenBank|GQ463142|1..97952_Vibrio_cholerae_Ind5_integrating_conjugative_element_ICEVchind5__complete_sequence	97.945	146	1	2	16	159	18448	18303	7.41e-65	252
accn|EF015636	ICEberg|22|ICEVchInd5|GenBank|GQ463142|1..97952_Vibrio_cholerae_Ind5_integrating_conjugative_element_ICEVchind5__complete_sequence	97.170	106	0	3	172	275	18614	18510	4.59e-42	176
accn|EF015636	ICEberg|21|ICEVchInd4|GenBank|GQ463141|1..95326_Vibrio_cholerae_Ind4_integrating_conjugative_element_ICEVchind4__complete_sequence	99.822	1125	1	1	3894	5017	17238	16114	0.0	2065
accn|EF015636	ICEberg|21|ICEVchInd4|GenBank|GQ463141|1..95326_Vibrio_cholerae_Ind4_integrating_conjugative_element_ICEVchind4__complete_sequence	99.569	927	2	2	275	1199	16055	15129	0.0	1688
accn|EF015636	ICEberg|21|ICEVchInd4|GenBank|GQ463141|1..95326_Vibrio_cholerae_Ind4_integrating_conjugative_element_ICEVchind4__complete_sequence	97.945	146	1	2	16	159	16031	15886	7.41e-65	252
accn|EF015636	ICEberg|21|ICEVchInd4|GenBank|GQ463141|1..95326_Vibrio_cholerae_Ind4_integrating_conjugative_element_ICEVchind4__complete_sequence	97.170	106	0	3	172	275	16197	16093	4.59e-42	176
accn|EF015636	ICEberg|2038|Tn6864|GenBank|MT219827.1|1..108763_Providencia_rettgeri_strain_RF14-2_sequence	99.822	1125	1	1	3894	5017	21492	20368	0.0	2065
accn|EF015636	ICEberg|2038|Tn6864|GenBank|MT219827.1|1..108763_Providencia_rettgeri_strain_RF14-2_sequence	99.569	927	2	2	275	1199	20309	19383	0.0	1688
accn|EF015636	ICEberg|2038|Tn6864|GenBank|MT219827.1|1..108763_Providencia_rettgeri_strain_RF14-2_sequence	97.945	146	1	2	16	159	20285	20140	7.41e-65	252
accn|EF015636	ICEberg|2038|Tn6864|GenBank|MT219827.1|1..108763_Providencia_rettgeri_strain_RF14-2_sequence	97.170	106	0	3	172	275	20451	20347	4.59e-42	176
accn|EF015636	ICEberg|2036|Tn6862|GenBank|CP059348.1|704853..810761_Providencia_rettgeri_strain_PROV023_chromosome__complete_genome	99.822	1125	1	1	3894	5017	35083	33959	0.0	2065
accn|EF015636	ICEberg|2036|Tn6862|GenBank|CP059348.1|704853..810761_Providencia_rettgeri_strain_PROV023_chromosome__complete_genome	99.569	927	2	2	275	1199	33900	32974	0.0	1688
accn|EF015636	ICEberg|2036|Tn6862|GenBank|CP059348.1|704853..810761_Providencia_rettgeri_strain_PROV023_chromosome__complete_genome	99.207	883	7	0	2367	3249	24980	24098	0.0	1592
accn|EF015636	ICEberg|2036|Tn6862|GenBank|CP059348.1|704853..810761_Providencia_rettgeri_strain_PROV023_chromosome__complete_genome	97.945	146	1	2	16	159	33876	33731	7.41e-65	252
accn|EF015636	ICEberg|2036|Tn6862|GenBank|CP059348.1|704853..810761_Providencia_rettgeri_strain_PROV023_chromosome__complete_genome	97.170	106	0	3	172	275	34042	33938	4.59e-42	176
accn|EF015636	ICEberg|1940|ICEVchThd1|GenBank|CP007653.1|579719..680801_Vibrio_cholerae_strain_TSY216_chromosome_1__complete_sequence	99.822	1125	1	1	3894	5017	28038	26914	0.0	2065
accn|EF015636	ICEberg|1940|ICEVchThd1|GenBank|CP007653.1|579719..680801_Vibrio_cholerae_strain_TSY216_chromosome_1__complete_sequence	99.569	927	2	2	275	1199	26855	25929	0.0	1688
accn|EF015636	ICEberg|1940|ICEVchThd1|GenBank|CP007653.1|579719..680801_Vibrio_cholerae_strain_TSY216_chromosome_1__complete_sequence	97.945	146	1	2	16	159	26831	26686	7.41e-65	252
accn|EF015636	ICEberg|1940|ICEVchThd1|GenBank|CP007653.1|579719..680801_Vibrio_cholerae_strain_TSY216_chromosome_1__complete_sequence	97.170	106	0	3	172	275	26997	26893	4.59e-42	176
accn|EF015636	ICEberg|1939|ICEVchRua2|GenBank|KY382506.1|1..97915_Vibrio_cholerae_O1_biovar_El_Tor_str._Inaba_RND18826_ICE_element_genomic_sequence	99.822	1125	1	1	3894	5017	17629	16505	0.0	2065
accn|EF015636	ICEberg|1939|ICEVchRua2|GenBank|KY382506.1|1..97915_Vibrio_cholerae_O1_biovar_El_Tor_str._Inaba_RND18826_ICE_element_genomic_sequence	99.461	927	3	2	275	1199	16446	15520	0.0	1683
accn|EF015636	ICEberg|1939|ICEVchRua2|GenBank|KY382506.1|1..97915_Vibrio_cholerae_O1_biovar_El_Tor_str._Inaba_RND18826_ICE_element_genomic_sequence	97.945	146	1	2	16	159	16422	16277	7.41e-65	252
accn|EF015636	ICEberg|1939|ICEVchRua2|GenBank|KY382506.1|1..97915_Vibrio_cholerae_O1_biovar_El_Tor_str._Inaba_RND18826_ICE_element_genomic_sequence	97.170	106	0	3	172	275	16588	16484	4.59e-42	176
accn|EF015636	ICEberg|1938|ICEVchRua1|GenBank|KY382507.1|1..97915_Vibrio_cholerae_O1_biovar_El_Tor_str._Ogawa_RND6878_ICE_element_genomic_sequence	99.822	1125	1	1	3894	5017	78298	79422	0.0	2065
accn|EF015636	ICEberg|1938|ICEVchRua1|GenBank|KY382507.1|1..97915_Vibrio_cholerae_O1_biovar_El_Tor_str._Ogawa_RND6878_ICE_element_genomic_sequence	99.461	927	3	2	275	1199	79481	80407	0.0	1683
accn|EF015636	ICEberg|1938|ICEVchRua1|GenBank|KY382507.1|1..97915_Vibrio_cholerae_O1_biovar_El_Tor_str._Ogawa_RND6878_ICE_element_genomic_sequence	97.945	146	1	2	16	159	79505	79650	7.41e-65	252
accn|EF015636	ICEberg|1938|ICEVchRua1|GenBank|KY382507.1|1..97915_Vibrio_cholerae_O1_biovar_El_Tor_str._Ogawa_RND6878_ICE_element_genomic_sequence	95.575	113	0	5	167	275	79332	79443	4.59e-42	176
accn|EF015636	ICEberg|1937|ICEVchMJ1236|GenBank|CP001485.1|2958350..3066043_Vibrio_cholerae_MJ-1236_chromosome_1__complete_sequence	99.822	1125	1	1	3894	5017	83766	84890	0.0	2065
accn|EF015636	ICEberg|1937|ICEVchMJ1236|GenBank|CP001485.1|2958350..3066043_Vibrio_cholerae_MJ-1236_chromosome_1__complete_sequence	99.569	927	2	2	275	1199	84949	85875	0.0	1688
accn|EF015636	ICEberg|1937|ICEVchMJ1236|GenBank|CP001485.1|2958350..3066043_Vibrio_cholerae_MJ-1236_chromosome_1__complete_sequence	100.000	169	0	0	823	991	88998	89166	3.35e-83	313
accn|EF015636	ICEberg|1937|ICEVchMJ1236|GenBank|CP001485.1|2958350..3066043_Vibrio_cholerae_MJ-1236_chromosome_1__complete_sequence	97.945	146	1	2	16	159	84973	85118	7.41e-65	252
accn|EF015636	ICEberg|1937|ICEVchMJ1236|GenBank|CP001485.1|2958350..3066043_Vibrio_cholerae_MJ-1236_chromosome_1__complete_sequence	95.575	113	0	5	167	275	84800	84911	4.59e-42	176
accn|EF015636	ICEberg|1925|ICEVch2010_EL-1786|GenBank|CP003069.1|83542..182958_Vibrio_cholerae_O1_str._2010EL-1786_chromosome_1__complete_sequence	99.822	1125	1	1	3894	5017	19622	18498	0.0	2065
accn|EF015636	ICEberg|1925|ICEVch2010_EL-1786|GenBank|CP003069.1|83542..182958_Vibrio_cholerae_O1_str._2010EL-1786_chromosome_1__complete_sequence	99.461	927	3	2	275	1199	18439	17513	0.0	1683
accn|EF015636	ICEberg|1925|ICEVch2010_EL-1786|GenBank|CP003069.1|83542..182958_Vibrio_cholerae_O1_str._2010EL-1786_chromosome_1__complete_sequence	97.945	146	1	2	16	159	18415	18270	7.41e-65	252
accn|EF015636	ICEberg|1925|ICEVch2010_EL-1786|GenBank|CP003069.1|83542..182958_Vibrio_cholerae_O1_str._2010EL-1786_chromosome_1__complete_sequence	97.170	106	0	3	172	275	18581	18477	4.59e-42	176
accn|EF015636	ICEberg|1923|ICEValZJT1|GenBank|CP016224.1|2476706..2564476_Vibrio_alginolyticus_strain_ZJ-T_chromosome_1__complete_sequence	99.822	1125	1	1	3894	5017	69184	70308	0.0	2065
accn|EF015636	ICEberg|1923|ICEValZJT1|GenBank|CP016224.1|2476706..2564476_Vibrio_alginolyticus_strain_ZJ-T_chromosome_1__complete_sequence	99.569	927	2	2	275	1199	70367	71293	0.0	1688
accn|EF015636	ICEberg|1923|ICEValZJT1|GenBank|CP016224.1|2476706..2564476_Vibrio_alginolyticus_strain_ZJ-T_chromosome_1__complete_sequence	97.945	146	1	2	16	159	70391	70536	7.41e-65	252
accn|EF015636	ICEberg|1923|ICEValZJT1|GenBank|CP016224.1|2476706..2564476_Vibrio_alginolyticus_strain_ZJ-T_chromosome_1__complete_sequence	95.575	113	0	5	167	275	70218	70329	4.59e-42	176
accn|EF015636	ICEberg|1915|ICETET|GenBank|MK165649.1|1..91463_Vibrio_cholerae_strain_IDH_1986_sequence	99.822	1125	1	1	3894	5017	18418	17294	0.0	2065
accn|EF015636	ICEberg|1915|ICETET|GenBank|MK165649.1|1..91463_Vibrio_cholerae_strain_IDH_1986_sequence	99.569	927	2	2	275	1199	17235	16309	0.0	1688
accn|EF015636	ICEberg|1915|ICETET|GenBank|MK165649.1|1..91463_Vibrio_cholerae_strain_IDH_1986_sequence	97.945	146	1	2	16	159	17211	17066	7.41e-65	252
accn|EF015636	ICEberg|1915|ICETET|GenBank|MK165649.1|1..91463_Vibrio_cholerae_strain_IDH_1986_sequence	97.170	106	0	3	172	275	17377	17273	4.59e-42	176
accn|EF015636	ICEberg|1914|ICESupCHN110003|GenBank|MG014393.1|1..91669_Shewanella_algae_strain_110003_sequence	99.822	1125	1	1	3894	5017	19571	18447	0.0	2065
accn|EF015636	ICEberg|1914|ICESupCHN110003|GenBank|MG014393.1|1..91669_Shewanella_algae_strain_110003_sequence	99.569	927	2	2	275	1199	18388	17462	0.0	1688
accn|EF015636	ICEberg|1914|ICESupCHN110003|GenBank|MG014393.1|1..91669_Shewanella_algae_strain_110003_sequence	97.945	146	1	2	16	159	18364	18219	7.41e-65	252
accn|EF015636	ICEberg|1914|ICESupCHN110003|GenBank|MG014393.1|1..91669_Shewanella_algae_strain_110003_sequence	97.170	106	0	3	172	275	18530	18426	4.59e-42	176
accn|EF015636	ICEberg|1763|ICEPgs6Chn1|GenBank|MN507533.1|1..116235_Proteus_genomosp._6_strain_T60_sequence	99.822	1125	1	1	3894	5017	41985	40861	0.0	2065
accn|EF015636	ICEberg|1763|ICEPgs6Chn1|GenBank|MN507533.1|1..116235_Proteus_genomosp._6_strain_T60_sequence	99.676	927	1	2	275	1199	24326	23400	0.0	1694
accn|EF015636	ICEberg|1763|ICEPgs6Chn1|GenBank|MN507533.1|1..116235_Proteus_genomosp._6_strain_T60_sequence	99.205	880	7	0	2367	3246	28271	29150	0.0	1587
accn|EF015636	ICEberg|1763|ICEPgs6Chn1|GenBank|MN507533.1|1..116235_Proteus_genomosp._6_strain_T60_sequence	97.945	146	1	2	16	159	24302	24157	7.41e-65	252
accn|EF015636	ICEberg|1763|ICEPgs6Chn1|GenBank|MN507533.1|1..116235_Proteus_genomosp._6_strain_T60_sequence	97.170	106	0	3	172	275	40944	40840	4.59e-42	176
accn|EF015636	ICEberg|1762|ICEPflCDM8|GenBank|CP047240.1|950152..1060244_Pseudoalteromonas_sp._M8_chromosome_2__complete_sequence	99.822	1125	1	1	3894	5017	27637	26513	0.0	2065
accn|EF015636	ICEberg|1762|ICEPflCDM8|GenBank|CP047240.1|950152..1060244_Pseudoalteromonas_sp._M8_chromosome_2__complete_sequence	99.569	927	2	2	275	1199	26454	25528	0.0	1688
accn|EF015636	ICEberg|1762|ICEPflCDM8|GenBank|CP047240.1|950152..1060244_Pseudoalteromonas_sp._M8_chromosome_2__complete_sequence	99.094	883	8	0	2367	3249	79097	78215	0.0	1587
accn|EF015636	ICEberg|1762|ICEPflCDM8|GenBank|CP047240.1|950152..1060244_Pseudoalteromonas_sp._M8_chromosome_2__complete_sequence	97.945	146	1	2	16	159	26430	26285	7.41e-65	252
accn|EF015636	ICEberg|1762|ICEPflCDM8|GenBank|CP047240.1|950152..1060244_Pseudoalteromonas_sp._M8_chromosome_2__complete_sequence	97.170	106	0	3	172	275	26596	26492	4.59e-42	176
accn|EF015636	ICEberg|1758|ICEPciChn180|GenBank|CP073356.1|3209019..3335275_Proteus_terrae_subsp._cibarius_strain_SDQ8C180-2T_chromosome__complete_genome	99.822	1125	1	1	3894	5017	72735	73859	0.0	2065
accn|EF015636	ICEberg|1758|ICEPciChn180|GenBank|CP073356.1|3209019..3335275_Proteus_terrae_subsp._cibarius_strain_SDQ8C180-2T_chromosome__complete_genome	99.676	927	1	2	275	1199	90394	91320	0.0	1694
accn|EF015636	ICEberg|1758|ICEPciChn180|GenBank|CP073356.1|3209019..3335275_Proteus_terrae_subsp._cibarius_strain_SDQ8C180-2T_chromosome__complete_genome	99.094	883	8	0	2367	3249	86449	85567	0.0	1587
accn|EF015636	ICEberg|1758|ICEPciChn180|GenBank|CP073356.1|3209019..3335275_Proteus_terrae_subsp._cibarius_strain_SDQ8C180-2T_chromosome__complete_genome	97.945	146	1	2	16	159	90418	90563	7.41e-65	252
accn|EF015636	ICEberg|1758|ICEPciChn180|GenBank|CP073356.1|3209019..3335275_Proteus_terrae_subsp._cibarius_strain_SDQ8C180-2T_chromosome__complete_genome	95.575	113	0	5	167	275	73769	73880	4.59e-42	176
accn|EF015636	ICEberg|16|ICEVchBan9|GenBank|CP001485|2958347..3066049_Vibrio_cholerae_MJ-1236_chromosome_1__complete_sequence	99.822	1125	1	1	3894	5017	83769	84893	0.0	2065
accn|EF015636	ICEberg|16|ICEVchBan9|GenBank|CP001485|2958347..3066049_Vibrio_cholerae_MJ-1236_chromosome_1__complete_sequence	99.569	927	2	2	275	1199	84952	85878	0.0	1688
accn|EF015636	ICEberg|16|ICEVchBan9|GenBank|CP001485|2958347..3066049_Vibrio_cholerae_MJ-1236_chromosome_1__complete_sequence	100.000	169	0	0	823	991	89001	89169	3.35e-83	313
accn|EF015636	ICEberg|16|ICEVchBan9|GenBank|CP001485|2958347..3066049_Vibrio_cholerae_MJ-1236_chromosome_1__complete_sequence	97.945	146	1	2	16	159	84976	85121	7.41e-65	252
accn|EF015636	ICEberg|16|ICEVchBan9|GenBank|CP001485|2958347..3066049_Vibrio_cholerae_MJ-1236_chromosome_1__complete_sequence	95.575	113	0	5	167	275	84803	84914	4.59e-42	176
accn|EF015636	ICEberg|1691|ICEGEN|GenBank|MK165650.1|1..96718_Vibrio_cholerae_strain_IDH_4268_sequence	99.822	1125	1	1	3894	5017	18766	17642	0.0	2065
accn|EF015636	ICEberg|1691|ICEGEN|GenBank|MK165650.1|1..96718_Vibrio_cholerae_strain_IDH_4268_sequence	99.461	927	3	2	275	1199	17583	16657	0.0	1683
accn|EF015636	ICEberg|1691|ICEGEN|GenBank|MK165650.1|1..96718_Vibrio_cholerae_strain_IDH_4268_sequence	97.945	146	1	2	16	159	17559	17414	7.41e-65	252
accn|EF015636	ICEberg|1691|ICEGEN|GenBank|MK165650.1|1..96718_Vibrio_cholerae_strain_IDH_4268_sequence	97.170	106	0	3	172	275	17725	17621	4.59e-42	176
accn|EF015636	ICEberg|12|ICEVchBan5|GenBank|GQ463140|1..102122_Vibrio_cholerae_Ban5_integrating_conjugative_element_ICEVchban5__complete_sequence	99.822	1125	1	1	3894	5017	23789	22665	0.0	2065
accn|EF015636	ICEberg|12|ICEVchBan5|GenBank|GQ463140|1..102122_Vibrio_cholerae_Ban5_integrating_conjugative_element_ICEVchban5__complete_sequence	99.461	927	3	2	275	1199	22606	21680	0.0	1683
accn|EF015636	ICEberg|12|ICEVchBan5|GenBank|GQ463140|1..102122_Vibrio_cholerae_Ban5_integrating_conjugative_element_ICEVchban5__complete_sequence	97.945	146	1	2	16	159	22582	22437	7.41e-65	252
accn|EF015636	ICEberg|12|ICEVchBan5|GenBank|GQ463140|1..102122_Vibrio_cholerae_Ban5_integrating_conjugative_element_ICEVchban5__complete_sequence	97.170	106	0	3	172	275	22748	22644	4.59e-42	176
accn|EF015636	ICEberg|1069|ICEVchNig1|GenBank|KC886258|528..97570_Vibrio_cholerae_VC833_ICE_element_genomic_sequence	99.822	1125	1	1	3894	5017	19091	17967	0.0	2065
accn|EF015636	ICEberg|1069|ICEVchNig1|GenBank|KC886258|528..97570_Vibrio_cholerae_VC833_ICE_element_genomic_sequence	99.461	927	3	2	275	1199	17908	16982	0.0	1683
accn|EF015636	ICEberg|1069|ICEVchNig1|GenBank|KC886258|528..97570_Vibrio_cholerae_VC833_ICE_element_genomic_sequence	97.945	146	1	2	16	159	17884	17739	7.41e-65	252
accn|EF015636	ICEberg|1069|ICEVchNig1|GenBank|KC886258|528..97570_Vibrio_cholerae_VC833_ICE_element_genomic_sequence	97.170	106	0	3	172	275	18050	17946	4.59e-42	176
accn|EF015636	ICEberg|1068|ICEVchNep1|GenBank|KC886257|528..97877_Vibrio_cholerae_strain_VC504_ICE_element_genomic_sequence	99.822	1125	1	1	3894	5017	19091	17967	0.0	2065
accn|EF015636	ICEberg|1068|ICEVchNep1|GenBank|KC886257|528..97877_Vibrio_cholerae_strain_VC504_ICE_element_genomic_sequence	99.461	927	3	2	275	1199	17908	16982	0.0	1683
accn|EF015636	ICEberg|1068|ICEVchNep1|GenBank|KC886257|528..97877_Vibrio_cholerae_strain_VC504_ICE_element_genomic_sequence	97.945	146	1	2	16	159	17884	17739	7.41e-65	252
accn|EF015636	ICEberg|1068|ICEVchNep1|GenBank|KC886257|528..97877_Vibrio_cholerae_strain_VC504_ICE_element_genomic_sequence	97.170	106	0	3	172	275	18050	17946	4.59e-42	176
accn|EF015636	ICEberg|1064|ICEVchChnAHV1003|GenBank|KT151663|1..101856_Vibrio_cholerae_strain_AHV1003_SXT_element_genomic_sequence	99.822	1125	1	1	3894	5017	73370	74494	0.0	2065
accn|EF015636	ICEberg|1064|ICEVchChnAHV1003|GenBank|KT151663|1..101856_Vibrio_cholerae_strain_AHV1003_SXT_element_genomic_sequence	99.569	927	2	2	275	1199	74553	75479	0.0	1688
accn|EF015636	ICEberg|1064|ICEVchChnAHV1003|GenBank|KT151663|1..101856_Vibrio_cholerae_strain_AHV1003_SXT_element_genomic_sequence	97.945	146	1	2	16	159	74577	74722	7.41e-65	252
accn|EF015636	ICEberg|1064|ICEVchChnAHV1003|GenBank|KT151663|1..101856_Vibrio_cholerae_strain_AHV1003_SXT_element_genomic_sequence	95.575	113	0	5	167	275	74404	74515	4.59e-42	176
accn|EF015636	ICEberg|1061|ICEVchCHN57|GenBank|KT151664.1|1..96186_Vibrio_cholerae_strain_wujiang-2_sequence	99.822	1125	1	1	3894	5017	76964	78088	0.0	2065
accn|EF015636	ICEberg|1061|ICEVchCHN57|GenBank|KT151664.1|1..96186_Vibrio_cholerae_strain_wujiang-2_sequence	99.461	927	3	2	275	1199	78147	79073	0.0	1683
accn|EF015636	ICEberg|1061|ICEVchCHN57|GenBank|KT151664.1|1..96186_Vibrio_cholerae_strain_wujiang-2_sequence	97.945	146	1	2	16	159	78171	78316	7.41e-65	252
accn|EF015636	ICEberg|1061|ICEVchCHN57|GenBank|KT151664.1|1..96186_Vibrio_cholerae_strain_wujiang-2_sequence	95.575	113	0	5	167	275	77998	78109	4.59e-42	176
accn|EF015636	ICEberg|1055|ICEVchChn2255|GenBank|KT151660|1..92592_Vibrio_cholerae_strain_ICDC-2255_SXT_element_genomic_sequence	99.822	1125	1	1	3894	5017	73370	74494	0.0	2065
accn|EF015636	ICEberg|1055|ICEVchChn2255|GenBank|KT151660|1..92592_Vibrio_cholerae_strain_ICDC-2255_SXT_element_genomic_sequence	99.569	927	2	2	275	1199	74553	75479	0.0	1688
accn|EF015636	ICEberg|1055|ICEVchChn2255|GenBank|KT151660|1..92592_Vibrio_cholerae_strain_ICDC-2255_SXT_element_genomic_sequence	97.945	146	1	2	16	159	74577	74722	7.41e-65	252
accn|EF015636	ICEberg|1055|ICEVchChn2255|GenBank|KT151660|1..92592_Vibrio_cholerae_strain_ICDC-2255_SXT_element_genomic_sequence	95.575	113	0	5	167	275	74404	74515	4.59e-42	176
accn|EF015636	ICEberg|1033|ICEPmiCHN905|GenBank|KX243412|1..94956_Proteus_mirabilis_strain_MD20140905_complete_sequence	99.822	1125	1	1	3894	5017	17434	16310	0.0	2065
accn|EF015636	ICEberg|1033|ICEPmiCHN905|GenBank|KX243412|1..94956_Proteus_mirabilis_strain_MD20140905_complete_sequence	99.461	927	3	2	275	1199	16251	15325	0.0	1683
accn|EF015636	ICEberg|1033|ICEPmiCHN905|GenBank|KX243412|1..94956_Proteus_mirabilis_strain_MD20140905_complete_sequence	97.945	146	1	2	16	159	16227	16082	7.41e-65	252
accn|EF015636	ICEberg|1033|ICEPmiCHN905|GenBank|KX243412|1..94956_Proteus_mirabilis_strain_MD20140905_complete_sequence	97.170	106	0	3	172	275	16393	16289	4.59e-42	176
accn|EF015636	ICEberg|1032|ICEPmiCHN904|GenBank|KX243411|1..94942_Proteus_mirabilis_strain_MD20140904_complete_sequence	99.822	1125	1	1	3894	5017	14605	13481	0.0	2065
accn|EF015636	ICEberg|1032|ICEPmiCHN904|GenBank|KX243411|1..94942_Proteus_mirabilis_strain_MD20140904_complete_sequence	99.461	927	3	2	275	1199	13422	12496	0.0	1683
accn|EF015636	ICEberg|1032|ICEPmiCHN904|GenBank|KX243411|1..94942_Proteus_mirabilis_strain_MD20140904_complete_sequence	97.945	146	1	2	16	159	13398	13253	7.41e-65	252
accn|EF015636	ICEberg|1032|ICEPmiCHN904|GenBank|KX243411|1..94942_Proteus_mirabilis_strain_MD20140904_complete_sequence	97.170	106	0	3	172	275	13564	13460	4.59e-42	176
accn|EF015636	ICEberg|1019|ICEPmiChn2|GenBank|KY437726|1..104371_Proteus_mirabilis_integrative_and_conjugative_element_ICEPmiChn2__complete_sequence__and_peptide_chain_release_factor_3_(prfC)_gene__complete_cds	99.822	1125	1	1	3894	5017	17576	16452	0.0	2065
accn|EF015636	ICEberg|1019|ICEPmiChn2|GenBank|KY437726|1..104371_Proteus_mirabilis_integrative_and_conjugative_element_ICEPmiChn2__complete_sequence__and_peptide_chain_release_factor_3_(prfC)_gene__complete_cds	97.170	106	0	3	172	275	16535	16431	4.59e-42	176
accn|EF015636	ICEberg|1040|ICEValA056-1|GenBank|KR231688|1..89004_Vibrio_alginolyticus_strain_A056_transposon_ICEValA056-1__complete_sequence	99.734	1126	1	2	3894	5017	14190	13065	0.0	2061
accn|EF015636	ICEberg|1040|ICEValA056-1|GenBank|KR231688|1..89004_Vibrio_alginolyticus_strain_A056_transposon_ICEValA056-1__complete_sequence	99.569	927	2	2	275	1199	13006	12080	0.0	1688
accn|EF015636	ICEberg|1040|ICEValA056-1|GenBank|KR231688|1..89004_Vibrio_alginolyticus_strain_A056_transposon_ICEValA056-1__complete_sequence	97.945	146	1	2	16	159	12982	12837	7.41e-65	252
accn|EF015636	ICEberg|1040|ICEValA056-1|GenBank|KR231688|1..89004_Vibrio_alginolyticus_strain_A056_transposon_ICEValA056-1__complete_sequence	97.170	106	0	3	172	275	13148	13044	4.59e-42	176
accn|EF015636	ICEberg|36|ICEVflInd1|GenBank|GQ463144|1..114195_Vibrio_fluvialis_Ind1_integrating_conjugative_element_ICEVflInd1__complete_sequence	99.733	1125	2	1	3894	5017	38842	37718	0.0	2060
accn|EF015636	ICEberg|36|ICEVflInd1|GenBank|GQ463144|1..114195_Vibrio_fluvialis_Ind1_integrating_conjugative_element_ICEVflInd1__complete_sequence	99.461	927	3	2	275	1199	37659	36733	0.0	1683
accn|EF015636	ICEberg|36|ICEVflInd1|GenBank|GQ463144|1..114195_Vibrio_fluvialis_Ind1_integrating_conjugative_element_ICEVflInd1__complete_sequence	97.945	146	1	2	16	159	37635	37490	7.41e-65	252
accn|EF015636	ICEberg|36|ICEVflInd1|GenBank|GQ463144|1..114195_Vibrio_fluvialis_Ind1_integrating_conjugative_element_ICEVflInd1__complete_sequence	97.170	106	0	3	172	275	37801	37697	4.59e-42	176
accn|EF015636	ICEberg|35|ICEVchVie1|GenBank|AB114188|1..23402_Vibrio_cholerae_DNA__integrating_antibiotic_resistance_gene_element	99.733	1125	2	1	3894	5017	20577	19453	0.0	2060
accn|EF015636	ICEberg|35|ICEVchVie1|GenBank|AB114188|1..23402_Vibrio_cholerae_DNA__integrating_antibiotic_resistance_gene_element	99.676	927	1	2	275	1199	19394	18468	0.0	1694
accn|EF015636	ICEberg|35|ICEVchVie1|GenBank|AB114188|1..23402_Vibrio_cholerae_DNA__integrating_antibiotic_resistance_gene_element	97.945	146	1	2	16	159	19370	19225	7.41e-65	252
accn|EF015636	ICEberg|35|ICEVchVie1|GenBank|AB114188|1..23402_Vibrio_cholerae_DNA__integrating_antibiotic_resistance_gene_element	100.000	97	0	0	1103	1199	14608	14512	3.55e-43	180
accn|EF015636	ICEberg|35|ICEVchVie1|GenBank|AB114188|1..23402_Vibrio_cholerae_DNA__integrating_antibiotic_resistance_gene_element	97.170	106	0	3	172	275	19536	19432	4.59e-42	176
accn|EF015636	ICEberg|287|ICEEcoJ53|GenBank|FJ968160|1..22687_Escherichia_coli_strain_J53_transposon_SXT__partial_sequence	99.733	1125	2	1	3894	5017	19862	18738	0.0	2060
accn|EF015636	ICEberg|287|ICEEcoJ53|GenBank|FJ968160|1..22687_Escherichia_coli_strain_J53_transposon_SXT__partial_sequence	99.569	927	2	2	275	1199	18679	17753	0.0	1688
accn|EF015636	ICEberg|287|ICEEcoJ53|GenBank|FJ968160|1..22687_Escherichia_coli_strain_J53_transposon_SXT__partial_sequence	97.945	146	1	2	16	159	18655	18510	7.41e-65	252
accn|EF015636	ICEberg|287|ICEEcoJ53|GenBank|FJ968160|1..22687_Escherichia_coli_strain_J53_transposon_SXT__partial_sequence	97.170	106	0	3	172	275	18821	18717	4.59e-42	176
accn|EF015636	ICEberg|1935|ICEVchChn1307|GenBank|KJ817376.1|1..104025_Vibrio_cholerae_O1_strain_ICDC-1307_SXT_element__complete_sequence	99.733	1125	2	1	3894	5017	78097	79221	0.0	2060
accn|EF015636	ICEberg|1935|ICEVchChn1307|GenBank|KJ817376.1|1..104025_Vibrio_cholerae_O1_strain_ICDC-1307_SXT_element__complete_sequence	99.676	927	1	2	275	1199	79280	80206	0.0	1694
accn|EF015636	ICEberg|1935|ICEVchChn1307|GenBank|KJ817376.1|1..104025_Vibrio_cholerae_O1_strain_ICDC-1307_SXT_element__complete_sequence	97.945	146	1	2	16	159	79304	79449	7.41e-65	252
accn|EF015636	ICEberg|1935|ICEVchChn1307|GenBank|KJ817376.1|1..104025_Vibrio_cholerae_O1_strain_ICDC-1307_SXT_element__complete_sequence	95.575	113	0	5	167	275	79131	79242	4.59e-42	176
accn|EF015636	ICEberg|1935|ICEVchChn1307|GenBank|KJ817376.1|1..104025_Vibrio_cholerae_O1_strain_ICDC-1307_SXT_element__complete_sequence	98.969	97	1	0	1103	1199	84065	84161	1.65e-41	174
accn|EF015636	ICEberg|1933|ICEVchChn0956|GenBank|KT151655.1|1..109322_Vibrio_cholerae_strain_ICDC-956_sequence	99.733	1125	2	1	3894	5017	76570	77694	0.0	2060
accn|EF015636	ICEberg|1933|ICEVchChn0956|GenBank|KT151655.1|1..109322_Vibrio_cholerae_strain_ICDC-956_sequence	99.676	927	1	2	275	1199	77753	78679	0.0	1694
accn|EF015636	ICEberg|1933|ICEVchChn0956|GenBank|KT151655.1|1..109322_Vibrio_cholerae_strain_ICDC-956_sequence	97.945	146	1	2	16	159	77777	77922	7.41e-65	252
accn|EF015636	ICEberg|1933|ICEVchChn0956|GenBank|KT151655.1|1..109322_Vibrio_cholerae_strain_ICDC-956_sequence	95.575	113	0	5	167	275	77604	77715	4.59e-42	176
accn|EF015636	ICEberg|1933|ICEVchChn0956|GenBank|KT151655.1|1..109322_Vibrio_cholerae_strain_ICDC-956_sequence	98.969	97	1	0	1103	1199	82538	82634	1.65e-41	174
accn|EF015636	ICEberg|1786|ICEPmiChn-TQ12|GenBank|ON390822.1|1..147546_Proteus_terrae_subsp._cibarius_strain_TQ12_ICEPmiChn-TQ12_mobile_element__complete_sequence	99.733	1125	2	1	3894	5017	56871	55747	0.0	2060
accn|EF015636	ICEberg|1786|ICEPmiChn-TQ12|GenBank|ON390822.1|1..147546_Proteus_terrae_subsp._cibarius_strain_TQ12_ICEPmiChn-TQ12_mobile_element__complete_sequence	99.569	927	2	2	275	1199	55688	54762	0.0	1688
accn|EF015636	ICEberg|1786|ICEPmiChn-TQ12|GenBank|ON390822.1|1..147546_Proteus_terrae_subsp._cibarius_strain_TQ12_ICEPmiChn-TQ12_mobile_element__complete_sequence	99.094	883	8	0	2367	3249	61348	60466	0.0	1587
accn|EF015636	ICEberg|1786|ICEPmiChn-TQ12|GenBank|ON390822.1|1..147546_Proteus_terrae_subsp._cibarius_strain_TQ12_ICEPmiChn-TQ12_mobile_element__complete_sequence	97.945	146	1	2	16	159	55664	55519	7.41e-65	252
accn|EF015636	ICEberg|1786|ICEPmiChn-TQ12|GenBank|ON390822.1|1..147546_Proteus_terrae_subsp._cibarius_strain_TQ12_ICEPmiChn-TQ12_mobile_element__complete_sequence	97.170	106	0	3	172	275	55830	55726	4.59e-42	176
accn|EF015636	ICEberg|1759|ICEPciChn2|GenBank|MW423608.1|1..140916_Proteus_terrae_subsp._cibarius_strain_SH19PTE4_sequence	99.733	1125	2	1	3894	5017	34410	33286	0.0	2060
accn|EF015636	ICEberg|1759|ICEPciChn2|GenBank|MW423608.1|1..140916_Proteus_terrae_subsp._cibarius_strain_SH19PTE4_sequence	99.569	927	2	2	275	1199	33227	32301	0.0	1688
accn|EF015636	ICEberg|1759|ICEPciChn2|GenBank|MW423608.1|1..140916_Proteus_terrae_subsp._cibarius_strain_SH19PTE4_sequence	99.094	883	8	0	2367	3249	97498	96616	0.0	1587
accn|EF015636	ICEberg|1759|ICEPciChn2|GenBank|MW423608.1|1..140916_Proteus_terrae_subsp._cibarius_strain_SH19PTE4_sequence	97.945	146	1	2	16	159	33203	33058	7.41e-65	252
accn|EF015636	ICEberg|1759|ICEPciChn2|GenBank|MW423608.1|1..140916_Proteus_terrae_subsp._cibarius_strain_SH19PTE4_sequence	97.170	106	0	3	172	275	33369	33265	4.59e-42	176
accn|EF015636	ICEberg|149|ICEVflH-08942|GenBank|KM213605.1|1..102878_Vibrio_fluvialis_strain_H08942_ICEVflInd1_integrating_conjugative_element_genomic_sequence	99.733	1125	2	1	3894	5017	23522	22398	0.0	2060
accn|EF015636	ICEberg|149|ICEVflH-08942|GenBank|KM213605.1|1..102878_Vibrio_fluvialis_strain_H08942_ICEVflInd1_integrating_conjugative_element_genomic_sequence	99.461	927	3	2	275	1199	22339	21413	0.0	1683
accn|EF015636	ICEberg|149|ICEVflH-08942|GenBank|KM213605.1|1..102878_Vibrio_fluvialis_strain_H08942_ICEVflInd1_integrating_conjugative_element_genomic_sequence	97.945	146	1	2	16	159	22315	22170	7.41e-65	252
accn|EF015636	ICEberg|149|ICEVflH-08942|GenBank|KM213605.1|1..102878_Vibrio_fluvialis_strain_H08942_ICEVflInd1_integrating_conjugative_element_genomic_sequence	97.170	106	0	3	172	275	22481	22377	4.59e-42	176
accn|EF015636	ICEberg|148|SXT(HN1)|GenBank|AB450045|1..19086_Vibrio_cholerae_O1_biovar_El_tor_SXT_conjugative_element_gene_cluster__complete_sequence__strain__HN1	99.733	1125	2	1	3894	5017	16261	15137	0.0	2060
accn|EF015636	ICEberg|148|SXT(HN1)|GenBank|AB450045|1..19086_Vibrio_cholerae_O1_biovar_El_tor_SXT_conjugative_element_gene_cluster__complete_sequence__strain__HN1	99.569	927	2	2	275	1199	15078	14152	0.0	1688
accn|EF015636	ICEberg|148|SXT(HN1)|GenBank|AB450045|1..19086_Vibrio_cholerae_O1_biovar_El_tor_SXT_conjugative_element_gene_cluster__complete_sequence__strain__HN1	97.945	146	1	2	16	159	15054	14909	7.41e-65	252
accn|EF015636	ICEberg|148|SXT(HN1)|GenBank|AB450045|1..19086_Vibrio_cholerae_O1_biovar_El_tor_SXT_conjugative_element_gene_cluster__complete_sequence__strain__HN1	97.170	106	0	3	172	275	15220	15116	4.59e-42	176
accn|EF015636	ICEberg|1063|ICEVchCHN956|GenBank|KT151655|1..109322_Vibrio_cholerae_strain_ICDC-956_SXT_element_genomic_sequence	99.733	1125	2	1	3894	5017	76570	77694	0.0	2060
accn|EF015636	ICEberg|1063|ICEVchCHN956|GenBank|KT151655|1..109322_Vibrio_cholerae_strain_ICDC-956_SXT_element_genomic_sequence	99.676	927	1	2	275	1199	77753	78679	0.0	1694
accn|EF015636	ICEberg|1063|ICEVchCHN956|GenBank|KT151655|1..109322_Vibrio_cholerae_strain_ICDC-956_SXT_element_genomic_sequence	97.945	146	1	2	16	159	77777	77922	7.41e-65	252
accn|EF015636	ICEberg|1063|ICEVchCHN956|GenBank|KT151655|1..109322_Vibrio_cholerae_strain_ICDC-956_SXT_element_genomic_sequence	95.575	113	0	5	167	275	77604	77715	4.59e-42	176
accn|EF015636	ICEberg|1063|ICEVchCHN956|GenBank|KT151655|1..109322_Vibrio_cholerae_strain_ICDC-956_SXT_element_genomic_sequence	98.969	97	1	0	1103	1199	82538	82634	1.65e-41	174
accn|EF015636	ICEberg|1059|ICEVchCHN4210|GenBank|KT151662|1..110349_Vibrio_cholerae_strain_ICDC-4210_SXT_element_genomic_sequence	99.733	1125	2	1	3894	5017	76570	77694	0.0	2060
accn|EF015636	ICEberg|1059|ICEVchCHN4210|GenBank|KT151662|1..110349_Vibrio_cholerae_strain_ICDC-4210_SXT_element_genomic_sequence	99.676	927	1	2	275	1199	77753	78679	0.0	1694
accn|EF015636	ICEberg|1059|ICEVchCHN4210|GenBank|KT151662|1..110349_Vibrio_cholerae_strain_ICDC-4210_SXT_element_genomic_sequence	97.945	146	1	2	16	159	77777	77922	7.41e-65	252
accn|EF015636	ICEberg|1059|ICEVchCHN4210|GenBank|KT151662|1..110349_Vibrio_cholerae_strain_ICDC-4210_SXT_element_genomic_sequence	100.000	97	0	0	1103	1199	82538	82634	3.55e-43	180
accn|EF015636	ICEberg|1059|ICEVchCHN4210|GenBank|KT151662|1..110349_Vibrio_cholerae_strain_ICDC-4210_SXT_element_genomic_sequence	95.575	113	0	5	167	275	77604	77715	4.59e-42	176
accn|EF015636	ICEberg|1056|ICEVchCHN2605|GenBank|KT151661|1..98458_Vibrio_cholerae_strain_ICDC-2605_SXT_element_genomic_sequence	99.733	1125	2	1	3894	5017	76570	77694	0.0	2060
accn|EF015636	ICEberg|1056|ICEVchCHN2605|GenBank|KT151661|1..98458_Vibrio_cholerae_strain_ICDC-2605_SXT_element_genomic_sequence	99.676	927	1	2	275	1199	77753	78679	0.0	1694
accn|EF015636	ICEberg|1056|ICEVchCHN2605|GenBank|KT151661|1..98458_Vibrio_cholerae_strain_ICDC-2605_SXT_element_genomic_sequence	97.945	146	1	2	16	159	77777	77922	7.41e-65	252
accn|EF015636	ICEberg|1056|ICEVchCHN2605|GenBank|KT151661|1..98458_Vibrio_cholerae_strain_ICDC-2605_SXT_element_genomic_sequence	95.575	113	0	5	167	275	77604	77715	4.59e-42	176
accn|EF015636	ICEberg|1053|ICEVchCHN1944|GenBank|KT151659|1..100703_Vibrio_cholerae_strain_ICDC-1944_SXT_element_genomic_sequence	99.733	1125	2	1	3894	5017	76534	77658	0.0	2060
accn|EF015636	ICEberg|1053|ICEVchCHN1944|GenBank|KT151659|1..100703_Vibrio_cholerae_strain_ICDC-1944_SXT_element_genomic_sequence	99.676	927	1	2	275	1199	77717	78643	0.0	1694
accn|EF015636	ICEberg|1053|ICEVchCHN1944|GenBank|KT151659|1..100703_Vibrio_cholerae_strain_ICDC-1944_SXT_element_genomic_sequence	97.945	146	1	2	16	159	77741	77886	7.41e-65	252
accn|EF015636	ICEberg|1053|ICEVchCHN1944|GenBank|KT151659|1..100703_Vibrio_cholerae_strain_ICDC-1944_SXT_element_genomic_sequence	95.575	113	0	5	167	275	77568	77679	4.59e-42	176
accn|EF015636	ICEberg|1052|ICEVchCHN1909|GenBank|KT151658|1..108995_Vibrio_cholerae_strain_ICDC-1909_SXT_element_genomic_sequence	99.733	1125	2	1	3894	5017	76542	77666	0.0	2060
accn|EF015636	ICEberg|1052|ICEVchCHN1909|GenBank|KT151658|1..108995_Vibrio_cholerae_strain_ICDC-1909_SXT_element_genomic_sequence	99.676	927	1	2	275	1199	77725	78651	0.0	1694
accn|EF015636	ICEberg|1052|ICEVchCHN1909|GenBank|KT151658|1..108995_Vibrio_cholerae_strain_ICDC-1909_SXT_element_genomic_sequence	97.945	146	1	2	16	159	77749	77894	7.41e-65	252
accn|EF015636	ICEberg|1052|ICEVchCHN1909|GenBank|KT151658|1..108995_Vibrio_cholerae_strain_ICDC-1909_SXT_element_genomic_sequence	95.575	113	0	5	167	275	77576	77687	4.59e-42	176
accn|EF015636	ICEberg|1051|ICEVchCHN1627|GenBank|KT151657|1..102413_Vibrio_cholerae_strain_ICDC-1627_SXT_element_genomic_sequence	99.733	1125	2	1	3894	5017	76570	77694	0.0	2060
accn|EF015636	ICEberg|1051|ICEVchCHN1627|GenBank|KT151657|1..102413_Vibrio_cholerae_strain_ICDC-1627_SXT_element_genomic_sequence	99.676	927	1	2	275	1199	77753	78679	0.0	1694
accn|EF015636	ICEberg|1051|ICEVchCHN1627|GenBank|KT151657|1..102413_Vibrio_cholerae_strain_ICDC-1627_SXT_element_genomic_sequence	97.945	146	1	2	16	159	77777	77922	7.41e-65	252
accn|EF015636	ICEberg|1051|ICEVchCHN1627|GenBank|KT151657|1..102413_Vibrio_cholerae_strain_ICDC-1627_SXT_element_genomic_sequence	95.575	113	0	5	167	275	77604	77715	4.59e-42	176
accn|EF015636	ICEberg|1051|ICEVchCHN1627|GenBank|KT151657|1..102413_Vibrio_cholerae_strain_ICDC-1627_SXT_element_genomic_sequence	98.969	97	1	0	1103	1199	82538	82634	1.65e-41	174
accn|EF015636	ICEberg|1050|ICEVchCHN1605|GenBank|KT151656|1..98419_Vibrio_cholerae_strain_ICDC-1605_SXT_element_genomic_sequence	99.733	1125	2	1	3894	5017	76570	77694	0.0	2060
accn|EF015636	ICEberg|1050|ICEVchCHN1605|GenBank|KT151656|1..98419_Vibrio_cholerae_strain_ICDC-1605_SXT_element_genomic_sequence	99.676	927	1	2	275	1199	77753	78679	0.0	1694
accn|EF015636	ICEberg|1050|ICEVchCHN1605|GenBank|KT151656|1..98419_Vibrio_cholerae_strain_ICDC-1605_SXT_element_genomic_sequence	97.945	146	1	2	16	159	77777	77922	7.41e-65	252
accn|EF015636	ICEberg|1050|ICEVchCHN1605|GenBank|KT151656|1..98419_Vibrio_cholerae_strain_ICDC-1605_SXT_element_genomic_sequence	95.575	113	0	5	167	275	77604	77715	4.59e-42	176
accn|EF015636	ICEberg|1049|ICEVchCHN143|GenBank|KT151654|1..98459_Vibrio_cholerae_strain_ICDC-143_SXT_element_genomic_sequence	99.733	1125	2	1	3894	5017	76570	77694	0.0	2060
accn|EF015636	ICEberg|1049|ICEVchCHN143|GenBank|KT151654|1..98459_Vibrio_cholerae_strain_ICDC-143_SXT_element_genomic_sequence	99.676	927	1	2	275	1199	77753	78679	0.0	1694
accn|EF015636	ICEberg|1049|ICEVchCHN143|GenBank|KT151654|1..98459_Vibrio_cholerae_strain_ICDC-143_SXT_element_genomic_sequence	97.945	146	1	2	16	159	77777	77922	7.41e-65	252
accn|EF015636	ICEberg|1049|ICEVchCHN143|GenBank|KT151654|1..98459_Vibrio_cholerae_strain_ICDC-143_SXT_element_genomic_sequence	95.575	113	0	5	167	275	77604	77715	4.59e-42	176
accn|EF015636	ICEberg|1035|ICEPvuCHN2213|GenBank|KX243403|1..94340_Proteus_vulgaris_strain_08MAS2213_complete_sequence	99.733	1125	2	1	3894	5017	21883	20759	0.0	2060
accn|EF015636	ICEberg|1035|ICEPvuCHN2213|GenBank|KX243403|1..94340_Proteus_vulgaris_strain_08MAS2213_complete_sequence	99.676	927	1	2	275	1199	20700	19774	0.0	1694
accn|EF015636	ICEberg|1035|ICEPvuCHN2213|GenBank|KX243403|1..94340_Proteus_vulgaris_strain_08MAS2213_complete_sequence	97.945	146	1	2	16	159	20676	20531	7.41e-65	252
accn|EF015636	ICEberg|1035|ICEPvuCHN2213|GenBank|KX243403|1..94340_Proteus_vulgaris_strain_08MAS2213_complete_sequence	97.170	106	0	3	172	275	20842	20738	4.59e-42	176
accn|EF015636	ICEberg|1026|ICEPmiCHN3300|GenBank|KX243415|1..108335_Proteus_mirabilis_strain_TJ3300_complete_sequence	99.733	1125	2	1	3894	5017	21880	20756	0.0	2060
accn|EF015636	ICEberg|1026|ICEPmiCHN3300|GenBank|KX243415|1..108335_Proteus_mirabilis_strain_TJ3300_complete_sequence	99.676	927	1	2	275	1199	20697	19771	0.0	1694
accn|EF015636	ICEberg|1026|ICEPmiCHN3300|GenBank|KX243415|1..108335_Proteus_mirabilis_strain_TJ3300_complete_sequence	97.945	146	1	2	16	159	20673	20528	7.41e-65	252
accn|EF015636	ICEberg|1026|ICEPmiCHN3300|GenBank|KX243415|1..108335_Proteus_mirabilis_strain_TJ3300_complete_sequence	97.170	106	0	3	172	275	20839	20735	4.59e-42	176
accn|EF015636	ICEberg|1017|ICEPmiCHN1586|GenBank|KX243404|1..99355_Proteus_mirabilis_strain_08MAS1586_complete_sequence	99.733	1125	2	1	3894	5017	21951	20827	0.0	2060
accn|EF015636	ICEberg|1017|ICEPmiCHN1586|GenBank|KX243404|1..99355_Proteus_mirabilis_strain_08MAS1586_complete_sequence	99.676	927	1	2	275	1199	20768	19842	0.0	1694
accn|EF015636	ICEberg|1017|ICEPmiCHN1586|GenBank|KX243404|1..99355_Proteus_mirabilis_strain_08MAS1586_complete_sequence	97.945	146	1	2	16	159	20744	20599	7.41e-65	252
accn|EF015636	ICEberg|1017|ICEPmiCHN1586|GenBank|KX243404|1..99355_Proteus_mirabilis_strain_08MAS1586_complete_sequence	97.170	106	0	3	172	275	20910	20806	4.59e-42	176
accn|EF015636	ICEberg|1028|ICEPmiChn4|GenBank|KY437728|1..90566_Proteus_mirabilis_integrative_and_conjugative_element_ICEPmiChn4__complete_sequence__and_peptide_chain_release_factor_3_(prfC)_gene__complete_cds	99.556	1125	4	1	3894	5017	17739	16615	0.0	2049
accn|EF015636	ICEberg|1028|ICEPmiChn4|GenBank|KY437728|1..90566_Proteus_mirabilis_integrative_and_conjugative_element_ICEPmiChn4__complete_sequence__and_peptide_chain_release_factor_3_(prfC)_gene__complete_cds	99.569	927	2	2	275	1199	16556	15630	0.0	1688
accn|EF015636	ICEberg|1028|ICEPmiChn4|GenBank|KY437728|1..90566_Proteus_mirabilis_integrative_and_conjugative_element_ICEPmiChn4__complete_sequence__and_peptide_chain_release_factor_3_(prfC)_gene__complete_cds	97.945	146	1	2	16	159	16532	16387	7.41e-65	252
accn|EF015636	ICEberg|1028|ICEPmiChn4|GenBank|KY437728|1..90566_Proteus_mirabilis_integrative_and_conjugative_element_ICEPmiChn4__complete_sequence__and_peptide_chain_release_factor_3_(prfC)_gene__complete_cds	97.170	106	0	3	172	275	16698	16594	4.59e-42	176
accn|EF015636	ICEberg|1781|ICEPmiChn-JZ35|GenBank|ON390821.1|1..142200_Proteus_terrae_subsp._cibarius_strain_JZ35_ICEPmiChn-JZ35_mobile_element__complete_sequence	99.556	1125	1	4	3894	5017	83073	84194	0.0	2047
accn|EF015636	ICEberg|1781|ICEPmiChn-JZ35|GenBank|ON390821.1|1..142200_Proteus_terrae_subsp._cibarius_strain_JZ35_ICEPmiChn-JZ35_mobile_element__complete_sequence	99.353	927	3	3	275	1199	84253	85178	0.0	1676
accn|EF015636	ICEberg|1781|ICEPmiChn-JZ35|GenBank|ON390821.1|1..142200_Proteus_terrae_subsp._cibarius_strain_JZ35_ICEPmiChn-JZ35_mobile_element__complete_sequence	100.000	228	0	0	972	1199	87278	87505	5.34e-116	422
accn|EF015636	ICEberg|1781|ICEPmiChn-JZ35|GenBank|ON390821.1|1..142200_Proteus_terrae_subsp._cibarius_strain_JZ35_ICEPmiChn-JZ35_mobile_element__complete_sequence	96.575	146	2	3	16	159	84277	84421	5.77e-61	239
accn|EF015636	ICEberg|1781|ICEPmiChn-JZ35|GenBank|ON390821.1|1..142200_Proteus_terrae_subsp._cibarius_strain_JZ35_ICEPmiChn-JZ35_mobile_element__complete_sequence	95.575	113	0	5	167	275	84104	84215	4.59e-42	176
accn|EF015636	ICEberg|1598|ICEAplChn1|GenBank|KX196444.1|1..100848_Actinobacillus_pleuropneumoniae_sequence	99.556	1125	1	2	3894	5017	27929	26808	0.0	2047
accn|EF015636	ICEberg|1598|ICEAplChn1|GenBank|KX196444.1|1..100848_Actinobacillus_pleuropneumoniae_sequence	99.569	927	2	2	275	1199	26749	25823	0.0	1688
accn|EF015636	ICEberg|1598|ICEAplChn1|GenBank|KX196444.1|1..100848_Actinobacillus_pleuropneumoniae_sequence	100.000	228	0	0	972	1199	23718	23491	5.34e-116	422
accn|EF015636	ICEberg|1598|ICEAplChn1|GenBank|KX196444.1|1..100848_Actinobacillus_pleuropneumoniae_sequence	97.945	146	1	2	16	159	26725	26580	7.41e-65	252
accn|EF015636	ICEberg|1598|ICEAplChn1|GenBank|KX196444.1|1..100848_Actinobacillus_pleuropneumoniae_sequence	97.170	106	0	3	172	275	26891	26787	4.59e-42	176
accn|EF015636	ICEberg|1452|ICE_erm42|GenBank|CP060730.1|568141..660867_Salmonella_enterica_subsp._enterica_serovar_Albany_strain_R17.5974_chromosome__complete_genome	99.556	1125	1	2	3894	5017	17859	16738	0.0	2047
accn|EF015636	ICEberg|1452|ICE_erm42|GenBank|CP060730.1|568141..660867_Salmonella_enterica_subsp._enterica_serovar_Albany_strain_R17.5974_chromosome__complete_genome	97.170	106	0	3	172	275	16821	16717	4.59e-42	176
accn|EF015636	ICEberg|1031|ICEPmiCHN903|GenBank|KX243410|1..89644_Proteus_mirabilis_strain_MD20140903_complete_sequence	99.730	1113	2	1	3906	5017	19740	18628	0.0	2037
accn|EF015636	ICEberg|1031|ICEPmiCHN903|GenBank|KX243410|1..89644_Proteus_mirabilis_strain_MD20140903_complete_sequence	99.676	927	1	2	275	1199	18569	17643	0.0	1694
accn|EF015636	ICEberg|1031|ICEPmiCHN903|GenBank|KX243410|1..89644_Proteus_mirabilis_strain_MD20140903_complete_sequence	97.945	146	1	2	16	159	18545	18400	7.41e-65	252
accn|EF015636	ICEberg|1031|ICEPmiCHN903|GenBank|KX243410|1..89644_Proteus_mirabilis_strain_MD20140903_complete_sequence	97.170	106	0	3	172	275	18711	18607	4.59e-42	176
accn|EF015636	ICEberg|1844|ICEPvuChnBC22|GenBank|MH160822.1|1..148751_Proteus_vulgaris_strain_SCpv22_sequence	99.818	1100	1	1	3919	5017	89740	88641	0.0	2019
accn|EF015636	ICEberg|1844|ICEPvuChnBC22|GenBank|MH160822.1|1..148751_Proteus_vulgaris_strain_SCpv22_sequence	99.569	927	2	2	275	1199	88582	87656	0.0	1688
accn|EF015636	ICEberg|1844|ICEPvuChnBC22|GenBank|MH160822.1|1..148751_Proteus_vulgaris_strain_SCpv22_sequence	99.205	880	7	0	2367	3246	35188	36067	0.0	1587
accn|EF015636	ICEberg|1844|ICEPvuChnBC22|GenBank|MH160822.1|1..148751_Proteus_vulgaris_strain_SCpv22_sequence	97.945	146	1	2	16	159	88558	88413	7.41e-65	252
accn|EF015636	ICEberg|1844|ICEPvuChnBC22|GenBank|MH160822.1|1..148751_Proteus_vulgaris_strain_SCpv22_sequence	97.170	106	0	3	172	275	88724	88620	4.59e-42	176
accn|EF015636	ICEberg|1788|ICEPmiFra1|GenBank|MF490434.1|1..107395_Proteus_mirabilis_sequence	99.818	1100	1	1	3919	5017	18290	17191	0.0	2019
accn|EF015636	ICEberg|1788|ICEPmiFra1|GenBank|MF490434.1|1..107395_Proteus_mirabilis_sequence	99.569	927	2	2	275	1199	17132	16206	0.0	1688
accn|EF015636	ICEberg|1788|ICEPmiFra1|GenBank|MF490434.1|1..107395_Proteus_mirabilis_sequence	99.094	883	8	0	2367	3249	74121	73239	0.0	1587
accn|EF015636	ICEberg|1788|ICEPmiFra1|GenBank|MF490434.1|1..107395_Proteus_mirabilis_sequence	97.945	146	1	2	16	159	17108	16963	7.41e-65	252
accn|EF015636	ICEberg|1788|ICEPmiFra1|GenBank|MF490434.1|1..107395_Proteus_mirabilis_sequence	97.170	106	0	3	172	275	17274	17170	4.59e-42	176
accn|EF015636	ICEberg|1782|ICEPmiChnJZ57|GenBank|ON553412.1|1..116292_Proteus_mirabilis_strain_JZ57_ICEPmiChn_JZ57_mobile_element__complete_sequence	99.818	1100	1	1	3919	5017	15004	13905	0.0	2019
accn|EF015636	ICEberg|1782|ICEPmiChnJZ57|GenBank|ON553412.1|1..116292_Proteus_mirabilis_strain_JZ57_ICEPmiChn_JZ57_mobile_element__complete_sequence	99.569	927	2	2	275	1199	13846	12920	0.0	1688
accn|EF015636	ICEberg|1782|ICEPmiChnJZ57|GenBank|ON553412.1|1..116292_Proteus_mirabilis_strain_JZ57_ICEPmiChn_JZ57_mobile_element__complete_sequence	97.945	146	1	2	16	159	13822	13677	7.41e-65	252
accn|EF015636	ICEberg|1782|ICEPmiChnJZ57|GenBank|ON553412.1|1..116292_Proteus_mirabilis_strain_JZ57_ICEPmiChn_JZ57_mobile_element__complete_sequence	97.170	106	0	3	172	275	13988	13884	4.59e-42	176
accn|EF015636	ICEberg|1779|ICEPmiChnChSC1905|GenBank|CP047929.1|3384696..3471195_Proteus_mirabilis_strain_ChSC1905_chromosome__complete_genome	99.728	1103	2	1	3916	5017	79542	80644	0.0	2019
accn|EF015636	ICEberg|1779|ICEPmiChnChSC1905|GenBank|CP047929.1|3384696..3471195_Proteus_mirabilis_strain_ChSC1905_chromosome__complete_genome	99.569	927	2	2	275	1199	80703	81629	0.0	1688
accn|EF015636	ICEberg|1779|ICEPmiChnChSC1905|GenBank|CP047929.1|3384696..3471195_Proteus_mirabilis_strain_ChSC1905_chromosome__complete_genome	99.205	880	7	0	2367	3246	23715	24594	0.0	1587
accn|EF015636	ICEberg|1779|ICEPmiChnChSC1905|GenBank|CP047929.1|3384696..3471195_Proteus_mirabilis_strain_ChSC1905_chromosome__complete_genome	99.877	812	0	1	4207	5017	2890	2079	0.0	1493
accn|EF015636	ICEberg|1779|ICEPmiChnChSC1905|GenBank|CP047929.1|3384696..3471195_Proteus_mirabilis_strain_ChSC1905_chromosome__complete_genome	98.980	294	3	0	3922	4215	4364	4071	1.10e-147	527
accn|EF015636	ICEberg|1779|ICEPmiChnChSC1905|GenBank|CP047929.1|3384696..3471195_Proteus_mirabilis_strain_ChSC1905_chromosome__complete_genome	97.945	146	1	2	16	159	80727	80872	7.41e-65	252
accn|EF015636	ICEberg|1779|ICEPmiChnChSC1905|GenBank|CP047929.1|3384696..3471195_Proteus_mirabilis_strain_ChSC1905_chromosome__complete_genome	97.170	106	0	3	172	275	2162	2058	4.59e-42	176
accn|EF015636	ICEberg|1779|ICEPmiChnChSC1905|GenBank|CP047929.1|3384696..3471195_Proteus_mirabilis_strain_ChSC1905_chromosome__complete_genome	95.575	113	0	5	167	275	80554	80665	4.59e-42	176
accn|EF015636	ICEberg|1027|ICEPmiCHN3335|GenBank|KX243416|1..89996_Proteus_mirabilis_strain_TJ3335_complete_sequence	99.818	1100	1	1	3919	5017	19588	18489	0.0	2019
accn|EF015636	ICEberg|1027|ICEPmiCHN3335|GenBank|KX243416|1..89996_Proteus_mirabilis_strain_TJ3335_complete_sequence	99.569	927	2	2	275	1199	18430	17504	0.0	1688
accn|EF015636	ICEberg|1027|ICEPmiCHN3335|GenBank|KX243416|1..89996_Proteus_mirabilis_strain_TJ3335_complete_sequence	97.945	146	1	2	16	159	18406	18261	7.41e-65	252
accn|EF015636	ICEberg|1027|ICEPmiCHN3335|GenBank|KX243416|1..89996_Proteus_mirabilis_strain_TJ3335_complete_sequence	97.170	106	0	3	172	275	18572	18468	4.59e-42	176
accn|EF015636	ICEberg|1016|ICEPmiChn1|GenBank|KT962845|1..92751_Proteus_mirabilis_integrative_and_conjugative_element_ICEPmiChn1__complete_sequence__and_peptide_chain_release_factor_3_(prfC)_gene__complete_cds	99.818	1100	1	1	3919	5017	19893	18794	0.0	2019
accn|EF015636	ICEberg|1016|ICEPmiChn1|GenBank|KT962845|1..92751_Proteus_mirabilis_integrative_and_conjugative_element_ICEPmiChn1__complete_sequence__and_peptide_chain_release_factor_3_(prfC)_gene__complete_cds	99.569	927	2	2	275	1199	18735	17809	0.0	1688
accn|EF015636	ICEberg|1016|ICEPmiChn1|GenBank|KT962845|1..92751_Proteus_mirabilis_integrative_and_conjugative_element_ICEPmiChn1__complete_sequence__and_peptide_chain_release_factor_3_(prfC)_gene__complete_cds	97.945	146	1	2	16	159	18711	18566	7.41e-65	252
accn|EF015636	ICEberg|1016|ICEPmiChn1|GenBank|KT962845|1..92751_Proteus_mirabilis_integrative_and_conjugative_element_ICEPmiChn1__complete_sequence__and_peptide_chain_release_factor_3_(prfC)_gene__complete_cds	97.170	106	0	3	172	275	18877	18773	4.59e-42	176
accn|EF015636	ICEberg|1110|ICEKpnQD23-1|GenBank|CP042858.1|4831525..5022379_Klebsiella_pneumoniae_strain_QD23_chromosome__complete_genome	99.818	1099	1	1	3920	5017	170781	171879	0.0	2017
accn|EF015636	ICEberg|1110|ICEKpnQD23-1|GenBank|CP042858.1|4831525..5022379_Klebsiella_pneumoniae_strain_QD23_chromosome__complete_genome	99.569	927	2	2	275	1199	171938	172864	0.0	1688
accn|EF015636	ICEberg|1110|ICEKpnQD23-1|GenBank|CP042858.1|4831525..5022379_Klebsiella_pneumoniae_strain_QD23_chromosome__complete_genome	97.945	146	1	2	16	159	171962	172107	7.41e-65	252
accn|EF015636	ICEberg|1110|ICEKpnQD23-1|GenBank|CP042858.1|4831525..5022379_Klebsiella_pneumoniae_strain_QD23_chromosome__complete_genome	95.575	113	0	5	167	275	171789	171900	4.59e-42	176
accn|EF015636	ICEberg|1857|ICERspD18B|GenBank|CP037745.1|2629186..2657721_Rheinheimera_sp._D18_chromosome__complete_genome	99.818	1097	1	1	3922	5017	7	1103	0.0	2013
accn|EF015636	ICEberg|1857|ICERspD18B|GenBank|CP037745.1|2629186..2657721_Rheinheimera_sp._D18_chromosome__complete_genome	99.569	927	2	2	275	1199	1162	2088	0.0	1688
accn|EF015636	ICEberg|1857|ICERspD18B|GenBank|CP037745.1|2629186..2657721_Rheinheimera_sp._D18_chromosome__complete_genome	97.945	146	1	2	16	159	1186	1331	7.41e-65	252
accn|EF015636	ICEberg|1857|ICERspD18B|GenBank|CP037745.1|2629186..2657721_Rheinheimera_sp._D18_chromosome__complete_genome	95.575	113	0	5	167	275	1013	1124	4.59e-42	176
accn|EF015636	ICEberg|1778|ICEPmiChnBCP11|GenBank|MG773277.1|1..141263_Proteus_mirabilis_integrating_conjugative_element_ICEPmiChn-BCP11_sequence	99.727	1100	2	1	3919	5017	17678	16579	0.0	2013
accn|EF015636	ICEberg|1778|ICEPmiChnBCP11|GenBank|MG773277.1|1..141263_Proteus_mirabilis_integrating_conjugative_element_ICEPmiChn-BCP11_sequence	99.635	1097	3	1	3922	5017	103308	102212	0.0	2002
accn|EF015636	ICEberg|1778|ICEPmiChnBCP11|GenBank|MG773277.1|1..141263_Proteus_mirabilis_integrating_conjugative_element_ICEPmiChn-BCP11_sequence	99.569	927	2	2	275	1199	16520	15594	0.0	1688
accn|EF015636	ICEberg|1778|ICEPmiChnBCP11|GenBank|MG773277.1|1..141263_Proteus_mirabilis_integrating_conjugative_element_ICEPmiChn-BCP11_sequence	99.094	883	8	0	2367	3249	84685	83803	0.0	1587
accn|EF015636	ICEberg|1778|ICEPmiChnBCP11|GenBank|MG773277.1|1..141263_Proteus_mirabilis_integrating_conjugative_element_ICEPmiChn-BCP11_sequence	97.945	146	1	2	16	159	16496	16351	7.41e-65	252
accn|EF015636	ICEberg|1778|ICEPmiChnBCP11|GenBank|MG773277.1|1..141263_Proteus_mirabilis_integrating_conjugative_element_ICEPmiChn-BCP11_sequence	97.170	106	0	3	172	275	16662	16558	4.59e-42	176
accn|EF015636	ICEberg|1778|ICEPmiChnBCP11|GenBank|MG773277.1|1..141263_Proteus_mirabilis_integrating_conjugative_element_ICEPmiChn-BCP11_sequence	97.170	106	0	3	172	275	102295	102191	4.59e-42	176
accn|EF015636	ICEberg|976|ICEKkKWG1|GenBank|LN869922|850916..923591_Kingella_kingae_genome_assembly_KKKWG1__chromosome___I	99.818	1096	1	1	3923	5017	22137	21042	0.0	2012
accn|EF015636	ICEberg|976|ICEKkKWG1|GenBank|LN869922|850916..923591_Kingella_kingae_genome_assembly_KKKWG1__chromosome___I	99.569	927	2	2	275	1199	31402	30476	0.0	1688
accn|EF015636	ICEberg|976|ICEKkKWG1|GenBank|LN869922|850916..923591_Kingella_kingae_genome_assembly_KKKWG1__chromosome___I	99.461	927	3	2	275	1199	20983	20057	0.0	1683
accn|EF015636	ICEberg|976|ICEKkKWG1|GenBank|LN869922|850916..923591_Kingella_kingae_genome_assembly_KKKWG1__chromosome___I	95.930	344	9	5	3439	3779	29034	28693	1.82e-155	553
accn|EF015636	ICEberg|976|ICEKkKWG1|GenBank|LN869922|850916..923591_Kingella_kingae_genome_assembly_KKKWG1__chromosome___I	97.945	146	1	2	16	159	31378	31233	7.41e-65	252
accn|EF015636	ICEberg|976|ICEKkKWG1|GenBank|LN869922|850916..923591_Kingella_kingae_genome_assembly_KKKWG1__chromosome___I	97.260	146	2	2	16	159	20959	20814	3.45e-63	246
accn|EF015636	ICEberg|976|ICEKkKWG1|GenBank|LN869922|850916..923591_Kingella_kingae_genome_assembly_KKKWG1__chromosome___I	97.170	106	0	3	172	275	21125	21021	4.59e-42	176
accn|EF015636	ICEberg|1253|ICEKpnINF249-2|GenBank|CP024489.1|5079347..5289591_Klebsiella_pneumoniae_strain_INF249_chromosome__complete_genome	99.726	1096	2	1	3923	5017	199456	200551	0.0	2006
accn|EF015636	ICEberg|1253|ICEKpnINF249-2|GenBank|CP024489.1|5079347..5289591_Klebsiella_pneumoniae_strain_INF249_chromosome__complete_genome	99.569	927	2	2	275	1199	200610	201536	0.0	1688
accn|EF015636	ICEberg|1253|ICEKpnINF249-2|GenBank|CP024489.1|5079347..5289591_Klebsiella_pneumoniae_strain_INF249_chromosome__complete_genome	97.945	146	1	2	16	159	200634	200779	7.41e-65	252
accn|EF015636	ICEberg|1253|ICEKpnINF249-2|GenBank|CP024489.1|5079347..5289591_Klebsiella_pneumoniae_strain_INF249_chromosome__complete_genome	95.575	113	0	5	167	275	200461	200572	4.59e-42	176
accn|EF015636	ICEberg|440|ICEPmu1|GenBank|CP003022|273284..355497_Pasteurella_multocida_36950__complete_genome	99.907	1081	1	0	2358	3438	7384	6304	0.0	1991
accn|EF015636	ICEberg|440|ICEPmu1|GenBank|CP003022|273284..355497_Pasteurella_multocida_36950__complete_genome	99.676	927	0	3	275	1199	9307	8382	0.0	1692
accn|EF015636	ICEberg|440|ICEPmu1|GenBank|CP003022|273284..355497_Pasteurella_multocida_36950__complete_genome	99.747	791	1	1	4228	5017	10264	9474	0.0	1448
accn|EF015636	ICEberg|440|ICEPmu1|GenBank|CP003022|273284..355497_Pasteurella_multocida_36950__complete_genome	97.945	146	0	3	16	159	9283	9139	2.67e-64	250
accn|EF015636	ICEberg|440|ICEPmu1|GenBank|CP003022|273284..355497_Pasteurella_multocida_36950__complete_genome	97.170	106	0	3	172	275	9557	9453	4.59e-42	176
accn|EF015636	ICEberg|1719|ICEHso4|GenBank|CP018803.1|686759..761246_Histophilus_somni_strain_USDA-ARS-USMARC-63255_chromosome__complete_genome	99.907	1081	1	0	2358	3438	65530	66610	0.0	1991
accn|EF015636	ICEberg|1719|ICEHso4|GenBank|CP018803.1|686759..761246_Histophilus_somni_strain_USDA-ARS-USMARC-63255_chromosome__complete_genome	99.784	927	0	2	275	1199	63606	64532	0.0	1700
accn|EF015636	ICEberg|1719|ICEHso4|GenBank|CP018803.1|686759..761246_Histophilus_somni_strain_USDA-ARS-USMARC-63255_chromosome__complete_genome	99.747	791	1	1	4228	5017	62649	63439	0.0	1448
accn|EF015636	ICEberg|1719|ICEHso4|GenBank|CP018803.1|686759..761246_Histophilus_somni_strain_USDA-ARS-USMARC-63255_chromosome__complete_genome	98.630	146	0	2	16	159	63630	63775	1.59e-66	257
accn|EF015636	ICEberg|1719|ICEHso4|GenBank|CP018803.1|686759..761246_Histophilus_somni_strain_USDA-ARS-USMARC-63255_chromosome__complete_genome	95.575	113	0	5	167	275	63349	63460	4.59e-42	176
accn|EF015636	ICEberg|1716|ICEHs02|GenBank|CP042993.1|687500..760418_Histophilus_somni_strain_UOC-KLM-ATR-014_chromosome__complete_genome	99.907	1081	1	0	2358	3438	65481	66561	0.0	1991
accn|EF015636	ICEberg|1716|ICEHs02|GenBank|CP042993.1|687500..760418_Histophilus_somni_strain_UOC-KLM-ATR-014_chromosome__complete_genome	99.784	927	0	2	275	1199	63557	64483	0.0	1700
accn|EF015636	ICEberg|1716|ICEHs02|GenBank|CP042993.1|687500..760418_Histophilus_somni_strain_UOC-KLM-ATR-014_chromosome__complete_genome	99.747	791	1	1	4228	5017	62600	63390	0.0	1448
accn|EF015636	ICEberg|1716|ICEHs02|GenBank|CP042993.1|687500..760418_Histophilus_somni_strain_UOC-KLM-ATR-014_chromosome__complete_genome	98.630	146	0	2	16	159	63581	63726	1.59e-66	257
accn|EF015636	ICEberg|1716|ICEHs02|GenBank|CP042993.1|687500..760418_Histophilus_somni_strain_UOC-KLM-ATR-014_chromosome__complete_genome	95.575	113	0	5	167	275	63300	63411	4.59e-42	176
accn|EF015636	ICEberg|1692|ICEGpa1804|GenBank|CP069308.1|717521..789400_Glaesserella_parasuis_strain_EHP1804_chromosome__complete_genome	99.907	1081	1	0	2358	3438	62019	63099	0.0	1991
accn|EF015636	ICEberg|1692|ICEGpa1804|GenBank|CP069308.1|717521..789400_Glaesserella_parasuis_strain_EHP1804_chromosome__complete_genome	99.787	937	1	1	4082	5017	58383	59319	0.0	1718
accn|EF015636	ICEberg|1692|ICEGpa1804|GenBank|CP069308.1|717521..789400_Glaesserella_parasuis_strain_EHP1804_chromosome__complete_genome	99.570	931	1	3	272	1199	60091	61021	0.0	1694
accn|EF015636	ICEberg|1692|ICEGpa1804|GenBank|CP069308.1|717521..789400_Glaesserella_parasuis_strain_EHP1804_chromosome__complete_genome	98.630	146	0	2	16	159	60119	60264	1.59e-66	257
accn|EF015636	ICEberg|1692|ICEGpa1804|GenBank|CP069308.1|717521..789400_Glaesserella_parasuis_strain_EHP1804_chromosome__complete_genome	95.575	113	0	5	167	275	59229	59340	4.59e-42	176
accn|EF015636	ICEberg|1697|ICEGpa2|GenBank|CP049090.1|1351751..1421790_Glaesserella_parasuis_strain_aHPS7_chromosome__complete_genome	99.815	1081	2	0	2358	3438	14251	15331	0.0	1986
accn|EF015636	ICEberg|1697|ICEGpa2|GenBank|CP049090.1|1351751..1421790_Glaesserella_parasuis_strain_aHPS7_chromosome__complete_genome	99.230	1039	1	7	167	1199	12216	13253	0.0	1868
accn|EF015636	ICEberg|1697|ICEGpa2|GenBank|CP049090.1|1351751..1421790_Glaesserella_parasuis_strain_aHPS7_chromosome__complete_genome	99.877	810	0	1	4209	5017	11497	12306	0.0	1489
accn|EF015636	ICEberg|1697|ICEGpa2|GenBank|CP049090.1|1351751..1421790_Glaesserella_parasuis_strain_aHPS7_chromosome__complete_genome	98.630	146	0	2	16	159	12351	12496	1.59e-66	257
accn|EF015636	ICEberg|1713|ICEHpa1|GenBank|CP054198.1|1511383..1580304_Glaesserella_parasuis_strain_YHP170504_chromosome__complete_genome	99.815	1079	2	0	2360	3438	12826	13904	0.0	1982
accn|EF015636	ICEberg|1713|ICEHpa1|GenBank|CP054198.1|1511383..1580304_Glaesserella_parasuis_strain_YHP170504_chromosome__complete_genome	99.230	1039	1	7	167	1199	10789	11826	0.0	1868
accn|EF015636	ICEberg|1713|ICEHpa1|GenBank|CP054198.1|1511383..1580304_Glaesserella_parasuis_strain_YHP170504_chromosome__complete_genome	99.877	810	0	1	4209	5017	10070	10879	0.0	1489
accn|EF015636	ICEberg|1713|ICEHpa1|GenBank|CP054198.1|1511383..1580304_Glaesserella_parasuis_strain_YHP170504_chromosome__complete_genome	98.630	146	0	2	16	159	10924	11069	1.59e-66	257
accn|EF015636	ICEberg|1602|ICEAsp1|GenBank|MW030510.1|1..72978_Actinobacillus_sp._ICEAsp1_mobile_element__complete_sequence	99.815	1079	2	0	2360	3438	56220	55142	0.0	1982
accn|EF015636	ICEberg|1602|ICEAsp1|GenBank|MW030510.1|1..72978_Actinobacillus_sp._ICEAsp1_mobile_element__complete_sequence	99.877	810	0	1	4209	5017	59356	58547	0.0	1489
accn|EF015636	ICEberg|1602|ICEAsp1|GenBank|MW030510.1|1..72978_Actinobacillus_sp._ICEAsp1_mobile_element__complete_sequence	100.000	153	0	0	1047	1199	57372	57220	2.63e-74	283
accn|EF015636	ICEberg|1602|ICEAsp1|GenBank|MW030510.1|1..72978_Actinobacillus_sp._ICEAsp1_mobile_element__complete_sequence	97.170	106	0	3	172	275	58630	58526	4.59e-42	176
accn|EF015636	ICEberg|2047|Tn7406|GenBank|CP087379.1|1564187..1622411_Mannheimia_haemolytica_strain_IMT47952_chromosome__complete_genome	99.710	1034	2	1	3985	5017	52659	51626	0.0	1892
accn|EF015636	ICEberg|2047|Tn7406|GenBank|CP087379.1|1564187..1622411_Mannheimia_haemolytica_strain_IMT47952_chromosome__complete_genome	99.678	931	0	3	272	1199	43617	42687	0.0	1700
accn|EF015636	ICEberg|2047|Tn7406|GenBank|CP087379.1|1564187..1622411_Mannheimia_haemolytica_strain_IMT47952_chromosome__complete_genome	99.652	574	1	1	4445	5017	44962	44389	0.0	1048
accn|EF015636	ICEberg|2047|Tn7406|GenBank|CP087379.1|1564187..1622411_Mannheimia_haemolytica_strain_IMT47952_chromosome__complete_genome	98.630	146	0	2	16	159	43589	43444	1.59e-66	257
accn|EF015636	ICEberg|2047|Tn7406|GenBank|CP087379.1|1564187..1622411_Mannheimia_haemolytica_strain_IMT47952_chromosome__complete_genome	97.170	106	0	3	172	275	44472	44368	4.59e-42	176
accn|EF015636	ICEberg|2047|Tn7406|GenBank|CP087379.1|1564187..1622411_Mannheimia_haemolytica_strain_IMT47952_chromosome__complete_genome	97.170	106	0	3	172	275	51709	51605	4.59e-42	176
accn|EF015636	ICEberg|1030|ICEPmiCHN902|GenBank|KX243409|1..89096_Proteus_mirabilis_strain_MD20140902__complete_sequence	99.804	1023	1	1	3996	5017	19650	18628	0.0	1877
accn|EF015636	ICEberg|1030|ICEPmiCHN902|GenBank|KX243409|1..89096_Proteus_mirabilis_strain_MD20140902__complete_sequence	99.676	927	1	2	275	1199	18569	17643	0.0	1694
accn|EF015636	ICEberg|1030|ICEPmiCHN902|GenBank|KX243409|1..89096_Proteus_mirabilis_strain_MD20140902__complete_sequence	97.945	146	1	2	16	159	18545	18400	7.41e-65	252
accn|EF015636	ICEberg|1030|ICEPmiCHN902|GenBank|KX243409|1..89096_Proteus_mirabilis_strain_MD20140902__complete_sequence	97.170	106	0	3	172	275	18711	18607	4.59e-42	176
accn|EF015636	ICEberg|1029|ICEPmiCHN901|GenBank|KX243408|1..89493_Proteus_mirabilis_strain_MD20140901_complete_sequence	99.803	1017	1	1	4002	5017	19644	18628	0.0	1866
accn|EF015636	ICEberg|1029|ICEPmiCHN901|GenBank|KX243408|1..89493_Proteus_mirabilis_strain_MD20140901_complete_sequence	99.676	927	1	2	275	1199	18569	17643	0.0	1694
accn|EF015636	ICEberg|1029|ICEPmiCHN901|GenBank|KX243408|1..89493_Proteus_mirabilis_strain_MD20140901_complete_sequence	97.945	146	1	2	16	159	18545	18400	7.41e-65	252
accn|EF015636	ICEberg|1029|ICEPmiCHN901|GenBank|KX243408|1..89493_Proteus_mirabilis_strain_MD20140901_complete_sequence	97.170	106	0	3	172	275	18711	18607	4.59e-42	176
accn|EF015636	ICEberg|43|R391|GenBank|AY090559|1..88532_Providencia_rettgeri_conjugative_genomic_island_R391__complete_sequence	99.116	1018	9	0	2358	3375	12802	13819	0.0	1831
accn|EF015636	ICEberg|43|R391|GenBank|AY090559|1..88532_Providencia_rettgeri_conjugative_genomic_island_R391__complete_sequence	97.059	68	2	0	3371	3438	11966	11899	1.01e-23	115
accn|EF015636	ICEberg|1998|Tn6512|GenBank|AY090559.1|1..88532_Providencia_rettgeri_conjugative_genomic_island_R391__complete_sequence	99.116	1018	9	0	2358	3375	12802	13819	0.0	1831
accn|EF015636	ICEberg|1998|Tn6512|GenBank|AY090559.1|1..88532_Providencia_rettgeri_conjugative_genomic_island_R391__complete_sequence	97.059	68	2	0	3371	3438	11966	11899	1.01e-23	115
accn|EF015636	ICEberg|987|ICEMh1|GenBank|CP005383|2128248..2190602_Mannheimia_haemolytica_M42548__complete_genome	99.893	937	0	1	4082	5017	3918	2982	0.0	1724
accn|EF015636	ICEberg|987|ICEMh1|GenBank|CP005383|2128248..2190602_Mannheimia_haemolytica_M42548__complete_genome	99.784	927	0	2	275	1199	2815	1889	0.0	1700
accn|EF015636	ICEberg|987|ICEMh1|GenBank|CP005383|2128248..2190602_Mannheimia_haemolytica_M42548__complete_genome	99.888	891	1	0	2358	3248	891	1	0.0	1640
accn|EF015636	ICEberg|987|ICEMh1|GenBank|CP005383|2128248..2190602_Mannheimia_haemolytica_M42548__complete_genome	98.630	146	0	2	16	159	2791	2646	1.59e-66	257
accn|EF015636	ICEberg|987|ICEMh1|GenBank|CP005383|2128248..2190602_Mannheimia_haemolytica_M42548__complete_genome	97.170	106	0	3	172	275	3065	2961	4.59e-42	176
accn|EF015636	ICEberg|50|ICEXcaVe85-1|GenBank|AM039952|2631723..2740954_Xanthomonas_campestris_pv._vesicatoria_complete_genome	99.676	927	1	2	275	1199	26522	25596	0.0	1694
accn|EF015636	ICEberg|50|ICEXcaVe85-1|GenBank|AM039952|2631723..2740954_Xanthomonas_campestris_pv._vesicatoria_complete_genome	97.945	146	1	2	16	159	26498	26353	7.41e-65	252
accn|EF015636	ICEberg|1785|ICEPmiChnSTP3|GenBank|MT449450.1|1..118916_Proteus_mirabilis_strain_STP3_sequence	99.569	927	2	2	275	1199	102027	102953	0.0	1688
accn|EF015636	ICEberg|1785|ICEPmiChnSTP3|GenBank|MT449450.1|1..118916_Proteus_mirabilis_strain_STP3_sequence	99.205	880	7	0	2367	3246	46807	47686	0.0	1587
accn|EF015636	ICEberg|1785|ICEPmiChnSTP3|GenBank|MT449450.1|1..118916_Proteus_mirabilis_strain_STP3_sequence	99.767	857	1	1	4162	5017	101112	101968	0.0	1570
accn|EF015636	ICEberg|1785|ICEPmiChnSTP3|GenBank|MT449450.1|1..118916_Proteus_mirabilis_strain_STP3_sequence	97.945	146	1	2	16	159	102051	102196	7.41e-65	252
accn|EF015636	ICEberg|1785|ICEPmiChnSTP3|GenBank|MT449450.1|1..118916_Proteus_mirabilis_strain_STP3_sequence	95.575	113	0	5	167	275	101878	101989	4.59e-42	176
accn|EF015636	ICEberg|2045|Tn6966|GenBank|CP064830.1|3371703..3442829_Morganella_morganii_subsp._morganii_strain_81703_chromosome__complete_genome	99.104	893	8	0	2357	3249	46880	45988	0.0	1605
accn|EF015636	ICEberg|2045|Tn6966|GenBank|CP064830.1|3371703..3442829_Morganella_morganii_subsp._morganii_strain_81703_chromosome__complete_genome	99.877	812	0	1	4207	5017	38122	37311	0.0	1493
accn|EF015636	ICEberg|2045|Tn6966|GenBank|CP064830.1|3371703..3442829_Morganella_morganii_subsp._morganii_strain_81703_chromosome__complete_genome	98.980	294	3	0	3922	4215	39596	39303	1.10e-147	527
accn|EF015636	ICEberg|2045|Tn6966|GenBank|CP064830.1|3371703..3442829_Morganella_morganii_subsp._morganii_strain_81703_chromosome__complete_genome	97.170	106	0	3	172	275	37394	37290	4.59e-42	176
accn|EF015636	resfinderf|aph(3_)-Ia|3	100.000	816	0	0	2433	3248	1	816	0.0	1507
accn|EF015636	ICEberg|1023|ICEPmiChn3|GenBank|KY437727|1..55195_Proteus_mirabilis_integrative_and_conjugative_element_ICEPmiChn3__complete_sequence__and_peptide_chain_release_factor_3_(prfC)_gene__complete_cds	99.877	812	0	1	4207	5017	17273	16462	0.0	1493
accn|EF015636	ICEberg|1023|ICEPmiChn3|GenBank|KY437727|1..55195_Proteus_mirabilis_integrative_and_conjugative_element_ICEPmiChn3__complete_sequence__and_peptide_chain_release_factor_3_(prfC)_gene__complete_cds	98.980	294	3	0	3922	4215	18747	18454	1.10e-147	527
accn|EF015636	ICEberg|1023|ICEPmiChn3|GenBank|KY437727|1..55195_Proteus_mirabilis_integrative_and_conjugative_element_ICEPmiChn3__complete_sequence__and_peptide_chain_release_factor_3_(prfC)_gene__complete_cds	97.170	106	0	3	172	275	16545	16441	4.59e-42	176
accn|EF015636	resfinderf|aph(3__)-Ib|2	99.875	803	1	0	298	1100	2	804	0.0	1478
accn|EF015636	resfinderf|aph(3__)-Ib|2	97.931	145	1	2	17	159	2	146	2.67e-64	250
accn|EF015636	resfinderf|aph(3__)-Ib|5	99.751	804	2	0	297	1100	1	804	0.0	1474
accn|EF015636	resfinderf|aph(3__)-Ib|5	97.945	146	1	2	16	159	1	146	7.41e-65	252
accn|EF015636	resfinderf|aph(3__)-Ib|4	99.751	804	2	0	297	1100	1	804	0.0	1474
accn|EF015636	resfinderf|aph(3__)-Ib|4	97.945	146	1	2	16	159	1	146	7.41e-65	252
accn|EF015636	resfinderf|aph(3__)-Ib|3	99.751	804	2	0	297	1100	1	804	0.0	1474
accn|EF015636	resfinderf|aph(3__)-Ib|3	97.260	146	2	2	16	159	1	146	3.45e-63	246
accn|EF015636	resfinderf|aph(3_)-Ia|10	99.263	814	6	0	2433	3246	1	814	0.0	1471
accn|EF015636	resfinderf|aph(3_)-Ia|1	99.140	814	7	0	2433	3246	1	814	0.0	1465
accn|EF015636	resfinderf|aph(3_)-Ia|9	99.020	816	8	0	2433	3248	1	816	0.0	1463
accn|EF015636	resfinderf|aph(3_)-Ia|7	99.020	816	8	0	2433	3248	1	816	0.0	1463
accn|EF015636	resfinderf|aph(3__)-Ib|1	99.502	804	4	0	297	1100	1	804	0.0	1463
accn|EF015636	resfinderf|aph(3__)-Ib|1	97.945	146	1	2	16	159	1	146	7.41e-65	252
accn|EF015636	resfinderf|sul2|14	99.874	794	0	1	4225	5017	1	794	0.0	1459
accn|EF015636	resfinderf|sul2|14	95.283	106	0	5	167	268	704	808	3.57e-38	163
accn|EF015636	resfinderf|sul2|9	99.874	794	0	1	4225	5017	1	794	0.0	1459
accn|EF015636	resfinderf|sul2|9	95.333	150	0	7	167	310	704	852	9.66e-59	231
accn|EF015636	resfinderf|sul2|2	99.874	794	0	1	4225	5017	1	794	0.0	1459
accn|EF015636	resfinderf|sul2|2	95.575	113	0	5	167	275	704	815	4.59e-42	176
accn|EF015636	resfinderf|aph(3_)-Ia|8	98.897	816	9	0	2433	3248	1	816	0.0	1458
accn|EF015636	resfinderf|aph(3_)-Ia|4	98.894	814	9	0	2433	3246	1	814	0.0	1458
accn|EF015636	resfinderf|sul2|20	99.748	794	1	1	4225	5017	1	794	0.0	1454
accn|EF015636	resfinderf|sul2|20	95.575	113	0	5	167	275	704	815	4.59e-42	176
accn|EF015636	resfinderf|sul2|19	99.748	794	1	1	4225	5017	1	794	0.0	1454
accn|EF015636	resfinderf|sul2|18	99.748	794	1	1	4225	5017	1	794	0.0	1454
accn|EF015636	resfinderf|sul2|18	95.575	113	0	5	167	275	704	815	4.59e-42	176
accn|EF015636	resfinderf|sul2|17	99.748	794	1	1	4225	5017	1	794	0.0	1454
accn|EF015636	resfinderf|sul2|17	95.575	113	0	5	167	275	704	815	4.59e-42	176
accn|EF015636	resfinderf|sul2|15	99.748	794	1	1	4225	5017	1	794	0.0	1454
accn|EF015636	resfinderf|sul2|15	95.575	113	0	5	167	275	704	815	4.59e-42	176
accn|EF015636	resfinderf|sul2|12	99.748	794	1	1	4225	5017	1	794	0.0	1454
accn|EF015636	resfinderf|sul2|12	95.575	113	0	5	167	275	704	815	4.59e-42	176
accn|EF015636	resfinderf|sul2|11	99.748	794	1	1	4225	5017	1	794	0.0	1454
accn|EF015636	resfinderf|sul2|11	95.575	113	0	5	167	275	704	815	4.59e-42	176
accn|EF015636	resfinderf|sul2|8	99.748	794	1	1	4225	5017	1	794	0.0	1454
accn|EF015636	resfinderf|sul2|8	95.333	150	0	7	167	310	704	852	9.66e-59	231
accn|EF015636	resfinderf|sul2|7	99.748	794	1	1	4225	5017	1	794	0.0	1454
accn|EF015636	resfinderf|sul2|7	95.333	150	0	7	167	310	704	852	9.66e-59	231
accn|EF015636	resfinderf|sul2|13	99.622	794	2	1	4225	5017	1	794	0.0	1448
accn|EF015636	resfinderf|sul2|13	95.575	113	0	5	167	275	704	815	4.59e-42	176
accn|EF015636	resfinderf|sul2|6	99.622	794	2	1	4225	5017	1	794	0.0	1448
accn|EF015636	resfinderf|sul2|6	95.575	113	0	5	167	275	704	815	4.59e-42	176
accn|EF015636	resfinderf|sul2|21	99.747	789	2	0	4225	5013	1	789	0.0	1447
accn|EF015636	resfinderf|sul2|10	99.498	797	0	4	4225	5017	1	797	0.0	1447
accn|EF015636	resfinderf|sul2|10	95.575	113	0	5	167	275	707	818	4.59e-42	176
accn|EF015636	resfinderf|sul2|3	99.747	789	2	0	4225	5013	1	789	0.0	1447
accn|EF015636	resfinderf|aph(3_)-Ia|5	98.652	816	11	0	2433	3248	1	816	0.0	1447
accn|EF015636	resfinderf|sul2|1	99.496	794	3	1	4225	5017	1	794	0.0	1443
accn|EF015636	resfinderf|sul2|1	95.575	113	0	5	167	275	704	815	4.59e-42	176
accn|EF015636	resfinderf|aph(3_)-Ia|6	98.403	814	13	0	2433	3246	1	814	0.0	1432
accn|EF015636	ICEberg|1863|ICEShaJpn1|GenBank|BFBQ01000004.1|213376..320508_Shewanella_halifaxensis_6JANF4-E-4_DNA__sequence4__whole_genome_shotgun_sequence	99.871	773	0	1	4246	5017	19046	18274	0.0	1421
accn|EF015636	ICEberg|1863|ICEShaJpn1|GenBank|BFBQ01000004.1|213376..320508_Shewanella_halifaxensis_6JANF4-E-4_DNA__sequence4__whole_genome_shotgun_sequence	97.170	106	0	3	172	275	18357	18253	4.59e-42	176
accn|EF015636	resfinderf|sul2|5	99.113	789	7	0	4225	5013	1	789	0.0	1419
accn|EF015636	resfinderf|sul2|5	96.226	106	1	3	172	275	711	815	2.14e-40	171
accn|EF015636	resfinderf|aph(3_)-Ia|2	97.543	814	20	0	2433	3246	1	814	0.0	1393
accn|EF015636	resfinderf|aph(6)-Id|2	100.000	100	0	0	1100	1199	1	100	7.63e-45	185
accn|EF015636	resfinderf|aph(6)-Id|5	100.000	100	0	0	1100	1199	1	100	7.63e-45	185
accn|EF015636	resfinderf|aph(6)-Id|3	100.000	100	0	0	1100	1199	1	100	7.63e-45	185
accn|EF015636	resfinderf|aph(6)-Id|1	100.000	100	0	0	1100	1199	1	100	7.63e-45	185
accn|EF015636	resfinderf|aph(6)-Id|4	100.000	94	0	0	1106	1199	1	94	1.65e-41	174
