accn|JAZDVD010000002	ICEberg|1807|ICEPmu4|GenBank|CP038875.1|2009809..2087766_Pasteurella_multocida_strain_FCf83_chromosome__complete_genome	97.656	128	3	0	94003	94130	47272	47145	3.92e-54	220
accn|JAZDVD010000003	ICEberg|1585|ICEAac2|GenBank|CP012958.1|1948540..1976212_Aggregatibacter_actinomycetemcomitans_strain_VT1169__complete_genome	95.745	47	1	1	37032	37078	20245	20200	3.00e-10	75.0
accn|JAZDVD010000009	ICEberg|1807|ICEPmu4|GenBank|CP038875.1|2009809..2087766_Pasteurella_multocida_strain_FCf83_chromosome__complete_genome	99.248	133	1	0	1	133	46684	46552	1.81e-60	241
accn|JAZDVD010000013	ICEberg|1807|ICEPmu4|GenBank|CP038875.1|2009809..2087766_Pasteurella_multocida_strain_FCf83_chromosome__complete_genome	98.701	77	1	0	1	77	47194	47270	1.83e-29	137
accn|JAZDVD010000017	ICEberg|1807|ICEPmu4|GenBank|CP038875.1|2009809..2087766_Pasteurella_multocida_strain_FCf83_chromosome__complete_genome	96.610	59	1	1	1	59	47213	47270	2.65e-17	97.1
accn|JAZDVD010000018	ICEberg|2010|Tn6783_201330|GenBank|CP054623.1|2596147..2668162_Pseudomonas_aeruginosa_strain_DL201330_chromosome__complete_genome	98.795	83	1	0	29367	29449	66979	66897	6.81e-33	148
accn|JAZDVD010000018	ICEberg|1701|ICEHdu2|GenBank|CP015434.1|162562..211583_[Haemophilus]_ducreyi_strain_GHA9__complete_genome	98.765	81	1	0	29372	29452	49022	48942	8.81e-32	145
accn|JAZDVD010000018	ICEberg|1701|ICEHdu2|GenBank|CP015434.1|162562..211583_[Haemophilus]_ducreyi_strain_GHA9__complete_genome	97.368	76	2	0	29281	29356	49022	48947	2.47e-27	130
accn|JAZDVD010000018	ICEberg|1700|ICEHdu1|GenBank|NC_002940.2|718953..768668_[Haemophilus]_ducreyi_35000HP__complete_sequence	98.765	81	1	0	29372	29452	1	81	8.81e-32	145
accn|JAZDVD010000018	ICEberg|1700|ICEHdu1|GenBank|NC_002940.2|718953..768668_[Haemophilus]_ducreyi_35000HP__complete_sequence	97.368	76	2	0	29281	29356	1	76	2.47e-27	130
accn|JAZDVD010000018	ICEberg|1586|ICEAac3|GenBank|CP043003.1|2132073..2197982_Aggregatibacter_actinomycetemcomitans_strain_HK_907_chromosome__complete_genome	100.000	77	0	0	29371	29447	77	1	3.17e-31	143
accn|JAZDVD010000018	ICEberg|1586|ICEAac3|GenBank|CP043003.1|2132073..2197982_Aggregatibacter_actinomycetemcomitans_strain_HK_907_chromosome__complete_genome	97.403	77	2	0	29280	29356	77	1	6.86e-28	132
accn|JAZDVD010000018	ICEberg|1584|ICEAac1|GenBank|CP012959.1|2164508..2181462_Aggregatibacter_actinomycetemcomitans_strain_624__complete_genome	100.000	77	0	0	29371	29447	16879	16955	3.17e-31	143
accn|JAZDVD010000018	ICEberg|1584|ICEAac1|GenBank|CP012959.1|2164508..2181462_Aggregatibacter_actinomycetemcomitans_strain_624__complete_genome	97.403	77	2	0	29280	29356	16879	16955	6.86e-28	132
accn|JAZDVD010000018	ICEberg|1581|ICE6660|GenBank|MK497171.1|1..112205_Pseudomonas_aeruginosa_sequence	98.701	77	1	0	29371	29447	112129	112205	1.47e-29	137
accn|JAZDVD010000019	ICEberg|987|ICEMh1|GenBank|CP005383|2128248..2190602_Mannheimia_haemolytica_M42548__complete_genome	95.522	67	2	1	29334	29400	48965	49030	4.14e-20	106
accn|JAZDVD010000019	ICEberg|441|ICEHso2336-1|GenBank|CP000947|1927921..1994529_Haemophilus_somnus_2336__complete_genome	95.522	67	2	1	29334	29400	43103	43168	4.14e-20	106
accn|JAZDVD010000019	ICEberg|440|ICEPmu1|GenBank|CP003022|273284..355497_Pasteurella_multocida_36950__complete_genome	95.522	67	2	1	29334	29400	61049	61114	4.14e-20	106
accn|JAZDVD010000019	ICEberg|1734|ICEMh3|GenBank|CP006942.1|959858..1026317_Mannheimia_sp._USDA-ARS-USMARC-1261__complete_genome	95.522	67	2	1	29334	29400	23444	23379	4.14e-20	106
accn|JAZDVD010000019	ICEberg|1719|ICEHso4|GenBank|CP018803.1|686759..761246_Histophilus_somni_strain_USDA-ARS-USMARC-63255_chromosome__complete_genome	95.522	67	2	1	29334	29400	13391	13326	4.14e-20	106
accn|JAZDVD010000019	ICEberg|1717|ICEHs1|GenBank|MF136609.1|1..64932_Histophilus_somni_strain_AVI_1_integrative_conjugative_element_ICEHs1__complete_sequence	95.522	67	2	1	29334	29400	43115	43180	4.14e-20	106
accn|JAZDVD010000019	ICEberg|1716|ICEHs02|GenBank|CP042993.1|687500..760418_Histophilus_somni_strain_UOC-KLM-ATR-014_chromosome__complete_genome	95.522	67	2	1	29334	29400	13343	13278	4.14e-20	106
accn|JAZDVD010000019	ICEberg|1603|ICEAsu1|GenBank|CP009159.1|982132..1037894_Actinobacillus_suis_ATCC_33415__complete_genome	95.522	67	2	1	29334	29400	16393	16328	4.14e-20	106
accn|JAZDVD010000020	ICEberg|1698|ICEGpa3|GenBank|CP018032.1|1710663..1776472_Glaesserella_parasuis_D74__complete_sequence	100.000	34	0	0	2	35	64743	64710	2.42e-07	63.9
accn|JAZDVD010000021	ICEberg|1804|ICEPmu3|GenBank|CP038873.1|1026914..1096464_Pasteurella_multocida_strain_FCf45_chromosome__complete_genome	97.980	9802	197	1	13009	22810	18165	27965	0.0	17003
accn|JAZDVD010000021	ICEberg|1804|ICEPmu3|GenBank|CP038873.1|1026914..1096464_Pasteurella_multocida_strain_FCf45_chromosome__complete_genome	98.645	5020	68	0	27520	32539	33295	38314	0.0	8894
accn|JAZDVD010000021	ICEberg|1804|ICEPmu3|GenBank|CP038873.1|1026914..1096464_Pasteurella_multocida_strain_FCf45_chromosome__complete_genome	97.024	4234	112	3	23136	27369	28761	32980	0.0	7108
accn|JAZDVD010000021	ICEberg|1807|ICEPmu4|GenBank|CP038875.1|2009809..2087766_Pasteurella_multocida_strain_FCf83_chromosome__complete_genome	96.911	9840	291	8	13012	22840	32632	22795	0.0	16475
accn|JAZDVD010000021	ICEberg|1807|ICEPmu4|GenBank|CP038875.1|2009809..2087766_Pasteurella_multocida_strain_FCf83_chromosome__complete_genome	98.944	5020	53	0	27520	32539	18072	13053	0.0	8977
accn|JAZDVD010000021	ICEberg|1807|ICEPmu4|GenBank|CP038875.1|2009809..2087766_Pasteurella_multocida_strain_FCf83_chromosome__complete_genome	96.975	4232	119	3	23141	27369	22612	18387	0.0	7097
accn|JAZDVD010000021	ICEberg|1807|ICEPmu4|GenBank|CP038875.1|2009809..2087766_Pasteurella_multocida_strain_FCf83_chromosome__complete_genome	95.254	1833	84	3	1	1831	46681	44850	0.0	2900
accn|JAZDVD010000021	ICEberg|1807|ICEPmu4|GenBank|CP038875.1|2009809..2087766_Pasteurella_multocida_strain_FCf83_chromosome__complete_genome	100.000	64	0	0	11665	11728	33921	33858	5.08e-24	119
accn|JAZDVD010000021	ICEberg|1807|ICEPmu4|GenBank|CP038875.1|2009809..2087766_Pasteurella_multocida_strain_FCf83_chromosome__complete_genome	100.000	64	0	0	11702	11765	33958	33895	5.08e-24	119
accn|JAZDVD010000021	ICEberg|1597|ICEApa1|GenBank|CP050316.1|2129122..2199489_Avibacterium_paragallinarum_strain_ESV-135_chromosome__complete_genome	95.976	10139	384	8	13009	23136	20555	30680	0.0	16441
accn|JAZDVD010000021	ICEberg|1597|ICEApa1|GenBank|CP050316.1|2129122..2199489_Avibacterium_paragallinarum_strain_ESV-135_chromosome__complete_genome	97.109	3839	108	1	23141	26976	30838	34676	0.0	6471
accn|JAZDVD010000021	ICEberg|1597|ICEApa1|GenBank|CP050316.1|2129122..2199489_Avibacterium_paragallinarum_strain_ESV-135_chromosome__complete_genome	96.040	2500	86	7	27237	29736	34722	37208	0.0	4056
accn|JAZDVD010000021	ICEberg|1736|ICEMha2|GenBank|NC_020833.2|1557279..1616347_Mannheimia_haemolytica_USDA-ARS-USMARC-183__complete_sequence	98.113	53	1	0	32262	32314	46840	46892	3.08e-16	93.5
accn|JAZDVD010000023	ICEberg|1807|ICEPmu4|GenBank|CP038875.1|2009809..2087766_Pasteurella_multocida_strain_FCf83_chromosome__complete_genome	98.519	135	0	2	1	134	46683	46550	1.24e-59	237
accn|JAZDVD010000028	ICEberg|1807|ICEPmu4|GenBank|CP038875.1|2009809..2087766_Pasteurella_multocida_strain_FCf83_chromosome__complete_genome	100.000	127	0	0	1	127	46681	46555	4.06e-59	235
accn|JAZDVD010000029	ICEberg|1585|ICEAac2|GenBank|CP012958.1|1948540..1976212_Aggregatibacter_actinomycetemcomitans_strain_VT1169__complete_genome	95.890	73	3	0	4	76	26104	26032	4.23e-24	119
accn|JAZDVD010000029	ICEberg|1601|ICEApol3|GenBank|CP030840.1|5037772..5086665_Acidisarcina_polymorpha_strain_SBC82_chromosome__complete_genome	95.833	48	2	0	22412	22459	40491	40444	7.18e-12	78.7
accn|JAZDVD010000029	ICEberg|1600|ICEApol2|GenBank|CP030840.1|4848388..4904726_Acidisarcina_polymorpha_strain_SBC82_chromosome__complete_genome	95.745	47	2	0	22412	22458	54793	54747	2.58e-11	76.8
accn|JAZDVD010000031	ICEberg|1807|ICEPmu4|GenBank|CP038875.1|2009809..2087766_Pasteurella_multocida_strain_FCf83_chromosome__complete_genome	98.039	102	1	1	1	102	46650	46550	2.43e-41	176
accn|JAZDVD010000037	ICEberg|1807|ICEPmu4|GenBank|CP038875.1|2009809..2087766_Pasteurella_multocida_strain_FCf83_chromosome__complete_genome	100.000	125	0	0	24773	24897	46558	46682	4.78e-58	231
accn|JAZDVD010000039	ICEberg|1807|ICEPmu4|GenBank|CP038875.1|2009809..2087766_Pasteurella_multocida_strain_FCf83_chromosome__complete_genome	100.000	116	0	0	1	116	47155	47270	4.74e-53	215
accn|JAZDVD010000039	ICEberg|1698|ICEGpa3|GenBank|CP018032.1|1710663..1776472_Glaesserella_parasuis_D74__complete_sequence	97.368	38	1	0	24355	24392	64747	64710	5.05e-08	65.8
accn|JAZDVD010000045	ICEberg|1804|ICEPmu3|GenBank|CP038873.1|1026914..1096464_Pasteurella_multocida_strain_FCf45_chromosome__complete_genome	97.004	6174	174	10	8008	14176	69551	63384	0.0	10366
accn|JAZDVD010000045	ICEberg|1804|ICEPmu3|GenBank|CP038873.1|1026914..1096464_Pasteurella_multocida_strain_FCf45_chromosome__complete_genome	98.574	2525	36	0	16492	19016	61311	58787	0.0	4464
accn|JAZDVD010000045	ICEberg|1804|ICEPmu3|GenBank|CP038873.1|1026914..1096464_Pasteurella_multocida_strain_FCf45_chromosome__complete_genome	99.544	2192	10	0	19008	21199	40510	38319	0.0	3993
accn|JAZDVD010000045	ICEberg|1807|ICEPmu4|GenBank|CP038875.1|2009809..2087766_Pasteurella_multocida_strain_FCf83_chromosome__complete_genome	96.041	6290	235	13	8008	14290	1	6283	0.0	10224
accn|JAZDVD010000045	ICEberg|1807|ICEPmu4|GenBank|CP038875.1|2009809..2087766_Pasteurella_multocida_strain_FCf83_chromosome__complete_genome	96.947	131	4	0	7953	8083	77828	77958	8.82e-55	220
accn|JAZDVD010000045	ICEberg|1597|ICEApa1|GenBank|CP050316.1|2129122..2199489_Avibacterium_paragallinarum_strain_ESV-135_chromosome__complete_genome	95.305	6432	280	21	8008	14427	70368	63947	0.0	10185
accn|JAZDVD010000045	ICEberg|1597|ICEApa1|GenBank|CP050316.1|2129122..2199489_Avibacterium_paragallinarum_strain_ESV-135_chromosome__complete_genome	95.600	2477	109	0	18723	21199	45062	42586	0.0	3971
accn|JAZDVD010000045	ICEberg|1597|ICEApa1|GenBank|CP050316.1|2129122..2199489_Avibacterium_paragallinarum_strain_ESV-135_chromosome__complete_genome	98.473	131	2	0	7953	8083	131	1	4.07e-58	231
accn|JAZDVD010000045	ICEberg|960|ICEApl1|GenBank|KU551309|27..56176_Actinobacillus_pleuropneumoniae_strain_MIDG2427_tRNA-Leu_gene__integrative_conjugative_element_ICEApl1_mobile_element__and_tRNA-Gly_gene__complete_sequence	100.000	49	0	0	15828	15876	7481	7529	7.21e-16	91.6
accn|JAZDVD010000045	ICEberg|61|ICEHin86-1|GenBank|CP000057|92259..148366_Haemophilus_influenzae_86-028NP__complete_genome	100.000	49	0	0	15828	15876	7499	7547	7.21e-16	91.6
accn|JAZDVD010000045	ICEberg|60|ICEHin1056|GenBank|AJ627386|1..59393_Haemophilus_influenzae_plasmid_ICEhin1056	100.000	49	0	0	15828	15876	7480	7528	7.21e-16	91.6
accn|JAZDVD010000045	ICEberg|350|ICEHpaT3T1|GenBank|FQ312002|1153089..1213144_Haemophilus_parainfluenzae_T3T1_genome	100.000	49	0	0	15828	15876	52565	52517	7.21e-16	91.6
accn|JAZDVD010000045	ICEberg|349|ICEHpa8f|GenBank|AM884335|1..52725_Haemophilus_influenzae_parA_gene_for_chromosome_partitioning_protein__strain_8f	100.000	49	0	0	15828	15876	7588	7636	7.21e-16	91.6
accn|JAZDVD010000045	ICEberg|348|ICEHin299|GenBank|AM884334|1..53902_Haemophilus_influenzae_parA_gene_for_chromosome_partitioning_protein__strain_299	100.000	49	0	0	15828	15876	7564	7612	7.21e-16	91.6
accn|JAZDVD010000045	ICEberg|347|ICEhinR2866|GenBank|CP002277|555283..608328_Haemophilus_influenzae_R2866__complete_genome	100.000	49	0	0	15828	15876	45588	45540	7.21e-16	91.6
accn|JAZDVD010000045	ICEberg|346|ICEHinB|GenBank|FQ312006|87548..143543_Haemophilus_influenzae_10810_genome	100.000	49	0	0	15828	15876	7564	7612	7.21e-16	91.6
accn|JAZDVD010000045	ICEberg|2046|Tn7100|GenBank|OW736085.1|1..73601_Haemophilus_influenzae_strain_Hi-228_transposon_7100__complete_sequence	100.000	49	0	0	15828	15876	7480	7528	7.21e-16	91.6
accn|JAZDVD010000045	ICEberg|2007|Tn6687|GenBank|MN106412.1|1..68777_Haemophilus_influenzae_strain_0_transposon_Tn6687__complete_sequence	100.000	49	0	0	15828	15876	7532	7580	7.21e-16	91.6
accn|JAZDVD010000045	ICEberg|2005|Tn6685|GenBank|MN106410.1|1..52414_Haemophilus_influenzae_strain_E_transposon_Tn6685__complete_sequence	100.000	49	0	0	15828	15876	7480	7528	7.21e-16	91.6
accn|JAZDVD010000045	ICEberg|1701|ICEHdu2|GenBank|CP015434.1|162562..211583_[Haemophilus]_ducreyi_strain_GHA9__complete_genome	96.000	50	1	1	15828	15876	6744	6793	1.56e-12	80.5
accn|JAZDVD010000045	ICEberg|1700|ICEHdu1|GenBank|NC_002940.2|718953..768668_[Haemophilus]_ducreyi_35000HP__complete_sequence	96.000	50	1	1	15828	15876	42278	42229	1.56e-12	80.5
accn|JAZDVD010000045	ICEberg|1698|ICEGpa3|GenBank|CP018032.1|1710663..1776472_Glaesserella_parasuis_D74__complete_sequence	96.000	50	1	1	15828	15876	7371	7420	1.56e-12	80.5
accn|JAZDVD010000045	ICEberg|1586|ICEAac3|GenBank|CP043003.1|2132073..2197982_Aggregatibacter_actinomycetemcomitans_strain_HK_907_chromosome__complete_genome	95.833	48	1	1	15828	15874	7908	7955	2.02e-11	76.8
accn|JAZDVD010000048	ICEberg|1807|ICEPmu4|GenBank|CP038875.1|2009809..2087766_Pasteurella_multocida_strain_FCf83_chromosome__complete_genome	98.496	133	2	0	19600	19732	46549	46681	2.93e-59	235
accn|JAZDVD010000048	ICEberg|1807|ICEPmu4|GenBank|CP038875.1|2009809..2087766_Pasteurella_multocida_strain_FCf83_chromosome__complete_genome	96.212	132	5	0	1	132	47148	47279	1.06e-53	217
accn|JAZDVD010000049	ICEberg|1701|ICEHdu2|GenBank|CP015434.1|162562..211583_[Haemophilus]_ducreyi_strain_GHA9__complete_genome	100.000	78	0	0	7384	7461	79	2	5.06e-32	145
accn|JAZDVD010000049	ICEberg|1701|ICEHdu2|GenBank|CP015434.1|162562..211583_[Haemophilus]_ducreyi_strain_GHA9__complete_genome	100.000	77	0	0	7487	7563	78	2	1.82e-31	143
accn|JAZDVD010000049	ICEberg|1700|ICEHdu1|GenBank|NC_002940.2|718953..768668_[Haemophilus]_ducreyi_35000HP__complete_sequence	100.000	78	0	0	7384	7461	49499	49576	5.06e-32	145
accn|JAZDVD010000049	ICEberg|1700|ICEHdu1|GenBank|NC_002940.2|718953..768668_[Haemophilus]_ducreyi_35000HP__complete_sequence	100.000	77	0	0	7487	7563	49500	49576	1.82e-31	143
accn|JAZDVD010000049	ICEberg|1586|ICEAac3|GenBank|CP043003.1|2132073..2197982_Aggregatibacter_actinomycetemcomitans_strain_HK_907_chromosome__complete_genome	100.000	77	0	0	7487	7563	293	217	1.82e-31	143
accn|JAZDVD010000049	ICEberg|1586|ICEAac3|GenBank|CP043003.1|2132073..2197982_Aggregatibacter_actinomycetemcomitans_strain_HK_907_chromosome__complete_genome	100.000	77	0	0	7385	7461	293	217	1.82e-31	143
accn|JAZDVD010000049	ICEberg|1586|ICEAac3|GenBank|CP043003.1|2132073..2197982_Aggregatibacter_actinomycetemcomitans_strain_HK_907_chromosome__complete_genome	100.000	64	0	0	7384	7447	64409	64346	3.07e-24	119
accn|JAZDVD010000049	ICEberg|1586|ICEAac3|GenBank|CP043003.1|2132073..2197982_Aggregatibacter_actinomycetemcomitans_strain_HK_907_chromosome__complete_genome	100.000	63	0	0	7487	7549	64408	64346	1.10e-23	117
accn|JAZDVD010000050	ICEberg|1698|ICEGpa3|GenBank|CP018032.1|1710663..1776472_Glaesserella_parasuis_D74__complete_sequence	100.000	34	0	0	93	126	64710	64743	1.37e-07	63.9
accn|JAZDVD010000051	ICEberg|1807|ICEPmu4|GenBank|CP038875.1|2009809..2087766_Pasteurella_multocida_strain_FCf83_chromosome__complete_genome	100.000	78	0	0	15652	15729	77958	77881	4.70e-32	145
accn|JAZDVD010000051	ICEberg|1807|ICEPmu4|GenBank|CP038875.1|2009809..2087766_Pasteurella_multocida_strain_FCf83_chromosome__complete_genome	96.296	81	3	0	15647	15727	81	1	1.02e-28	134
accn|JAZDVD010000051	ICEberg|1718|ICEHso3|GenBank|NC_008309.1|1952153..2005728_Histophilus_somni_129PT__complete_sequence	95.455	88	3	1	15647	15733	179	92	2.18e-30	139
accn|JAZDVD010000051	ICEberg|1804|ICEPmu3|GenBank|CP038873.1|1026914..1096464_Pasteurella_multocida_strain_FCf45_chromosome__complete_genome	96.296	81	3	0	15647	15727	69471	69551	1.02e-28	134
accn|JAZDVD010000051	ICEberg|1702|ICEHin8|GenBank|LS483392.1|192252..244996_Haemophilus_influenzae_strain_NCTC11931_genome_assembly__chromosome__1	96.296	81	3	0	15647	15727	52665	52745	1.02e-28	134
accn|JAZDVD010000051	ICEberg|1597|ICEApa1|GenBank|CP050316.1|2129122..2199489_Avibacterium_paragallinarum_strain_ESV-135_chromosome__complete_genome	96.296	81	3	0	15647	15727	70288	70368	1.02e-28	134
accn|JAZDVD010000051	ICEberg|1597|ICEApa1|GenBank|CP050316.1|2129122..2199489_Avibacterium_paragallinarum_strain_ESV-135_chromosome__complete_genome	97.368	76	2	0	15652	15727	1	76	1.31e-27	130
accn|JAZDVD010000052	ICEberg|163|SLP1|GenBank|NC_003888|5038594..5055797_Streptomyces_coelicolor_A3(2)_chromosome__complete_genome	95.556	45	2	0	17671	17715	17019	17063	2.24e-10	73.1
accn|JAZDVD010000054	ICEberg|1586|ICEAac3|GenBank|CP043003.1|2132073..2197982_Aggregatibacter_actinomycetemcomitans_strain_HK_907_chromosome__complete_genome	100.000	77	0	0	16945	17021	1	77	1.60e-31	143
accn|JAZDVD010000054	ICEberg|1584|ICEAac1|GenBank|CP012959.1|2164508..2181462_Aggregatibacter_actinomycetemcomitans_strain_624__complete_genome	100.000	77	0	0	16945	17021	16955	16879	1.60e-31	143
accn|JAZDVD010000054	ICEberg|1701|ICEHdu2|GenBank|CP015434.1|162562..211583_[Haemophilus]_ducreyi_strain_GHA9__complete_genome	100.000	76	0	0	16945	17020	48947	49022	5.77e-31	141
accn|JAZDVD010000054	ICEberg|1700|ICEHdu1|GenBank|NC_002940.2|718953..768668_[Haemophilus]_ducreyi_35000HP__complete_sequence	100.000	76	0	0	16945	17020	76	1	5.77e-31	141
accn|JAZDVD010000054	ICEberg|1581|ICE6660|GenBank|MK497171.1|1..112205_Pseudomonas_aeruginosa_sequence	97.531	81	2	0	16945	17025	112205	112125	2.07e-30	139
accn|JAZDVD010000054	ICEberg|2010|Tn6783_201330|GenBank|CP054623.1|2596147..2668162_Pseudomonas_aeruginosa_strain_DL201330_chromosome__complete_genome	98.701	77	1	0	16945	17021	66899	66975	7.46e-30	137
accn|JAZDVD010000054	ICEberg|1856|ICERps4|GenBank|CP039339.1|545761..602147_Ralstonia_solanacearum_strain_UW386_chromosome__complete_genome	97.368	38	1	0	17136	17173	55728	55691	3.57e-08	65.8
accn|JAZDVD010000054	ICEberg|1854|ICERps2_YC40-M|GenBank|CP015850.1|2532466..2588165_Ralstonia_solanacearum_strain_YC40-M__complete_sequence	97.368	38	1	0	17136	17173	490	527	3.57e-08	65.8
accn|JAZDVD010000054	ICEberg|1853|ICERps2_FQY_4|GenBank|CP004012.1|1113417..1173796_Ralstonia_solanacearum_FQY_4__complete_genome	97.368	38	1	0	17136	17173	57784	57747	3.57e-08	65.8
accn|JAZDVD010000060	ICEberg|1807|ICEPmu4|GenBank|CP038875.1|2009809..2087766_Pasteurella_multocida_strain_FCf83_chromosome__complete_genome	99.931	1456	1	0	1852	3307	48013	46558	0.0	2684
accn|JAZDVD010000060	ICEberg|1702|ICEHin8|GenBank|LS483392.1|192252..244996_Haemophilus_influenzae_strain_NCTC11931_genome_assembly__chromosome__1	95.385	65	2	1	2178	2241	3158	3222	2.48e-19	102
accn|JAZDVD010000061	ICEberg|987|ICEMh1|GenBank|CP005383|2128248..2190602_Mannheimia_haemolytica_M42548__complete_genome	98.276	58	0	1	10982	11039	48974	49030	8.91e-19	100
accn|JAZDVD010000061	ICEberg|441|ICEHso2336-1|GenBank|CP000947|1927921..1994529_Haemophilus_somnus_2336__complete_genome	98.276	58	0	1	10982	11039	43112	43168	8.91e-19	100
accn|JAZDVD010000061	ICEberg|440|ICEPmu1|GenBank|CP003022|273284..355497_Pasteurella_multocida_36950__complete_genome	98.276	58	0	1	10982	11039	61058	61114	8.91e-19	100
accn|JAZDVD010000061	ICEberg|1734|ICEMh3|GenBank|CP006942.1|959858..1026317_Mannheimia_sp._USDA-ARS-USMARC-1261__complete_genome	98.276	58	0	1	10982	11039	23435	23379	8.91e-19	100
accn|JAZDVD010000061	ICEberg|1719|ICEHso4|GenBank|CP018803.1|686759..761246_Histophilus_somni_strain_USDA-ARS-USMARC-63255_chromosome__complete_genome	98.276	58	0	1	10982	11039	13382	13326	8.91e-19	100
accn|JAZDVD010000061	ICEberg|1717|ICEHs1|GenBank|MF136609.1|1..64932_Histophilus_somni_strain_AVI_1_integrative_conjugative_element_ICEHs1__complete_sequence	98.276	58	0	1	10982	11039	43124	43180	8.91e-19	100
accn|JAZDVD010000061	ICEberg|1716|ICEHs02|GenBank|CP042993.1|687500..760418_Histophilus_somni_strain_UOC-KLM-ATR-014_chromosome__complete_genome	98.276	58	0	1	10982	11039	13334	13278	8.91e-19	100
accn|JAZDVD010000061	ICEberg|1603|ICEAsu1|GenBank|CP009159.1|982132..1037894_Actinobacillus_suis_ATCC_33415__complete_genome	98.276	58	0	1	10982	11039	16384	16328	8.91e-19	100
accn|JAZDVD010000065	ICEberg|1698|ICEGpa3|GenBank|CP018032.1|1710663..1776472_Glaesserella_parasuis_D74__complete_sequence	97.368	38	1	0	12480	12517	64747	64710	2.60e-08	65.8
accn|JAZDVD010000073	ICEberg|1584|ICEAac1|GenBank|CP012959.1|2164508..2181462_Aggregatibacter_actinomycetemcomitans_strain_624__complete_genome	96.491	114	2	1	9918	10031	16955	16844	4.26e-45	187
accn|JAZDVD010000073	ICEberg|1701|ICEHdu2|GenBank|CP015434.1|162562..211583_[Haemophilus]_ducreyi_strain_GHA9__complete_genome	100.000	76	0	0	9918	9993	48947	49022	3.37e-31	141
accn|JAZDVD010000073	ICEberg|1700|ICEHdu1|GenBank|NC_002940.2|718953..768668_[Haemophilus]_ducreyi_35000HP__complete_sequence	100.000	76	0	0	9918	9993	76	1	3.37e-31	141
accn|JAZDVD010000073	ICEberg|2010|Tn6783_201330|GenBank|CP054623.1|2596147..2668162_Pseudomonas_aeruginosa_strain_DL201330_chromosome__complete_genome	98.701	77	1	0	9917	9993	66898	66974	4.36e-30	137
accn|JAZDVD010000073	ICEberg|1581|ICE6660|GenBank|MK497171.1|1..112205_Pseudomonas_aeruginosa_sequence	98.684	76	1	0	9918	9993	112205	112130	1.57e-29	135
accn|JAZDVD010000073	ICEberg|1856|ICERps4|GenBank|CP039339.1|545761..602147_Ralstonia_solanacearum_strain_UW386_chromosome__complete_genome	97.436	39	1	0	9996	10034	55729	55691	5.80e-09	67.6
accn|JAZDVD010000073	ICEberg|1854|ICERps2_YC40-M|GenBank|CP015850.1|2532466..2588165_Ralstonia_solanacearum_strain_YC40-M__complete_sequence	97.436	39	1	0	9996	10034	489	527	5.80e-09	67.6
accn|JAZDVD010000073	ICEberg|1853|ICERps2_FQY_4|GenBank|CP004012.1|1113417..1173796_Ralstonia_solanacearum_FQY_4__complete_genome	97.436	39	1	0	9996	10034	57785	57747	5.80e-09	67.6
accn|JAZDVD010000074	ICEberg|1697|ICEGpa2|GenBank|CP049090.1|1351751..1421790_Glaesserella_parasuis_strain_aHPS7_chromosome__complete_genome	96.774	62	1	1	8922	8983	1537	1477	1.41e-19	102
accn|JAZDVD010000074	ICEberg|1719|ICEHso4|GenBank|CP018803.1|686759..761246_Histophilus_somni_strain_USDA-ARS-USMARC-63255_chromosome__complete_genome	98.276	58	0	1	8926	8983	72916	72972	5.08e-19	100
accn|JAZDVD010000074	ICEberg|1716|ICEHs02|GenBank|CP042993.1|687500..760418_Histophilus_somni_strain_UOC-KLM-ATR-014_chromosome__complete_genome	100.000	52	0	0	8926	8977	72868	72919	6.57e-18	97.1
accn|JAZDVD010000074	ICEberg|1713|ICEHpa1|GenBank|CP054198.1|1511383..1580304_Glaesserella_parasuis_strain_YHP170504_chromosome__complete_genome	95.082	61	1	2	8922	8982	59	1	2.36e-17	95.3
accn|JAZDVD010000074	ICEberg|1736|ICEMha2|GenBank|NC_020833.2|1557279..1616347_Mannheimia_haemolytica_USDA-ARS-USMARC-183__complete_sequence	95.000	60	2	1	8926	8985	3883	3825	8.50e-17	93.5
accn|JAZDVD010000084	ICEberg|1597|ICEApa1|GenBank|CP050316.1|2129122..2199489_Avibacterium_paragallinarum_strain_ESV-135_chromosome__complete_genome	99.219	128	1	0	2748	2875	128	1	1.31e-58	231
accn|JAZDVD010000084	ICEberg|1597|ICEApa1|GenBank|CP050316.1|2129122..2199489_Avibacterium_paragallinarum_strain_ESV-135_chromosome__complete_genome	98.765	81	1	0	2800	2880	70368	70288	1.76e-32	145
accn|JAZDVD010000084	ICEberg|1807|ICEPmu4|GenBank|CP038875.1|2009809..2087766_Pasteurella_multocida_strain_FCf83_chromosome__complete_genome	97.656	128	3	0	2748	2875	77831	77958	2.84e-55	220
accn|JAZDVD010000084	ICEberg|1807|ICEPmu4|GenBank|CP038875.1|2009809..2087766_Pasteurella_multocida_strain_FCf83_chromosome__complete_genome	98.765	81	1	0	2800	2880	1	81	1.76e-32	145
accn|JAZDVD010000084	ICEberg|1702|ICEHin8|GenBank|LS483392.1|192252..244996_Haemophilus_influenzae_strain_NCTC11931_genome_assembly__chromosome__1	98.795	83	0	1	2800	2882	52745	52664	4.89e-33	147
accn|JAZDVD010000084	ICEberg|1804|ICEPmu3|GenBank|CP038873.1|1026914..1096464_Pasteurella_multocida_strain_FCf45_chromosome__complete_genome	98.765	81	1	0	2800	2880	69551	69471	1.76e-32	145
accn|JAZDVD010000084	ICEberg|1685|ICEEC8|GenBank|LOGV01000031.1|282800..364210_Escherichia_coli_strain_STEC_2174_STEC2174_contig_26__whole_genome_shotgun_sequence	96.078	51	2	0	2745	2795	1	51	3.89e-14	84.2
accn|JAZDVD010000088	ICEberg|1807|ICEPmu4|GenBank|CP038875.1|2009809..2087766_Pasteurella_multocida_strain_FCf83_chromosome__complete_genome	96.774	124	4	0	1	124	47152	47275	1.90e-51	207
accn|JAZDVD010000089	ICEberg|1807|ICEPmu4|GenBank|CP038875.1|2009809..2087766_Pasteurella_multocida_strain_FCf83_chromosome__complete_genome	96.774	124	4	0	1	124	47152	47275	1.79e-51	207
accn|JAZDVD010000090	ICEberg|1804|ICEPmu3|GenBank|CP038873.1|1026914..1096464_Pasteurella_multocida_strain_FCf45_chromosome__complete_genome	99.835	4862	8	0	1	4862	48452	43591	0.0	8935
accn|JAZDVD010000090	ICEberg|1804|ICEPmu3|GenBank|CP038873.1|1026914..1096464_Pasteurella_multocida_strain_FCf45_chromosome__complete_genome	100.000	127	0	0	1	127	41716	41842	7.19e-60	235
accn|JAZDVD010000090	ICEberg|1804|ICEPmu3|GenBank|CP038873.1|1026914..1096464_Pasteurella_multocida_strain_FCf45_chromosome__complete_genome	95.200	125	6	0	1	125	57581	57457	9.44e-49	198
accn|JAZDVD010000090	ICEberg|350|ICEHpaT3T1|GenBank|FQ312002|1153089..1213144_Haemophilus_parainfluenzae_T3T1_genome	99.815	4862	9	0	1	4862	16066	11205	0.0	8929
accn|JAZDVD010000090	ICEberg|350|ICEHpaT3T1|GenBank|FQ312002|1153089..1213144_Haemophilus_parainfluenzae_T3T1_genome	100.000	127	0	0	1	127	9330	9456	7.19e-60	235
accn|JAZDVD010000090	ICEberg|960|ICEApl1|GenBank|KU551309|27..56176_Actinobacillus_pleuropneumoniae_strain_MIDG2427_tRNA-Leu_gene__integrative_conjugative_element_ICEApl1_mobile_element__and_tRNA-Gly_gene__complete_sequence	99.815	4862	8	1	1	4862	22554	17694	0.0	8927
accn|JAZDVD010000090	ICEberg|960|ICEApl1|GenBank|KU551309|27..56176_Actinobacillus_pleuropneumoniae_strain_MIDG2427_tRNA-Leu_gene__integrative_conjugative_element_ICEApl1_mobile_element__and_tRNA-Gly_gene__complete_sequence	100.000	127	0	0	1	127	15819	15945	7.19e-60	235
accn|JAZDVD010000090	ICEberg|1597|ICEApa1|GenBank|CP050316.1|2129122..2199489_Avibacterium_paragallinarum_strain_ESV-135_chromosome__complete_genome	99.794	4862	10	0	1	4862	47930	52791	0.0	8924
accn|JAZDVD010000090	ICEberg|1597|ICEApa1|GenBank|CP050316.1|2129122..2199489_Avibacterium_paragallinarum_strain_ESV-135_chromosome__complete_genome	100.000	127	0	0	1	127	54666	54540	7.19e-60	235
accn|JAZDVD010000090	ICEberg|2007|Tn6687|GenBank|MN106412.1|1..68777_Haemophilus_influenzae_strain_0_transposon_Tn6687__complete_sequence	99.794	4862	9	1	1	4862	23676	18816	0.0	8922
accn|JAZDVD010000090	ICEberg|2007|Tn6687|GenBank|MN106412.1|1..68777_Haemophilus_influenzae_strain_0_transposon_Tn6687__complete_sequence	100.000	127	0	0	1	127	16941	17067	7.19e-60	235
accn|JAZDVD010000090	ICEberg|976|ICEKkKWG1|GenBank|LN869922|850916..923591_Kingella_kingae_genome_assembly_KKKWG1__chromosome___I	99.753	4862	11	1	1	4862	32630	37490	0.0	8911
accn|JAZDVD010000090	ICEberg|976|ICEKkKWG1|GenBank|LN869922|850916..923591_Kingella_kingae_genome_assembly_KKKWG1__chromosome___I	100.000	127	0	0	1	127	39365	39239	7.19e-60	235
accn|JAZDVD010000090	ICEberg|2006|Tn6686|GenBank|MN106411.1|1..64737_Haemophilus_influenzae_strain_G_transposon_Tn6686__complete_sequence	99.794	4845	10	0	1	4845	25485	20641	0.0	8892
accn|JAZDVD010000090	ICEberg|60|ICEHin1056|GenBank|AJ627386|1..59393_Haemophilus_influenzae_plasmid_ICEhin1056	99.670	4845	15	1	1	4845	25432	20589	0.0	8857
accn|JAZDVD010000090	ICEberg|1803|ICEPmu2|GenBank|CP038871.1|1998244..2056820_Pasteurella_multocida_strain_FCf15_chromosome__complete_genome	99.789	4735	10	0	1	4735	15245	19979	0.0	8689
accn|JAZDVD010000090	ICEberg|1807|ICEPmu4|GenBank|CP038875.1|2009809..2087766_Pasteurella_multocida_strain_FCf83_chromosome__complete_genome	99.837	4304	7	0	1	4304	54135	49832	0.0	7910
accn|JAZDVD010000090	ICEberg|1807|ICEPmu4|GenBank|CP038875.1|2009809..2087766_Pasteurella_multocida_strain_FCf83_chromosome__complete_genome	95.200	125	6	0	1	125	72802	72678	9.44e-49	198
accn|JAZDVD010000090	ICEberg|2045|Tn6966|GenBank|CP064830.1|3371703..3442829_Morganella_morganii_subsp._morganii_strain_81703_chromosome__complete_genome	99.771	3933	9	0	1	3933	16348	12416	0.0	7214
accn|JAZDVD010000090	ICEberg|1713|ICEHpa1|GenBank|CP054198.1|1511383..1580304_Glaesserella_parasuis_strain_YHP170504_chromosome__complete_genome	99.889	3607	4	0	1256	4862	18686	22292	0.0	6639
accn|JAZDVD010000090	ICEberg|1713|ICEHpa1|GenBank|CP054198.1|1511383..1580304_Glaesserella_parasuis_strain_YHP170504_chromosome__complete_genome	100.000	127	0	0	1	127	24167	24041	7.19e-60	235
accn|JAZDVD010000090	ICEberg|1692|ICEGpa1804|GenBank|CP069308.1|717521..789400_Glaesserella_parasuis_strain_EHP1804_chromosome__complete_genome	99.889	3607	4	0	1256	4862	54906	51300	0.0	6639
accn|JAZDVD010000090	ICEberg|1692|ICEGpa1804|GenBank|CP069308.1|717521..789400_Glaesserella_parasuis_strain_EHP1804_chromosome__complete_genome	100.000	127	0	0	1	127	49425	49551	7.19e-60	235
accn|JAZDVD010000090	ICEberg|1602|ICEAsp1|GenBank|MW030510.1|1..72978_Actinobacillus_sp._ICEAsp1_mobile_element__complete_sequence	99.889	3607	4	0	1256	4862	50359	46753	0.0	6639
accn|JAZDVD010000090	ICEberg|1602|ICEAsp1|GenBank|MW030510.1|1..72978_Actinobacillus_sp._ICEAsp1_mobile_element__complete_sequence	99.213	127	1	0	1	127	44878	45004	3.35e-58	230
accn|JAZDVD010000090	ICEberg|1697|ICEGpa2|GenBank|CP049090.1|1351751..1421790_Glaesserella_parasuis_strain_aHPS7_chromosome__complete_genome	99.475	3616	4	14	1256	4862	18445	22054	0.0	6558
accn|JAZDVD010000090	ICEberg|1697|ICEGpa2|GenBank|CP049090.1|1351751..1421790_Glaesserella_parasuis_strain_aHPS7_chromosome__complete_genome	100.000	127	0	0	1	127	23931	23805	7.19e-60	235
accn|JAZDVD010000090	resfinderf|tet(B)|2	100.000	1206	0	0	1331	2536	1206	1	0.0	2228
accn|JAZDVD010000090	resfinderf|tet(B)|1	99.917	1206	1	0	1331	2536	1206	1	0.0	2222
accn|JAZDVD010000090	resfinderf|tet(B)|3	99.585	1206	5	0	1331	2536	1206	1	0.0	2200
accn|JAZDVD010000090	ICEberg|969|ICEEcUMNK88|GenBank|CP002729|4888719..4951420_Escherichia_coli_UMNK88__complete_genome	99.225	129	1	0	1	129	50804	50932	2.59e-59	233
accn|JAZDVD010000090	ICEberg|1791|ICEPmiJpn1_PM655|GenBank|KT894734.1|1..92934_Proteus_mirabilis_strain_PM14C28_integrating_conjugative_element_ICEPmiJpn1_mobile_element__complete_sequence__and_peptide_chain_release_factor_3_(prfC)_gene__complete_cds	99.213	127	1	0	1	127	10119	9993	3.35e-58	230
accn|JAZDVD010000090	ICEberg|1791|ICEPmiJpn1_PM655|GenBank|KT894734.1|1..92934_Proteus_mirabilis_strain_PM14C28_integrating_conjugative_element_ICEPmiJpn1_mobile_element__complete_sequence__and_peptide_chain_release_factor_3_(prfC)_gene__complete_cds	95.276	127	6	0	1	127	23089	22963	7.29e-50	202
accn|JAZDVD010000090	ICEberg|1772|ICEPmiBra607|GenBank|CP049753.1|1687350..1780822_Proteus_mirabilis_strain_PmBR607_chromosome__complete_genome	99.213	127	1	0	1	127	9888	9762	3.35e-58	230
accn|JAZDVD010000090	ICEberg|38|ICEPdaSpa1|GenBank|AJ870986|1..102985_Photobacterium_damselae_subsp._piscicida_integrative_and_conjugative_element_ICEPdaSpa1__isolate_PC554.2	95.276	127	6	0	1	127	28298	28172	7.29e-50	202
accn|JAZDVD010000090	ICEberg|1046|ICEValHN492|GenBank|KT072769|1..106164_Vibrio_alginolyticus_strain_HN492_transposon_integrating_conjugative_element_ICEValHN492__complete_sequence	95.968	124	5	0	1	124	26211	26334	7.29e-50	202
accn|JAZDVD010000090	ICEberg|1043|ICEValE0601|GenBank|KT072768|1..106165_Vibrio_alginolyticus_strain_E0601_transposon_integrating_conjugative_element_ICEValE0601__complete_sequence	95.968	124	5	0	1	124	26212	26335	7.29e-50	202
accn|JAZDVD010000090	ICEberg|64|CTnBST|GenBank|AY345595|1..100903_Bacteroides_uniformis_strain_WH207_transposon_CTnBST__complete_sequence	95.200	125	6	0	1	125	96077	96201	9.44e-49	198
accn|JAZDVD010000090	ICEberg|1207|ICEKpnCR14-2|GenBank|CP015392.1|1776406..1984641_Klebsiella_pneumoniae_strain_CR14__complete_genome	95.161	124	6	0	1	124	63952	64075	3.39e-48	196
accn|JAZDVD010000090	ICEberg|1207|ICEKpnCR14-2|GenBank|CP015392.1|1776406..1984641_Klebsiella_pneumoniae_strain_CR14__complete_genome	95.161	124	6	0	1	124	169263	169386	3.39e-48	196
accn|JAZDVD010000093	ICEberg|1807|ICEPmu4|GenBank|CP038875.1|2009809..2087766_Pasteurella_multocida_strain_FCf83_chromosome__complete_genome	99.954	4389	2	0	1	4389	73456	77844	0.0	8094
accn|JAZDVD010000093	ICEberg|1807|ICEPmu4|GenBank|CP038875.1|2009809..2087766_Pasteurella_multocida_strain_FCf83_chromosome__complete_genome	99.638	552	2	0	1	552	54789	55340	0.0	1009
accn|JAZDVD010000093	ICEberg|60|ICEHin1056|GenBank|AJ627386|1..59393_Haemophilus_influenzae_plasmid_ICEhin1056	99.821	559	1	0	1	559	26086	26644	0.0	1027
accn|JAZDVD010000093	ICEberg|60|ICEHin1056|GenBank|AJ627386|1..59393_Haemophilus_influenzae_plasmid_ICEhin1056	98.551	552	8	0	1	552	15164	14613	0.0	976
accn|JAZDVD010000093	ICEberg|2006|Tn6686|GenBank|MN106411.1|1..64737_Haemophilus_influenzae_strain_G_transposon_Tn6686__complete_sequence	99.821	559	1	0	1	559	26139	26697	0.0	1027
accn|JAZDVD010000093	ICEberg|2006|Tn6686|GenBank|MN106411.1|1..64737_Haemophilus_influenzae_strain_G_transposon_Tn6686__complete_sequence	98.370	552	9	0	1	552	15216	14665	0.0	970
accn|JAZDVD010000093	ICEberg|1804|ICEPmu3|GenBank|CP038873.1|1026914..1096464_Pasteurella_multocida_strain_FCf45_chromosome__complete_genome	99.644	562	2	0	1	562	58235	58796	0.0	1027
accn|JAZDVD010000093	ICEberg|1804|ICEPmu3|GenBank|CP038873.1|1026914..1096464_Pasteurella_multocida_strain_FCf45_chromosome__complete_genome	100.000	552	0	0	1	552	49106	49657	0.0	1020
accn|JAZDVD010000093	ICEberg|1804|ICEPmu3|GenBank|CP038873.1|1026914..1096464_Pasteurella_multocida_strain_FCf45_chromosome__complete_genome	98.373	553	9	0	1	553	41062	40510	0.0	972
accn|JAZDVD010000093	ICEberg|960|ICEApl1|GenBank|KU551309|27..56176_Actinobacillus_pleuropneumoniae_strain_MIDG2427_tRNA-Leu_gene__integrative_conjugative_element_ICEApl1_mobile_element__and_tRNA-Gly_gene__complete_sequence	99.642	559	2	0	1	559	23208	23766	0.0	1022
accn|JAZDVD010000093	ICEberg|960|ICEApl1|GenBank|KU551309|27..56176_Actinobacillus_pleuropneumoniae_strain_MIDG2427_tRNA-Leu_gene__integrative_conjugative_element_ICEApl1_mobile_element__and_tRNA-Gly_gene__complete_sequence	98.370	552	9	0	1	552	15165	14614	0.0	970
accn|JAZDVD010000093	ICEberg|2045|Tn6966|GenBank|CP064830.1|3371703..3442829_Morganella_morganii_subsp._morganii_strain_81703_chromosome__complete_genome	100.000	553	0	0	1	553	17002	17554	0.0	1022
accn|JAZDVD010000093	ICEberg|2045|Tn6966|GenBank|CP064830.1|3371703..3442829_Morganella_morganii_subsp._morganii_strain_81703_chromosome__complete_genome	100.000	552	0	0	1	552	2726	3277	0.0	1020
accn|JAZDVD010000093	ICEberg|2045|Tn6966|GenBank|CP064830.1|3371703..3442829_Morganella_morganii_subsp._morganii_strain_81703_chromosome__complete_genome	98.198	555	10	0	1	555	12026	11472	0.0	970
accn|JAZDVD010000093	ICEberg|2007|Tn6687|GenBank|MN106412.1|1..68777_Haemophilus_influenzae_strain_0_transposon_Tn6687__complete_sequence	99.642	559	2	0	1	559	24330	24888	0.0	1022
accn|JAZDVD010000093	ICEberg|2007|Tn6687|GenBank|MN106412.1|1..68777_Haemophilus_influenzae_strain_0_transposon_Tn6687__complete_sequence	98.732	552	7	0	1	552	16287	15736	0.0	981
accn|JAZDVD010000093	ICEberg|1791|ICEPmiJpn1_PM655|GenBank|KT894734.1|1..92934_Proteus_mirabilis_strain_PM14C28_integrating_conjugative_element_ICEPmiJpn1_mobile_element__complete_sequence__and_peptide_chain_release_factor_3_(prfC)_gene__complete_cds	100.000	553	0	0	1	553	10773	11325	0.0	1022
accn|JAZDVD010000093	ICEberg|1791|ICEPmiJpn1_PM655|GenBank|KT894734.1|1..92934_Proteus_mirabilis_strain_PM14C28_integrating_conjugative_element_ICEPmiJpn1_mobile_element__complete_sequence__and_peptide_chain_release_factor_3_(prfC)_gene__complete_cds	100.000	552	0	0	1	552	23743	24294	0.0	1020
accn|JAZDVD010000093	ICEberg|1207|ICEKpnCR14-2|GenBank|CP015392.1|1776406..1984641_Klebsiella_pneumoniae_strain_CR14__complete_genome	100.000	553	0	0	1	553	168609	168057	0.0	1022
accn|JAZDVD010000093	ICEberg|1207|ICEKpnCR14-2|GenBank|CP015392.1|1776406..1984641_Klebsiella_pneumoniae_strain_CR14__complete_genome	100.000	552	0	0	1	552	57014	57565	0.0	1020
accn|JAZDVD010000093	ICEberg|1207|ICEKpnCR14-2|GenBank|CP015392.1|1776406..1984641_Klebsiella_pneumoniae_strain_CR14__complete_genome	100.000	552	0	0	1	552	63298	62747	0.0	1020
accn|JAZDVD010000093	ICEberg|976|ICEKkKWG1|GenBank|LN869922|850916..923591_Kingella_kingae_genome_assembly_KKKWG1__chromosome___I	100.000	552	0	0	1	552	31976	31425	0.0	1020
accn|JAZDVD010000093	ICEberg|976|ICEKkKWG1|GenBank|LN869922|850916..923591_Kingella_kingae_genome_assembly_KKKWG1__chromosome___I	98.370	552	9	0	1	552	40019	40570	0.0	970
accn|JAZDVD010000093	ICEberg|1772|ICEPmiBra607|GenBank|CP049753.1|1687350..1780822_Proteus_mirabilis_strain_PmBR607_chromosome__complete_genome	100.000	552	0	0	1	552	25775	26326	0.0	1020
accn|JAZDVD010000093	ICEberg|1772|ICEPmiBra607|GenBank|CP049753.1|1687350..1780822_Proteus_mirabilis_strain_PmBR607_chromosome__complete_genome	98.732	552	7	0	1	552	10542	11093	0.0	981
accn|JAZDVD010000093	ICEberg|1803|ICEPmu2|GenBank|CP038871.1|1998244..2056820_Pasteurella_multocida_strain_FCf15_chromosome__complete_genome	99.819	552	1	0	1	552	14591	14040	0.0	1014
accn|JAZDVD010000093	ICEberg|350|ICEHpaT3T1|GenBank|FQ312002|1153089..1213144_Haemophilus_parainfluenzae_T3T1_genome	99.638	553	2	0	1	553	8676	8124	0.0	1011
accn|JAZDVD010000093	ICEberg|350|ICEHpaT3T1|GenBank|FQ312002|1153089..1213144_Haemophilus_parainfluenzae_T3T1_genome	98.913	552	6	0	1	552	16720	17271	0.0	987
accn|JAZDVD010000093	ICEberg|1597|ICEApa1|GenBank|CP050316.1|2129122..2199489_Avibacterium_paragallinarum_strain_ESV-135_chromosome__complete_genome	99.638	552	2	0	1	552	47276	46725	0.0	1009
accn|JAZDVD010000093	ICEberg|1597|ICEApa1|GenBank|CP050316.1|2129122..2199489_Avibacterium_paragallinarum_strain_ESV-135_chromosome__complete_genome	99.035	518	5	0	1	518	55320	55837	0.0	929
accn|JAZDVD010000093	ICEberg|1692|ICEGpa1804|GenBank|CP069308.1|717521..789400_Glaesserella_parasuis_strain_EHP1804_chromosome__complete_genome	99.458	553	3	0	1	553	48771	48219	0.0	1005
accn|JAZDVD010000093	ICEberg|1692|ICEGpa1804|GenBank|CP069308.1|717521..789400_Glaesserella_parasuis_strain_EHP1804_chromosome__complete_genome	98.919	555	6	0	1	555	45525	44971	0.0	992
accn|JAZDVD010000093	ICEberg|1602|ICEAsp1|GenBank|MW030510.1|1..72978_Actinobacillus_sp._ICEAsp1_mobile_element__complete_sequence	98.559	555	8	0	1	555	44224	43670	0.0	981
accn|JAZDVD010000093	ICEberg|2046|Tn7100|GenBank|OW736085.1|1..73601_Haemophilus_influenzae_strain_Hi-228_transposon_7100__complete_sequence	98.211	559	10	0	1	559	26618	27176	0.0	977
accn|JAZDVD010000093	ICEberg|2046|Tn7100|GenBank|OW736085.1|1..73601_Haemophilus_influenzae_strain_Hi-228_transposon_7100__complete_sequence	98.370	552	9	0	1	552	20544	19993	0.0	970
accn|JAZDVD010000093	ICEberg|1713|ICEHpa1|GenBank|CP054198.1|1511383..1580304_Glaesserella_parasuis_strain_YHP170504_chromosome__complete_genome	98.378	555	9	0	1	555	24821	25375	0.0	976
accn|JAZDVD010000093	ICEberg|1697|ICEGpa2|GenBank|CP049090.1|1351751..1421790_Glaesserella_parasuis_strain_aHPS7_chromosome__complete_genome	98.378	555	9	0	1	555	24585	25139	0.0	976
accn|JAZDVD010000093	ICEberg|969|ICEEcUMNK88|GenBank|CP002729|4888719..4951420_Escherichia_coli_UMNK88__complete_genome	98.370	552	9	0	1	552	50150	49599	0.0	970
accn|JAZDVD010000093	ICEberg|64|CTnBST|GenBank|AY345595|1..100903_Bacteroides_uniformis_strain_WH207_transposon_CTnBST__complete_sequence	98.198	555	10	0	1	555	95423	94869	0.0	970
accn|JAZDVD010000093	ICEberg|38|ICEPdaSpa1|GenBank|AJ870986|1..102985_Photobacterium_damselae_subsp._piscicida_integrative_and_conjugative_element_ICEPdaSpa1__isolate_PC554.2	98.370	552	9	0	1	552	28952	29503	0.0	970
accn|JAZDVD010000093	ICEberg|38|ICEPdaSpa1|GenBank|AJ870986|1..102985_Photobacterium_damselae_subsp._piscicida_integrative_and_conjugative_element_ICEPdaSpa1__isolate_PC554.2	98.370	552	9	0	1	552	82668	83219	0.0	970
accn|JAZDVD010000093	ICEberg|1046|ICEValHN492|GenBank|KT072769|1..106164_Vibrio_alginolyticus_strain_HN492_transposon_integrating_conjugative_element_ICEValHN492__complete_sequence	97.117	555	14	2	1	555	25557	25005	0.0	935
accn|JAZDVD010000093	ICEberg|1043|ICEValE0601|GenBank|KT072768|1..106165_Vibrio_alginolyticus_strain_E0601_transposon_integrating_conjugative_element_ICEValE0601__complete_sequence	97.117	555	14	2	1	555	25558	25006	0.0	935
accn|JAZDVD010000093	ICEberg|1701|ICEHdu2|GenBank|CP015434.1|162562..211583_[Haemophilus]_ducreyi_strain_GHA9__complete_genome	100.000	30	0	0	3367	3396	47850	47879	5.57e-06	56.5
accn|JAZDVD010000093	ICEberg|1700|ICEHdu1|GenBank|NC_002940.2|718953..768668_[Haemophilus]_ducreyi_35000HP__complete_sequence	100.000	30	0	0	3367	3396	1173	1144	5.57e-06	56.5
accn|JAZDVD010000097	ICEberg|1807|ICEPmu4|GenBank|CP038875.1|2009809..2087766_Pasteurella_multocida_strain_FCf83_chromosome__complete_genome	97.794	136	3	0	1	136	47135	47270	5.61e-60	235
accn|JAZDVD010000105	ICEberg|1804|ICEPmu3|GenBank|CP038873.1|1026914..1096464_Pasteurella_multocida_strain_FCf45_chromosome__complete_genome	99.133	346	1	2	2576	2919	40495	40840	2.83e-176	621
accn|JAZDVD010000105	ICEberg|1804|ICEPmu3|GenBank|CP038873.1|1026914..1096464_Pasteurella_multocida_strain_FCf45_chromosome__complete_genome	97.879	330	7	0	2590	2919	49657	49328	2.89e-161	571
accn|JAZDVD010000105	ICEberg|1804|ICEPmu3|GenBank|CP038873.1|1026914..1096464_Pasteurella_multocida_strain_FCf45_chromosome__complete_genome	97.879	330	7	0	2590	2919	58786	58457	2.89e-161	571
accn|JAZDVD010000105	ICEberg|960|ICEApl1|GenBank|KU551309|27..56176_Actinobacillus_pleuropneumoniae_strain_MIDG2427_tRNA-Leu_gene__integrative_conjugative_element_ICEApl1_mobile_element__and_tRNA-Gly_gene__complete_sequence	99.118	340	3	0	2580	2919	14604	14943	1.70e-173	612
accn|JAZDVD010000105	ICEberg|960|ICEApl1|GenBank|KU551309|27..56176_Actinobacillus_pleuropneumoniae_strain_MIDG2427_tRNA-Leu_gene__integrative_conjugative_element_ICEApl1_mobile_element__and_tRNA-Gly_gene__complete_sequence	98.187	331	6	0	2589	2919	23760	23430	1.72e-163	579
accn|JAZDVD010000105	ICEberg|2046|Tn7100|GenBank|OW736085.1|1..73601_Haemophilus_influenzae_strain_Hi-228_transposon_7100__complete_sequence	99.118	340	3	0	2580	2919	19983	20322	1.70e-173	612
accn|JAZDVD010000105	ICEberg|2046|Tn7100|GenBank|OW736085.1|1..73601_Haemophilus_influenzae_strain_Hi-228_transposon_7100__complete_sequence	100.000	331	0	0	2589	2919	27170	26840	1.70e-173	612
accn|JAZDVD010000105	ICEberg|2007|Tn6687|GenBank|MN106412.1|1..68777_Haemophilus_influenzae_strain_0_transposon_Tn6687__complete_sequence	99.118	340	3	0	2580	2919	15726	16065	1.70e-173	612
accn|JAZDVD010000105	ICEberg|2007|Tn6687|GenBank|MN106412.1|1..68777_Haemophilus_influenzae_strain_0_transposon_Tn6687__complete_sequence	98.187	331	6	0	2589	2919	24882	24552	1.72e-163	579
accn|JAZDVD010000105	ICEberg|2006|Tn6686|GenBank|MN106411.1|1..64737_Haemophilus_influenzae_strain_G_transposon_Tn6686__complete_sequence	99.118	340	3	0	2580	2919	14655	14994	1.70e-173	612
accn|JAZDVD010000105	ICEberg|2006|Tn6686|GenBank|MN106411.1|1..64737_Haemophilus_influenzae_strain_G_transposon_Tn6686__complete_sequence	97.885	331	7	0	2589	2919	26691	26361	8.03e-162	573
accn|JAZDVD010000105	ICEberg|1713|ICEHpa1|GenBank|CP054198.1|1511383..1580304_Glaesserella_parasuis_strain_YHP170504_chromosome__complete_genome	100.000	331	0	0	2589	2919	25373	25043	1.70e-173	612
accn|JAZDVD010000105	ICEberg|1697|ICEGpa2|GenBank|CP049090.1|1351751..1421790_Glaesserella_parasuis_strain_aHPS7_chromosome__complete_genome	100.000	331	0	0	2589	2919	25137	24807	1.70e-173	612
accn|JAZDVD010000105	ICEberg|1602|ICEAsp1|GenBank|MW030510.1|1..72978_Actinobacillus_sp._ICEAsp1_mobile_element__complete_sequence	100.000	331	0	0	2589	2919	43672	44002	1.70e-173	612
accn|JAZDVD010000105	ICEberg|976|ICEKkKWG1|GenBank|LN869922|850916..923591_Kingella_kingae_genome_assembly_KKKWG1__chromosome___I	100.000	330	0	0	2590	2919	40570	40241	6.12e-173	610
accn|JAZDVD010000105	ICEberg|976|ICEKkKWG1|GenBank|LN869922|850916..923591_Kingella_kingae_genome_assembly_KKKWG1__chromosome___I	97.879	330	7	0	2590	2919	31425	31754	2.89e-161	571
accn|JAZDVD010000105	ICEberg|969|ICEEcUMNK88|GenBank|CP002729|4888719..4951420_Escherichia_coli_UMNK88__complete_genome	99.700	333	1	0	2587	2919	49596	49928	6.12e-173	610
accn|JAZDVD010000105	ICEberg|64|CTnBST|GenBank|AY345595|1..100903_Bacteroides_uniformis_strain_WH207_transposon_CTnBST__complete_sequence	100.000	330	0	0	2590	2919	94872	95201	6.12e-173	610
accn|JAZDVD010000105	ICEberg|38|ICEPdaSpa1|GenBank|AJ870986|1..102985_Photobacterium_damselae_subsp._piscicida_integrative_and_conjugative_element_ICEPdaSpa1__isolate_PC554.2	100.000	330	0	0	2590	2919	29503	29174	6.12e-173	610
accn|JAZDVD010000105	ICEberg|38|ICEPdaSpa1|GenBank|AJ870986|1..102985_Photobacterium_damselae_subsp._piscicida_integrative_and_conjugative_element_ICEPdaSpa1__isolate_PC554.2	100.000	330	0	0	2590	2919	83219	82890	6.12e-173	610
accn|JAZDVD010000105	ICEberg|2045|Tn6966|GenBank|CP064830.1|3371703..3442829_Morganella_morganii_subsp._morganii_strain_81703_chromosome__complete_genome	100.000	330	0	0	2590	2919	11475	11804	6.12e-173	610
accn|JAZDVD010000105	ICEberg|2045|Tn6966|GenBank|CP064830.1|3371703..3442829_Morganella_morganii_subsp._morganii_strain_81703_chromosome__complete_genome	97.898	333	7	0	2587	2919	17556	17224	6.20e-163	577
accn|JAZDVD010000105	ICEberg|2045|Tn6966|GenBank|CP064830.1|3371703..3442829_Morganella_morganii_subsp._morganii_strain_81703_chromosome__complete_genome	97.879	330	7	0	2590	2919	3277	2948	2.89e-161	571
accn|JAZDVD010000105	ICEberg|1772|ICEPmiBra607|GenBank|CP049753.1|1687350..1780822_Proteus_mirabilis_strain_PmBR607_chromosome__complete_genome	100.000	330	0	0	2590	2919	11093	10764	6.12e-173	610
accn|JAZDVD010000105	ICEberg|1772|ICEPmiBra607|GenBank|CP049753.1|1687350..1780822_Proteus_mirabilis_strain_PmBR607_chromosome__complete_genome	97.329	337	9	0	2583	2919	26333	25997	8.03e-162	573
accn|JAZDVD010000105	ICEberg|60|ICEHin1056|GenBank|AJ627386|1..59393_Haemophilus_influenzae_plasmid_ICEhin1056	98.824	340	4	0	2580	2919	14603	14942	7.91e-172	606
accn|JAZDVD010000105	ICEberg|60|ICEHin1056|GenBank|AJ627386|1..59393_Haemophilus_influenzae_plasmid_ICEhin1056	97.885	331	7	0	2589	2919	26638	26308	8.03e-162	573
accn|JAZDVD010000105	ICEberg|1692|ICEGpa1804|GenBank|CP069308.1|717521..789400_Glaesserella_parasuis_strain_EHP1804_chromosome__complete_genome	99.698	331	1	0	2589	2919	44973	45303	7.91e-172	606
accn|JAZDVD010000105	ICEberg|1692|ICEGpa1804|GenBank|CP069308.1|717521..789400_Glaesserella_parasuis_strain_EHP1804_chromosome__complete_genome	97.590	332	8	0	2588	2919	48218	48549	1.04e-160	569
accn|JAZDVD010000105	ICEberg|350|ICEHpaT3T1|GenBank|FQ312002|1153089..1213144_Haemophilus_parainfluenzae_T3T1_genome	99.091	330	3	0	2590	2919	17271	16942	6.16e-168	593
accn|JAZDVD010000105	ICEberg|350|ICEHpaT3T1|GenBank|FQ312002|1153089..1213144_Haemophilus_parainfluenzae_T3T1_genome	97.329	337	9	0	2583	2919	8118	8454	8.03e-162	573
accn|JAZDVD010000105	ICEberg|1803|ICEPmu2|GenBank|CP038871.1|1998244..2056820_Pasteurella_multocida_strain_FCf15_chromosome__complete_genome	97.101	345	10	0	2575	2919	14025	14369	1.33e-164	582
accn|JAZDVD010000105	ICEberg|1807|ICEPmu4|GenBank|CP038875.1|2009809..2087766_Pasteurella_multocida_strain_FCf83_chromosome__complete_genome	98.187	331	6	0	2589	2919	74008	73678	1.72e-163	579
accn|JAZDVD010000105	ICEberg|1807|ICEPmu4|GenBank|CP038875.1|2009809..2087766_Pasteurella_multocida_strain_FCf83_chromosome__complete_genome	98.182	330	6	0	2590	2919	55340	55011	6.20e-163	577
accn|JAZDVD010000105	ICEberg|1791|ICEPmiJpn1_PM655|GenBank|KT894734.1|1..92934_Proteus_mirabilis_strain_PM14C28_integrating_conjugative_element_ICEPmiJpn1_mobile_element__complete_sequence__and_peptide_chain_release_factor_3_(prfC)_gene__complete_cds	97.904	334	7	0	2586	2919	11328	10995	1.72e-163	579
accn|JAZDVD010000105	ICEberg|1791|ICEPmiJpn1_PM655|GenBank|KT894734.1|1..92934_Proteus_mirabilis_strain_PM14C28_integrating_conjugative_element_ICEPmiJpn1_mobile_element__complete_sequence__and_peptide_chain_release_factor_3_(prfC)_gene__complete_cds	97.329	337	9	0	2583	2919	24301	23965	8.03e-162	573
accn|JAZDVD010000105	ICEberg|1207|ICEKpnCR14-2|GenBank|CP015392.1|1776406..1984641_Klebsiella_pneumoniae_strain_CR14__complete_genome	97.898	333	7	0	2587	2919	168055	168387	6.20e-163	577
accn|JAZDVD010000105	ICEberg|1207|ICEKpnCR14-2|GenBank|CP015392.1|1776406..1984641_Klebsiella_pneumoniae_strain_CR14__complete_genome	97.879	330	7	0	2590	2919	57565	57236	2.89e-161	571
accn|JAZDVD010000105	ICEberg|1207|ICEKpnCR14-2|GenBank|CP015392.1|1776406..1984641_Klebsiella_pneumoniae_strain_CR14__complete_genome	97.598	333	8	0	2587	2919	62744	63076	2.89e-161	571
accn|JAZDVD010000105	ICEberg|1597|ICEApa1|GenBank|CP050316.1|2129122..2199489_Avibacterium_paragallinarum_strain_ESV-135_chromosome__complete_genome	97.879	330	7	0	2590	2919	46725	47054	2.89e-161	571
accn|JAZDVD010000105	ICEberg|1597|ICEApa1|GenBank|CP050316.1|2129122..2199489_Avibacterium_paragallinarum_strain_ESV-135_chromosome__complete_genome	99.662	296	1	0	2624	2919	55837	55542	2.26e-152	542
accn|JAZDVD010000105	ICEberg|1597|ICEApa1|GenBank|CP050316.1|2129122..2199489_Avibacterium_paragallinarum_strain_ESV-135_chromosome__complete_genome	95.652	46	1	1	2590	2635	60647	60603	3.57e-11	73.1
accn|JAZDVD010000105	ICEberg|1046|ICEValHN492|GenBank|KT072769|1..106164_Vibrio_alginolyticus_strain_HN492_transposon_integrating_conjugative_element_ICEValHN492__complete_sequence	97.273	330	7	2	2590	2919	25008	25335	2.25e-157	558
accn|JAZDVD010000105	ICEberg|1043|ICEValE0601|GenBank|KT072768|1..106165_Vibrio_alginolyticus_strain_E0601_transposon_integrating_conjugative_element_ICEValE0601__complete_sequence	97.273	330	7	2	2590	2919	25009	25336	2.25e-157	558
accn|JAZDVD010000114	ICEberg|1807|ICEPmu4|GenBank|CP038875.1|2009809..2087766_Pasteurella_multocida_strain_FCf83_chromosome__complete_genome	100.000	123	0	0	1999	2121	46558	46680	5.21e-58	228
accn|JAZDVD010000120	ICEberg|976|ICEKkKWG1|GenBank|LN869922|850916..923591_Kingella_kingae_genome_assembly_KKKWG1__chromosome___I	100.000	1838	0	0	1	1838	39365	37528	0.0	3395
accn|JAZDVD010000120	ICEberg|976|ICEKkKWG1|GenBank|LN869922|850916..923591_Kingella_kingae_genome_assembly_KKKWG1__chromosome___I	95.276	127	6	0	1	127	32630	32756	2.73e-50	202
accn|JAZDVD010000120	ICEberg|960|ICEApl1|GenBank|KU551309|27..56176_Actinobacillus_pleuropneumoniae_strain_MIDG2427_tRNA-Leu_gene__integrative_conjugative_element_ICEApl1_mobile_element__and_tRNA-Gly_gene__complete_sequence	100.000	1838	0	0	1	1838	15819	17656	0.0	3395
accn|JAZDVD010000120	ICEberg|960|ICEApl1|GenBank|KU551309|27..56176_Actinobacillus_pleuropneumoniae_strain_MIDG2427_tRNA-Leu_gene__integrative_conjugative_element_ICEApl1_mobile_element__and_tRNA-Gly_gene__complete_sequence	95.276	127	6	0	1	127	22554	22428	2.73e-50	202
accn|JAZDVD010000120	ICEberg|350|ICEHpaT3T1|GenBank|FQ312002|1153089..1213144_Haemophilus_parainfluenzae_T3T1_genome	100.000	1838	0	0	1	1838	9330	11167	0.0	3395
accn|JAZDVD010000120	ICEberg|350|ICEHpaT3T1|GenBank|FQ312002|1153089..1213144_Haemophilus_parainfluenzae_T3T1_genome	95.276	127	6	0	1	127	16066	15940	2.73e-50	202
accn|JAZDVD010000120	ICEberg|2007|Tn6687|GenBank|MN106412.1|1..68777_Haemophilus_influenzae_strain_0_transposon_Tn6687__complete_sequence	100.000	1838	0	0	1	1838	16941	18778	0.0	3395
accn|JAZDVD010000120	ICEberg|2007|Tn6687|GenBank|MN106412.1|1..68777_Haemophilus_influenzae_strain_0_transposon_Tn6687__complete_sequence	95.276	127	6	0	1	127	23676	23550	2.73e-50	202
accn|JAZDVD010000120	ICEberg|1804|ICEPmu3|GenBank|CP038873.1|1026914..1096464_Pasteurella_multocida_strain_FCf45_chromosome__complete_genome	100.000	1838	0	0	1	1838	41716	43553	0.0	3395
accn|JAZDVD010000120	ICEberg|1804|ICEPmu3|GenBank|CP038873.1|1026914..1096464_Pasteurella_multocida_strain_FCf45_chromosome__complete_genome	95.276	127	6	0	1	127	48452	48326	2.73e-50	202
accn|JAZDVD010000120	ICEberg|1713|ICEHpa1|GenBank|CP054198.1|1511383..1580304_Glaesserella_parasuis_strain_YHP170504_chromosome__complete_genome	100.000	1838	0	0	1	1838	24167	22330	0.0	3395
accn|JAZDVD010000120	ICEberg|1692|ICEGpa1804|GenBank|CP069308.1|717521..789400_Glaesserella_parasuis_strain_EHP1804_chromosome__complete_genome	100.000	1838	0	0	1	1838	49425	51262	0.0	3395
accn|JAZDVD010000120	ICEberg|1597|ICEApa1|GenBank|CP050316.1|2129122..2199489_Avibacterium_paragallinarum_strain_ESV-135_chromosome__complete_genome	100.000	1838	0	0	1	1838	54666	52829	0.0	3395
accn|JAZDVD010000120	ICEberg|1597|ICEApa1|GenBank|CP050316.1|2129122..2199489_Avibacterium_paragallinarum_strain_ESV-135_chromosome__complete_genome	95.276	127	6	0	1	127	47930	48056	2.73e-50	202
accn|JAZDVD010000120	ICEberg|1602|ICEAsp1|GenBank|MW030510.1|1..72978_Actinobacillus_sp._ICEAsp1_mobile_element__complete_sequence	99.946	1838	1	0	1	1838	44878	46715	0.0	3389
accn|JAZDVD010000120	ICEberg|1697|ICEGpa2|GenBank|CP049090.1|1351751..1421790_Glaesserella_parasuis_strain_aHPS7_chromosome__complete_genome	99.891	1840	0	2	1	1838	23931	22092	0.0	3386
accn|JAZDVD010000120	ICEberg|969|ICEEcUMNK88|GenBank|CP002729|4888719..4951420_Escherichia_coli_UMNK88__complete_genome	100.000	125	0	0	1	125	50804	50928	3.49e-59	231
accn|JAZDVD010000120	ICEberg|1791|ICEPmiJpn1_PM655|GenBank|KT894734.1|1..92934_Proteus_mirabilis_strain_PM14C28_integrating_conjugative_element_ICEPmiJpn1_mobile_element__complete_sequence__and_peptide_chain_release_factor_3_(prfC)_gene__complete_cds	97.744	133	3	0	1	133	10119	9987	1.25e-58	230
accn|JAZDVD010000120	ICEberg|1772|ICEPmiBra607|GenBank|CP049753.1|1687350..1780822_Proteus_mirabilis_strain_PmBR607_chromosome__complete_genome	97.744	133	3	0	1	133	9888	9756	1.25e-58	230
accn|JAZDVD010000120	ICEberg|1772|ICEPmiBra607|GenBank|CP049753.1|1687350..1780822_Proteus_mirabilis_strain_PmBR607_chromosome__complete_genome	95.276	127	6	0	1	127	25121	24995	2.73e-50	202
accn|JAZDVD010000120	ICEberg|1046|ICEValHN492|GenBank|KT072769|1..106164_Vibrio_alginolyticus_strain_HN492_transposon_integrating_conjugative_element_ICEValHN492__complete_sequence	95.312	128	6	0	1	128	26211	26338	7.60e-51	204
accn|JAZDVD010000120	ICEberg|1043|ICEValE0601|GenBank|KT072768|1..106165_Vibrio_alginolyticus_strain_E0601_transposon_integrating_conjugative_element_ICEValE0601__complete_sequence	95.312	128	6	0	1	128	26212	26339	7.60e-51	204
accn|JAZDVD010000120	ICEberg|60|ICEHin1056|GenBank|AJ627386|1..59393_Haemophilus_influenzae_plasmid_ICEhin1056	95.276	127	6	0	1	127	25432	25306	2.73e-50	202
accn|JAZDVD010000120	ICEberg|2045|Tn6966|GenBank|CP064830.1|3371703..3442829_Morganella_morganii_subsp._morganii_strain_81703_chromosome__complete_genome	95.276	127	6	0	1	127	16348	16222	2.73e-50	202
accn|JAZDVD010000120	ICEberg|2045|Tn6966|GenBank|CP064830.1|3371703..3442829_Morganella_morganii_subsp._morganii_strain_81703_chromosome__complete_genome	95.200	125	6	0	1	125	2072	1948	3.54e-49	198
accn|JAZDVD010000120	ICEberg|2006|Tn6686|GenBank|MN106411.1|1..64737_Haemophilus_influenzae_strain_G_transposon_Tn6686__complete_sequence	95.276	127	6	0	1	127	25485	25359	2.73e-50	202
accn|JAZDVD010000120	ICEberg|1807|ICEPmu4|GenBank|CP038875.1|2009809..2087766_Pasteurella_multocida_strain_FCf83_chromosome__complete_genome	95.276	127	6	0	1	127	54135	54009	2.73e-50	202
accn|JAZDVD010000120	ICEberg|1803|ICEPmu2|GenBank|CP038871.1|1998244..2056820_Pasteurella_multocida_strain_FCf15_chromosome__complete_genome	95.276	127	6	0	1	127	15245	15371	2.73e-50	202
accn|JAZDVD010000120	ICEberg|64|CTnBST|GenBank|AY345595|1..100903_Bacteroides_uniformis_strain_WH207_transposon_CTnBST__complete_sequence	95.200	125	6	0	1	125	96077	96201	3.54e-49	198
accn|JAZDVD010000120	ICEberg|1207|ICEKpnCR14-2|GenBank|CP015392.1|1776406..1984641_Klebsiella_pneumoniae_strain_CR14__complete_genome	95.161	124	6	0	1	124	63952	64075	1.27e-48	196
accn|JAZDVD010000134	ICEberg|1807|ICEPmu4|GenBank|CP038875.1|2009809..2087766_Pasteurella_multocida_strain_FCf83_chromosome__complete_genome	100.000	119	0	0	1052	1170	46558	46676	4.76e-56	220
accn|JAZDVD010000140	ICEberg|2007|Tn6687|GenBank|MN106412.1|1..68777_Haemophilus_influenzae_strain_0_transposon_Tn6687__complete_sequence	100.000	907	0	0	1	907	16161	17067	0.0	1676
accn|JAZDVD010000140	ICEberg|2007|Tn6687|GenBank|MN106412.1|1..68777_Haemophilus_influenzae_strain_0_transposon_Tn6687__complete_sequence	99.338	907	6	0	1	907	24456	23550	0.0	1642
accn|JAZDVD010000140	ICEberg|976|ICEKkKWG1|GenBank|LN869922|850916..923591_Kingella_kingae_genome_assembly_KKKWG1__chromosome___I	99.890	907	1	0	1	907	40145	39239	0.0	1670
accn|JAZDVD010000140	ICEberg|976|ICEKkKWG1|GenBank|LN869922|850916..923591_Kingella_kingae_genome_assembly_KKKWG1__chromosome___I	99.228	907	7	0	1	907	31850	32756	0.0	1637
accn|JAZDVD010000140	ICEberg|960|ICEApl1|GenBank|KU551309|27..56176_Actinobacillus_pleuropneumoniae_strain_MIDG2427_tRNA-Leu_gene__integrative_conjugative_element_ICEApl1_mobile_element__and_tRNA-Gly_gene__complete_sequence	99.890	907	1	0	1	907	15039	15945	0.0	1670
accn|JAZDVD010000140	ICEberg|960|ICEApl1|GenBank|KU551309|27..56176_Actinobacillus_pleuropneumoniae_strain_MIDG2427_tRNA-Leu_gene__integrative_conjugative_element_ICEApl1_mobile_element__and_tRNA-Gly_gene__complete_sequence	99.338	907	6	0	1	907	23334	22428	0.0	1642
accn|JAZDVD010000140	ICEberg|350|ICEHpaT3T1|GenBank|FQ312002|1153089..1213144_Haemophilus_parainfluenzae_T3T1_genome	99.890	907	1	0	1	907	8550	9456	0.0	1670
accn|JAZDVD010000140	ICEberg|350|ICEHpaT3T1|GenBank|FQ312002|1153089..1213144_Haemophilus_parainfluenzae_T3T1_genome	99.228	907	7	0	1	907	16846	15940	0.0	1637
accn|JAZDVD010000140	ICEberg|1804|ICEPmu3|GenBank|CP038873.1|1026914..1096464_Pasteurella_multocida_strain_FCf45_chromosome__complete_genome	99.890	907	1	0	1	907	40936	41842	0.0	1670
accn|JAZDVD010000140	ICEberg|1804|ICEPmu3|GenBank|CP038873.1|1026914..1096464_Pasteurella_multocida_strain_FCf45_chromosome__complete_genome	99.338	907	6	0	1	907	49232	48326	0.0	1642
accn|JAZDVD010000140	ICEberg|1804|ICEPmu3|GenBank|CP038873.1|1026914..1096464_Pasteurella_multocida_strain_FCf45_chromosome__complete_genome	99.337	905	6	0	1	905	58361	57457	0.0	1639
accn|JAZDVD010000140	ICEberg|1772|ICEPmiBra607|GenBank|CP049753.1|1687350..1780822_Proteus_mirabilis_strain_PmBR607_chromosome__complete_genome	99.890	907	1	0	1	907	10668	9762	0.0	1670
accn|JAZDVD010000140	ICEberg|1772|ICEPmiBra607|GenBank|CP049753.1|1687350..1780822_Proteus_mirabilis_strain_PmBR607_chromosome__complete_genome	99.338	907	6	0	1	907	25901	24995	0.0	1642
accn|JAZDVD010000140	ICEberg|1713|ICEHpa1|GenBank|CP054198.1|1511383..1580304_Glaesserella_parasuis_strain_YHP170504_chromosome__complete_genome	99.890	907	1	0	1	907	24947	24041	0.0	1670
accn|JAZDVD010000140	ICEberg|1697|ICEGpa2|GenBank|CP049090.1|1351751..1421790_Glaesserella_parasuis_strain_aHPS7_chromosome__complete_genome	99.890	907	1	0	1	907	24711	23805	0.0	1670
accn|JAZDVD010000140	ICEberg|1692|ICEGpa1804|GenBank|CP069308.1|717521..789400_Glaesserella_parasuis_strain_EHP1804_chromosome__complete_genome	99.890	907	1	0	1	907	48645	49551	0.0	1670
accn|JAZDVD010000140	ICEberg|1692|ICEGpa1804|GenBank|CP069308.1|717521..789400_Glaesserella_parasuis_strain_EHP1804_chromosome__complete_genome	100.000	584	0	0	1	584	45399	45982	0.0	1079
accn|JAZDVD010000140	ICEberg|1597|ICEApa1|GenBank|CP050316.1|2129122..2199489_Avibacterium_paragallinarum_strain_ESV-135_chromosome__complete_genome	99.890	907	1	0	1	907	55446	54540	0.0	1670
accn|JAZDVD010000140	ICEberg|1597|ICEApa1|GenBank|CP050316.1|2129122..2199489_Avibacterium_paragallinarum_strain_ESV-135_chromosome__complete_genome	99.338	907	6	0	1	907	47150	48056	0.0	1642
accn|JAZDVD010000140	ICEberg|969|ICEEcUMNK88|GenBank|CP002729|4888719..4951420_Escherichia_coli_UMNK88__complete_genome	99.890	905	1	0	1	905	50024	50928	0.0	1666
accn|JAZDVD010000140	ICEberg|1791|ICEPmiJpn1_PM655|GenBank|KT894734.1|1..92934_Proteus_mirabilis_strain_PM14C28_integrating_conjugative_element_ICEPmiJpn1_mobile_element__complete_sequence__and_peptide_chain_release_factor_3_(prfC)_gene__complete_cds	99.779	907	2	0	1	907	10899	9993	0.0	1664
accn|JAZDVD010000140	ICEberg|1791|ICEPmiJpn1_PM655|GenBank|KT894734.1|1..92934_Proteus_mirabilis_strain_PM14C28_integrating_conjugative_element_ICEPmiJpn1_mobile_element__complete_sequence__and_peptide_chain_release_factor_3_(prfC)_gene__complete_cds	99.338	907	6	0	1	907	23869	22963	0.0	1642
accn|JAZDVD010000140	ICEberg|1602|ICEAsp1|GenBank|MW030510.1|1..72978_Actinobacillus_sp._ICEAsp1_mobile_element__complete_sequence	99.669	907	3	0	1	907	44098	45004	0.0	1659
accn|JAZDVD010000140	ICEberg|60|ICEHin1056|GenBank|AJ627386|1..59393_Haemophilus_influenzae_plasmid_ICEhin1056	99.338	907	6	0	1	907	26212	25306	0.0	1642
accn|JAZDVD010000140	ICEberg|60|ICEHin1056|GenBank|AJ627386|1..59393_Haemophilus_influenzae_plasmid_ICEhin1056	99.871	776	1	0	1	776	15038	15813	0.0	1428
accn|JAZDVD010000140	ICEberg|2045|Tn6966|GenBank|CP064830.1|3371703..3442829_Morganella_morganii_subsp._morganii_strain_81703_chromosome__complete_genome	99.338	907	6	0	1	907	17128	16222	0.0	1642
accn|JAZDVD010000140	ICEberg|2045|Tn6966|GenBank|CP064830.1|3371703..3442829_Morganella_morganii_subsp._morganii_strain_81703_chromosome__complete_genome	99.337	905	6	0	1	905	2852	1948	0.0	1639
accn|JAZDVD010000140	ICEberg|2045|Tn6966|GenBank|CP064830.1|3371703..3442829_Morganella_morganii_subsp._morganii_strain_81703_chromosome__complete_genome	99.612	516	2	0	1	516	11900	12415	0.0	942
accn|JAZDVD010000140	ICEberg|1807|ICEPmu4|GenBank|CP038875.1|2009809..2087766_Pasteurella_multocida_strain_FCf83_chromosome__complete_genome	99.338	907	6	0	1	907	54915	54009	0.0	1642
accn|JAZDVD010000140	ICEberg|1807|ICEPmu4|GenBank|CP038875.1|2009809..2087766_Pasteurella_multocida_strain_FCf83_chromosome__complete_genome	99.337	905	6	0	1	905	73582	72678	0.0	1639
accn|JAZDVD010000140	ICEberg|38|ICEPdaSpa1|GenBank|AJ870986|1..102985_Photobacterium_damselae_subsp._piscicida_integrative_and_conjugative_element_ICEPdaSpa1__isolate_PC554.2	99.228	907	7	0	1	907	29078	28172	0.0	1637
accn|JAZDVD010000140	ICEberg|38|ICEPdaSpa1|GenBank|AJ870986|1..102985_Photobacterium_damselae_subsp._piscicida_integrative_and_conjugative_element_ICEPdaSpa1__isolate_PC554.2	99.118	907	8	0	1	907	82794	81888	0.0	1631
accn|JAZDVD010000140	ICEberg|2006|Tn6686|GenBank|MN106411.1|1..64737_Haemophilus_influenzae_strain_G_transposon_Tn6686__complete_sequence	99.228	907	7	0	1	907	26265	25359	0.0	1637
accn|JAZDVD010000140	ICEberg|2006|Tn6686|GenBank|MN106411.1|1..64737_Haemophilus_influenzae_strain_G_transposon_Tn6686__complete_sequence	99.871	776	1	0	1	776	15090	15865	0.0	1428
accn|JAZDVD010000140	ICEberg|1803|ICEPmu2|GenBank|CP038871.1|1998244..2056820_Pasteurella_multocida_strain_FCf15_chromosome__complete_genome	99.228	907	7	0	1	907	14465	15371	0.0	1637
accn|JAZDVD010000140	ICEberg|1207|ICEKpnCR14-2|GenBank|CP015392.1|1776406..1984641_Klebsiella_pneumoniae_strain_CR14__complete_genome	99.228	907	7	0	1	907	57140	56234	0.0	1637
accn|JAZDVD010000140	ICEberg|1207|ICEKpnCR14-2|GenBank|CP015392.1|1776406..1984641_Klebsiella_pneumoniae_strain_CR14__complete_genome	99.336	904	6	0	1	904	63172	64075	0.0	1637
accn|JAZDVD010000140	ICEberg|1207|ICEKpnCR14-2|GenBank|CP015392.1|1776406..1984641_Klebsiella_pneumoniae_strain_CR14__complete_genome	99.336	904	6	0	1	904	168483	169386	0.0	1637
accn|JAZDVD010000140	ICEberg|64|CTnBST|GenBank|AY345595|1..100903_Bacteroides_uniformis_strain_WH207_transposon_CTnBST__complete_sequence	99.227	905	7	0	1	905	95297	96201	0.0	1633
accn|JAZDVD010000140	ICEberg|1046|ICEValHN492|GenBank|KT072769|1..106164_Vibrio_alginolyticus_strain_HN492_transposon_integrating_conjugative_element_ICEValHN492__complete_sequence	97.345	904	24	0	1	904	25431	26334	0.0	1537
accn|JAZDVD010000140	ICEberg|1043|ICEValE0601|GenBank|KT072768|1..106165_Vibrio_alginolyticus_strain_E0601_transposon_integrating_conjugative_element_ICEValE0601__complete_sequence	97.345	904	24	0	1	904	25432	26335	0.0	1537
accn|JAZDVD010000140	ICEberg|2046|Tn7100|GenBank|OW736085.1|1..73601_Haemophilus_influenzae_strain_Hi-228_transposon_7100__complete_sequence	99.871	776	1	0	1	776	20418	21193	0.0	1428
accn|JAZDVD010000140	ICEberg|2046|Tn7100|GenBank|OW736085.1|1..73601_Haemophilus_influenzae_strain_Hi-228_transposon_7100__complete_sequence	99.871	776	1	0	1	776	26744	25969	0.0	1428
accn|JAZDVD010000163	ICEberg|1807|ICEPmu4|GenBank|CP038875.1|2009809..2087766_Pasteurella_multocida_strain_FCf83_chromosome__complete_genome	96.929	521	16	0	1	521	47271	46751	0.0	874
