accn|CP031865	VFG042962(gb|WP_005615186)_(APL_RS04590)_GspE_PulE_family_protein_[Type_IV_pili_(VF1198)_-_Adherence_(VFC0001)]_[Actinobacillus_pleuropneumoniae_serovar_5b_str._L20]	99.857	1395	2	0	1028032	1029426	1395	1	0.0	2566
accn|CP031865	VFG042961(gb|WP_011848486)_(APL_RS04585)_type_II_secretion_system_F_family_protein_[Type_IV_pili_(VF1198)_-_Adherence_(VFC0001)]_[Actinobacillus_pleuropneumoniae_serovar_5b_str._L20]	99.252	1203	9	0	1026846	1028048	1203	1	0.0	2172
accn|CP031865	ICEberg|961|ICEApl2|GenBank|MF187965|1..92660_Actinobacillus_pleuropneumoniae_strain_MIDG3553_YhaH_(yhaH)_gene__complete_cds__ICEApl2_mobile_element__complete_sequence__and_PrfC_(prfC)_gene__complete_cds	97.940	728	1	1	36907	37634	714	1	0.0	1249
accn|CP031865	VFG042960(gb|WP_009874617)_(APL_RS04580)_prepilin_peptidase_[Type_IV_pili_(VF1198)_-_Adherence_(VFC0001)]_[Actinobacillus_pleuropneumoniae_serovar_5b_str._L20]	99.218	639	5	0	1026181	1026819	639	1	0.0	1153
accn|CP031865	VFG042963(gb|WP_009874618)_(APL_RS04595)_prepilin-type_N-terminal_cleavage_methylation_domain-containing_protein_[Type_IV_pili_(VF1198)_-_Adherence_(VFC0001)]_[Actinobacillus_pleuropneumoniae_serovar_5b_str._L20]	98.434	447	5	2	1029445	1029890	446	1	0.0	785
accn|CP031865	ICEberg|1702|ICEHin8|GenBank|LS483392.1|192252..244996_Haemophilus_influenzae_strain_NCTC11931_genome_assembly__chromosome__1	96.269	134	2	1	1902182	1902315	1	131	1.25e-51	217
accn|CP031865	ICEberg|1702|ICEHin8|GenBank|LS483392.1|192252..244996_Haemophilus_influenzae_strain_NCTC11931_genome_assembly__chromosome__1	96.269	134	2	1	1902471	1902604	1	131	1.25e-51	217
accn|CP031865	ICEberg|1702|ICEHin8|GenBank|LS483392.1|192252..244996_Haemophilus_influenzae_strain_NCTC11931_genome_assembly__chromosome__1	98.701	77	1	0	354070	354146	77	1	1.00e-27	137
accn|CP031865	ICEberg|1702|ICEHin8|GenBank|LS483392.1|192252..244996_Haemophilus_influenzae_strain_NCTC11931_genome_assembly__chromosome__1	95.000	80	3	1	1902178	1902257	52667	52745	7.80e-24	124
accn|CP031865	ICEberg|1702|ICEHin8|GenBank|LS483392.1|192252..244996_Haemophilus_influenzae_strain_NCTC11931_genome_assembly__chromosome__1	95.000	80	3	1	1902467	1902546	52667	52745	7.80e-24	124
accn|CP031865	ICEberg|1702|ICEHin8|GenBank|LS483392.1|192252..244996_Haemophilus_influenzae_strain_NCTC11931_genome_assembly__chromosome__1	96.053	76	3	0	354071	354146	52745	52670	7.80e-24	124
accn|CP031865	ICEberg|1597|ICEApa1|GenBank|CP050316.1|2129122..2199489_Avibacterium_paragallinarum_strain_ESV-135_chromosome__complete_genome	96.124	129	4	1	1902182	1902310	1	128	2.09e-49	209
accn|CP031865	ICEberg|1597|ICEApa1|GenBank|CP050316.1|2129122..2199489_Avibacterium_paragallinarum_strain_ESV-135_chromosome__complete_genome	96.124	129	4	1	1902471	1902599	1	128	2.09e-49	209
accn|CP031865	ICEberg|1597|ICEApa1|GenBank|CP050316.1|2129122..2199489_Avibacterium_paragallinarum_strain_ESV-135_chromosome__complete_genome	96.053	76	3	0	354071	354146	76	1	7.80e-24	124
accn|CP031865	ICEberg|1597|ICEApa1|GenBank|CP050316.1|2129122..2199489_Avibacterium_paragallinarum_strain_ESV-135_chromosome__complete_genome	96.053	76	3	0	1902182	1902257	70293	70368	7.80e-24	124
accn|CP031865	ICEberg|1597|ICEApa1|GenBank|CP050316.1|2129122..2199489_Avibacterium_paragallinarum_strain_ESV-135_chromosome__complete_genome	96.053	76	3	0	1902471	1902546	70293	70368	7.80e-24	124
accn|CP031865	ICEberg|1597|ICEApa1|GenBank|CP050316.1|2129122..2199489_Avibacterium_paragallinarum_strain_ESV-135_chromosome__complete_genome	96.053	76	3	0	354071	354146	70368	70293	7.80e-24	124
accn|CP031865	ICEberg|1700|ICEHdu1|GenBank|NC_002940.2|718953..768668_[Haemophilus]_ducreyi_35000HP__complete_sequence	98.889	90	1	0	1576130	1576219	49627	49716	5.94e-35	161
accn|CP031865	ICEberg|1700|ICEHdu1|GenBank|NC_002940.2|718953..768668_[Haemophilus]_ducreyi_35000HP__complete_sequence	98.889	90	1	0	1576341	1576430	49627	49716	5.94e-35	161
accn|CP031865	ICEberg|1700|ICEHdu1|GenBank|NC_002940.2|718953..768668_[Haemophilus]_ducreyi_35000HP__complete_sequence	98.876	89	1	0	1576012	1576100	49628	49716	2.14e-34	159
accn|CP031865	ICEberg|1700|ICEHdu1|GenBank|NC_002940.2|718953..768668_[Haemophilus]_ducreyi_35000HP__complete_sequence	100.000	76	0	0	896462	896537	1	76	7.74e-29	141
accn|CP031865	ICEberg|1700|ICEHdu1|GenBank|NC_002940.2|718953..768668_[Haemophilus]_ducreyi_35000HP__complete_sequence	100.000	76	0	0	1576442	1576517	1	76	7.74e-29	141
accn|CP031865	ICEberg|1700|ICEHdu1|GenBank|NC_002940.2|718953..768668_[Haemophilus]_ducreyi_35000HP__complete_sequence	100.000	76	0	0	1838482	1838557	49576	49501	7.74e-29	141
accn|CP031865	ICEberg|1700|ICEHdu1|GenBank|NC_002940.2|718953..768668_[Haemophilus]_ducreyi_35000HP__complete_sequence	100.000	76	0	0	1838383	1838458	49576	49501	7.74e-29	141
accn|CP031865	ICEberg|1700|ICEHdu1|GenBank|NC_002940.2|718953..768668_[Haemophilus]_ducreyi_35000HP__complete_sequence	98.684	76	1	0	1838592	1838667	49576	49501	3.60e-27	135
accn|CP031865	ICEberg|1701|ICEHdu2|GenBank|CP015434.1|162562..211583_[Haemophilus]_ducreyi_strain_GHA9__complete_genome	100.000	76	0	0	1838383	1838458	2	77	7.74e-29	141
accn|CP031865	ICEberg|1701|ICEHdu2|GenBank|CP015434.1|162562..211583_[Haemophilus]_ducreyi_strain_GHA9__complete_genome	100.000	76	0	0	1838482	1838557	2	77	7.74e-29	141
accn|CP031865	ICEberg|1701|ICEHdu2|GenBank|CP015434.1|162562..211583_[Haemophilus]_ducreyi_strain_GHA9__complete_genome	100.000	76	0	0	1576442	1576517	49022	48947	7.74e-29	141
accn|CP031865	ICEberg|1701|ICEHdu2|GenBank|CP015434.1|162562..211583_[Haemophilus]_ducreyi_strain_GHA9__complete_genome	100.000	76	0	0	896462	896537	49022	48947	7.74e-29	141
accn|CP031865	ICEberg|1701|ICEHdu2|GenBank|CP015434.1|162562..211583_[Haemophilus]_ducreyi_strain_GHA9__complete_genome	98.684	76	1	0	1838592	1838667	2	77	3.60e-27	135
accn|CP031865	ICEberg|1701|ICEHdu2|GenBank|CP015434.1|162562..211583_[Haemophilus]_ducreyi_strain_GHA9__complete_genome	97.059	68	2	0	1576130	1576197	48918	48851	4.69e-21	115
accn|CP031865	ICEberg|1586|ICEAac3|GenBank|CP043003.1|2132073..2197982_Aggregatibacter_actinomycetemcomitans_strain_HK_907_chromosome__complete_genome	100.000	76	0	0	896462	896537	76	1	7.74e-29	141
accn|CP031865	ICEberg|1586|ICEAac3|GenBank|CP043003.1|2132073..2197982_Aggregatibacter_actinomycetemcomitans_strain_HK_907_chromosome__complete_genome	100.000	76	0	0	1838383	1838458	217	292	7.74e-29	141
accn|CP031865	ICEberg|1586|ICEAac3|GenBank|CP043003.1|2132073..2197982_Aggregatibacter_actinomycetemcomitans_strain_HK_907_chromosome__complete_genome	100.000	76	0	0	1838482	1838557	217	292	7.74e-29	141
accn|CP031865	ICEberg|1586|ICEAac3|GenBank|CP043003.1|2132073..2197982_Aggregatibacter_actinomycetemcomitans_strain_HK_907_chromosome__complete_genome	98.684	76	1	0	1575892	1575967	76	1	3.60e-27	135
accn|CP031865	ICEberg|1586|ICEAac3|GenBank|CP043003.1|2132073..2197982_Aggregatibacter_actinomycetemcomitans_strain_HK_907_chromosome__complete_genome	98.684	76	1	0	1838592	1838667	217	292	3.60e-27	135
accn|CP031865	ICEberg|1586|ICEAac3|GenBank|CP043003.1|2132073..2197982_Aggregatibacter_actinomycetemcomitans_strain_HK_907_chromosome__complete_genome	98.571	70	1	0	1576125	1576194	64314	64245	7.80e-24	124
accn|CP031865	ICEberg|1586|ICEAac3|GenBank|CP043003.1|2132073..2197982_Aggregatibacter_actinomycetemcomitans_strain_HK_907_chromosome__complete_genome	98.507	67	1	0	1576339	1576405	64311	64245	3.63e-22	119
accn|CP031865	ICEberg|1586|ICEAac3|GenBank|CP043003.1|2132073..2197982_Aggregatibacter_actinomycetemcomitans_strain_HK_907_chromosome__complete_genome	100.000	62	0	0	1838397	1838458	64346	64407	4.69e-21	115
accn|CP031865	ICEberg|1586|ICEAac3|GenBank|CP043003.1|2132073..2197982_Aggregatibacter_actinomycetemcomitans_strain_HK_907_chromosome__complete_genome	100.000	62	0	0	1838496	1838557	64346	64407	4.69e-21	115
accn|CP031865	ICEberg|1586|ICEAac3|GenBank|CP043003.1|2132073..2197982_Aggregatibacter_actinomycetemcomitans_strain_HK_907_chromosome__complete_genome	98.438	64	1	0	1576012	1576075	64308	64245	1.69e-20	113
accn|CP031865	ICEberg|1586|ICEAac3|GenBank|CP043003.1|2132073..2197982_Aggregatibacter_actinomycetemcomitans_strain_HK_907_chromosome__complete_genome	98.387	62	1	0	1838606	1838667	64346	64407	2.18e-19	110
accn|CP031865	ICEberg|1584|ICEAac1|GenBank|CP012959.1|2164508..2181462_Aggregatibacter_actinomycetemcomitans_strain_624__complete_genome	100.000	76	0	0	896462	896537	16880	16955	7.74e-29	141
accn|CP031865	ICEberg|1584|ICEAac1|GenBank|CP012959.1|2164508..2181462_Aggregatibacter_actinomycetemcomitans_strain_624__complete_genome	100.000	76	0	0	1576242	1576317	16880	16955	7.74e-29	141
accn|CP031865	ICEberg|1584|ICEAac1|GenBank|CP012959.1|2164508..2181462_Aggregatibacter_actinomycetemcomitans_strain_624__complete_genome	98.684	76	1	0	1575892	1575967	16880	16955	3.60e-27	135
accn|CP031865	ICEberg|2010|Tn6783_201330|GenBank|CP054623.1|2596147..2668162_Pseudomonas_aeruginosa_strain_DL201330_chromosome__complete_genome	98.701	77	1	0	1576442	1576518	66974	66898	1.00e-27	137
accn|CP031865	ICEberg|2010|Tn6783_201330|GenBank|CP054623.1|2596147..2668162_Pseudomonas_aeruginosa_strain_DL201330_chromosome__complete_genome	98.684	76	1	0	1576242	1576317	66974	66899	3.60e-27	135
accn|CP031865	ICEberg|2010|Tn6783_201330|GenBank|CP054623.1|2596147..2668162_Pseudomonas_aeruginosa_strain_DL201330_chromosome__complete_genome	98.684	76	1	0	896462	896537	66974	66899	3.60e-27	135
accn|CP031865	ICEberg|2010|Tn6783_201330|GenBank|CP054623.1|2596147..2668162_Pseudomonas_aeruginosa_strain_DL201330_chromosome__complete_genome	97.436	78	2	0	1575892	1575969	66974	66897	1.30e-26	134
accn|CP031865	ICEberg|1581|ICE6660|GenBank|MK497171.1|1..112205_Pseudomonas_aeruginosa_sequence	95.294	85	4	0	1576433	1576517	112121	112205	3.60e-27	135
accn|CP031865	ICEberg|1581|ICE6660|GenBank|MK497171.1|1..112205_Pseudomonas_aeruginosa_sequence	98.684	76	1	0	896462	896537	112130	112205	3.60e-27	135
accn|CP031865	ICEberg|1581|ICE6660|GenBank|MK497171.1|1..112205_Pseudomonas_aeruginosa_sequence	97.368	76	2	0	1575892	1575967	112130	112205	1.68e-25	130
accn|CP031865	ICEberg|1807|ICEPmu4|GenBank|CP038875.1|2009809..2087766_Pasteurella_multocida_strain_FCf83_chromosome__complete_genome	96.053	76	3	0	354071	354146	1	76	7.80e-24	124
accn|CP031865	ICEberg|1807|ICEPmu4|GenBank|CP038875.1|2009809..2087766_Pasteurella_multocida_strain_FCf83_chromosome__complete_genome	96.053	76	3	0	1902471	1902546	76	1	7.80e-24	124
accn|CP031865	ICEberg|1807|ICEPmu4|GenBank|CP038875.1|2009809..2087766_Pasteurella_multocida_strain_FCf83_chromosome__complete_genome	96.053	76	3	0	1902182	1902257	76	1	7.80e-24	124
accn|CP031865	ICEberg|1804|ICEPmu3|GenBank|CP038873.1|1026914..1096464_Pasteurella_multocida_strain_FCf45_chromosome__complete_genome	96.053	76	3	0	1902182	1902257	69476	69551	7.80e-24	124
accn|CP031865	ICEberg|1804|ICEPmu3|GenBank|CP038873.1|1026914..1096464_Pasteurella_multocida_strain_FCf45_chromosome__complete_genome	96.053	76	3	0	1902471	1902546	69476	69551	7.80e-24	124
accn|CP031865	ICEberg|1804|ICEPmu3|GenBank|CP038873.1|1026914..1096464_Pasteurella_multocida_strain_FCf45_chromosome__complete_genome	96.053	76	3	0	354071	354146	69551	69476	7.80e-24	124
accn|CP031865	ICEberg|1718|ICEHso3|GenBank|NC_008309.1|1952153..2005728_Histophilus_somni_129PT__complete_sequence	96.053	76	3	0	354071	354146	99	174	7.80e-24	124
accn|CP031865	ICEberg|960|ICEApl1|GenBank|KU551309|27..56176_Actinobacillus_pleuropneumoniae_strain_MIDG2427_tRNA-Leu_gene__integrative_conjugative_element_ICEApl1_mobile_element__and_tRNA-Gly_gene__complete_sequence	98.485	66	1	0	1576343	1576408	56150	56085	1.31e-21	117
accn|CP031865	ICEberg|960|ICEApl1|GenBank|KU551309|27..56176_Actinobacillus_pleuropneumoniae_strain_MIDG2427_tRNA-Leu_gene__integrative_conjugative_element_ICEApl1_mobile_element__and_tRNA-Gly_gene__complete_sequence	98.485	66	1	0	1576132	1576197	56150	56085	1.31e-21	117
accn|CP031865	ICEberg|960|ICEApl1|GenBank|KU551309|27..56176_Actinobacillus_pleuropneumoniae_strain_MIDG2427_tRNA-Leu_gene__integrative_conjugative_element_ICEApl1_mobile_element__and_tRNA-Gly_gene__complete_sequence	98.485	66	1	0	1576013	1576078	56150	56085	1.31e-21	117
accn|CP031865	ICEberg|960|ICEApl1|GenBank|KU551309|27..56176_Actinobacillus_pleuropneumoniae_strain_MIDG2427_tRNA-Leu_gene__integrative_conjugative_element_ICEApl1_mobile_element__and_tRNA-Gly_gene__complete_sequence	97.015	67	2	0	1576343	1576409	67	1	1.69e-20	113
accn|CP031865	ICEberg|960|ICEApl1|GenBank|KU551309|27..56176_Actinobacillus_pleuropneumoniae_strain_MIDG2427_tRNA-Leu_gene__integrative_conjugative_element_ICEApl1_mobile_element__and_tRNA-Gly_gene__complete_sequence	97.015	67	2	0	1576132	1576198	67	1	1.69e-20	113
accn|CP031865	ICEberg|960|ICEApl1|GenBank|KU551309|27..56176_Actinobacillus_pleuropneumoniae_strain_MIDG2427_tRNA-Leu_gene__integrative_conjugative_element_ICEApl1_mobile_element__and_tRNA-Gly_gene__complete_sequence	97.015	67	2	0	1576013	1576079	67	1	1.69e-20	113
accn|CP031865	ICEberg|60|ICEHin1056|GenBank|AJ627386|1..59393_Haemophilus_influenzae_plasmid_ICEhin1056	95.455	66	3	0	1576343	1576408	66	1	2.83e-18	106
accn|CP031865	ICEberg|60|ICEHin1056|GenBank|AJ627386|1..59393_Haemophilus_influenzae_plasmid_ICEhin1056	95.455	66	3	0	1576132	1576197	66	1	2.83e-18	106
accn|CP031865	ICEberg|60|ICEHin1056|GenBank|AJ627386|1..59393_Haemophilus_influenzae_plasmid_ICEhin1056	95.455	66	3	0	1576013	1576078	66	1	2.83e-18	106
accn|CP031865	ICEberg|350|ICEHpaT3T1|GenBank|FQ312002|1153089..1213144_Haemophilus_parainfluenzae_T3T1_genome	96.825	63	2	0	1576013	1576075	59991	60053	2.83e-18	106
accn|CP031865	ICEberg|350|ICEHpaT3T1|GenBank|FQ312002|1153089..1213144_Haemophilus_parainfluenzae_T3T1_genome	96.825	63	2	0	1576132	1576194	59991	60053	2.83e-18	106
accn|CP031865	ICEberg|350|ICEHpaT3T1|GenBank|FQ312002|1153089..1213144_Haemophilus_parainfluenzae_T3T1_genome	96.825	63	2	0	1576343	1576405	59991	60053	2.83e-18	106
accn|CP031865	ICEberg|349|ICEHpa8f|GenBank|AM884335|1..52725_Haemophilus_influenzae_parA_gene_for_chromosome_partitioning_protein__strain_8f	95.455	66	3	0	1576343	1576408	66	1	2.83e-18	106
accn|CP031865	ICEberg|349|ICEHpa8f|GenBank|AM884335|1..52725_Haemophilus_influenzae_parA_gene_for_chromosome_partitioning_protein__strain_8f	95.455	66	3	0	1576132	1576197	66	1	2.83e-18	106
accn|CP031865	ICEberg|349|ICEHpa8f|GenBank|AM884335|1..52725_Haemophilus_influenzae_parA_gene_for_chromosome_partitioning_protein__strain_8f	95.455	66	3	0	1576013	1576078	66	1	2.83e-18	106
accn|CP031865	ICEberg|348|ICEHin299|GenBank|AM884334|1..53902_Haemophilus_influenzae_parA_gene_for_chromosome_partitioning_protein__strain_299	95.455	66	3	0	1576343	1576408	66	1	2.83e-18	106
accn|CP031865	ICEberg|348|ICEHin299|GenBank|AM884334|1..53902_Haemophilus_influenzae_parA_gene_for_chromosome_partitioning_protein__strain_299	95.455	66	3	0	1576132	1576197	66	1	2.83e-18	106
accn|CP031865	ICEberg|348|ICEHin299|GenBank|AM884334|1..53902_Haemophilus_influenzae_parA_gene_for_chromosome_partitioning_protein__strain_299	95.455	66	3	0	1576013	1576078	66	1	2.83e-18	106
accn|CP031865	ICEberg|346|ICEHinB|GenBank|FQ312006|87548..143543_Haemophilus_influenzae_10810_genome	95.455	66	3	0	1576343	1576408	66	1	2.83e-18	106
accn|CP031865	ICEberg|346|ICEHinB|GenBank|FQ312006|87548..143543_Haemophilus_influenzae_10810_genome	95.455	66	3	0	1576132	1576197	66	1	2.83e-18	106
accn|CP031865	ICEberg|346|ICEHinB|GenBank|FQ312006|87548..143543_Haemophilus_influenzae_10810_genome	95.455	66	3	0	1576013	1576078	66	1	2.83e-18	106
accn|CP031865	ICEberg|2046|Tn7100|GenBank|OW736085.1|1..73601_Haemophilus_influenzae_strain_Hi-228_transposon_7100__complete_sequence	95.455	66	3	0	1576343	1576408	66	1	2.83e-18	106
accn|CP031865	ICEberg|2046|Tn7100|GenBank|OW736085.1|1..73601_Haemophilus_influenzae_strain_Hi-228_transposon_7100__complete_sequence	95.455	66	3	0	1576132	1576197	66	1	2.83e-18	106
accn|CP031865	ICEberg|2046|Tn7100|GenBank|OW736085.1|1..73601_Haemophilus_influenzae_strain_Hi-228_transposon_7100__complete_sequence	95.455	66	3	0	1576013	1576078	66	1	2.83e-18	106
accn|CP031865	ICEberg|2007|Tn6687|GenBank|MN106412.1|1..68777_Haemophilus_influenzae_strain_0_transposon_Tn6687__complete_sequence	95.455	66	3	0	1576343	1576408	66	1	2.83e-18	106
accn|CP031865	ICEberg|2007|Tn6687|GenBank|MN106412.1|1..68777_Haemophilus_influenzae_strain_0_transposon_Tn6687__complete_sequence	95.455	66	3	0	1576132	1576197	66	1	2.83e-18	106
accn|CP031865	ICEberg|2007|Tn6687|GenBank|MN106412.1|1..68777_Haemophilus_influenzae_strain_0_transposon_Tn6687__complete_sequence	95.455	66	3	0	1576013	1576078	66	1	2.83e-18	106
accn|CP031865	ICEberg|2006|Tn6686|GenBank|MN106411.1|1..64737_Haemophilus_influenzae_strain_G_transposon_Tn6686__complete_sequence	95.455	66	3	0	1576343	1576408	66	1	2.83e-18	106
accn|CP031865	ICEberg|2006|Tn6686|GenBank|MN106411.1|1..64737_Haemophilus_influenzae_strain_G_transposon_Tn6686__complete_sequence	95.455	66	3	0	1576132	1576197	66	1	2.83e-18	106
accn|CP031865	ICEberg|2006|Tn6686|GenBank|MN106411.1|1..64737_Haemophilus_influenzae_strain_G_transposon_Tn6686__complete_sequence	95.455	66	3	0	1576013	1576078	66	1	2.83e-18	106
accn|CP031865	ICEberg|2005|Tn6685|GenBank|MN106410.1|1..52414_Haemophilus_influenzae_strain_E_transposon_Tn6685__complete_sequence	95.455	66	3	0	1576343	1576408	66	1	2.83e-18	106
accn|CP031865	ICEberg|2005|Tn6685|GenBank|MN106410.1|1..52414_Haemophilus_influenzae_strain_E_transposon_Tn6685__complete_sequence	95.455	66	3	0	1576132	1576197	66	1	2.83e-18	106
accn|CP031865	ICEberg|2005|Tn6685|GenBank|MN106410.1|1..52414_Haemophilus_influenzae_strain_E_transposon_Tn6685__complete_sequence	95.455	66	3	0	1576013	1576078	66	1	2.83e-18	106
accn|CP031865	ICEberg|1592|ICEAeq1|GenBank|LR134310.1|200137..254057_Actinobacillus_equuli_strain_NCTC8529_genome_assembly__chromosome__1	96.491	57	0	2	954250	954305	44607	44662	2.20e-14	93.5
accn|CP031865	ICEberg|1592|ICEAeq1|GenBank|LR134310.1|200137..254057_Actinobacillus_equuli_strain_NCTC8529_genome_assembly__chromosome__1	95.349	43	2	0	1830603	1830645	44750	44792	3.71e-07	69.4
accn|CP031865	ICEberg|1685|ICEEC8|GenBank|LOGV01000031.1|282800..364210_Escherichia_coli_strain_STEC_2174_STEC2174_contig_26__whole_genome_shotgun_sequence	96.078	51	2	0	1902552	1902602	51	1	1.32e-11	84.2
accn|CP031865	ICEberg|1685|ICEEC8|GenBank|LOGV01000031.1|282800..364210_Escherichia_coli_strain_STEC_2174_STEC2174_contig_26__whole_genome_shotgun_sequence	96.078	51	2	0	1902263	1902313	51	1	1.32e-11	84.2
