accn|CP069796	ICEberg|1592|ICEAeq1|GenBank|LR134310.1|200137..254057_Actinobacillus_equuli_strain_NCTC8529_genome_assembly__chromosome__1	99.805	44669	77	4	1018216	1062881	1	44662	0.0	81997
accn|CP069796	ICEberg|1592|ICEAeq1|GenBank|LR134310.1|200137..254057_Actinobacillus_equuli_strain_NCTC8529_genome_assembly__chromosome__1	95.349	43	2	0	1896601	1896643	44750	44792	3.84e-07	69.4
accn|CP069796	ICEberg|1592|ICEAeq1|GenBank|LR134310.1|200137..254057_Actinobacillus_equuli_strain_NCTC8529_genome_assembly__chromosome__1	95.238	42	0	2	1023632	1023671	5352	5393	4.97e-06	65.8
accn|CP069796	ICEberg|1592|ICEAeq1|GenBank|LR134310.1|200137..254057_Actinobacillus_equuli_strain_NCTC8529_genome_assembly__chromosome__1	95.238	42	0	2	1023567	1023608	5417	5456	4.97e-06	65.8
accn|CP069796	ICEberg|1603|ICEAsu1|GenBank|CP009159.1|982132..1037894_Actinobacillus_suis_ATCC_33415__complete_genome	99.646	25437	87	3	1031563	1056998	25103	50537	0.0	46472
accn|CP069796	ICEberg|1603|ICEAsu1|GenBank|CP009159.1|982132..1037894_Actinobacillus_suis_ATCC_33415__complete_genome	99.132	5994	52	0	1018216	1024209	1	5994	0.0	10781
accn|CP069796	ICEberg|1603|ICEAsu1|GenBank|CP009159.1|982132..1037894_Actinobacillus_suis_ATCC_33415__complete_genome	99.559	4991	19	2	1026208	1031197	20115	25103	0.0	9092
accn|CP069796	ICEberg|1603|ICEAsu1|GenBank|CP009159.1|982132..1037894_Actinobacillus_suis_ATCC_33415__complete_genome	99.501	4012	18	2	1057826	1061835	50540	54551	0.0	7297
accn|CP069796	ICEberg|1603|ICEAsu1|GenBank|CP009159.1|982132..1037894_Actinobacillus_suis_ATCC_33415__complete_genome	99.232	2084	14	2	1024160	1026242	6017	8099	0.0	3759
accn|CP069796	ICEberg|1603|ICEAsu1|GenBank|CP009159.1|982132..1037894_Actinobacillus_suis_ATCC_33415__complete_genome	95.808	167	4	1	1062671	1062837	55464	55627	1.27e-66	267
accn|CP069796	ICEberg|1603|ICEAsu1|GenBank|CP009159.1|982132..1037894_Actinobacillus_suis_ATCC_33415__complete_genome	99.315	146	1	0	1054052	1054197	24378	24523	4.56e-66	265
accn|CP069796	ICEberg|1603|ICEAsu1|GenBank|CP009159.1|982132..1037894_Actinobacillus_suis_ATCC_33415__complete_genome	96.622	148	5	0	1018154	1018301	55616	55763	1.65e-60	246
accn|CP069796	ICEberg|1603|ICEAsu1|GenBank|CP009159.1|982132..1037894_Actinobacillus_suis_ATCC_33415__complete_genome	96.491	57	0	2	1062826	1062881	55708	55763	2.28e-14	93.5
accn|CP069796	ICEberg|1603|ICEAsu1|GenBank|CP009159.1|982132..1037894_Actinobacillus_suis_ATCC_33415__complete_genome	95.238	42	0	2	1023632	1023671	5352	5393	4.97e-06	65.8
accn|CP069796	ICEberg|1603|ICEAsu1|GenBank|CP009159.1|982132..1037894_Actinobacillus_suis_ATCC_33415__complete_genome	95.238	42	0	1	1023567	1023608	5417	5456	4.97e-06	65.8
accn|CP069796	VFG042962(gb|WP_005615186)_(APL_RS04590)_GspE_PulE_family_protein_[Type_IV_pili_(VF1198)_-_Adherence_(VFC0001)]_[Actinobacillus_pleuropneumoniae_serovar_5b_str._L20]	99.570	1395	6	0	1139003	1140397	1395	1	0.0	2543
accn|CP069796	VFG042961(gb|WP_011848486)_(APL_RS04585)_type_II_secretion_system_F_family_protein_[Type_IV_pili_(VF1198)_-_Adherence_(VFC0001)]_[Actinobacillus_pleuropneumoniae_serovar_5b_str._L20]	99.584	1203	5	0	1137817	1139019	1203	1	0.0	2194
accn|CP069796	ICEberg|961|ICEApl2|GenBank|MF187965|1..92660_Actinobacillus_pleuropneumoniae_strain_MIDG3553_YhaH_(yhaH)_gene__complete_cds__ICEApl2_mobile_element__complete_sequence__and_PrfC_(prfC)_gene__complete_cds	99.580	714	3	0	36929	37642	714	1	0.0	1303
accn|CP069796	VFG042960(gb|WP_009874617)_(APL_RS04580)_prepilin_peptidase_[Type_IV_pili_(VF1198)_-_Adherence_(VFC0001)]_[Actinobacillus_pleuropneumoniae_serovar_5b_str._L20]	99.844	639	1	0	1137152	1137790	639	1	0.0	1175
accn|CP069796	VFG042963(gb|WP_009874618)_(APL_RS04595)_prepilin-type_N-terminal_cleavage_methylation_domain-containing_protein_[Type_IV_pili_(VF1198)_-_Adherence_(VFC0001)]_[Actinobacillus_pleuropneumoniae_serovar_5b_str._L20]	98.881	447	3	2	1140416	1140861	446	1	0.0	797
accn|CP069796	ICEberg|1702|ICEHin8|GenBank|LS483392.1|192252..244996_Haemophilus_influenzae_strain_NCTC11931_genome_assembly__chromosome__1	96.269	134	2	1	1979240	1979373	1	131	1.30e-51	217
accn|CP069796	ICEberg|1702|ICEHin8|GenBank|LS483392.1|192252..244996_Haemophilus_influenzae_strain_NCTC11931_genome_assembly__chromosome__1	98.701	77	1	0	356354	356430	77	1	1.04e-27	137
accn|CP069796	ICEberg|1702|ICEHin8|GenBank|LS483392.1|192252..244996_Haemophilus_influenzae_strain_NCTC11931_genome_assembly__chromosome__1	95.000	80	3	1	1968614	1968693	52667	52745	8.08e-24	124
accn|CP069796	ICEberg|1702|ICEHin8|GenBank|LS483392.1|192252..244996_Haemophilus_influenzae_strain_NCTC11931_genome_assembly__chromosome__1	95.000	80	3	1	1979236	1979315	52667	52745	8.08e-24	124
accn|CP069796	ICEberg|1702|ICEHin8|GenBank|LS483392.1|192252..244996_Haemophilus_influenzae_strain_NCTC11931_genome_assembly__chromosome__1	96.053	76	3	0	356355	356430	52745	52670	8.08e-24	124
accn|CP069796	ICEberg|1597|ICEApa1|GenBank|CP050316.1|2129122..2199489_Avibacterium_paragallinarum_strain_ESV-135_chromosome__complete_genome	96.124	129	4	1	1979240	1979368	1	128	2.17e-49	209
accn|CP069796	ICEberg|1597|ICEApa1|GenBank|CP050316.1|2129122..2199489_Avibacterium_paragallinarum_strain_ESV-135_chromosome__complete_genome	96.053	76	3	0	356355	356430	76	1	8.08e-24	124
accn|CP069796	ICEberg|1597|ICEApa1|GenBank|CP050316.1|2129122..2199489_Avibacterium_paragallinarum_strain_ESV-135_chromosome__complete_genome	96.053	76	3	0	1968618	1968693	70293	70368	8.08e-24	124
accn|CP069796	ICEberg|1597|ICEApa1|GenBank|CP050316.1|2129122..2199489_Avibacterium_paragallinarum_strain_ESV-135_chromosome__complete_genome	96.053	76	3	0	1979240	1979315	70293	70368	8.08e-24	124
accn|CP069796	ICEberg|1597|ICEApa1|GenBank|CP050316.1|2129122..2199489_Avibacterium_paragallinarum_strain_ESV-135_chromosome__complete_genome	96.053	76	3	0	356355	356430	70368	70293	8.08e-24	124
accn|CP069796	ICEberg|1700|ICEHdu1|GenBank|NC_002940.2|718953..768668_[Haemophilus]_ducreyi_35000HP__complete_sequence	98.889	90	1	0	1645366	1645455	49627	49716	6.16e-35	161
accn|CP069796	ICEberg|1700|ICEHdu1|GenBank|NC_002940.2|718953..768668_[Haemophilus]_ducreyi_35000HP__complete_sequence	98.889	90	1	0	1645577	1645666	49627	49716	6.16e-35	161
accn|CP069796	ICEberg|1700|ICEHdu1|GenBank|NC_002940.2|718953..768668_[Haemophilus]_ducreyi_35000HP__complete_sequence	98.876	89	1	0	1645248	1645336	49628	49716	2.22e-34	159
accn|CP069796	ICEberg|1700|ICEHdu1|GenBank|NC_002940.2|718953..768668_[Haemophilus]_ducreyi_35000HP__complete_sequence	100.000	76	0	0	957453	957528	1	76	8.03e-29	141
accn|CP069796	ICEberg|1700|ICEHdu1|GenBank|NC_002940.2|718953..768668_[Haemophilus]_ducreyi_35000HP__complete_sequence	100.000	76	0	0	1645678	1645753	1	76	8.03e-29	141
accn|CP069796	ICEberg|1700|ICEHdu1|GenBank|NC_002940.2|718953..768668_[Haemophilus]_ducreyi_35000HP__complete_sequence	100.000	76	0	0	1904590	1904665	49576	49501	8.03e-29	141
accn|CP069796	ICEberg|1700|ICEHdu1|GenBank|NC_002940.2|718953..768668_[Haemophilus]_ducreyi_35000HP__complete_sequence	100.000	76	0	0	1904480	1904555	49576	49501	8.03e-29	141
accn|CP069796	ICEberg|1700|ICEHdu1|GenBank|NC_002940.2|718953..768668_[Haemophilus]_ducreyi_35000HP__complete_sequence	100.000	76	0	0	1904381	1904456	49576	49501	8.03e-29	141
accn|CP069796	ICEberg|1701|ICEHdu2|GenBank|CP015434.1|162562..211583_[Haemophilus]_ducreyi_strain_GHA9__complete_genome	100.000	76	0	0	1904381	1904456	2	77	8.03e-29	141
accn|CP069796	ICEberg|1701|ICEHdu2|GenBank|CP015434.1|162562..211583_[Haemophilus]_ducreyi_strain_GHA9__complete_genome	100.000	76	0	0	1904480	1904555	2	77	8.03e-29	141
accn|CP069796	ICEberg|1701|ICEHdu2|GenBank|CP015434.1|162562..211583_[Haemophilus]_ducreyi_strain_GHA9__complete_genome	100.000	76	0	0	1904590	1904665	2	77	8.03e-29	141
accn|CP069796	ICEberg|1701|ICEHdu2|GenBank|CP015434.1|162562..211583_[Haemophilus]_ducreyi_strain_GHA9__complete_genome	97.590	83	0	2	957453	957533	49022	48940	8.03e-29	141
accn|CP069796	ICEberg|1701|ICEHdu2|GenBank|CP015434.1|162562..211583_[Haemophilus]_ducreyi_strain_GHA9__complete_genome	100.000	76	0	0	1645678	1645753	49022	48947	8.03e-29	141
accn|CP069796	ICEberg|1701|ICEHdu2|GenBank|CP015434.1|162562..211583_[Haemophilus]_ducreyi_strain_GHA9__complete_genome	97.059	68	2	0	1645366	1645433	48918	48851	4.87e-21	115
accn|CP069796	ICEberg|1586|ICEAac3|GenBank|CP043003.1|2132073..2197982_Aggregatibacter_actinomycetemcomitans_strain_HK_907_chromosome__complete_genome	100.000	76	0	0	1645128	1645203	76	1	8.03e-29	141
accn|CP069796	ICEberg|1586|ICEAac3|GenBank|CP043003.1|2132073..2197982_Aggregatibacter_actinomycetemcomitans_strain_HK_907_chromosome__complete_genome	100.000	76	0	0	957453	957528	76	1	8.03e-29	141
accn|CP069796	ICEberg|1586|ICEAac3|GenBank|CP043003.1|2132073..2197982_Aggregatibacter_actinomycetemcomitans_strain_HK_907_chromosome__complete_genome	100.000	76	0	0	1904381	1904456	217	292	8.03e-29	141
accn|CP069796	ICEberg|1586|ICEAac3|GenBank|CP043003.1|2132073..2197982_Aggregatibacter_actinomycetemcomitans_strain_HK_907_chromosome__complete_genome	100.000	76	0	0	1904480	1904555	217	292	8.03e-29	141
accn|CP069796	ICEberg|1586|ICEAac3|GenBank|CP043003.1|2132073..2197982_Aggregatibacter_actinomycetemcomitans_strain_HK_907_chromosome__complete_genome	100.000	76	0	0	1904590	1904665	217	292	8.03e-29	141
accn|CP069796	ICEberg|1586|ICEAac3|GenBank|CP043003.1|2132073..2197982_Aggregatibacter_actinomycetemcomitans_strain_HK_907_chromosome__complete_genome	98.571	70	1	0	1645361	1645430	64314	64245	8.08e-24	124
accn|CP069796	ICEberg|1586|ICEAac3|GenBank|CP043003.1|2132073..2197982_Aggregatibacter_actinomycetemcomitans_strain_HK_907_chromosome__complete_genome	98.507	67	1	0	1645575	1645641	64311	64245	3.76e-22	119
accn|CP069796	ICEberg|1586|ICEAac3|GenBank|CP043003.1|2132073..2197982_Aggregatibacter_actinomycetemcomitans_strain_HK_907_chromosome__complete_genome	100.000	62	0	0	1904395	1904456	64346	64407	4.87e-21	115
accn|CP069796	ICEberg|1586|ICEAac3|GenBank|CP043003.1|2132073..2197982_Aggregatibacter_actinomycetemcomitans_strain_HK_907_chromosome__complete_genome	100.000	62	0	0	1904494	1904555	64346	64407	4.87e-21	115
accn|CP069796	ICEberg|1586|ICEAac3|GenBank|CP043003.1|2132073..2197982_Aggregatibacter_actinomycetemcomitans_strain_HK_907_chromosome__complete_genome	100.000	62	0	0	1904604	1904665	64346	64407	4.87e-21	115
accn|CP069796	ICEberg|1586|ICEAac3|GenBank|CP043003.1|2132073..2197982_Aggregatibacter_actinomycetemcomitans_strain_HK_907_chromosome__complete_genome	98.438	64	1	0	1645248	1645311	64308	64245	1.75e-20	113
accn|CP069796	ICEberg|1584|ICEAac1|GenBank|CP012959.1|2164508..2181462_Aggregatibacter_actinomycetemcomitans_strain_624__complete_genome	100.000	76	0	0	957453	957528	16880	16955	8.03e-29	141
accn|CP069796	ICEberg|1584|ICEAac1|GenBank|CP012959.1|2164508..2181462_Aggregatibacter_actinomycetemcomitans_strain_624__complete_genome	100.000	76	0	0	1645128	1645203	16880	16955	8.03e-29	141
accn|CP069796	ICEberg|1584|ICEAac1|GenBank|CP012959.1|2164508..2181462_Aggregatibacter_actinomycetemcomitans_strain_624__complete_genome	100.000	76	0	0	1645478	1645553	16880	16955	8.03e-29	141
accn|CP069796	ICEberg|2010|Tn6783_201330|GenBank|CP054623.1|2596147..2668162_Pseudomonas_aeruginosa_strain_DL201330_chromosome__complete_genome	98.718	78	1	0	1645128	1645205	66974	66897	2.89e-28	139
accn|CP069796	ICEberg|2010|Tn6783_201330|GenBank|CP054623.1|2596147..2668162_Pseudomonas_aeruginosa_strain_DL201330_chromosome__complete_genome	98.701	77	1	0	1645678	1645754	66974	66898	1.04e-27	137
accn|CP069796	ICEberg|2010|Tn6783_201330|GenBank|CP054623.1|2596147..2668162_Pseudomonas_aeruginosa_strain_DL201330_chromosome__complete_genome	98.684	76	1	0	1645478	1645553	66974	66899	3.73e-27	135
accn|CP069796	ICEberg|2010|Tn6783_201330|GenBank|CP054623.1|2596147..2668162_Pseudomonas_aeruginosa_strain_DL201330_chromosome__complete_genome	98.684	76	1	0	957453	957528	66974	66899	3.73e-27	135
accn|CP069796	ICEberg|1581|ICE6660|GenBank|MK497171.1|1..112205_Pseudomonas_aeruginosa_sequence	95.294	85	4	0	1645669	1645753	112121	112205	3.73e-27	135
accn|CP069796	ICEberg|1581|ICE6660|GenBank|MK497171.1|1..112205_Pseudomonas_aeruginosa_sequence	96.341	82	3	0	957447	957528	112124	112205	3.73e-27	135
accn|CP069796	ICEberg|1581|ICE6660|GenBank|MK497171.1|1..112205_Pseudomonas_aeruginosa_sequence	98.684	76	1	0	1645128	1645203	112130	112205	3.73e-27	135
accn|CP069796	ICEberg|1807|ICEPmu4|GenBank|CP038875.1|2009809..2087766_Pasteurella_multocida_strain_FCf83_chromosome__complete_genome	96.053	76	3	0	356355	356430	1	76	8.08e-24	124
accn|CP069796	ICEberg|1807|ICEPmu4|GenBank|CP038875.1|2009809..2087766_Pasteurella_multocida_strain_FCf83_chromosome__complete_genome	96.053	76	3	0	1979240	1979315	76	1	8.08e-24	124
accn|CP069796	ICEberg|1807|ICEPmu4|GenBank|CP038875.1|2009809..2087766_Pasteurella_multocida_strain_FCf83_chromosome__complete_genome	96.053	76	3	0	1968618	1968693	76	1	8.08e-24	124
accn|CP069796	ICEberg|1807|ICEPmu4|GenBank|CP038875.1|2009809..2087766_Pasteurella_multocida_strain_FCf83_chromosome__complete_genome	98.000	50	0	1	1025542	1025591	7701	7749	3.81e-12	86.1
accn|CP069796	ICEberg|1804|ICEPmu3|GenBank|CP038873.1|1026914..1096464_Pasteurella_multocida_strain_FCf45_chromosome__complete_genome	96.053	76	3	0	1968618	1968693	69476	69551	8.08e-24	124
accn|CP069796	ICEberg|1804|ICEPmu3|GenBank|CP038873.1|1026914..1096464_Pasteurella_multocida_strain_FCf45_chromosome__complete_genome	96.053	76	3	0	1979240	1979315	69476	69551	8.08e-24	124
accn|CP069796	ICEberg|1804|ICEPmu3|GenBank|CP038873.1|1026914..1096464_Pasteurella_multocida_strain_FCf45_chromosome__complete_genome	96.053	76	3	0	356355	356430	69551	69476	8.08e-24	124
accn|CP069796	ICEberg|1718|ICEHso3|GenBank|NC_008309.1|1952153..2005728_Histophilus_somni_129PT__complete_sequence	96.053	76	3	0	356355	356430	99	174	8.08e-24	124
accn|CP069796	ICEberg|960|ICEApl1|GenBank|KU551309|27..56176_Actinobacillus_pleuropneumoniae_strain_MIDG2427_tRNA-Leu_gene__integrative_conjugative_element_ICEApl1_mobile_element__and_tRNA-Gly_gene__complete_sequence	98.485	66	1	0	1645579	1645644	56150	56085	1.35e-21	117
accn|CP069796	ICEberg|960|ICEApl1|GenBank|KU551309|27..56176_Actinobacillus_pleuropneumoniae_strain_MIDG2427_tRNA-Leu_gene__integrative_conjugative_element_ICEApl1_mobile_element__and_tRNA-Gly_gene__complete_sequence	98.485	66	1	0	1645368	1645433	56150	56085	1.35e-21	117
accn|CP069796	ICEberg|960|ICEApl1|GenBank|KU551309|27..56176_Actinobacillus_pleuropneumoniae_strain_MIDG2427_tRNA-Leu_gene__integrative_conjugative_element_ICEApl1_mobile_element__and_tRNA-Gly_gene__complete_sequence	98.485	66	1	0	1645249	1645314	56150	56085	1.35e-21	117
accn|CP069796	ICEberg|960|ICEApl1|GenBank|KU551309|27..56176_Actinobacillus_pleuropneumoniae_strain_MIDG2427_tRNA-Leu_gene__integrative_conjugative_element_ICEApl1_mobile_element__and_tRNA-Gly_gene__complete_sequence	97.015	67	2	0	1645579	1645645	67	1	1.75e-20	113
accn|CP069796	ICEberg|960|ICEApl1|GenBank|KU551309|27..56176_Actinobacillus_pleuropneumoniae_strain_MIDG2427_tRNA-Leu_gene__integrative_conjugative_element_ICEApl1_mobile_element__and_tRNA-Gly_gene__complete_sequence	97.015	67	2	0	1645368	1645434	67	1	1.75e-20	113
accn|CP069796	ICEberg|960|ICEApl1|GenBank|KU551309|27..56176_Actinobacillus_pleuropneumoniae_strain_MIDG2427_tRNA-Leu_gene__integrative_conjugative_element_ICEApl1_mobile_element__and_tRNA-Gly_gene__complete_sequence	97.015	67	2	0	1645249	1645315	67	1	1.75e-20	113
accn|CP069796	ICEberg|60|ICEHin1056|GenBank|AJ627386|1..59393_Haemophilus_influenzae_plasmid_ICEhin1056	95.455	66	3	0	1645579	1645644	66	1	2.93e-18	106
accn|CP069796	ICEberg|60|ICEHin1056|GenBank|AJ627386|1..59393_Haemophilus_influenzae_plasmid_ICEhin1056	95.455	66	3	0	1645368	1645433	66	1	2.93e-18	106
accn|CP069796	ICEberg|60|ICEHin1056|GenBank|AJ627386|1..59393_Haemophilus_influenzae_plasmid_ICEhin1056	95.455	66	3	0	1645249	1645314	66	1	2.93e-18	106
accn|CP069796	ICEberg|350|ICEHpaT3T1|GenBank|FQ312002|1153089..1213144_Haemophilus_parainfluenzae_T3T1_genome	96.825	63	2	0	1645249	1645311	59991	60053	2.93e-18	106
accn|CP069796	ICEberg|350|ICEHpaT3T1|GenBank|FQ312002|1153089..1213144_Haemophilus_parainfluenzae_T3T1_genome	96.825	63	2	0	1645368	1645430	59991	60053	2.93e-18	106
accn|CP069796	ICEberg|350|ICEHpaT3T1|GenBank|FQ312002|1153089..1213144_Haemophilus_parainfluenzae_T3T1_genome	96.825	63	2	0	1645579	1645641	59991	60053	2.93e-18	106
accn|CP069796	ICEberg|349|ICEHpa8f|GenBank|AM884335|1..52725_Haemophilus_influenzae_parA_gene_for_chromosome_partitioning_protein__strain_8f	95.455	66	3	0	1645579	1645644	66	1	2.93e-18	106
accn|CP069796	ICEberg|349|ICEHpa8f|GenBank|AM884335|1..52725_Haemophilus_influenzae_parA_gene_for_chromosome_partitioning_protein__strain_8f	95.455	66	3	0	1645368	1645433	66	1	2.93e-18	106
accn|CP069796	ICEberg|349|ICEHpa8f|GenBank|AM884335|1..52725_Haemophilus_influenzae_parA_gene_for_chromosome_partitioning_protein__strain_8f	95.455	66	3	0	1645249	1645314	66	1	2.93e-18	106
accn|CP069796	ICEberg|348|ICEHin299|GenBank|AM884334|1..53902_Haemophilus_influenzae_parA_gene_for_chromosome_partitioning_protein__strain_299	95.455	66	3	0	1645579	1645644	66	1	2.93e-18	106
accn|CP069796	ICEberg|348|ICEHin299|GenBank|AM884334|1..53902_Haemophilus_influenzae_parA_gene_for_chromosome_partitioning_protein__strain_299	95.455	66	3	0	1645368	1645433	66	1	2.93e-18	106
accn|CP069796	ICEberg|348|ICEHin299|GenBank|AM884334|1..53902_Haemophilus_influenzae_parA_gene_for_chromosome_partitioning_protein__strain_299	95.455	66	3	0	1645249	1645314	66	1	2.93e-18	106
accn|CP069796	ICEberg|346|ICEHinB|GenBank|FQ312006|87548..143543_Haemophilus_influenzae_10810_genome	95.455	66	3	0	1645579	1645644	66	1	2.93e-18	106
accn|CP069796	ICEberg|346|ICEHinB|GenBank|FQ312006|87548..143543_Haemophilus_influenzae_10810_genome	95.455	66	3	0	1645368	1645433	66	1	2.93e-18	106
accn|CP069796	ICEberg|346|ICEHinB|GenBank|FQ312006|87548..143543_Haemophilus_influenzae_10810_genome	95.455	66	3	0	1645249	1645314	66	1	2.93e-18	106
accn|CP069796	ICEberg|2046|Tn7100|GenBank|OW736085.1|1..73601_Haemophilus_influenzae_strain_Hi-228_transposon_7100__complete_sequence	95.455	66	3	0	1645579	1645644	66	1	2.93e-18	106
accn|CP069796	ICEberg|2046|Tn7100|GenBank|OW736085.1|1..73601_Haemophilus_influenzae_strain_Hi-228_transposon_7100__complete_sequence	95.455	66	3	0	1645368	1645433	66	1	2.93e-18	106
accn|CP069796	ICEberg|2046|Tn7100|GenBank|OW736085.1|1..73601_Haemophilus_influenzae_strain_Hi-228_transposon_7100__complete_sequence	95.455	66	3	0	1645249	1645314	66	1	2.93e-18	106
accn|CP069796	ICEberg|2007|Tn6687|GenBank|MN106412.1|1..68777_Haemophilus_influenzae_strain_0_transposon_Tn6687__complete_sequence	95.455	66	3	0	1645579	1645644	66	1	2.93e-18	106
accn|CP069796	ICEberg|2007|Tn6687|GenBank|MN106412.1|1..68777_Haemophilus_influenzae_strain_0_transposon_Tn6687__complete_sequence	95.455	66	3	0	1645368	1645433	66	1	2.93e-18	106
accn|CP069796	ICEberg|2007|Tn6687|GenBank|MN106412.1|1..68777_Haemophilus_influenzae_strain_0_transposon_Tn6687__complete_sequence	95.455	66	3	0	1645249	1645314	66	1	2.93e-18	106
accn|CP069796	ICEberg|2006|Tn6686|GenBank|MN106411.1|1..64737_Haemophilus_influenzae_strain_G_transposon_Tn6686__complete_sequence	95.455	66	3	0	1645579	1645644	66	1	2.93e-18	106
accn|CP069796	ICEberg|2006|Tn6686|GenBank|MN106411.1|1..64737_Haemophilus_influenzae_strain_G_transposon_Tn6686__complete_sequence	95.455	66	3	0	1645368	1645433	66	1	2.93e-18	106
accn|CP069796	ICEberg|2006|Tn6686|GenBank|MN106411.1|1..64737_Haemophilus_influenzae_strain_G_transposon_Tn6686__complete_sequence	95.455	66	3	0	1645249	1645314	66	1	2.93e-18	106
accn|CP069796	ICEberg|2005|Tn6685|GenBank|MN106410.1|1..52414_Haemophilus_influenzae_strain_E_transposon_Tn6685__complete_sequence	95.455	66	3	0	1645579	1645644	66	1	2.93e-18	106
accn|CP069796	ICEberg|2005|Tn6685|GenBank|MN106410.1|1..52414_Haemophilus_influenzae_strain_E_transposon_Tn6685__complete_sequence	95.455	66	3	0	1645368	1645433	66	1	2.93e-18	106
accn|CP069796	ICEberg|2005|Tn6685|GenBank|MN106410.1|1..52414_Haemophilus_influenzae_strain_E_transposon_Tn6685__complete_sequence	95.455	66	3	0	1645249	1645314	66	1	2.93e-18	106
accn|CP069796	ICEberg|1685|ICEEC8|GenBank|LOGV01000031.1|282800..364210_Escherichia_coli_strain_STEC_2174_STEC2174_contig_26__whole_genome_shotgun_sequence	96.154	52	2	0	1979031	1979082	52	1	3.81e-12	86.1
accn|CP069796	ICEberg|1685|ICEEC8|GenBank|LOGV01000031.1|282800..364210_Escherichia_coli_strain_STEC_2174_STEC2174_contig_26__whole_genome_shotgun_sequence	96.078	51	2	0	1979321	1979371	51	1	1.37e-11	84.2
accn|CP069796	ICEberg|1803|ICEPmu2|GenBank|CP038871.1|1998244..2056820_Pasteurella_multocida_strain_FCf15_chromosome__complete_genome	97.826	46	1	0	1026253	1026298	8157	8202	1.77e-10	80.5
