accn|JBANLW010000013	ICEberg|2010|Tn6783_201330|GenBank|CP054623.1|2596147..2668162_Pseudomonas_aeruginosa_strain_DL201330_chromosome__complete_genome	100.000	83	0	0	23477	23559	66897	66979	1.64e-34	154
accn|JBANLW010000013	ICEberg|1581|ICE6660|GenBank|MK497171.1|1..112205_Pseudomonas_aeruginosa_sequence	100.000	77	0	0	23479	23555	112205	112129	3.54e-31	143
accn|JBANLW010000013	ICEberg|1701|ICEHdu2|GenBank|CP015434.1|162562..211583_[Haemophilus]_ducreyi_strain_GHA9__complete_genome	97.531	81	2	0	23474	23554	48942	49022	4.58e-30	139
accn|JBANLW010000013	ICEberg|1701|ICEHdu2|GenBank|CP015434.1|162562..211583_[Haemophilus]_ducreyi_strain_GHA9__complete_genome	97.368	76	2	0	23570	23645	48947	49022	2.76e-27	130
accn|JBANLW010000013	ICEberg|1700|ICEHdu1|GenBank|NC_002940.2|718953..768668_[Haemophilus]_ducreyi_35000HP__complete_sequence	97.531	81	2	0	23474	23554	81	1	4.58e-30	139
accn|JBANLW010000013	ICEberg|1700|ICEHdu1|GenBank|NC_002940.2|718953..768668_[Haemophilus]_ducreyi_35000HP__complete_sequence	97.368	76	2	0	23570	23645	76	1	2.76e-27	130
accn|JBANLW010000013	ICEberg|1586|ICEAac3|GenBank|CP043003.1|2132073..2197982_Aggregatibacter_actinomycetemcomitans_strain_HK_907_chromosome__complete_genome	98.701	77	1	0	23479	23555	1	77	1.65e-29	137
accn|JBANLW010000013	ICEberg|1586|ICEAac3|GenBank|CP043003.1|2132073..2197982_Aggregatibacter_actinomycetemcomitans_strain_HK_907_chromosome__complete_genome	97.403	77	2	0	23570	23646	1	77	7.67e-28	132
accn|JBANLW010000013	ICEberg|1584|ICEAac1|GenBank|CP012959.1|2164508..2181462_Aggregatibacter_actinomycetemcomitans_strain_624__complete_genome	98.701	77	1	0	23479	23555	16955	16879	1.65e-29	137
accn|JBANLW010000013	ICEberg|1584|ICEAac1|GenBank|CP012959.1|2164508..2181462_Aggregatibacter_actinomycetemcomitans_strain_624__complete_genome	97.403	77	2	0	23570	23646	16955	16879	7.67e-28	132
accn|JBANLW010000014	ICEberg|163|SLP1|GenBank|NC_003888|5038594..5055797_Streptomyces_coelicolor_A3(2)_chromosome__complete_genome	95.556	45	2	0	310	354	17063	17019	4.48e-10	73.1
accn|JBANLW010000027	ICEberg|1807|ICEPmu4|GenBank|CP038875.1|2009809..2087766_Pasteurella_multocida_strain_FCf83_chromosome__complete_genome	100.000	37	0	0	16203	16239	47235	47271	4.97e-09	69.4
accn|JBANLW010000047	ICEberg|1719|ICEHso4|GenBank|CP018803.1|686759..761246_Histophilus_somni_strain_USDA-ARS-USMARC-63255_chromosome__complete_genome	98.276	58	0	1	10152	10209	72972	72916	1.09e-18	100
accn|JBANLW010000047	ICEberg|1716|ICEHs02|GenBank|CP042993.1|687500..760418_Histophilus_somni_strain_UOC-KLM-ATR-014_chromosome__complete_genome	100.000	52	0	0	10158	10209	72919	72868	1.42e-17	97.1
accn|JBANLW010000047	ICEberg|1697|ICEGpa2|GenBank|CP049090.1|1351751..1421790_Glaesserella_parasuis_strain_aHPS7_chromosome__complete_genome	96.610	59	1	1	10152	10210	1477	1534	1.42e-17	97.1
accn|JBANLW010000047	ICEberg|1736|ICEMha2|GenBank|NC_020833.2|1557279..1616347_Mannheimia_haemolytica_USDA-ARS-USMARC-183__complete_sequence	95.000	60	2	1	10150	10209	3825	3883	1.83e-16	93.5
accn|JBANLW010000048	ICEberg|1701|ICEHdu2|GenBank|CP015434.1|162562..211583_[Haemophilus]_ducreyi_strain_GHA9__complete_genome	100.000	78	0	0	12211	12288	2	79	4.91e-32	145
accn|JBANLW010000048	ICEberg|1701|ICEHdu2|GenBank|CP015434.1|162562..211583_[Haemophilus]_ducreyi_strain_GHA9__complete_genome	100.000	77	0	0	12109	12185	2	78	1.77e-31	143
accn|JBANLW010000048	ICEberg|1700|ICEHdu1|GenBank|NC_002940.2|718953..768668_[Haemophilus]_ducreyi_35000HP__complete_sequence	100.000	78	0	0	12211	12288	49576	49499	4.91e-32	145
accn|JBANLW010000048	ICEberg|1700|ICEHdu1|GenBank|NC_002940.2|718953..768668_[Haemophilus]_ducreyi_35000HP__complete_sequence	100.000	77	0	0	12109	12185	49576	49500	1.77e-31	143
accn|JBANLW010000048	ICEberg|1586|ICEAac3|GenBank|CP043003.1|2132073..2197982_Aggregatibacter_actinomycetemcomitans_strain_HK_907_chromosome__complete_genome	100.000	77	0	0	12109	12185	217	293	1.77e-31	143
accn|JBANLW010000048	ICEberg|1586|ICEAac3|GenBank|CP043003.1|2132073..2197982_Aggregatibacter_actinomycetemcomitans_strain_HK_907_chromosome__complete_genome	100.000	77	0	0	12211	12287	217	293	1.77e-31	143
accn|JBANLW010000048	ICEberg|1586|ICEAac3|GenBank|CP043003.1|2132073..2197982_Aggregatibacter_actinomycetemcomitans_strain_HK_907_chromosome__complete_genome	100.000	64	0	0	12225	12288	64346	64409	2.97e-24	119
accn|JBANLW010000048	ICEberg|1586|ICEAac3|GenBank|CP043003.1|2132073..2197982_Aggregatibacter_actinomycetemcomitans_strain_HK_907_chromosome__complete_genome	100.000	63	0	0	12123	12185	64346	64408	1.07e-23	117
accn|JBANLW010000057	ICEberg|1807|ICEPmu4|GenBank|CP038875.1|2009809..2087766_Pasteurella_multocida_strain_FCf83_chromosome__complete_genome	100.000	78	0	0	97	174	77958	77881	3.89e-32	145
accn|JBANLW010000057	ICEberg|1807|ICEPmu4|GenBank|CP038875.1|2009809..2087766_Pasteurella_multocida_strain_FCf83_chromosome__complete_genome	96.296	81	3	0	92	172	81	1	8.42e-29	134
accn|JBANLW010000057	ICEberg|1718|ICEHso3|GenBank|NC_008309.1|1952153..2005728_Histophilus_somni_129PT__complete_sequence	95.455	88	3	1	92	178	179	92	1.81e-30	139
accn|JBANLW010000057	ICEberg|1804|ICEPmu3|GenBank|CP038873.1|1026914..1096464_Pasteurella_multocida_strain_FCf45_chromosome__complete_genome	96.296	81	3	0	92	172	69471	69551	8.42e-29	134
accn|JBANLW010000057	ICEberg|1702|ICEHin8|GenBank|LS483392.1|192252..244996_Haemophilus_influenzae_strain_NCTC11931_genome_assembly__chromosome__1	96.296	81	3	0	92	172	52665	52745	8.42e-29	134
accn|JBANLW010000057	ICEberg|1597|ICEApa1|GenBank|CP050316.1|2129122..2199489_Avibacterium_paragallinarum_strain_ESV-135_chromosome__complete_genome	96.296	81	3	0	92	172	70288	70368	8.42e-29	134
accn|JBANLW010000057	ICEberg|1597|ICEApa1|GenBank|CP050316.1|2129122..2199489_Avibacterium_paragallinarum_strain_ESV-135_chromosome__complete_genome	97.368	76	2	0	97	172	1	76	1.09e-27	130
accn|JBANLW010000060	ICEberg|1601|ICEApol3|GenBank|CP030840.1|5037772..5086665_Acidisarcina_polymorpha_strain_SBC82_chromosome__complete_genome	95.833	48	2	0	11170	11217	40491	40444	3.97e-12	78.7
accn|JBANLW010000060	ICEberg|1600|ICEApol2|GenBank|CP030840.1|4848388..4904726_Acidisarcina_polymorpha_strain_SBC82_chromosome__complete_genome	95.745	47	2	0	11170	11216	54793	54747	1.43e-11	76.8
accn|JBANLW010000080	ICEberg|1597|ICEApa1|GenBank|CP050316.1|2129122..2199489_Avibacterium_paragallinarum_strain_ESV-135_chromosome__complete_genome	100.000	128	0	0	2776	2903	128	1	3.89e-60	237
accn|JBANLW010000080	ICEberg|1597|ICEApa1|GenBank|CP050316.1|2129122..2199489_Avibacterium_paragallinarum_strain_ESV-135_chromosome__complete_genome	98.765	81	1	0	2828	2908	70368	70288	2.42e-32	145
accn|JBANLW010000080	ICEberg|1807|ICEPmu4|GenBank|CP038875.1|2009809..2087766_Pasteurella_multocida_strain_FCf83_chromosome__complete_genome	96.875	128	4	0	2776	2903	77831	77958	1.82e-53	215
accn|JBANLW010000080	ICEberg|1807|ICEPmu4|GenBank|CP038875.1|2009809..2087766_Pasteurella_multocida_strain_FCf83_chromosome__complete_genome	98.765	81	1	0	2828	2908	1	81	2.42e-32	145
accn|JBANLW010000080	ICEberg|1702|ICEHin8|GenBank|LS483392.1|192252..244996_Haemophilus_influenzae_strain_NCTC11931_genome_assembly__chromosome__1	98.795	83	0	1	2828	2910	52745	52664	6.74e-33	147
accn|JBANLW010000080	ICEberg|1804|ICEPmu3|GenBank|CP038873.1|1026914..1096464_Pasteurella_multocida_strain_FCf45_chromosome__complete_genome	98.765	81	1	0	2828	2908	69551	69471	2.42e-32	145
accn|JBANLW010000080	ICEberg|1685|ICEEC8|GenBank|LOGV01000031.1|282800..364210_Escherichia_coli_strain_STEC_2174_STEC2174_contig_26__whole_genome_shotgun_sequence	96.078	51	2	0	2773	2823	1	51	5.36e-14	84.2
accn|JBANLW010000084	ICEberg|1586|ICEAac3|GenBank|CP043003.1|2132073..2197982_Aggregatibacter_actinomycetemcomitans_strain_HK_907_chromosome__complete_genome	100.000	77	0	0	2732	2808	77	1	8.00e-32	143
accn|JBANLW010000084	ICEberg|1584|ICEAac1|GenBank|CP012959.1|2164508..2181462_Aggregatibacter_actinomycetemcomitans_strain_624__complete_genome	100.000	77	0	0	2732	2808	16879	16955	8.00e-32	143
accn|JBANLW010000084	ICEberg|1701|ICEHdu2|GenBank|CP015434.1|162562..211583_[Haemophilus]_ducreyi_strain_GHA9__complete_genome	100.000	76	0	0	2733	2808	49022	48947	2.88e-31	141
accn|JBANLW010000084	ICEberg|1700|ICEHdu1|GenBank|NC_002940.2|718953..768668_[Haemophilus]_ducreyi_35000HP__complete_sequence	100.000	76	0	0	2733	2808	1	76	2.88e-31	141
accn|JBANLW010000084	ICEberg|1581|ICE6660|GenBank|MK497171.1|1..112205_Pseudomonas_aeruginosa_sequence	97.531	81	2	0	2728	2808	112125	112205	1.03e-30	139
accn|JBANLW010000084	ICEberg|2010|Tn6783_201330|GenBank|CP054623.1|2596147..2668162_Pseudomonas_aeruginosa_strain_DL201330_chromosome__complete_genome	98.701	77	1	0	2732	2808	66975	66899	3.72e-30	137
accn|JBANLW010000084	ICEberg|1856|ICERps4|GenBank|CP039339.1|545761..602147_Ralstonia_solanacearum_strain_UW386_chromosome__complete_genome	97.368	38	1	0	2580	2617	55691	55728	1.78e-08	65.8
accn|JBANLW010000084	ICEberg|1854|ICERps2_YC40-M|GenBank|CP015850.1|2532466..2588165_Ralstonia_solanacearum_strain_YC40-M__complete_sequence	97.368	38	1	0	2580	2617	527	490	1.78e-08	65.8
accn|JBANLW010000084	ICEberg|1853|ICERps2_FQY_4|GenBank|CP004012.1|1113417..1173796_Ralstonia_solanacearum_FQY_4__complete_genome	97.368	38	1	0	2580	2617	57747	57784	1.78e-08	65.8
accn|JBANLW010000102	ICEberg|1701|ICEHdu2|GenBank|CP015434.1|162562..211583_[Haemophilus]_ducreyi_strain_GHA9__complete_genome	100.000	76	0	0	5700	5775	48947	49022	1.92e-31	141
accn|JBANLW010000102	ICEberg|1700|ICEHdu1|GenBank|NC_002940.2|718953..768668_[Haemophilus]_ducreyi_35000HP__complete_sequence	100.000	76	0	0	5700	5775	76	1	1.92e-31	141
accn|JBANLW010000102	ICEberg|1586|ICEAac3|GenBank|CP043003.1|2132073..2197982_Aggregatibacter_actinomycetemcomitans_strain_HK_907_chromosome__complete_genome	100.000	76	0	0	5700	5775	1	76	1.92e-31	141
accn|JBANLW010000102	ICEberg|1584|ICEAac1|GenBank|CP012959.1|2164508..2181462_Aggregatibacter_actinomycetemcomitans_strain_624__complete_genome	100.000	76	0	0	5700	5775	16955	16880	1.92e-31	141
accn|JBANLW010000102	ICEberg|2010|Tn6783_201330|GenBank|CP054623.1|2596147..2668162_Pseudomonas_aeruginosa_strain_DL201330_chromosome__complete_genome	98.701	77	1	0	5699	5775	66898	66974	2.48e-30	137
accn|JBANLW010000102	ICEberg|1581|ICE6660|GenBank|MK497171.1|1..112205_Pseudomonas_aeruginosa_sequence	98.684	76	1	0	5700	5775	112205	112130	8.92e-30	135
accn|JBANLW010000107	ICEberg|1697|ICEGpa2|GenBank|CP049090.1|1351751..1421790_Glaesserella_parasuis_strain_aHPS7_chromosome__complete_genome	96.721	61	1	1	1014	1074	1478	1537	2.74e-19	100
accn|JBANLW010000107	ICEberg|1719|ICEHso4|GenBank|CP018803.1|686759..761246_Histophilus_somni_strain_USDA-ARS-USMARC-63255_chromosome__complete_genome	98.246	57	0	1	1014	1070	72971	72916	9.86e-19	99.0
accn|JBANLW010000107	ICEberg|1716|ICEHs02|GenBank|CP042993.1|687500..760418_Histophilus_somni_strain_UOC-KLM-ATR-014_chromosome__complete_genome	100.000	52	0	0	1019	1070	72919	72868	3.55e-18	97.1
accn|JBANLW010000107	ICEberg|1713|ICEHpa1|GenBank|CP054198.1|1511383..1580304_Glaesserella_parasuis_strain_YHP170504_chromosome__complete_genome	95.082	61	1	2	1014	1074	1	59	1.28e-17	95.3
accn|JBANLW010000107	ICEberg|1736|ICEMha2|GenBank|NC_020833.2|1557279..1616347_Mannheimia_haemolytica_USDA-ARS-USMARC-183__complete_sequence	96.491	57	1	1	1014	1070	3828	3883	4.59e-17	93.5
accn|JBANLW010000265	ICEberg|1807|ICEPmu4|GenBank|CP038875.1|2009809..2087766_Pasteurella_multocida_strain_FCf83_chromosome__complete_genome	99.502	402	2	0	1	402	46959	46558	0.0	732
