accn|JBDJKC010000001	ICEberg|987|ICEMh1|GenBank|CP005383|2128248..2190602_Mannheimia_haemolytica_M42548__complete_genome	99.976	54047	13	0	362841	416887	1	54047	0.0	99734
accn|JBDJKC010000001	ICEberg|987|ICEMh1|GenBank|CP005383|2128248..2190602_Mannheimia_haemolytica_M42548__complete_genome	100.000	8235	0	0	417038	425272	54121	62355	0.0	15208
accn|JBDJKC010000001	ICEberg|987|ICEMh1|GenBank|CP005383|2128248..2190602_Mannheimia_haemolytica_M42548__complete_genome	100.000	2046	0	0	2344191	2346236	54047	52002	0.0	3779
accn|JBDJKC010000001	ICEberg|987|ICEMh1|GenBank|CP005383|2128248..2190602_Mannheimia_haemolytica_M42548__complete_genome	100.000	309	0	0	369642	369950	3986	4294	2.72e-158	571
accn|JBDJKC010000001	ICEberg|987|ICEMh1|GenBank|CP005383|2128248..2190602_Mannheimia_haemolytica_M42548__complete_genome	100.000	309	0	0	366826	367134	6802	7110	2.72e-158	571
accn|JBDJKC010000001	ICEberg|987|ICEMh1|GenBank|CP005383|2128248..2190602_Mannheimia_haemolytica_M42548__complete_genome	97.436	117	3	0	368596	368712	4297	4413	1.48e-46	200
accn|JBDJKC010000001	ICEberg|987|ICEMh1|GenBank|CP005383|2128248..2190602_Mannheimia_haemolytica_M42548__complete_genome	97.436	117	3	0	367137	367253	5756	5872	1.48e-46	200
accn|JBDJKC010000001	ICEberg|987|ICEMh1|GenBank|CP005383|2128248..2190602_Mannheimia_haemolytica_M42548__complete_genome	96.000	50	2	0	383305	383354	20410	20459	5.59e-11	82.4
accn|JBDJKC010000001	ICEberg|987|ICEMh1|GenBank|CP005383|2128248..2190602_Mannheimia_haemolytica_M42548__complete_genome	96.000	50	2	0	383250	383299	20465	20514	5.59e-11	82.4
accn|JBDJKC010000001	ICEberg|1719|ICEHso4|GenBank|CP018803.1|686759..761246_Histophilus_somni_strain_USDA-ARS-USMARC-63255_chromosome__complete_genome	99.966	47571	14	1	369319	416887	55879	8309	0.0	87757
accn|JBDJKC010000001	ICEberg|1719|ICEHso4|GenBank|CP018803.1|686759..761246_Histophilus_somni_strain_USDA-ARS-USMARC-63255_chromosome__complete_genome	100.000	8235	0	0	417038	425272	8235	1	0.0	15208
accn|JBDJKC010000001	ICEberg|1719|ICEHso4|GenBank|CP018803.1|686759..761246_Histophilus_somni_strain_USDA-ARS-USMARC-63255_chromosome__complete_genome	99.961	5174	2	0	361439	366612	67822	62649	0.0	9544
accn|JBDJKC010000001	ICEberg|1719|ICEHso4|GenBank|CP018803.1|686759..761246_Histophilus_somni_strain_USDA-ARS-USMARC-63255_chromosome__complete_genome	100.000	2046	0	0	2344191	2346236	8309	10354	0.0	3779
accn|JBDJKC010000001	ICEberg|1719|ICEHso4|GenBank|CP018803.1|686759..761246_Histophilus_somni_strain_USDA-ARS-USMARC-63255_chromosome__complete_genome	99.813	1070	2	0	368881	369950	69431	68362	0.0	1965
accn|JBDJKC010000001	ICEberg|1719|ICEHso4|GenBank|CP018803.1|686759..761246_Histophilus_somni_strain_USDA-ARS-USMARC-63255_chromosome__complete_genome	100.000	310	0	0	366826	367135	68670	68361	7.56e-159	573
accn|JBDJKC010000001	ICEberg|1719|ICEHso4|GenBank|CP018803.1|686759..761246_Histophilus_somni_strain_USDA-ARS-USMARC-63255_chromosome__complete_genome	99.365	315	2	0	366826	367140	55556	55242	2.72e-158	571
accn|JBDJKC010000001	ICEberg|1719|ICEHso4|GenBank|CP018803.1|686759..761246_Histophilus_somni_strain_USDA-ARS-USMARC-63255_chromosome__complete_genome	96.000	50	2	0	383250	383299	41893	41844	5.59e-11	82.4
accn|JBDJKC010000001	ICEberg|1719|ICEHso4|GenBank|CP018803.1|686759..761246_Histophilus_somni_strain_USDA-ARS-USMARC-63255_chromosome__complete_genome	96.000	50	2	0	383305	383354	41948	41899	5.59e-11	82.4
accn|JBDJKC010000001	ICEberg|1719|ICEHso4|GenBank|CP018803.1|686759..761246_Histophilus_somni_strain_USDA-ARS-USMARC-63255_chromosome__complete_genome	95.918	49	2	0	612763	612811	72535	72583	2.01e-10	80.5
accn|JBDJKC010000001	ICEberg|1719|ICEHso4|GenBank|CP018803.1|686759..761246_Histophilus_somni_strain_USDA-ARS-USMARC-63255_chromosome__complete_genome	95.918	49	2	0	333752	333800	72583	72535	2.01e-10	80.5
accn|JBDJKC010000001	ICEberg|1716|ICEHs02|GenBank|CP042993.1|687500..760418_Histophilus_somni_strain_UOC-KLM-ATR-014_chromosome__complete_genome	99.918	47553	34	4	369319	416868	55830	8280	0.0	87600
accn|JBDJKC010000001	ICEberg|1716|ICEHs02|GenBank|CP042993.1|687500..760418_Histophilus_somni_strain_UOC-KLM-ATR-014_chromosome__complete_genome	99.961	5174	2	0	361439	366612	67773	62600	0.0	9544
accn|JBDJKC010000001	ICEberg|1716|ICEHs02|GenBank|CP042993.1|687500..760418_Histophilus_somni_strain_UOC-KLM-ATR-014_chromosome__complete_genome	100.000	2002	0	0	2344210	2346211	8280	10281	0.0	3698
accn|JBDJKC010000001	ICEberg|1716|ICEHs02|GenBank|CP042993.1|687500..760418_Histophilus_somni_strain_UOC-KLM-ATR-014_chromosome__complete_genome	99.813	1070	2	0	368881	369950	69382	68313	0.0	1965
accn|JBDJKC010000001	ICEberg|1716|ICEHs02|GenBank|CP042993.1|687500..760418_Histophilus_somni_strain_UOC-KLM-ATR-014_chromosome__complete_genome	100.000	310	0	0	366826	367135	68621	68312	7.56e-159	573
accn|JBDJKC010000001	ICEberg|1716|ICEHs02|GenBank|CP042993.1|687500..760418_Histophilus_somni_strain_UOC-KLM-ATR-014_chromosome__complete_genome	99.365	315	2	0	366826	367140	55507	55193	2.72e-158	571
accn|JBDJKC010000001	ICEberg|1716|ICEHs02|GenBank|CP042993.1|687500..760418_Histophilus_somni_strain_UOC-KLM-ATR-014_chromosome__complete_genome	96.296	54	1	1	614833	614885	72919	72866	1.20e-12	87.9
accn|JBDJKC010000001	ICEberg|1716|ICEHs02|GenBank|CP042993.1|687500..760418_Histophilus_somni_strain_UOC-KLM-ATR-014_chromosome__complete_genome	96.000	50	2	0	383250	383299	41844	41795	5.59e-11	82.4
accn|JBDJKC010000001	ICEberg|1716|ICEHs02|GenBank|CP042993.1|687500..760418_Histophilus_somni_strain_UOC-KLM-ATR-014_chromosome__complete_genome	96.000	50	2	0	383305	383354	41899	41850	5.59e-11	82.4
accn|JBDJKC010000001	ICEberg|1716|ICEHs02|GenBank|CP042993.1|687500..760418_Histophilus_somni_strain_UOC-KLM-ATR-014_chromosome__complete_genome	95.918	49	2	0	612763	612811	72487	72535	2.01e-10	80.5
accn|JBDJKC010000001	ICEberg|1716|ICEHs02|GenBank|CP042993.1|687500..760418_Histophilus_somni_strain_UOC-KLM-ATR-014_chromosome__complete_genome	95.918	49	2	0	333752	333800	72535	72487	2.01e-10	80.5
accn|JBDJKC010000001	ICEberg|440|ICEPmu1|GenBank|CP003022|273284..355497_Pasteurella_multocida_36950__complete_genome	99.964	44739	14	2	368881	413618	18124	62861	0.0	82527
accn|JBDJKC010000001	ICEberg|440|ICEPmu1|GenBank|CP003022|273284..355497_Pasteurella_multocida_36950__complete_genome	100.000	8297	0	0	417038	425334	73916	82212	0.0	15322
accn|JBDJKC010000001	ICEberg|440|ICEPmu1|GenBank|CP003022|273284..355497_Pasteurella_multocida_36950__complete_genome	99.942	5174	2	1	361439	366612	5092	10264	0.0	9537
accn|JBDJKC010000001	ICEberg|440|ICEPmu1|GenBank|CP003022|273284..355497_Pasteurella_multocida_36950__complete_genome	99.929	4210	2	1	412679	416887	69633	73842	0.0	7757
accn|JBDJKC010000001	ICEberg|440|ICEPmu1|GenBank|CP003022|273284..355497_Pasteurella_multocida_36950__complete_genome	100.000	2046	0	0	2344191	2346236	73842	71797	0.0	3779
accn|JBDJKC010000001	ICEberg|440|ICEPmu1|GenBank|CP003022|273284..355497_Pasteurella_multocida_36950__complete_genome	99.346	1070	7	0	368881	369950	3483	4552	0.0	1938
accn|JBDJKC010000001	ICEberg|440|ICEPmu1|GenBank|CP003022|273284..355497_Pasteurella_multocida_36950__complete_genome	100.000	310	0	0	366826	367135	4244	4553	7.56e-159	573
accn|JBDJKC010000001	ICEberg|440|ICEPmu1|GenBank|CP003022|273284..355497_Pasteurella_multocida_36950__complete_genome	100.000	309	0	0	366826	367134	18885	19193	2.72e-158	571
accn|JBDJKC010000001	ICEberg|440|ICEPmu1|GenBank|CP003022|273284..355497_Pasteurella_multocida_36950__complete_genome	96.000	50	2	0	383305	383354	32493	32542	5.59e-11	82.4
accn|JBDJKC010000001	ICEberg|440|ICEPmu1|GenBank|CP003022|273284..355497_Pasteurella_multocida_36950__complete_genome	96.000	50	2	0	383250	383299	32548	32597	5.59e-11	82.4
accn|JBDJKC010000001	ICEberg|440|ICEPmu1|GenBank|CP003022|273284..355497_Pasteurella_multocida_36950__complete_genome	95.918	49	2	0	333752	333800	331	379	2.01e-10	80.5
accn|JBDJKC010000001	ICEberg|440|ICEPmu1|GenBank|CP003022|273284..355497_Pasteurella_multocida_36950__complete_genome	95.918	49	2	0	612763	612811	379	331	2.01e-10	80.5
accn|JBDJKC010000001	ICEberg|1734|ICEMh3|GenBank|CP006942.1|959858..1026317_Mannheimia_sp._USDA-ARS-USMARC-1261__complete_genome	99.934	42386	26	2	369951	412336	65298	22915	0.0	78116
accn|JBDJKC010000001	ICEberg|1734|ICEMh3|GenBank|CP006942.1|959858..1026317_Mannheimia_sp._USDA-ARS-USMARC-1261__complete_genome	99.672	8235	5	1	417038	425272	8213	1	0.0	15038
accn|JBDJKC010000001	ICEberg|1734|ICEMh3|GenBank|CP006942.1|959858..1026317_Mannheimia_sp._USDA-ARS-USMARC-1261__complete_genome	99.716	2817	8	0	412027	414843	16421	13605	0.0	5158
accn|JBDJKC010000001	ICEberg|1734|ICEMh3|GenBank|CP006942.1|959858..1026317_Mannheimia_sp._USDA-ARS-USMARC-1261__complete_genome	96.000	50	2	0	383250	383299	51944	51895	5.59e-11	82.4
accn|JBDJKC010000001	ICEberg|1734|ICEMh3|GenBank|CP006942.1|959858..1026317_Mannheimia_sp._USDA-ARS-USMARC-1261__complete_genome	96.000	50	2	0	383305	383354	51999	51950	5.59e-11	82.4
accn|JBDJKC010000001	ICEberg|441|ICEHso2336-1|GenBank|CP000947|1927921..1994529_Haemophilus_somnus_2336__complete_genome	99.941	39020	21	1	373306	412323	4602	43621	0.0	71928
accn|JBDJKC010000001	ICEberg|441|ICEHso2336-1|GenBank|CP000947|1927921..1994529_Haemophilus_somnus_2336__complete_genome	99.675	8297	5	1	417038	425334	58335	66609	0.0	15152
accn|JBDJKC010000001	ICEberg|441|ICEHso2336-1|GenBank|CP000947|1927921..1994529_Haemophilus_somnus_2336__complete_genome	99.752	2820	7	0	412024	414843	50124	52943	0.0	5169
accn|JBDJKC010000001	ICEberg|441|ICEHso2336-1|GenBank|CP000947|1927921..1994529_Haemophilus_somnus_2336__complete_genome	99.077	1084	9	1	368874	369957	4607	3525	0.0	1945
accn|JBDJKC010000001	ICEberg|441|ICEHso2336-1|GenBank|CP000947|1927921..1994529_Haemophilus_somnus_2336__complete_genome	99.365	315	2	0	366826	367140	3840	3526	2.72e-158	571
accn|JBDJKC010000001	ICEberg|441|ICEHso2336-1|GenBank|CP000947|1927921..1994529_Haemophilus_somnus_2336__complete_genome	100.000	49	0	0	369951	369999	3482	3530	9.28e-14	91.6
accn|JBDJKC010000001	ICEberg|441|ICEHso2336-1|GenBank|CP000947|1927921..1994529_Haemophilus_somnus_2336__complete_genome	96.000	50	2	0	383305	383354	14546	14595	5.59e-11	82.4
accn|JBDJKC010000001	ICEberg|441|ICEHso2336-1|GenBank|CP000947|1927921..1994529_Haemophilus_somnus_2336__complete_genome	96.000	50	2	0	383250	383299	14601	14650	5.59e-11	82.4
accn|JBDJKC010000001	ICEberg|441|ICEHso2336-1|GenBank|CP000947|1927921..1994529_Haemophilus_somnus_2336__complete_genome	95.918	49	2	0	333752	333800	331	379	2.01e-10	80.5
accn|JBDJKC010000001	ICEberg|441|ICEHso2336-1|GenBank|CP000947|1927921..1994529_Haemophilus_somnus_2336__complete_genome	95.918	49	2	0	612763	612811	379	331	2.01e-10	80.5
accn|JBDJKC010000001	ICEberg|1717|ICEHs1|GenBank|MF136609.1|1..64932_Histophilus_somni_strain_AVI_1_integrative_conjugative_element_ICEHs1__complete_sequence	99.800	39028	63	13	373306	412326	4617	43636	0.0	71645
accn|JBDJKC010000001	ICEberg|1717|ICEHs1|GenBank|MF136609.1|1..64932_Histophilus_somni_strain_AVI_1_integrative_conjugative_element_ICEHs1__complete_sequence	99.149	2821	22	2	412023	414843	49417	52235	0.0	5075
accn|JBDJKC010000001	ICEberg|1717|ICEHs1|GenBank|MF136609.1|1..64932_Histophilus_somni_strain_AVI_1_integrative_conjugative_element_ICEHs1__complete_sequence	99.921	1268	1	0	413576	414843	44269	45536	0.0	2337
accn|JBDJKC010000001	ICEberg|1717|ICEHs1|GenBank|MF136609.1|1..64932_Histophilus_somni_strain_AVI_1_integrative_conjugative_element_ICEHs1__complete_sequence	99.091	1100	9	1	368874	369973	4622	3524	0.0	1977
accn|JBDJKC010000001	ICEberg|1717|ICEHs1|GenBank|MF136609.1|1..64932_Histophilus_somni_strain_AVI_1_integrative_conjugative_element_ICEHs1__complete_sequence	99.365	315	2	0	366826	367140	3855	3541	2.72e-158	571
accn|JBDJKC010000001	ICEberg|1717|ICEHs1|GenBank|MF136609.1|1..64932_Histophilus_somni_strain_AVI_1_integrative_conjugative_element_ICEHs1__complete_sequence	96.000	50	2	0	383305	383354	14561	14610	5.59e-11	82.4
accn|JBDJKC010000001	ICEberg|1717|ICEHs1|GenBank|MF136609.1|1..64932_Histophilus_somni_strain_AVI_1_integrative_conjugative_element_ICEHs1__complete_sequence	96.000	50	2	0	383250	383299	14616	14665	5.59e-11	82.4
accn|JBDJKC010000001	ICEberg|1717|ICEHs1|GenBank|MF136609.1|1..64932_Histophilus_somni_strain_AVI_1_integrative_conjugative_element_ICEHs1__complete_sequence	95.918	49	2	0	333752	333800	344	392	2.01e-10	80.5
accn|JBDJKC010000001	ICEberg|1717|ICEHs1|GenBank|MF136609.1|1..64932_Histophilus_somni_strain_AVI_1_integrative_conjugative_element_ICEHs1__complete_sequence	95.918	49	2	0	612763	612811	392	344	2.01e-10	80.5
accn|JBDJKC010000001	ICEberg|1717|ICEHs1|GenBank|MF136609.1|1..64932_Histophilus_somni_strain_AVI_1_integrative_conjugative_element_ICEHs1__complete_sequence	100.000	38	0	0	392323	392360	23706	23743	1.21e-07	71.3
accn|JBDJKC010000001	ICEberg|1736|ICEMha2|GenBank|NC_020833.2|1557279..1616347_Mannheimia_haemolytica_USDA-ARS-USMARC-183__complete_sequence	99.981	31562	5	1	327910	359470	1	31562	0.0	58249
accn|JBDJKC010000001	ICEberg|1736|ICEMha2|GenBank|NC_020833.2|1557279..1616347_Mannheimia_haemolytica_USDA-ARS-USMARC-183__complete_sequence	99.533	3425	16	0	611356	614780	7298	3874	0.0	6237
accn|JBDJKC010000001	ICEberg|1736|ICEMha2|GenBank|NC_020833.2|1557279..1616347_Mannheimia_haemolytica_USDA-ARS-USMARC-183__complete_sequence	96.648	2088	59	8	574427	576512	43105	45183	0.0	3458
accn|JBDJKC010000001	ICEberg|1736|ICEMha2|GenBank|NC_020833.2|1557279..1616347_Mannheimia_haemolytica_USDA-ARS-USMARC-183__complete_sequence	99.834	1206	2	0	2578461	2579666	7303	6098	0.0	2217
accn|JBDJKC010000001	ICEberg|1736|ICEMha2|GenBank|NC_020833.2|1557279..1616347_Mannheimia_haemolytica_USDA-ARS-USMARC-183__complete_sequence	99.917	1202	1	0	359470	360671	6097	7298	0.0	2215
accn|JBDJKC010000001	ICEberg|1736|ICEMha2|GenBank|NC_020833.2|1557279..1616347_Mannheimia_haemolytica_USDA-ARS-USMARC-183__complete_sequence	99.917	1202	1	0	161011	162212	7299	6098	0.0	2215
accn|JBDJKC010000001	ICEberg|1736|ICEMha2|GenBank|NC_020833.2|1557279..1616347_Mannheimia_haemolytica_USDA-ARS-USMARC-183__complete_sequence	99.834	1204	2	0	1190222	1191425	6098	7301	0.0	2213
accn|JBDJKC010000001	ICEberg|1736|ICEMha2|GenBank|NC_020833.2|1557279..1616347_Mannheimia_haemolytica_USDA-ARS-USMARC-183__complete_sequence	99.917	1201	1	0	2609041	2610241	7298	6098	0.0	2213
accn|JBDJKC010000001	ICEberg|1736|ICEMha2|GenBank|NC_020833.2|1557279..1616347_Mannheimia_haemolytica_USDA-ARS-USMARC-183__complete_sequence	99.917	1201	1	0	176273	177473	6098	7298	0.0	2213
accn|JBDJKC010000001	ICEberg|1736|ICEMha2|GenBank|NC_020833.2|1557279..1616347_Mannheimia_haemolytica_USDA-ARS-USMARC-183__complete_sequence	99.917	1201	1	0	595309	596509	6098	7298	0.0	2213
accn|JBDJKC010000001	ICEberg|1736|ICEMha2|GenBank|NC_020833.2|1557279..1616347_Mannheimia_haemolytica_USDA-ARS-USMARC-183__complete_sequence	99.917	1201	1	0	1262715	1263915	6098	7298	0.0	2213
accn|JBDJKC010000001	ICEberg|1736|ICEMha2|GenBank|NC_020833.2|1557279..1616347_Mannheimia_haemolytica_USDA-ARS-USMARC-183__complete_sequence	99.917	1201	1	0	1592774	1593974	6098	7298	0.0	2213
accn|JBDJKC010000001	ICEberg|1736|ICEMha2|GenBank|NC_020833.2|1557279..1616347_Mannheimia_haemolytica_USDA-ARS-USMARC-183__complete_sequence	99.750	1201	3	0	1731640	1732840	7298	6098	0.0	2202
accn|JBDJKC010000001	ICEberg|1736|ICEMha2|GenBank|NC_020833.2|1557279..1616347_Mannheimia_haemolytica_USDA-ARS-USMARC-183__complete_sequence	99.585	1206	5	0	2388017	2389222	7303	6098	0.0	2200
accn|JBDJKC010000001	ICEberg|1736|ICEMha2|GenBank|NC_020833.2|1557279..1616347_Mannheimia_haemolytica_USDA-ARS-USMARC-183__complete_sequence	99.501	1202	6	0	2241459	2242660	7298	6097	0.0	2187
accn|JBDJKC010000001	ICEberg|1736|ICEMha2|GenBank|NC_020833.2|1557279..1616347_Mannheimia_haemolytica_USDA-ARS-USMARC-183__complete_sequence	99.176	1213	7	3	1726513	1727723	7303	6092	0.0	2182
accn|JBDJKC010000001	ICEberg|1736|ICEMha2|GenBank|NC_020833.2|1557279..1616347_Mannheimia_haemolytica_USDA-ARS-USMARC-183__complete_sequence	99.395	1157	6	1	765184	766339	6098	7254	0.0	2097
accn|JBDJKC010000001	ICEberg|1736|ICEMha2|GenBank|NC_020833.2|1557279..1616347_Mannheimia_haemolytica_USDA-ARS-USMARC-183__complete_sequence	96.922	1202	37	0	605314	606515	6098	7299	0.0	2015
accn|JBDJKC010000001	ICEberg|1736|ICEMha2|GenBank|NC_020833.2|1557279..1616347_Mannheimia_haemolytica_USDA-ARS-USMARC-183__complete_sequence	100.000	769	0	0	360671	361439	31555	32323	0.0	1421
accn|JBDJKC010000001	ICEberg|1736|ICEMha2|GenBank|NC_020833.2|1557279..1616347_Mannheimia_haemolytica_USDA-ARS-USMARC-183__complete_sequence	96.181	864	29	4	590270	591131	46745	47606	0.0	1410
accn|JBDJKC010000001	ICEberg|1736|ICEMha2|GenBank|NC_020833.2|1557279..1616347_Mannheimia_haemolytica_USDA-ARS-USMARC-183__complete_sequence	99.864	737	1	0	2353421	2354157	7298	6562	0.0	1356
accn|JBDJKC010000001	ICEberg|1736|ICEMha2|GenBank|NC_020833.2|1557279..1616347_Mannheimia_haemolytica_USDA-ARS-USMARC-183__complete_sequence	99.860	712	1	0	2474170	2474881	7298	6587	0.0	1310
accn|JBDJKC010000001	ICEberg|1736|ICEMha2|GenBank|NC_020833.2|1557279..1616347_Mannheimia_haemolytica_USDA-ARS-USMARC-183__complete_sequence	96.522	460	16	0	2474877	2475336	6557	6098	0.0	761
accn|JBDJKC010000001	ICEberg|1736|ICEMha2|GenBank|NC_020833.2|1557279..1616347_Mannheimia_haemolytica_USDA-ARS-USMARC-183__complete_sequence	100.000	401	0	0	163673	164073	6898	7298	0.0	741
accn|JBDJKC010000001	ICEberg|1736|ICEMha2|GenBank|NC_020833.2|1557279..1616347_Mannheimia_haemolytica_USDA-ARS-USMARC-183__complete_sequence	99.650	286	1	0	261174	261459	7014	7299	7.72e-144	523
accn|JBDJKC010000001	ICEberg|1736|ICEMha2|GenBank|NC_020833.2|1557279..1616347_Mannheimia_haemolytica_USDA-ARS-USMARC-183__complete_sequence	99.593	246	1	0	571158	571403	7301	7056	1.33e-121	449
accn|JBDJKC010000001	ICEberg|1736|ICEMha2|GenBank|NC_020833.2|1557279..1616347_Mannheimia_haemolytica_USDA-ARS-USMARC-183__complete_sequence	97.312	186	4	1	607990	608175	7298	7114	5.06e-81	315
accn|JBDJKC010000001	ICEberg|1736|ICEMha2|GenBank|NC_020833.2|1557279..1616347_Mannheimia_haemolytica_USDA-ARS-USMARC-183__complete_sequence	95.187	187	8	1	607989	608175	10476	10291	6.59e-75	294
accn|JBDJKC010000001	ICEberg|1736|ICEMha2|GenBank|NC_020833.2|1557279..1616347_Mannheimia_haemolytica_USDA-ARS-USMARC-183__complete_sequence	100.000	90	0	0	261086	261175	6098	6187	1.50e-36	167
accn|JBDJKC010000001	ICEberg|1736|ICEMha2|GenBank|NC_020833.2|1557279..1616347_Mannheimia_haemolytica_USDA-ARS-USMARC-183__complete_sequence	100.000	59	0	0	614825	614883	3825	3883	2.56e-19	110
accn|JBDJKC010000001	ICEberg|1736|ICEMha2|GenBank|NC_020833.2|1557279..1616347_Mannheimia_haemolytica_USDA-ARS-USMARC-183__complete_sequence	95.745	47	2	0	574386	574432	13812	13858	2.60e-09	76.8
accn|JBDJKC010000001	ICEberg|2047|Tn7406|GenBank|CP087379.1|1564187..1622411_Mannheimia_haemolytica_strain_IMT47952_chromosome__complete_genome	96.683	10823	356	1	391178	401997	25177	14355	0.0	17994
accn|JBDJKC010000001	ICEberg|2047|Tn7406|GenBank|CP087379.1|1564187..1622411_Mannheimia_haemolytica_strain_IMT47952_chromosome__complete_genome	96.923	7409	212	2	417941	425334	7408	1	0.0	12405
accn|JBDJKC010000001	ICEberg|2047|Tn7406|GenBank|CP087379.1|1564187..1622411_Mannheimia_haemolytica_strain_IMT47952_chromosome__complete_genome	99.902	2044	2	0	2344191	2346234	39617	37574	0.0	3764
accn|JBDJKC010000001	ICEberg|2047|Tn7406|GenBank|CP087379.1|1564187..1622411_Mannheimia_haemolytica_strain_IMT47952_chromosome__complete_genome	99.902	2044	2	0	414844	416887	37574	39617	0.0	3764
accn|JBDJKC010000001	ICEberg|2047|Tn7406|GenBank|CP087379.1|1564187..1622411_Mannheimia_haemolytica_strain_IMT47952_chromosome__complete_genome	99.944	1773	1	0	363886	365658	41844	43616	0.0	3269
accn|JBDJKC010000001	ICEberg|2047|Tn7406|GenBank|CP087379.1|1564187..1622411_Mannheimia_haemolytica_strain_IMT47952_chromosome__complete_genome	99.903	1026	1	0	365733	366758	51537	52562	0.0	1890
accn|JBDJKC010000001	ICEberg|2047|Tn7406|GenBank|CP087379.1|1564187..1622411_Mannheimia_haemolytica_strain_IMT47952_chromosome__complete_genome	99.529	637	3	0	365759	366395	44326	44962	0.0	1160
accn|JBDJKC010000001	ICEberg|2047|Tn7406|GenBank|CP087379.1|1564187..1622411_Mannheimia_haemolytica_strain_IMT47952_chromosome__complete_genome	100.000	113	0	0	344209	344321	37573	37461	2.46e-49	209
accn|JBDJKC010000001	ICEberg|2047|Tn7406|GenBank|CP087379.1|1564187..1622411_Mannheimia_haemolytica_strain_IMT47952_chromosome__complete_genome	96.610	59	1	1	612561	612619	57863	57920	2.00e-15	97.1
accn|JBDJKC010000001	ICEberg|2047|Tn7406|GenBank|CP087379.1|1564187..1622411_Mannheimia_haemolytica_strain_IMT47952_chromosome__complete_genome	96.610	59	1	1	333943	334001	57920	57863	2.00e-15	97.1
accn|JBDJKC010000001	ICEberg|2047|Tn7406|GenBank|CP087379.1|1564187..1622411_Mannheimia_haemolytica_strain_IMT47952_chromosome__complete_genome	100.000	36	0	0	572831	572866	37538	37573	1.56e-06	67.6
accn|JBDJKC010000001	ICEberg|2047|Tn7406|GenBank|CP087379.1|1564187..1622411_Mannheimia_haemolytica_strain_IMT47952_chromosome__complete_genome	95.238	42	2	0	574386	574427	54985	54944	1.56e-06	67.6
accn|JBDJKC010000001	ICEberg|1698|ICEGpa3|GenBank|CP018032.1|1710663..1776472_Glaesserella_parasuis_D74__complete_sequence	95.363	6448	284	14	339377	345815	43884	37443	0.0	10237
accn|JBDJKC010000001	ICEberg|1698|ICEGpa3|GenBank|CP018032.1|1710663..1776472_Glaesserella_parasuis_D74__complete_sequence	95.683	4911	196	11	378280	383185	37295	32396	0.0	7880
accn|JBDJKC010000001	ICEberg|1698|ICEGpa3|GenBank|CP018032.1|1710663..1776472_Glaesserella_parasuis_D74__complete_sequence	98.477	1379	21	0	576985	578363	14974	13596	0.0	2431
accn|JBDJKC010000001	ICEberg|1698|ICEGpa3|GenBank|CP018032.1|1710663..1776472_Glaesserella_parasuis_D74__complete_sequence	96.575	438	15	0	106102	106539	49901	49464	0.0	726
accn|JBDJKC010000001	ICEberg|1698|ICEGpa3|GenBank|CP018032.1|1710663..1776472_Glaesserella_parasuis_D74__complete_sequence	100.000	47	0	0	574386	574432	41541	41495	1.20e-12	87.9
accn|JBDJKC010000001	ICEberg|1698|ICEGpa3|GenBank|CP018032.1|1710663..1776472_Glaesserella_parasuis_D74__complete_sequence	97.959	49	1	0	612763	612811	44559	44607	4.32e-12	86.1
accn|JBDJKC010000001	ICEberg|1698|ICEGpa3|GenBank|CP018032.1|1710663..1776472_Glaesserella_parasuis_D74__complete_sequence	97.959	49	1	0	333752	333800	44607	44559	4.32e-12	86.1
accn|JBDJKC010000001	ICEberg|1692|ICEGpa1804|GenBank|CP069308.1|717521..789400_Glaesserella_parasuis_strain_EHP1804_chromosome__complete_genome	99.929	4220	3	0	361439	365658	64311	60092	0.0	7777
accn|JBDJKC010000001	ICEberg|1692|ICEGpa1804|GenBank|CP069308.1|717521..789400_Glaesserella_parasuis_strain_EHP1804_chromosome__complete_genome	99.567	1387	4	2	365759	367144	59382	57997	0.0	2527
accn|JBDJKC010000001	ICEberg|1692|ICEGpa1804|GenBank|CP069308.1|717521..789400_Glaesserella_parasuis_strain_EHP1804_chromosome__complete_genome	98.890	1081	11	1	368880	369959	55977	54897	0.0	1929
accn|JBDJKC010000001	ICEberg|1692|ICEGpa1804|GenBank|CP069308.1|717521..789400_Glaesserella_parasuis_strain_EHP1804_chromosome__complete_genome	99.066	1071	10	0	368880	369950	66001	64931	0.0	1923
accn|JBDJKC010000001	ICEberg|1692|ICEGpa1804|GenBank|CP069308.1|717521..789400_Glaesserella_parasuis_strain_EHP1804_chromosome__complete_genome	100.000	309	0	0	366826	367134	55215	54907	2.72e-158	571
accn|JBDJKC010000001	ICEberg|1692|ICEGpa1804|GenBank|CP069308.1|717521..789400_Glaesserella_parasuis_strain_EHP1804_chromosome__complete_genome	100.000	309	0	0	369642	369950	58315	58007	2.72e-158	571
accn|JBDJKC010000001	ICEberg|1692|ICEGpa1804|GenBank|CP069308.1|717521..789400_Glaesserella_parasuis_strain_EHP1804_chromosome__complete_genome	97.892	332	4	3	366826	367156	65239	64910	2.72e-158	571
accn|JBDJKC010000001	ICEberg|1603|ICEAsu1|GenBank|CP009159.1|982132..1037894_Actinobacillus_suis_ATCC_33415__complete_genome	99.523	3984	16	3	408044	412026	20153	16172	0.0	7249
accn|JBDJKC010000001	ICEberg|1603|ICEAsu1|GenBank|CP009159.1|982132..1037894_Actinobacillus_suis_ATCC_33415__complete_genome	98.889	90	1	0	417038	417127	8134	8045	6.98e-35	161
accn|JBDJKC010000001	ICEberg|1713|ICEHpa1|GenBank|CP054198.1|1511383..1580304_Glaesserella_parasuis_strain_YHP170504_chromosome__complete_genome	99.712	3125	9	0	366826	369950	6686	9810	0.0	5722
accn|JBDJKC010000001	ICEberg|1713|ICEHpa1|GenBank|CP054198.1|1511383..1580304_Glaesserella_parasuis_strain_YHP170504_chromosome__complete_genome	99.801	3017	6	0	362639	365655	13916	10900	0.0	5539
accn|JBDJKC010000001	ICEberg|1713|ICEHpa1|GenBank|CP054198.1|1511383..1580304_Glaesserella_parasuis_strain_YHP170504_chromosome__complete_genome	99.162	1074	9	0	368877	369950	5921	6994	0.0	1934
accn|JBDJKC010000001	ICEberg|1713|ICEHpa1|GenBank|CP054198.1|1511383..1580304_Glaesserella_parasuis_strain_YHP170504_chromosome__complete_genome	96.459	1073	38	0	368878	369950	13914	14986	0.0	1772
accn|JBDJKC010000001	ICEberg|1713|ICEHpa1|GenBank|CP054198.1|1511383..1580304_Glaesserella_parasuis_strain_YHP170504_chromosome__complete_genome	100.000	831	0	0	365801	366631	10900	10070	0.0	1535
accn|JBDJKC010000001	ICEberg|1713|ICEHpa1|GenBank|CP054198.1|1511383..1580304_Glaesserella_parasuis_strain_YHP170504_chromosome__complete_genome	99.355	310	2	0	366826	367135	9502	9811	1.64e-155	562
accn|JBDJKC010000001	ICEberg|1713|ICEHpa1|GenBank|CP054198.1|1511383..1580304_Glaesserella_parasuis_strain_YHP170504_chromosome__complete_genome	98.706	309	4	0	366826	367134	14678	14986	1.27e-151	549
accn|JBDJKC010000001	ICEberg|1713|ICEHpa1|GenBank|CP054198.1|1511383..1580304_Glaesserella_parasuis_strain_YHP170504_chromosome__complete_genome	97.436	117	3	0	368596	368712	6997	7113	1.48e-46	200
accn|JBDJKC010000001	ICEberg|1713|ICEHpa1|GenBank|CP054198.1|1511383..1580304_Glaesserella_parasuis_strain_YHP170504_chromosome__complete_genome	97.436	117	3	0	367137	367253	8456	8572	1.48e-46	200
accn|JBDJKC010000001	ICEberg|1713|ICEHpa1|GenBank|CP054198.1|1511383..1580304_Glaesserella_parasuis_strain_YHP170504_chromosome__complete_genome	98.214	56	0	1	331737	331792	1	55	2.00e-15	97.1
accn|JBDJKC010000001	ICEberg|1713|ICEHpa1|GenBank|CP054198.1|1511383..1580304_Glaesserella_parasuis_strain_YHP170504_chromosome__complete_genome	98.214	56	0	1	614828	614883	1	55	2.00e-15	97.1
accn|JBDJKC010000001	ICEberg|1697|ICEGpa2|GenBank|CP049090.1|1351751..1421790_Glaesserella_parasuis_strain_aHPS7_chromosome__complete_genome	99.329	3131	15	1	366826	369950	8164	11294	0.0	5661
accn|JBDJKC010000001	ICEberg|1697|ICEGpa2|GenBank|CP049090.1|1351751..1421790_Glaesserella_parasuis_strain_aHPS7_chromosome__complete_genome	99.801	3017	6	0	362639	365655	15343	12327	0.0	5539
accn|JBDJKC010000001	ICEberg|1697|ICEGpa2|GenBank|CP049090.1|1351751..1421790_Glaesserella_parasuis_strain_aHPS7_chromosome__complete_genome	98.510	1074	16	0	368877	369950	7399	8472	0.0	1895
accn|JBDJKC010000001	ICEberg|1697|ICEGpa2|GenBank|CP049090.1|1351751..1421790_Glaesserella_parasuis_strain_aHPS7_chromosome__complete_genome	96.552	1073	37	0	368878	369950	15341	16413	0.0	1777
accn|JBDJKC010000001	ICEberg|1697|ICEGpa2|GenBank|CP049090.1|1351751..1421790_Glaesserella_parasuis_strain_aHPS7_chromosome__complete_genome	100.000	831	0	0	365801	366631	12327	11497	0.0	1535
accn|JBDJKC010000001	ICEberg|1697|ICEGpa2|GenBank|CP049090.1|1351751..1421790_Glaesserella_parasuis_strain_aHPS7_chromosome__complete_genome	99.677	310	1	0	366826	367135	10986	11295	3.52e-157	568
accn|JBDJKC010000001	ICEberg|1697|ICEGpa2|GenBank|CP049090.1|1351751..1421790_Glaesserella_parasuis_strain_aHPS7_chromosome__complete_genome	97.188	320	7	2	366826	367144	16105	16423	7.67e-149	540
accn|JBDJKC010000001	ICEberg|1697|ICEGpa2|GenBank|CP049090.1|1351751..1421790_Glaesserella_parasuis_strain_aHPS7_chromosome__complete_genome	97.436	117	3	0	368596	368712	8475	8591	1.48e-46	200
accn|JBDJKC010000001	ICEberg|1697|ICEGpa2|GenBank|CP049090.1|1351751..1421790_Glaesserella_parasuis_strain_aHPS7_chromosome__complete_genome	97.436	117	3	0	367137	367253	9940	10056	1.48e-46	200
accn|JBDJKC010000001	ICEberg|1697|ICEGpa2|GenBank|CP049090.1|1351751..1421790_Glaesserella_parasuis_strain_aHPS7_chromosome__complete_genome	100.000	56	0	0	331737	331792	1478	1533	1.19e-17	104
accn|JBDJKC010000001	ICEberg|1697|ICEGpa2|GenBank|CP049090.1|1351751..1421790_Glaesserella_parasuis_strain_aHPS7_chromosome__complete_genome	100.000	56	0	0	614828	614883	1478	1533	1.19e-17	104
accn|JBDJKC010000001	PID|170717971|gi|170717206|ref|NC_010519.1|_c1948550-1945713_Haemophilus_somnus_2336_chromosome__complete_genome	99.965	2838	1	0	386497	389334	2838	1	0.0	5236
accn|JBDJKC010000001	ICEberg|1602|ICEAsp1|GenBank|MW030510.1|1..72978_Actinobacillus_sp._ICEAsp1_mobile_element__complete_sequence	99.777	2243	5	0	362639	364881	55130	57372	0.0	4115
accn|JBDJKC010000001	ICEberg|1602|ICEAsp1|GenBank|MW030510.1|1..72978_Actinobacillus_sp._ICEAsp1_mobile_element__complete_sequence	99.066	1071	10	0	368880	369950	67053	65983	0.0	1923
accn|JBDJKC010000001	ICEberg|1602|ICEAsp1|GenBank|MW030510.1|1..72978_Actinobacillus_sp._ICEAsp1_mobile_element__complete_sequence	98.879	1070	12	0	368881	369950	60628	59559	0.0	1910
accn|JBDJKC010000001	ICEberg|1602|ICEAsp1|GenBank|MW030510.1|1..72978_Actinobacillus_sp._ICEAsp1_mobile_element__complete_sequence	98.242	1081	17	1	368870	369950	63382	62304	0.0	1890
accn|JBDJKC010000001	ICEberg|1602|ICEAsp1|GenBank|MW030510.1|1..72978_Actinobacillus_sp._ICEAsp1_mobile_element__complete_sequence	96.449	1070	37	1	368881	369950	55129	54061	0.0	1764
accn|JBDJKC010000001	ICEberg|1602|ICEAsp1|GenBank|MW030510.1|1..72978_Actinobacillus_sp._ICEAsp1_mobile_element__complete_sequence	100.000	831	0	0	365801	366631	58526	59356	0.0	1535
accn|JBDJKC010000001	ICEberg|1602|ICEAsp1|GenBank|MW030510.1|1..72978_Actinobacillus_sp._ICEAsp1_mobile_element__complete_sequence	100.000	309	0	0	366826	367134	66291	65983	2.72e-158	571
accn|JBDJKC010000001	ICEberg|1602|ICEAsp1|GenBank|MW030510.1|1..72978_Actinobacillus_sp._ICEAsp1_mobile_element__complete_sequence	99.677	310	1	0	366826	367135	59867	59558	3.52e-157	568
accn|JBDJKC010000001	ICEberg|1602|ICEAsp1|GenBank|MW030510.1|1..72978_Actinobacillus_sp._ICEAsp1_mobile_element__complete_sequence	99.032	310	3	0	366826	367135	62612	62303	7.62e-154	556
accn|JBDJKC010000001	ICEberg|1602|ICEAsp1|GenBank|MW030510.1|1..72978_Actinobacillus_sp._ICEAsp1_mobile_element__complete_sequence	98.382	309	4	1	366826	367134	54368	54061	2.13e-149	542
accn|JBDJKC010000001	ICEberg|1602|ICEAsp1|GenBank|MW030510.1|1..72978_Actinobacillus_sp._ICEAsp1_mobile_element__complete_sequence	100.000	64	0	0	363992	364055	58463	58526	4.26e-22	119
accn|JBDJKC010000001	PID|170717986|gi|170717206|ref|NC_010519.1|_c1957154-1954953_Haemophilus_somnus_2336_chromosome__complete_genome	99.955	2202	1	0	395737	397938	2202	1	0.0	4061
accn|JBDJKC010000001	PID|170717964|gi|170717206|ref|NC_010519.1|_1939940-1941952_Haemophilus_somnus_2336_chromosome__complete_genome	99.950	2013	1	0	380724	382736	1	2013	0.0	3712
accn|JBDJKC010000001	ICEberg|50|ICEXcaVe85-1|GenBank|AM039952|2631723..2740954_Xanthomonas_campestris_pv._vesicatoria_complete_genome	99.832	1787	3	0	363886	365672	24753	26539	0.0	3284
accn|JBDJKC010000001	ICEberg|1763|ICEPgs6Chn1|GenBank|MN507533.1|1..116235_Proteus_genomosp._6_strain_T60_sequence	99.832	1784	3	0	363886	365669	22557	24340	0.0	3278
accn|JBDJKC010000001	ICEberg|1763|ICEPgs6Chn1|GenBank|MN507533.1|1..116235_Proteus_genomosp._6_strain_T60_sequence	99.908	1091	1	0	365668	366758	40707	41797	0.0	2010
accn|JBDJKC010000001	ICEberg|1763|ICEPgs6Chn1|GenBank|MN507533.1|1..116235_Proteus_genomosp._6_strain_T60_sequence	99.318	880	6	0	362843	363722	29150	28271	0.0	1592
accn|JBDJKC010000001	ICEberg|1758|ICEPciChn180|GenBank|CP073356.1|3209019..3335275_Proteus_terrae_subsp._cibarius_strain_SDQ8C180-2T_chromosome__complete_genome	99.832	1784	3	0	363886	365669	92163	90380	0.0	3278
accn|JBDJKC010000001	ICEberg|1758|ICEPciChn180|GenBank|CP073356.1|3209019..3335275_Proteus_terrae_subsp._cibarius_strain_SDQ8C180-2T_chromosome__complete_genome	99.908	1091	1	0	365668	366758	74013	72923	0.0	2010
accn|JBDJKC010000001	ICEberg|1758|ICEPciChn180|GenBank|CP073356.1|3209019..3335275_Proteus_terrae_subsp._cibarius_strain_SDQ8C180-2T_chromosome__complete_genome	99.207	883	7	0	362840	363722	85567	86449	0.0	1592
accn|JBDJKC010000001	ICEberg|1935|ICEVchChn1307|GenBank|KJ817376.1|1..104025_Vibrio_cholerae_O1_strain_ICDC-1307_SXT_element__complete_sequence	99.831	1779	3	0	363885	365663	81050	79272	0.0	3269
accn|JBDJKC010000001	ICEberg|1935|ICEVchChn1307|GenBank|KJ817376.1|1..104025_Vibrio_cholerae_O1_strain_ICDC-1307_SXT_element__complete_sequence	99.700	1000	3	0	365759	366758	79284	78285	0.0	1831
accn|JBDJKC010000001	ICEberg|1935|ICEVchChn1307|GenBank|KJ817376.1|1..104025_Vibrio_cholerae_O1_strain_ICDC-1307_SXT_element__complete_sequence	99.043	940	8	1	363886	364825	85003	84065	0.0	1685
accn|JBDJKC010000001	ICEberg|1933|ICEVchChn0956|GenBank|KT151655.1|1..109322_Vibrio_cholerae_strain_ICDC-956_sequence	99.831	1779	3	0	363885	365663	79523	77745	0.0	3269
accn|JBDJKC010000001	ICEberg|1933|ICEVchChn0956|GenBank|KT151655.1|1..109322_Vibrio_cholerae_strain_ICDC-956_sequence	99.700	1000	3	0	365759	366758	77757	76758	0.0	1831
accn|JBDJKC010000001	ICEberg|1933|ICEVchChn0956|GenBank|KT151655.1|1..109322_Vibrio_cholerae_strain_ICDC-956_sequence	99.149	940	8	0	363886	364825	83477	82538	0.0	1692
accn|JBDJKC010000001	ICEberg|1063|ICEVchCHN956|GenBank|KT151655|1..109322_Vibrio_cholerae_strain_ICDC-956_SXT_element_genomic_sequence	99.831	1779	3	0	363885	365663	79523	77745	0.0	3269
accn|JBDJKC010000001	ICEberg|1063|ICEVchCHN956|GenBank|KT151655|1..109322_Vibrio_cholerae_strain_ICDC-956_SXT_element_genomic_sequence	99.700	1000	3	0	365759	366758	77757	76758	0.0	1831
accn|JBDJKC010000001	ICEberg|1063|ICEVchCHN956|GenBank|KT151655|1..109322_Vibrio_cholerae_strain_ICDC-956_SXT_element_genomic_sequence	99.149	940	8	0	363886	364825	83477	82538	0.0	1692
accn|JBDJKC010000001	ICEberg|1059|ICEVchCHN4210|GenBank|KT151662|1..110349_Vibrio_cholerae_strain_ICDC-4210_SXT_element_genomic_sequence	99.831	1779	3	0	363885	365663	79523	77745	0.0	3269
accn|JBDJKC010000001	ICEberg|1059|ICEVchCHN4210|GenBank|KT151662|1..110349_Vibrio_cholerae_strain_ICDC-4210_SXT_element_genomic_sequence	99.700	1000	3	0	365759	366758	77757	76758	0.0	1831
accn|JBDJKC010000001	ICEberg|1059|ICEVchCHN4210|GenBank|KT151662|1..110349_Vibrio_cholerae_strain_ICDC-4210_SXT_element_genomic_sequence	99.255	940	7	0	363886	364825	83477	82538	0.0	1698
accn|JBDJKC010000001	ICEberg|1051|ICEVchCHN1627|GenBank|KT151657|1..102413_Vibrio_cholerae_strain_ICDC-1627_SXT_element_genomic_sequence	99.831	1779	3	0	363885	365663	79523	77745	0.0	3269
accn|JBDJKC010000001	ICEberg|1051|ICEVchCHN1627|GenBank|KT151657|1..102413_Vibrio_cholerae_strain_ICDC-1627_SXT_element_genomic_sequence	99.700	1000	3	0	365759	366758	77757	76758	0.0	1831
accn|JBDJKC010000001	ICEberg|1051|ICEVchCHN1627|GenBank|KT151657|1..102413_Vibrio_cholerae_strain_ICDC-1627_SXT_element_genomic_sequence	99.149	940	8	0	363886	364825	83477	82538	0.0	1692
accn|JBDJKC010000001	ICEberg|1804|ICEPmu3|GenBank|CP038873.1|1026914..1096464_Pasteurella_multocida_strain_FCf45_chromosome__complete_genome	99.887	1775	2	0	363884	365658	56245	54471	0.0	3267
accn|JBDJKC010000001	ICEberg|1804|ICEPmu3|GenBank|CP038873.1|1026914..1096464_Pasteurella_multocida_strain_FCf45_chromosome__complete_genome	99.265	1088	8	0	362651	363738	52118	51031	0.0	1965
accn|JBDJKC010000001	ICEberg|1804|ICEPmu3|GenBank|CP038873.1|1026914..1096464_Pasteurella_multocida_strain_FCf45_chromosome__complete_genome	99.500	1000	5	0	365759	366758	53761	52762	0.0	1820
accn|JBDJKC010000001	ICEberg|1804|ICEPmu3|GenBank|CP038873.1|1026914..1096464_Pasteurella_multocida_strain_FCf45_chromosome__complete_genome	96.104	77	3	0	2414293	2414369	69551	69475	2.54e-24	126
accn|JBDJKC010000001	ICEberg|1804|ICEPmu3|GenBank|CP038873.1|1026914..1096464_Pasteurella_multocida_strain_FCf45_chromosome__complete_genome	96.053	76	3	0	1373393	1373468	69476	69551	9.15e-24	124
accn|JBDJKC010000001	ICEberg|35|ICEVchVie1|GenBank|AB114188|1..23402_Vibrio_cholerae_DNA__integrating_antibiotic_resistance_gene_element	99.775	1779	4	0	363885	365663	17624	19402	0.0	3264
accn|JBDJKC010000001	ICEberg|35|ICEVchVie1|GenBank|AB114188|1..23402_Vibrio_cholerae_DNA__integrating_antibiotic_resistance_gene_element	99.700	1000	3	0	365759	366758	19390	20389	0.0	1831
accn|JBDJKC010000001	ICEberg|35|ICEVchVie1|GenBank|AB114188|1..23402_Vibrio_cholerae_DNA__integrating_antibiotic_resistance_gene_element	99.149	940	8	0	363886	364825	13669	14608	0.0	1692
accn|JBDJKC010000001	ICEberg|1807|ICEPmu4|GenBank|CP038875.1|2009809..2087766_Pasteurella_multocida_strain_FCf83_chromosome__complete_genome	99.887	1772	2	0	363884	365655	71466	69695	0.0	3262
accn|JBDJKC010000001	ICEberg|1807|ICEPmu4|GenBank|CP038875.1|2009809..2087766_Pasteurella_multocida_strain_FCf83_chromosome__complete_genome	100.000	1088	0	0	362651	363738	68094	67007	0.0	2010
accn|JBDJKC010000001	ICEberg|1807|ICEPmu4|GenBank|CP038875.1|2009809..2087766_Pasteurella_multocida_strain_FCf83_chromosome__complete_genome	99.896	958	1	0	365801	366758	69695	68738	0.0	1764
accn|JBDJKC010000001	ICEberg|1807|ICEPmu4|GenBank|CP038875.1|2009809..2087766_Pasteurella_multocida_strain_FCf83_chromosome__complete_genome	96.104	77	3	0	2414293	2414369	1	77	2.54e-24	126
accn|JBDJKC010000001	ICEberg|1807|ICEPmu4|GenBank|CP038875.1|2009809..2087766_Pasteurella_multocida_strain_FCf83_chromosome__complete_genome	96.053	76	3	0	1373393	1373468	76	1	9.15e-24	124
accn|JBDJKC010000001	ICEberg|1598|ICEAplChn1|GenBank|KX196444.1|1..100848_Actinobacillus_pleuropneumoniae_sequence	99.775	1778	4	0	363886	365663	24980	26757	0.0	3262
accn|JBDJKC010000001	ICEberg|1598|ICEAplChn1|GenBank|KX196444.1|1..100848_Actinobacillus_pleuropneumoniae_sequence	99.500	1000	2	1	365759	366758	26745	27741	0.0	1816
accn|JBDJKC010000001	ICEberg|1598|ICEAplChn1|GenBank|KX196444.1|1..100848_Actinobacillus_pleuropneumoniae_sequence	99.797	987	2	0	363970	364956	22732	23718	0.0	1812
accn|JBDJKC010000001	ICEberg|976|ICEKkKWG1|GenBank|LN869922|850916..923591_Kingella_kingae_genome_assembly_KKKWG1__chromosome___I	99.663	1783	6	0	363881	365663	19209	20991	0.0	3260
accn|JBDJKC010000001	ICEberg|976|ICEKkKWG1|GenBank|LN869922|850916..923591_Kingella_kingae_genome_assembly_KKKWG1__chromosome___I	99.496	1787	9	0	363886	365672	29633	31419	0.0	3251
accn|JBDJKC010000001	ICEberg|976|ICEKkKWG1|GenBank|LN869922|850916..923591_Kingella_kingae_genome_assembly_KKKWG1__chromosome___I	99.800	1000	2	0	365759	366758	20979	21978	0.0	1836
accn|JBDJKC010000001	ICEberg|1781|ICEPmiChn-JZ35|GenBank|ON390821.1|1..142200_Proteus_terrae_subsp._cibarius_strain_JZ35_ICEPmiChn-JZ35_mobile_element__complete_sequence	99.606	1778	5	2	363886	365663	86020	84245	0.0	3243
accn|JBDJKC010000001	ICEberg|1781|ICEPmiChn-JZ35|GenBank|ON390821.1|1..142200_Proteus_terrae_subsp._cibarius_strain_JZ35_ICEPmiChn-JZ35_mobile_element__complete_sequence	99.346	1071	7	0	363886	364956	88348	87278	0.0	1940
accn|JBDJKC010000001	ICEberg|1781|ICEPmiChn-JZ35|GenBank|ON390821.1|1..142200_Proteus_terrae_subsp._cibarius_strain_JZ35_ICEPmiChn-JZ35_mobile_element__complete_sequence	99.500	1000	2	3	365759	366758	84257	83261	0.0	1816
accn|JBDJKC010000001	ICEberg|1056|ICEVchCHN2605|GenBank|KT151661|1..98458_Vibrio_cholerae_strain_ICDC-2605_SXT_element_genomic_sequence	99.550	1778	8	0	363886	365663	79522	77745	0.0	3240
accn|JBDJKC010000001	ICEberg|1056|ICEVchCHN2605|GenBank|KT151661|1..98458_Vibrio_cholerae_strain_ICDC-2605_SXT_element_genomic_sequence	99.700	1000	3	0	365759	366758	77757	76758	0.0	1831
accn|JBDJKC010000001	ICEberg|1053|ICEVchCHN1944|GenBank|KT151659|1..100703_Vibrio_cholerae_strain_ICDC-1944_SXT_element_genomic_sequence	99.550	1778	8	0	363886	365663	79486	77709	0.0	3240
accn|JBDJKC010000001	ICEberg|1053|ICEVchCHN1944|GenBank|KT151659|1..100703_Vibrio_cholerae_strain_ICDC-1944_SXT_element_genomic_sequence	99.700	1000	3	0	365759	366758	77721	76722	0.0	1831
accn|JBDJKC010000001	ICEberg|1052|ICEVchCHN1909|GenBank|KT151658|1..108995_Vibrio_cholerae_strain_ICDC-1909_SXT_element_genomic_sequence	99.550	1778	8	0	363886	365663	79494	77717	0.0	3240
accn|JBDJKC010000001	ICEberg|1052|ICEVchCHN1909|GenBank|KT151658|1..108995_Vibrio_cholerae_strain_ICDC-1909_SXT_element_genomic_sequence	99.700	1000	3	0	365759	366758	77729	76730	0.0	1831
accn|JBDJKC010000001	ICEberg|1050|ICEVchCHN1605|GenBank|KT151656|1..98419_Vibrio_cholerae_strain_ICDC-1605_SXT_element_genomic_sequence	99.550	1778	8	0	363886	365663	79522	77745	0.0	3240
accn|JBDJKC010000001	ICEberg|1050|ICEVchCHN1605|GenBank|KT151656|1..98419_Vibrio_cholerae_strain_ICDC-1605_SXT_element_genomic_sequence	99.700	1000	3	0	365759	366758	77757	76758	0.0	1831
accn|JBDJKC010000001	ICEberg|1049|ICEVchCHN143|GenBank|KT151654|1..98459_Vibrio_cholerae_strain_ICDC-143_SXT_element_genomic_sequence	99.550	1778	8	0	363886	365663	79522	77745	0.0	3240
accn|JBDJKC010000001	ICEberg|1049|ICEVchCHN143|GenBank|KT151654|1..98459_Vibrio_cholerae_strain_ICDC-143_SXT_element_genomic_sequence	99.700	1000	3	0	365759	366758	77757	76758	0.0	1831
accn|JBDJKC010000001	ICEberg|1035|ICEPvuCHN2213|GenBank|KX243403|1..94340_Proteus_vulgaris_strain_08MAS2213_complete_sequence	99.550	1778	8	0	363886	365663	18931	20708	0.0	3240
accn|JBDJKC010000001	ICEberg|1035|ICEPvuCHN2213|GenBank|KX243403|1..94340_Proteus_vulgaris_strain_08MAS2213_complete_sequence	99.700	1000	3	0	365759	366758	20696	21695	0.0	1831
accn|JBDJKC010000001	ICEberg|1031|ICEPmiCHN903|GenBank|KX243410|1..89644_Proteus_mirabilis_strain_MD20140903_complete_sequence	99.550	1778	8	0	363886	365663	16800	18577	0.0	3240
accn|JBDJKC010000001	ICEberg|1031|ICEPmiCHN903|GenBank|KX243410|1..89644_Proteus_mirabilis_strain_MD20140903_complete_sequence	99.700	1000	3	0	365759	366758	18565	19564	0.0	1831
accn|JBDJKC010000001	ICEberg|1030|ICEPmiCHN902|GenBank|KX243409|1..89096_Proteus_mirabilis_strain_MD20140902__complete_sequence	99.550	1778	8	0	363886	365663	16800	18577	0.0	3240
accn|JBDJKC010000001	ICEberg|1030|ICEPmiCHN902|GenBank|KX243409|1..89096_Proteus_mirabilis_strain_MD20140902__complete_sequence	99.700	1000	3	0	365759	366758	18565	19564	0.0	1831
accn|JBDJKC010000001	ICEberg|1029|ICEPmiCHN901|GenBank|KX243408|1..89493_Proteus_mirabilis_strain_MD20140901_complete_sequence	99.550	1778	8	0	363886	365663	16800	18577	0.0	3240
accn|JBDJKC010000001	ICEberg|1029|ICEPmiCHN901|GenBank|KX243408|1..89493_Proteus_mirabilis_strain_MD20140901_complete_sequence	99.700	1000	3	0	365759	366758	18565	19564	0.0	1831
accn|JBDJKC010000001	ICEberg|1026|ICEPmiCHN3300|GenBank|KX243415|1..108335_Proteus_mirabilis_strain_TJ3300_complete_sequence	99.550	1778	8	0	363886	365663	18928	20705	0.0	3240
accn|JBDJKC010000001	ICEberg|1026|ICEPmiCHN3300|GenBank|KX243415|1..108335_Proteus_mirabilis_strain_TJ3300_complete_sequence	99.700	1000	3	0	365759	366758	20693	21692	0.0	1831
accn|JBDJKC010000001	ICEberg|1017|ICEPmiCHN1586|GenBank|KX243404|1..99355_Proteus_mirabilis_strain_08MAS1586_complete_sequence	99.550	1778	8	0	363886	365663	18999	20776	0.0	3240
accn|JBDJKC010000001	ICEberg|1017|ICEPmiCHN1586|GenBank|KX243404|1..99355_Proteus_mirabilis_strain_08MAS1586_complete_sequence	99.700	1000	3	0	365759	366758	20764	21763	0.0	1831
accn|JBDJKC010000001	ICEberg|1937|ICEVchMJ1236|GenBank|CP001485.1|2958350..3066043_Vibrio_cholerae_MJ-1236_chromosome_1__complete_sequence	99.494	1779	9	0	363885	365663	86719	84941	0.0	3236
accn|JBDJKC010000001	ICEberg|1937|ICEVchMJ1236|GenBank|CP001485.1|2958350..3066043_Vibrio_cholerae_MJ-1236_chromosome_1__complete_sequence	99.800	1000	2	0	365759	366758	84953	83954	0.0	1836
accn|JBDJKC010000001	ICEberg|1937|ICEVchMJ1236|GenBank|CP001485.1|2958350..3066043_Vibrio_cholerae_MJ-1236_chromosome_1__complete_sequence	100.000	169	0	0	364937	365105	89166	88998	1.82e-80	313
accn|JBDJKC010000001	ICEberg|16|ICEVchBan9|GenBank|CP001485|2958347..3066049_Vibrio_cholerae_MJ-1236_chromosome_1__complete_sequence	99.494	1779	9	0	363885	365663	86722	84944	0.0	3236
accn|JBDJKC010000001	ICEberg|16|ICEVchBan9|GenBank|CP001485|2958347..3066049_Vibrio_cholerae_MJ-1236_chromosome_1__complete_sequence	99.800	1000	2	0	365759	366758	84956	83957	0.0	1836
accn|JBDJKC010000001	ICEberg|16|ICEVchBan9|GenBank|CP001485|2958347..3066049_Vibrio_cholerae_MJ-1236_chromosome_1__complete_sequence	100.000	169	0	0	364937	365105	89169	89001	1.82e-80	313
accn|JBDJKC010000001	ICEberg|961|ICEApl2|GenBank|MF187965|1..92660_Actinobacillus_pleuropneumoniae_strain_MIDG3553_YhaH_(yhaH)_gene__complete_cds__ICEApl2_mobile_element__complete_sequence__and_PrfC_(prfC)_gene__complete_cds	99.494	1778	9	0	363886	365663	17312	19089	0.0	3234
accn|JBDJKC010000001	ICEberg|961|ICEApl2|GenBank|MF187965|1..92660_Actinobacillus_pleuropneumoniae_strain_MIDG3553_YhaH_(yhaH)_gene__complete_cds__ICEApl2_mobile_element__complete_sequence__and_PrfC_(prfC)_gene__complete_cds	99.800	1000	2	0	365759	366758	19077	20076	0.0	1836
accn|JBDJKC010000001	ICEberg|44|SXT(MO10)|GenBank|AY055428|1..99483_Vibrio_cholerae_STX_transposon-like_element_and_pilus_assembly_region__complete_sequence	99.494	1778	9	0	363886	365663	18463	20240	0.0	3234
accn|JBDJKC010000001	ICEberg|44|SXT(MO10)|GenBank|AY055428|1..99483_Vibrio_cholerae_STX_transposon-like_element_and_pilus_assembly_region__complete_sequence	99.800	1000	2	0	365759	366758	20228	21227	0.0	1836
accn|JBDJKC010000001	ICEberg|37|ICEPalBan1|GenBank|GQ463139|1..96676_Providencia_alcalifaciens_Ban1_integrating_conjugative_element_ICEPalban1__complete_sequence	99.494	1778	9	0	363886	365663	16701	18478	0.0	3234
accn|JBDJKC010000001	ICEberg|37|ICEPalBan1|GenBank|GQ463139|1..96676_Providencia_alcalifaciens_Ban1_integrating_conjugative_element_ICEPalban1__complete_sequence	99.800	1000	2	0	365759	366758	18466	19465	0.0	1836
accn|JBDJKC010000001	ICEberg|21|ICEVchInd4|GenBank|GQ463141|1..95326_Vibrio_cholerae_Ind4_integrating_conjugative_element_ICEVchind4__complete_sequence	99.494	1778	9	0	363886	365663	14286	16063	0.0	3234
accn|JBDJKC010000001	ICEberg|21|ICEVchInd4|GenBank|GQ463141|1..95326_Vibrio_cholerae_Ind4_integrating_conjugative_element_ICEVchind4__complete_sequence	99.800	1000	2	0	365759	366758	16051	17050	0.0	1836
accn|JBDJKC010000001	ICEberg|2038|Tn6864|GenBank|MT219827.1|1..108763_Providencia_rettgeri_strain_RF14-2_sequence	99.494	1778	9	0	363886	365663	18540	20317	0.0	3234
accn|JBDJKC010000001	ICEberg|2038|Tn6864|GenBank|MT219827.1|1..108763_Providencia_rettgeri_strain_RF14-2_sequence	99.800	1000	2	0	365759	366758	20305	21304	0.0	1836
accn|JBDJKC010000001	ICEberg|2036|Tn6862|GenBank|CP059348.1|704853..810761_Providencia_rettgeri_strain_PROV023_chromosome__complete_genome	99.494	1778	9	0	363886	365663	32131	33908	0.0	3234
accn|JBDJKC010000001	ICEberg|2036|Tn6862|GenBank|CP059348.1|704853..810761_Providencia_rettgeri_strain_PROV023_chromosome__complete_genome	99.800	1000	2	0	365759	366758	33896	34895	0.0	1836
accn|JBDJKC010000001	ICEberg|2036|Tn6862|GenBank|CP059348.1|704853..810761_Providencia_rettgeri_strain_PROV023_chromosome__complete_genome	99.320	883	6	0	362840	363722	24098	24980	0.0	1598
accn|JBDJKC010000001	ICEberg|1940|ICEVchThd1|GenBank|CP007653.1|579719..680801_Vibrio_cholerae_strain_TSY216_chromosome_1__complete_sequence	99.494	1778	9	0	363886	365663	25086	26863	0.0	3234
accn|JBDJKC010000001	ICEberg|1940|ICEVchThd1|GenBank|CP007653.1|579719..680801_Vibrio_cholerae_strain_TSY216_chromosome_1__complete_sequence	99.800	1000	2	0	365759	366758	26851	27850	0.0	1836
accn|JBDJKC010000001	ICEberg|1923|ICEValZJT1|GenBank|CP016224.1|2476706..2564476_Vibrio_alginolyticus_strain_ZJ-T_chromosome_1__complete_sequence	99.494	1778	9	0	363886	365663	72136	70359	0.0	3234
accn|JBDJKC010000001	ICEberg|1923|ICEValZJT1|GenBank|CP016224.1|2476706..2564476_Vibrio_alginolyticus_strain_ZJ-T_chromosome_1__complete_sequence	99.800	1000	2	0	365759	366758	70371	69372	0.0	1836
accn|JBDJKC010000001	ICEberg|1915|ICETET|GenBank|MK165649.1|1..91463_Vibrio_cholerae_strain_IDH_1986_sequence	99.494	1778	9	0	363886	365663	15466	17243	0.0	3234
accn|JBDJKC010000001	ICEberg|1915|ICETET|GenBank|MK165649.1|1..91463_Vibrio_cholerae_strain_IDH_1986_sequence	99.800	1000	2	0	365759	366758	17231	18230	0.0	1836
accn|JBDJKC010000001	ICEberg|1914|ICESupCHN110003|GenBank|MG014393.1|1..91669_Shewanella_algae_strain_110003_sequence	99.494	1778	9	0	363886	365663	16619	18396	0.0	3234
accn|JBDJKC010000001	ICEberg|1914|ICESupCHN110003|GenBank|MG014393.1|1..91669_Shewanella_algae_strain_110003_sequence	99.800	1000	2	0	365759	366758	18384	19383	0.0	1836
accn|JBDJKC010000001	ICEberg|1857|ICERspD18B|GenBank|CP037745.1|2629186..2657721_Rheinheimera_sp._D18_chromosome__complete_genome	99.494	1778	9	0	363886	365663	2931	1154	0.0	3234
accn|JBDJKC010000001	ICEberg|1857|ICERspD18B|GenBank|CP037745.1|2629186..2657721_Rheinheimera_sp._D18_chromosome__complete_genome	99.800	1000	2	0	365759	366758	1166	167	0.0	1836
accn|JBDJKC010000001	ICEberg|1844|ICEPvuChnBC22|GenBank|MH160822.1|1..148751_Proteus_vulgaris_strain_SCpv22_sequence	99.494	1778	9	0	363886	365663	86813	88590	0.0	3234
accn|JBDJKC010000001	ICEberg|1844|ICEPvuChnBC22|GenBank|MH160822.1|1..148751_Proteus_vulgaris_strain_SCpv22_sequence	99.800	1000	2	0	365759	366758	88578	89577	0.0	1836
accn|JBDJKC010000001	ICEberg|1844|ICEPvuChnBC22|GenBank|MH160822.1|1..148751_Proteus_vulgaris_strain_SCpv22_sequence	99.318	880	6	0	362843	363722	36067	35188	0.0	1592
accn|JBDJKC010000001	ICEberg|1788|ICEPmiFra1|GenBank|MF490434.1|1..107395_Proteus_mirabilis_sequence	99.494	1778	9	0	363886	365663	15363	17140	0.0	3234
accn|JBDJKC010000001	ICEberg|1788|ICEPmiFra1|GenBank|MF490434.1|1..107395_Proteus_mirabilis_sequence	99.800	1000	2	0	365759	366758	17128	18127	0.0	1836
accn|JBDJKC010000001	ICEberg|1788|ICEPmiFra1|GenBank|MF490434.1|1..107395_Proteus_mirabilis_sequence	99.207	883	7	0	362840	363722	73239	74121	0.0	1592
accn|JBDJKC010000001	ICEberg|1786|ICEPmiChn-TQ12|GenBank|ON390822.1|1..147546_Proteus_terrae_subsp._cibarius_strain_TQ12_ICEPmiChn-TQ12_mobile_element__complete_sequence	99.494	1778	9	0	363886	365663	53919	55696	0.0	3234
accn|JBDJKC010000001	ICEberg|1786|ICEPmiChn-TQ12|GenBank|ON390822.1|1..147546_Proteus_terrae_subsp._cibarius_strain_TQ12_ICEPmiChn-TQ12_mobile_element__complete_sequence	99.700	1000	3	0	365759	366758	55684	56683	0.0	1831
accn|JBDJKC010000001	ICEberg|1786|ICEPmiChn-TQ12|GenBank|ON390822.1|1..147546_Proteus_terrae_subsp._cibarius_strain_TQ12_ICEPmiChn-TQ12_mobile_element__complete_sequence	99.207	883	7	0	362840	363722	60466	61348	0.0	1592
accn|JBDJKC010000001	ICEberg|1785|ICEPmiChnSTP3|GenBank|MT449450.1|1..118916_Proteus_mirabilis_strain_STP3_sequence	99.494	1778	9	0	363886	365663	103796	102019	0.0	3234
accn|JBDJKC010000001	ICEberg|1785|ICEPmiChnSTP3|GenBank|MT449450.1|1..118916_Proteus_mirabilis_strain_STP3_sequence	99.674	920	3	0	365759	366678	102031	101112	0.0	1683
accn|JBDJKC010000001	ICEberg|1785|ICEPmiChnSTP3|GenBank|MT449450.1|1..118916_Proteus_mirabilis_strain_STP3_sequence	99.318	880	6	0	362843	363722	47686	46807	0.0	1592
accn|JBDJKC010000001	ICEberg|1782|ICEPmiChnJZ57|GenBank|ON553412.1|1..116292_Proteus_mirabilis_strain_JZ57_ICEPmiChn_JZ57_mobile_element__complete_sequence	99.494	1778	9	0	363886	365663	12077	13854	0.0	3234
accn|JBDJKC010000001	ICEberg|1782|ICEPmiChnJZ57|GenBank|ON553412.1|1..116292_Proteus_mirabilis_strain_JZ57_ICEPmiChn_JZ57_mobile_element__complete_sequence	99.800	1000	2	0	365759	366758	13842	14841	0.0	1836
accn|JBDJKC010000001	ICEberg|1779|ICEPmiChnChSC1905|GenBank|CP047929.1|3384696..3471195_Proteus_mirabilis_strain_ChSC1905_chromosome__complete_genome	99.494	1778	9	0	363886	365663	82472	80695	0.0	3234
accn|JBDJKC010000001	ICEberg|1779|ICEPmiChnChSC1905|GenBank|CP047929.1|3384696..3471195_Proteus_mirabilis_strain_ChSC1905_chromosome__complete_genome	99.800	1000	2	0	365759	366758	80707	79708	0.0	1836
accn|JBDJKC010000001	ICEberg|1779|ICEPmiChnChSC1905|GenBank|CP047929.1|3384696..3471195_Proteus_mirabilis_strain_ChSC1905_chromosome__complete_genome	99.896	966	1	0	365668	366633	1925	2890	0.0	1779
accn|JBDJKC010000001	ICEberg|1779|ICEPmiChnChSC1905|GenBank|CP047929.1|3384696..3471195_Proteus_mirabilis_strain_ChSC1905_chromosome__complete_genome	99.318	880	6	0	362843	363722	24594	23715	0.0	1592
accn|JBDJKC010000001	ICEberg|1779|ICEPmiChnChSC1905|GenBank|CP047929.1|3384696..3471195_Proteus_mirabilis_strain_ChSC1905_chromosome__complete_genome	99.254	134	1	0	366625	366758	4071	4204	2.42e-59	243
accn|JBDJKC010000001	ICEberg|1779|ICEPmiChnChSC1905|GenBank|CP047929.1|3384696..3471195_Proteus_mirabilis_strain_ChSC1905_chromosome__complete_genome	97.710	131	2	1	363756	363886	16875	17004	8.77e-54	224
accn|JBDJKC010000001	ICEberg|1778|ICEPmiChnBCP11|GenBank|MG773277.1|1..141263_Proteus_mirabilis_integrating_conjugative_element_ICEPmiChn-BCP11_sequence	99.494	1778	9	0	363886	365663	14751	16528	0.0	3234
accn|JBDJKC010000001	ICEberg|1778|ICEPmiChnBCP11|GenBank|MG773277.1|1..141263_Proteus_mirabilis_integrating_conjugative_element_ICEPmiChn-BCP11_sequence	99.817	1091	2	0	365668	366758	102058	103148	0.0	2004
accn|JBDJKC010000001	ICEberg|1778|ICEPmiChnBCP11|GenBank|MG773277.1|1..141263_Proteus_mirabilis_integrating_conjugative_element_ICEPmiChn-BCP11_sequence	99.700	1000	3	0	365759	366758	16516	17515	0.0	1831
accn|JBDJKC010000001	ICEberg|1778|ICEPmiChnBCP11|GenBank|MG773277.1|1..141263_Proteus_mirabilis_integrating_conjugative_element_ICEPmiChn-BCP11_sequence	99.207	883	7	0	362840	363722	83803	84685	0.0	1592
accn|JBDJKC010000001	ICEberg|1778|ICEPmiChnBCP11|GenBank|MG773277.1|1..141263_Proteus_mirabilis_integrating_conjugative_element_ICEPmiChn-BCP11_sequence	97.710	131	2	1	363756	363886	77797	77668	8.77e-54	224
accn|JBDJKC010000001	ICEberg|1762|ICEPflCDM8|GenBank|CP047240.1|950152..1060244_Pseudoalteromonas_sp._M8_chromosome_2__complete_sequence	99.494	1778	9	0	363886	365663	24685	26462	0.0	3234
accn|JBDJKC010000001	ICEberg|1762|ICEPflCDM8|GenBank|CP047240.1|950152..1060244_Pseudoalteromonas_sp._M8_chromosome_2__complete_sequence	99.800	1000	2	0	365759	366758	26450	27449	0.0	1836
accn|JBDJKC010000001	ICEberg|1762|ICEPflCDM8|GenBank|CP047240.1|950152..1060244_Pseudoalteromonas_sp._M8_chromosome_2__complete_sequence	99.207	883	7	0	362840	363722	78215	79097	0.0	1592
accn|JBDJKC010000001	ICEberg|1759|ICEPciChn2|GenBank|MW423608.1|1..140916_Proteus_terrae_subsp._cibarius_strain_SH19PTE4_sequence	99.494	1778	9	0	363886	365663	31458	33235	0.0	3234
accn|JBDJKC010000001	ICEberg|1759|ICEPciChn2|GenBank|MW423608.1|1..140916_Proteus_terrae_subsp._cibarius_strain_SH19PTE4_sequence	99.700	1000	3	0	365759	366758	33223	34222	0.0	1831
accn|JBDJKC010000001	ICEberg|1759|ICEPciChn2|GenBank|MW423608.1|1..140916_Proteus_terrae_subsp._cibarius_strain_SH19PTE4_sequence	99.207	883	7	0	362840	363722	96616	97498	0.0	1592
accn|JBDJKC010000001	ICEberg|1253|ICEKpnINF249-2|GenBank|CP024489.1|5079347..5289591_Klebsiella_pneumoniae_strain_INF249_chromosome__complete_genome	99.494	1778	9	0	363886	365663	202379	200602	0.0	3234
accn|JBDJKC010000001	ICEberg|1253|ICEKpnINF249-2|GenBank|CP024489.1|5079347..5289591_Klebsiella_pneumoniae_strain_INF249_chromosome__complete_genome	99.700	1000	3	0	365759	366758	200614	199615	0.0	1831
accn|JBDJKC010000001	ICEberg|1253|ICEKpnINF249-2|GenBank|CP024489.1|5079347..5289591_Klebsiella_pneumoniae_strain_INF249_chromosome__complete_genome	98.425	127	2	0	363760	363886	70766	70892	8.77e-54	224
accn|JBDJKC010000001	ICEberg|1253|ICEKpnINF249-2|GenBank|CP024489.1|5079347..5289591_Klebsiella_pneumoniae_strain_INF249_chromosome__complete_genome	98.413	126	2	0	363761	363886	184387	184512	3.16e-53	222
accn|JBDJKC010000001	ICEberg|1253|ICEKpnINF249-2|GenBank|CP024489.1|5079347..5289591_Klebsiella_pneumoniae_strain_INF249_chromosome__complete_genome	97.561	123	3	0	363764	363886	143863	143741	6.83e-50	211
accn|JBDJKC010000001	ICEberg|1110|ICEKpnQD23-1|GenBank|CP042858.1|4831525..5022379_Klebsiella_pneumoniae_strain_QD23_chromosome__complete_genome	99.494	1778	9	0	363886	365663	173707	171930	0.0	3234
accn|JBDJKC010000001	ICEberg|1110|ICEKpnQD23-1|GenBank|CP042858.1|4831525..5022379_Klebsiella_pneumoniae_strain_QD23_chromosome__complete_genome	99.800	1000	2	0	365759	366758	171942	170943	0.0	1836
accn|JBDJKC010000001	ICEberg|1064|ICEVchChnAHV1003|GenBank|KT151663|1..101856_Vibrio_cholerae_strain_AHV1003_SXT_element_genomic_sequence	99.494	1778	9	0	363886	365663	76322	74545	0.0	3234
accn|JBDJKC010000001	ICEberg|1064|ICEVchChnAHV1003|GenBank|KT151663|1..101856_Vibrio_cholerae_strain_AHV1003_SXT_element_genomic_sequence	99.800	1000	2	0	365759	366758	74557	73558	0.0	1836
accn|JBDJKC010000001	ICEberg|1055|ICEVchChn2255|GenBank|KT151660|1..92592_Vibrio_cholerae_strain_ICDC-2255_SXT_element_genomic_sequence	99.494	1778	9	0	363886	365663	76322	74545	0.0	3234
accn|JBDJKC010000001	ICEberg|1055|ICEVchChn2255|GenBank|KT151660|1..92592_Vibrio_cholerae_strain_ICDC-2255_SXT_element_genomic_sequence	99.800	1000	2	0	365759	366758	74557	73558	0.0	1836
accn|JBDJKC010000001	ICEberg|1040|ICEValA056-1|GenBank|KR231688|1..89004_Vibrio_alginolyticus_strain_A056_transposon_ICEValA056-1__complete_sequence	99.494	1778	9	0	363886	365663	11237	13014	0.0	3234
accn|JBDJKC010000001	ICEberg|1040|ICEValA056-1|GenBank|KR231688|1..89004_Vibrio_alginolyticus_strain_A056_transposon_ICEValA056-1__complete_sequence	99.800	1000	2	0	365759	366758	13002	14001	0.0	1836
accn|JBDJKC010000001	ICEberg|1028|ICEPmiChn4|GenBank|KY437728|1..90566_Proteus_mirabilis_integrative_and_conjugative_element_ICEPmiChn4__complete_sequence__and_peptide_chain_release_factor_3_(prfC)_gene__complete_cds	99.494	1778	9	0	363886	365663	14787	16564	0.0	3234
accn|JBDJKC010000001	ICEberg|1028|ICEPmiChn4|GenBank|KY437728|1..90566_Proteus_mirabilis_integrative_and_conjugative_element_ICEPmiChn4__complete_sequence__and_peptide_chain_release_factor_3_(prfC)_gene__complete_cds	99.500	1000	5	0	365759	366758	16552	17551	0.0	1820
accn|JBDJKC010000001	ICEberg|36|ICEVflInd1|GenBank|GQ463144|1..114195_Vibrio_fluvialis_Ind1_integrating_conjugative_element_ICEVflInd1__complete_sequence	99.438	1778	10	0	363886	365663	35890	37667	0.0	3229
accn|JBDJKC010000001	ICEberg|36|ICEVflInd1|GenBank|GQ463144|1..114195_Vibrio_fluvialis_Ind1_integrating_conjugative_element_ICEVflInd1__complete_sequence	99.700	1000	3	0	365759	366758	37655	38654	0.0	1831
accn|JBDJKC010000001	ICEberg|287|ICEEcoJ53|GenBank|FJ968160|1..22687_Escherichia_coli_strain_J53_transposon_SXT__partial_sequence	99.438	1778	10	0	363886	365663	16910	18687	0.0	3229
accn|JBDJKC010000001	ICEberg|287|ICEEcoJ53|GenBank|FJ968160|1..22687_Escherichia_coli_strain_J53_transposon_SXT__partial_sequence	99.700	1000	3	0	365759	366758	18675	19674	0.0	1831
accn|JBDJKC010000001	ICEberg|273|SXT(KN14)|GenBank|AB535680|1..20747_Vibrio_cholerae_O1_biovar_El_Tor_SXT_conjugative_element_gene_cluster__complete_sequence__strain__KN14	99.438	1778	10	0	363886	365663	13657	15434	0.0	3229
accn|JBDJKC010000001	ICEberg|273|SXT(KN14)|GenBank|AB535680|1..20747_Vibrio_cholerae_O1_biovar_El_Tor_SXT_conjugative_element_gene_cluster__complete_sequence__strain__KN14	99.800	1000	2	0	365759	366758	15422	16421	0.0	1836
accn|JBDJKC010000001	ICEberg|22|ICEVchInd5|GenBank|GQ463142|1..97952_Vibrio_cholerae_Ind5_integrating_conjugative_element_ICEVchind5__complete_sequence	99.438	1778	10	0	363886	365663	16703	18480	0.0	3229
accn|JBDJKC010000001	ICEberg|22|ICEVchInd5|GenBank|GQ463142|1..97952_Vibrio_cholerae_Ind5_integrating_conjugative_element_ICEVchind5__complete_sequence	99.800	1000	2	0	365759	366758	18468	19467	0.0	1836
accn|JBDJKC010000001	ICEberg|1939|ICEVchRua2|GenBank|KY382506.1|1..97915_Vibrio_cholerae_O1_biovar_El_Tor_str._Inaba_RND18826_ICE_element_genomic_sequence	99.438	1778	10	0	363886	365663	14677	16454	0.0	3229
accn|JBDJKC010000001	ICEberg|1939|ICEVchRua2|GenBank|KY382506.1|1..97915_Vibrio_cholerae_O1_biovar_El_Tor_str._Inaba_RND18826_ICE_element_genomic_sequence	99.800	1000	2	0	365759	366758	16442	17441	0.0	1836
accn|JBDJKC010000001	ICEberg|1938|ICEVchRua1|GenBank|KY382507.1|1..97915_Vibrio_cholerae_O1_biovar_El_Tor_str._Ogawa_RND6878_ICE_element_genomic_sequence	99.438	1778	10	0	363886	365663	81250	79473	0.0	3229
accn|JBDJKC010000001	ICEberg|1938|ICEVchRua1|GenBank|KY382507.1|1..97915_Vibrio_cholerae_O1_biovar_El_Tor_str._Ogawa_RND6878_ICE_element_genomic_sequence	99.800	1000	2	0	365759	366758	79485	78486	0.0	1836
accn|JBDJKC010000001	ICEberg|1925|ICEVch2010_EL-1786|GenBank|CP003069.1|83542..182958_Vibrio_cholerae_O1_str._2010EL-1786_chromosome_1__complete_sequence	99.438	1778	10	0	363886	365663	16670	18447	0.0	3229
accn|JBDJKC010000001	ICEberg|1925|ICEVch2010_EL-1786|GenBank|CP003069.1|83542..182958_Vibrio_cholerae_O1_str._2010EL-1786_chromosome_1__complete_sequence	99.800	1000	2	0	365759	366758	18435	19434	0.0	1836
accn|JBDJKC010000001	ICEberg|1691|ICEGEN|GenBank|MK165650.1|1..96718_Vibrio_cholerae_strain_IDH_4268_sequence	99.438	1778	10	0	363886	365663	15814	17591	0.0	3229
accn|JBDJKC010000001	ICEberg|1691|ICEGEN|GenBank|MK165650.1|1..96718_Vibrio_cholerae_strain_IDH_4268_sequence	99.800	1000	2	0	365759	366758	17579	18578	0.0	1836
accn|JBDJKC010000001	ICEberg|149|ICEVflH-08942|GenBank|KM213605.1|1..102878_Vibrio_fluvialis_strain_H08942_ICEVflInd1_integrating_conjugative_element_genomic_sequence	99.438	1778	10	0	363886	365663	20570	22347	0.0	3229
accn|JBDJKC010000001	ICEberg|149|ICEVflH-08942|GenBank|KM213605.1|1..102878_Vibrio_fluvialis_strain_H08942_ICEVflInd1_integrating_conjugative_element_genomic_sequence	99.700	1000	3	0	365759	366758	22335	23334	0.0	1831
accn|JBDJKC010000001	ICEberg|148|SXT(HN1)|GenBank|AB450045|1..19086_Vibrio_cholerae_O1_biovar_El_tor_SXT_conjugative_element_gene_cluster__complete_sequence__strain__HN1	99.438	1778	10	0	363886	365663	13309	15086	0.0	3229
accn|JBDJKC010000001	ICEberg|148|SXT(HN1)|GenBank|AB450045|1..19086_Vibrio_cholerae_O1_biovar_El_tor_SXT_conjugative_element_gene_cluster__complete_sequence__strain__HN1	99.700	1000	3	0	365759	366758	15074	16073	0.0	1831
accn|JBDJKC010000001	ICEberg|12|ICEVchBan5|GenBank|GQ463140|1..102122_Vibrio_cholerae_Ban5_integrating_conjugative_element_ICEVchban5__complete_sequence	99.438	1778	10	0	363886	365663	20837	22614	0.0	3229
accn|JBDJKC010000001	ICEberg|12|ICEVchBan5|GenBank|GQ463140|1..102122_Vibrio_cholerae_Ban5_integrating_conjugative_element_ICEVchban5__complete_sequence	99.800	1000	2	0	365759	366758	22602	23601	0.0	1836
accn|JBDJKC010000001	ICEberg|1069|ICEVchNig1|GenBank|KC886258|528..97570_Vibrio_cholerae_VC833_ICE_element_genomic_sequence	99.438	1778	10	0	363886	365663	16139	17916	0.0	3229
accn|JBDJKC010000001	ICEberg|1069|ICEVchNig1|GenBank|KC886258|528..97570_Vibrio_cholerae_VC833_ICE_element_genomic_sequence	99.800	1000	2	0	365759	366758	17904	18903	0.0	1836
accn|JBDJKC010000001	ICEberg|1068|ICEVchNep1|GenBank|KC886257|528..97877_Vibrio_cholerae_strain_VC504_ICE_element_genomic_sequence	99.438	1778	10	0	363886	365663	16139	17916	0.0	3229
accn|JBDJKC010000001	ICEberg|1068|ICEVchNep1|GenBank|KC886257|528..97877_Vibrio_cholerae_strain_VC504_ICE_element_genomic_sequence	99.800	1000	2	0	365759	366758	17904	18903	0.0	1836
accn|JBDJKC010000001	ICEberg|1061|ICEVchCHN57|GenBank|KT151664.1|1..96186_Vibrio_cholerae_strain_wujiang-2_sequence	99.438	1778	10	0	363886	365663	79916	78139	0.0	3229
accn|JBDJKC010000001	ICEberg|1061|ICEVchCHN57|GenBank|KT151664.1|1..96186_Vibrio_cholerae_strain_wujiang-2_sequence	99.800	1000	2	0	365759	366758	78151	77152	0.0	1836
accn|JBDJKC010000001	ICEberg|1033|ICEPmiCHN905|GenBank|KX243412|1..94956_Proteus_mirabilis_strain_MD20140905_complete_sequence	99.438	1778	10	0	363886	365663	14482	16259	0.0	3229
accn|JBDJKC010000001	ICEberg|1033|ICEPmiCHN905|GenBank|KX243412|1..94956_Proteus_mirabilis_strain_MD20140905_complete_sequence	99.800	1000	2	0	365759	366758	16247	17246	0.0	1836
accn|JBDJKC010000001	ICEberg|1032|ICEPmiCHN904|GenBank|KX243411|1..94942_Proteus_mirabilis_strain_MD20140904_complete_sequence	99.438	1778	10	0	363886	365663	11653	13430	0.0	3229
accn|JBDJKC010000001	ICEberg|1032|ICEPmiCHN904|GenBank|KX243411|1..94942_Proteus_mirabilis_strain_MD20140904_complete_sequence	99.800	1000	2	0	365759	366758	13418	14417	0.0	1836
accn|JBDJKC010000001	ICEberg|1027|ICEPmiCHN3335|GenBank|KX243416|1..89996_Proteus_mirabilis_strain_TJ3335_complete_sequence	99.382	1779	11	0	363885	365663	16660	18438	0.0	3225
accn|JBDJKC010000001	ICEberg|1027|ICEPmiCHN3335|GenBank|KX243416|1..89996_Proteus_mirabilis_strain_TJ3335_complete_sequence	99.800	1000	2	0	365759	366758	18426	19425	0.0	1836
accn|JBDJKC010000001	ICEberg|1016|ICEPmiChn1|GenBank|KT962845|1..92751_Proteus_mirabilis_integrative_and_conjugative_element_ICEPmiChn1__complete_sequence__and_peptide_chain_release_factor_3_(prfC)_gene__complete_cds	99.382	1779	11	0	363885	365663	16965	18743	0.0	3225
accn|JBDJKC010000001	ICEberg|1016|ICEPmiChn1|GenBank|KT962845|1..92751_Proteus_mirabilis_integrative_and_conjugative_element_ICEPmiChn1__complete_sequence__and_peptide_chain_release_factor_3_(prfC)_gene__complete_cds	99.800	1000	2	0	365759	366758	18731	19730	0.0	1836
accn|JBDJKC010000001	PID|170717968|gi|170717206|ref|NC_010519.1|_c1944967-1943495_Haemophilus_somnus_2336_chromosome__complete_genome	100.000	1473	0	0	384279	385751	1473	1	0.0	2721
accn|JBDJKC010000001	PID|170717975|gi|170717206|ref|NC_010519.1|_c1950418-1948964_Haemophilus_somnus_2336_chromosome__complete_genome	99.931	1455	1	0	389748	391202	1455	1	0.0	2682
accn|JBDJKC010000001	resfinderf|tet(H)|3	100.000	1203	0	0	413576	414778	1	1203	0.0	2222
accn|JBDJKC010000001	resfinderf|tet(H)|4	99.917	1203	1	0	413576	414778	1	1203	0.0	2217
accn|JBDJKC010000001	resfinderf|tet(H)|1	99.917	1203	1	0	413576	414778	1	1203	0.0	2217
accn|JBDJKC010000001	ICEberg|1803|ICEPmu2|GenBank|CP038871.1|1998244..2056820_Pasteurella_multocida_strain_FCf15_chromosome__complete_genome	99.751	1204	3	0	365555	366758	48521	49724	0.0	2207
accn|JBDJKC010000001	ICEberg|1803|ICEPmu2|GenBank|CP038871.1|1998244..2056820_Pasteurella_multocida_strain_FCf15_chromosome__complete_genome	100.000	47	0	0	406800	406846	9185	9139	1.20e-12	87.9
accn|JBDJKC010000001	resfinderf|tet(H)|2	100.000	1171	0	0	413576	414746	1	1171	0.0	2163
accn|JBDJKC010000001	VFG043479(gb|AAD53408)_(pomA)_outer_membrane_protein_PomA_[OmpA_(VF1223)_-_Adherence_(VFC0001)]_[Mannheimia_haemolytica_str._89010807N]	100.000	1137	0	0	1663880	1665016	1	1137	0.0	2100
accn|JBDJKC010000001	ICEberg|1019|ICEPmiChn2|GenBank|KY437726|1..104371_Proteus_mirabilis_integrative_and_conjugative_element_ICEPmiChn2__complete_sequence__and_peptide_chain_release_factor_3_(prfC)_gene__complete_cds	99.908	1091	1	0	365668	366758	16298	17388	0.0	2010
accn|JBDJKC010000001	ICEberg|1452|ICE_erm42|GenBank|CP060730.1|568141..660867_Salmonella_enterica_subsp._enterica_serovar_Albany_strain_R17.5974_chromosome__complete_genome	99.633	1091	1	1	365668	366758	16584	17671	0.0	1989
accn|JBDJKC010000001	ICEberg|43|R391|GenBank|AY090559|1..88532_Providencia_rettgeri_conjugative_genomic_island_R391__complete_sequence	99.220	1025	8	0	362714	363738	13819	12795	0.0	1849
accn|JBDJKC010000001	ICEberg|43|R391|GenBank|AY090559|1..88532_Providencia_rettgeri_conjugative_genomic_island_R391__complete_sequence	98.837	172	2	0	362547	362718	11795	11966	8.47e-79	307
accn|JBDJKC010000001	ICEberg|1998|Tn6512|GenBank|AY090559.1|1..88532_Providencia_rettgeri_conjugative_genomic_island_R391__complete_sequence	99.220	1025	8	0	362714	363738	13819	12795	0.0	1849
accn|JBDJKC010000001	ICEberg|1998|Tn6512|GenBank|AY090559.1|1..88532_Providencia_rettgeri_conjugative_genomic_island_R391__complete_sequence	98.837	172	2	0	362547	362718	11795	11966	8.47e-79	307
accn|JBDJKC010000001	ICEberg|1625|ICECspPOL2|GenBank|CP049298.1|1767025..1883295_Chryseobacterium_sp._POL2_chromosome__complete_genome	99.797	985	2	0	367335	368319	98509	99493	0.0	1808
accn|JBDJKC010000001	ICEberg|2045|Tn6966|GenBank|CP064830.1|3371703..3442829_Morganella_morganii_subsp._morganii_strain_81703_chromosome__complete_genome	99.896	966	1	0	365668	366633	37157	38122	0.0	1779
accn|JBDJKC010000001	ICEberg|2045|Tn6966|GenBank|CP064830.1|3371703..3442829_Morganella_morganii_subsp._morganii_strain_81703_chromosome__complete_genome	99.004	904	9	0	362840	363743	45988	46891	0.0	1620
accn|JBDJKC010000001	ICEberg|2045|Tn6966|GenBank|CP064830.1|3371703..3442829_Morganella_morganii_subsp._morganii_strain_81703_chromosome__complete_genome	99.254	134	1	0	366625	366758	39303	39436	2.42e-59	243
accn|JBDJKC010000001	ICEberg|1023|ICEPmiChn3|GenBank|KY437727|1..55195_Proteus_mirabilis_integrative_and_conjugative_element_ICEPmiChn3__complete_sequence__and_peptide_chain_release_factor_3_(prfC)_gene__complete_cds	99.896	966	1	0	365668	366633	16308	17273	0.0	1779
accn|JBDJKC010000001	ICEberg|1023|ICEPmiChn3|GenBank|KY437727|1..55195_Proteus_mirabilis_integrative_and_conjugative_element_ICEPmiChn3__complete_sequence__and_peptide_chain_release_factor_3_(prfC)_gene__complete_cds	99.254	134	1	0	366625	366758	18454	18587	2.42e-59	243
accn|JBDJKC010000001	PID|170717963|gi|170717206|ref|NC_010519.1|_1938981-1939922_Haemophilus_somnus_2336_chromosome__complete_genome	100.000	942	0	0	379765	380706	1	942	0.0	1740
accn|JBDJKC010000001	PID|170717976|gi|170717206|ref|NC_010519.1|_c1951314-1950430_Haemophilus_somnus_2336_chromosome__complete_genome	100.000	885	0	0	391214	392098	885	1	0.0	1635
accn|JBDJKC010000001	ICEberg|1863|ICEShaJpn1|GenBank|BFBQ01000004.1|213376..320508_Shewanella_halifaxensis_6JANF4-E-4_DNA__sequence4__whole_genome_shotgun_sequence	100.000	862	0	0	365733	366594	18185	19046	0.0	1592
accn|JBDJKC010000001	resfinderf|aph(6)-Id|3	99.881	837	1	0	363992	364828	837	1	0.0	1541
accn|JBDJKC010000001	resfinderf|aph(6)-Id|1	99.881	837	1	0	363992	364828	837	1	0.0	1541
accn|JBDJKC010000001	resfinderf|aph(6)-Id|2	99.761	837	2	0	363992	364828	837	1	0.0	1535
accn|JBDJKC010000001	resfinderf|aph(6)-Id|5	99.761	837	2	0	363992	364828	837	1	0.0	1535
accn|JBDJKC010000001	resfinderf|aph(6)-Id|4	99.759	831	2	0	363992	364822	831	1	0.0	1524
accn|JBDJKC010000001	resfinderf|sul2|2	100.000	816	0	0	365800	366615	816	1	0.0	1507
accn|JBDJKC010000001	resfinderf|sul2|9	100.000	815	0	0	365801	366615	815	1	0.0	1506
accn|JBDJKC010000001	resfinderf|sul2|9	100.000	38	0	0	365618	365655	852	815	1.21e-07	71.3
accn|JBDJKC010000001	resfinderf|sul2|20	99.877	816	1	0	365800	366615	816	1	0.0	1502
accn|JBDJKC010000001	resfinderf|sul2|19	99.877	816	1	0	365800	366615	816	1	0.0	1502
accn|JBDJKC010000001	resfinderf|sul2|18	99.877	816	1	0	365800	366615	816	1	0.0	1502
accn|JBDJKC010000001	resfinderf|sul2|17	99.877	816	1	0	365800	366615	816	1	0.0	1502
accn|JBDJKC010000001	resfinderf|sul2|15	99.877	816	1	0	365800	366615	816	1	0.0	1502
accn|JBDJKC010000001	resfinderf|sul2|12	99.877	816	1	0	365800	366615	816	1	0.0	1502
accn|JBDJKC010000001	resfinderf|sul2|11	99.877	816	1	0	365800	366615	816	1	0.0	1502
accn|JBDJKC010000001	resfinderf|aph(3_)-Ia|3	99.877	816	1	0	362841	363656	816	1	0.0	1502
accn|JBDJKC010000001	resfinderf|sul2|8	99.877	815	1	0	365801	366615	815	1	0.0	1500
accn|JBDJKC010000001	resfinderf|sul2|8	100.000	38	0	0	365618	365655	852	815	1.21e-07	71.3
accn|JBDJKC010000001	resfinderf|sul2|7	99.877	815	1	0	365801	366615	815	1	0.0	1500
accn|JBDJKC010000001	resfinderf|sul2|7	100.000	38	0	0	365618	365655	852	815	1.21e-07	71.3
accn|JBDJKC010000001	resfinderf|sul2|13	99.755	816	2	0	365800	366615	816	1	0.0	1496
accn|JBDJKC010000001	resfinderf|sul2|6	99.755	816	2	0	365800	366615	816	1	0.0	1496
accn|JBDJKC010000001	resfinderf|sul2|14	100.000	808	0	0	365808	366615	808	1	0.0	1493
accn|JBDJKC010000001	resfinderf|sul2|10	99.634	819	0	3	365800	366615	819	1	0.0	1493
accn|JBDJKC010000001	resfinderf|sul2|3	99.632	816	3	0	365800	366615	816	1	0.0	1491
accn|JBDJKC010000001	resfinderf|sul2|1	99.632	816	3	0	365800	366615	816	1	0.0	1491
accn|JBDJKC010000001	resfinderf|sul2|21	99.510	816	4	0	365800	366615	816	1	0.0	1485
accn|JBDJKC010000001	resfinderf|aph(3__)-Ib|2	99.875	803	1	0	364828	365630	804	2	0.0	1478
accn|JBDJKC010000001	resfinderf|aph(3_)-Ia|10	99.386	814	5	0	362843	363656	814	1	0.0	1476
accn|JBDJKC010000001	resfinderf|aph(3__)-Ib|5	99.751	804	2	0	364828	365631	804	1	0.0	1474
accn|JBDJKC010000001	resfinderf|aph(3__)-Ib|4	99.751	804	2	0	364828	365631	804	1	0.0	1474
accn|JBDJKC010000001	resfinderf|aph(3__)-Ib|3	99.751	804	2	0	364828	365631	804	1	0.0	1474
accn|JBDJKC010000001	resfinderf|aph(3_)-Ia|1	99.263	814	6	0	362843	363656	814	1	0.0	1471
accn|JBDJKC010000001	resfinderf|aph(3_)-Ia|9	99.142	816	7	0	362841	363656	816	1	0.0	1469
accn|JBDJKC010000001	resfinderf|aph(3_)-Ia|7	99.142	816	7	0	362841	363656	816	1	0.0	1469
accn|JBDJKC010000001	resfinderf|sul2|5	99.020	816	8	0	365800	366615	816	1	0.0	1463
accn|JBDJKC010000001	resfinderf|aph(3_)-Ia|8	99.020	816	8	0	362841	363656	816	1	0.0	1463
accn|JBDJKC010000001	resfinderf|aph(3_)-Ia|4	99.017	814	8	0	362843	363656	814	1	0.0	1463
accn|JBDJKC010000001	resfinderf|aph(3__)-Ib|1	99.502	804	4	0	364828	365631	804	1	0.0	1463
accn|JBDJKC010000001	resfinderf|aph(3_)-Ia|5	98.775	816	10	0	362841	363656	816	1	0.0	1452
accn|JBDJKC010000001	resfinderf|aph(3_)-Ia|6	98.526	814	12	0	362843	363656	814	1	0.0	1437
accn|JBDJKC010000001	PID|170717989|gi|170717206|ref|NC_010519.1|_c1959185-1958412_Haemophilus_somnus_2336_chromosome__complete_genome	100.000	774	0	0	399196	399969	774	1	0.0	1430
accn|JBDJKC010000001	PID|170717988|gi|170717206|ref|NC_010519.1|_c1958433-1957663_Haemophilus_somnus_2336_chromosome__complete_genome	100.000	771	0	0	398447	399217	771	1	0.0	1424
accn|JBDJKC010000001	resfinderf|aph(3_)-Ia|2	97.666	814	19	0	362843	363656	814	1	0.0	1399
accn|JBDJKC010000001	PID|170717983|gi|170717206|ref|NC_010519.1|_c1954610-1953915_Haemophilus_somnus_2336_chromosome__complete_genome	100.000	696	0	0	394699	395394	696	1	0.0	1286
accn|JBDJKC010000001	PID|170717977|gi|170717206|ref|NC_010519.1|_c1951958-1951314_Haemophilus_somnus_2336_chromosome__complete_genome	100.000	645	0	0	392098	392742	645	1	0.0	1192
accn|JBDJKC010000001	PID|170717990|gi|170717206|ref|NC_010519.1|_c1959814-1959185_Haemophilus_somnus_2336_chromosome__complete_genome	100.000	630	0	0	399969	400598	630	1	0.0	1164
accn|JBDJKC010000001	PID|170717987|gi|170717206|ref|NC_010519.1|_c1957660-1957154_Haemophilus_somnus_2336_chromosome__complete_genome	100.000	507	0	0	397938	398444	507	1	0.0	937
accn|JBDJKC010000001	PID|170717961|gi|170717206|ref|NC_010519.1|_1938541-1938984_Haemophilus_somnus_2336_chromosome__complete_genome	100.000	444	0	0	379325	379768	1	444	0.0	821
accn|JBDJKC010000001	PID|170717970|gi|170717206|ref|NC_010519.1|_c1945713-1945285_Haemophilus_somnus_2336_chromosome__complete_genome	100.000	429	0	0	386069	386497	429	1	0.0	793
accn|JBDJKC010000001	PID|170717965|gi|170717206|ref|NC_010519.1|_1941973-1942401_Haemophilus_somnus_2336_chromosome__complete_genome	100.000	429	0	0	382757	383185	1	429	0.0	793
accn|JBDJKC010000001	PID|170717972|gi|170717206|ref|NC_010519.1|_c1948951-1948553_Haemophilus_somnus_2336_chromosome__complete_genome	100.000	399	0	0	389337	389735	399	1	0.0	737
accn|JBDJKC010000001	PID|170717979|gi|170717206|ref|NC_010519.1|_c1952739-1952350_Haemophilus_somnus_2336_chromosome__complete_genome	100.000	390	0	0	393134	393523	390	1	0.0	721
accn|JBDJKC010000001	PID|170717978|gi|170717206|ref|NC_010519.1|_c1952327-1951962_Haemophilus_somnus_2336_chromosome__complete_genome	100.000	366	0	0	392746	393111	366	1	0.0	676
accn|JBDJKC010000001	PID|170717984|gi|170717206|ref|NC_010519.1|_c1954960-1954607_Haemophilus_somnus_2336_chromosome__complete_genome	100.000	354	0	0	395391	395744	354	1	0.0	654
accn|JBDJKC010000001	PID|170717967|gi|170717206|ref|NC_010519.1|_1943108-1943449_Haemophilus_somnus_2336_chromosome__complete_genome	100.000	342	0	0	383892	384233	1	342	1.23e-176	632
accn|JBDJKC010000001	PID|170717981|gi|170717206|ref|NC_010519.1|_c1953313-1952987_Haemophilus_somnus_2336_chromosome__complete_genome	100.000	327	0	0	393771	394097	327	1	2.68e-168	604
accn|JBDJKC010000001	PID|170717969|gi|170717206|ref|NC_010519.1|_c1945295-1944978_Haemophilus_somnus_2336_chromosome__complete_genome	100.000	318	0	0	385762	386079	318	1	2.70e-163	588
accn|JBDJKC010000001	ICEberg|1233|ICEKpnFDAARGOS_531-1|GenBank|CP033777.1|2510771..2575351_Klebsiella_pneumoniae_strain_FDAARGOS_531_chromosome__complete_genome	99.213	127	1	0	363760	363886	3663	3537	1.89e-55	230
accn|JBDJKC010000001	ICEberg|1147|ICEKpnAR_0076-1|GenBank|CP032167.1|1396218..1438248_Klebsiella_pneumoniae_strain_AR_0076_chromosome__complete_genome	99.213	127	1	0	363760	363886	30488	30362	1.89e-55	230
accn|JBDJKC010000001	ICEberg|1323|ICEKpnKPNIH45-1|GenBank|CP036450.1|4834550..4893663_Klebsiella_pneumoniae_strain_KPNIH45_chromosome__complete_genome	99.206	126	1	0	363761	363886	10441	10566	6.78e-55	228
accn|JBDJKC010000001	ICEberg|1200|ICEKpnCAV1417-1|GenBank|CP018352.1|4189070..4245078_Klebsiella_pneumoniae_strain_CAV1417_chromosome__complete_genome	100.000	123	0	0	363764	363886	45533	45411	6.78e-55	228
accn|JBDJKC010000001	ICEberg|1198|ICEKpnCAV1217-1|GenBank|CP018676.1|1870285..1929398_Klebsiella_pneumoniae_strain_CAV1217_chromosome__complete_genome	99.206	126	1	0	363761	363886	10441	10566	6.78e-55	228
accn|JBDJKC010000001	ICEberg|1179|ICEKpnB12-AN-2|GenBank|CP026155.1|1623163..1861329_Klebsiella_pneumoniae_strain_B12(AN)_chromosome__complete_genome	99.206	126	1	0	363761	363886	145103	145228	6.78e-55	228
accn|JBDJKC010000001	ICEberg|1165|ICEKpnAR_0146-2|GenBank|CP021685.1|1297863..1356976_Klebsiella_pneumoniae_strain_AR_0146__complete_genome	100.000	123	0	0	363764	363886	25936	25814	6.78e-55	228
accn|JBDJKC010000001	ICEberg|1118|ICEKpn16_GR_13-2|GenBank|CP027036.1|4684844..4750459_Klebsiella_pneumoniae_strain_16_GR_13_chromosome__complete_genome	99.206	126	1	0	363761	363886	40780	40905	6.78e-55	228
accn|JBDJKC010000001	ICEberg|1949|ICEVpaChn0574|GenBank|MN199028.1|1..76762_Vibrio_parahaemolyticus_strain_Vb0574_ICEVb0574_mobile_element__complete_sequence	97.710	131	2	1	363756	363886	29527	29656	8.77e-54	224
accn|JBDJKC010000001	ICEberg|437|ICEKpnHS11286-2|GenBank|CP003200|4502837..4558879_Klebsiella_pneumoniae_subsp._pneumoniae_HS11286__complete_genome	98.413	126	2	0	363761	363886	10655	10780	3.16e-53	222
accn|JBDJKC010000001	ICEberg|1372|ICEKpnR1701-2|GenBank|CP039968.1|1859451..1969990_Klebsiella_pneumoniae_strain_R1701_chromosome__complete_genome	99.187	123	1	0	363764	363886	24046	23924	3.16e-53	222
accn|JBDJKC010000001	ICEberg|1318|ICEKpnKPNIH32-1|GenBank|CP009775.1|3429929..3562951_Klebsiella_pneumoniae_subsp._pneumoniae_strain_KPNIH32__complete_genome	99.187	123	1	0	363764	363886	128664	128542	3.16e-53	222
accn|JBDJKC010000001	ICEberg|1264|ICEKpnKLP268-1|GenBank|CP043047.1|59825..192847_Klebsiella_pneumoniae_strain_KLP268_chromosome__complete_genome	99.187	123	1	0	363764	363886	128664	128542	3.16e-53	222
accn|JBDJKC010000001	ICEberg|1237|ICEKpnGD4-1|GenBank|CP025951.1|4672706..4729913_Klebsiella_pneumoniae_subsp._pneumoniae_strain_GD4_chromosome__complete_genome	99.187	123	1	0	363764	363886	9833	9711	3.16e-53	222
accn|JBDJKC010000001	ICEberg|1215|ICEKpnCRKP-I-2|GenBank|CP037927.1|4486964..4546077_Klebsiella_pneumoniae_strain_CRKP_I_chromosome__complete_genome	98.413	126	2	0	363761	363886	10661	10786	3.16e-53	222
accn|JBDJKC010000001	ICEberg|1702|ICEHin8|GenBank|LS483392.1|192252..244996_Haemophilus_influenzae_strain_NCTC11931_genome_assembly__chromosome__1	96.269	134	2	1	1373393	1373526	1	131	1.47e-51	217
accn|JBDJKC010000001	ICEberg|1702|ICEHin8|GenBank|LS483392.1|192252..244996_Haemophilus_influenzae_strain_NCTC11931_genome_assembly__chromosome__1	98.701	77	1	0	2414292	2414368	77	1	1.18e-27	137
accn|JBDJKC010000001	ICEberg|1702|ICEHin8|GenBank|LS483392.1|192252..244996_Haemophilus_influenzae_strain_NCTC11931_genome_assembly__chromosome__1	95.000	80	3	1	1373389	1373468	52667	52745	9.15e-24	124
accn|JBDJKC010000001	ICEberg|1597|ICEApa1|GenBank|CP050316.1|2129122..2199489_Avibacterium_paragallinarum_strain_ESV-135_chromosome__complete_genome	95.349	129	5	1	1373393	1373521	1	128	1.14e-47	204
accn|JBDJKC010000001	ICEberg|1597|ICEApa1|GenBank|CP050316.1|2129122..2199489_Avibacterium_paragallinarum_strain_ESV-135_chromosome__complete_genome	96.104	77	3	0	2414293	2414369	70368	70292	2.54e-24	126
accn|JBDJKC010000001	ICEberg|1597|ICEApa1|GenBank|CP050316.1|2129122..2199489_Avibacterium_paragallinarum_strain_ESV-135_chromosome__complete_genome	96.053	76	3	0	2414293	2414368	76	1	9.15e-24	124
accn|JBDJKC010000001	ICEberg|1597|ICEApa1|GenBank|CP050316.1|2129122..2199489_Avibacterium_paragallinarum_strain_ESV-135_chromosome__complete_genome	96.053	76	3	0	1373393	1373468	70293	70368	9.15e-24	124
accn|JBDJKC010000001	ICEberg|1256|ICEKpnINF322-1|GenBank|CP024482.1|724820..832256_Klebsiella_pneumoniae_strain_INF322_chromosome__complete_genome	95.122	123	6	0	363764	363886	53052	52930	6.88e-45	195
accn|JBDJKC010000001	ICEberg|1252|ICEKpnINF249-1|GenBank|CP024489.1|724822..832258_Klebsiella_pneumoniae_strain_INF249_chromosome__complete_genome	95.122	123	6	0	363764	363886	53052	52930	6.88e-45	195
accn|JBDJKC010000001	ICEberg|1700|ICEHdu1|GenBank|NC_002940.2|718953..768668_[Haemophilus]_ducreyi_35000HP__complete_sequence	98.901	91	1	0	997853	997943	49626	49716	1.94e-35	163
accn|JBDJKC010000001	ICEberg|1700|ICEHdu1|GenBank|NC_002940.2|718953..768668_[Haemophilus]_ducreyi_35000HP__complete_sequence	100.000	76	0	0	308052	308127	1	76	9.09e-29	141
accn|JBDJKC010000001	ICEberg|1700|ICEHdu1|GenBank|NC_002940.2|718953..768668_[Haemophilus]_ducreyi_35000HP__complete_sequence	100.000	76	0	0	997962	998037	1	76	9.09e-29	141
accn|JBDJKC010000001	ICEberg|1700|ICEHdu1|GenBank|NC_002940.2|718953..768668_[Haemophilus]_ducreyi_35000HP__complete_sequence	97.368	76	2	0	1768508	1768583	49501	49576	1.97e-25	130
accn|JBDJKC010000001	ICEberg|1700|ICEHdu1|GenBank|NC_002940.2|718953..768668_[Haemophilus]_ducreyi_35000HP__complete_sequence	97.368	76	2	0	1768605	1768680	49501	49576	1.97e-25	130
accn|JBDJKC010000001	ICEberg|1700|ICEHdu1|GenBank|NC_002940.2|718953..768668_[Haemophilus]_ducreyi_35000HP__complete_sequence	96.053	76	3	0	1768703	1768778	49501	49576	9.15e-24	124
accn|JBDJKC010000001	ICEberg|2010|Tn6783_201330|GenBank|CP054623.1|2596147..2668162_Pseudomonas_aeruginosa_strain_DL201330_chromosome__complete_genome	98.750	80	1	0	308051	308130	66975	66896	2.53e-29	143
accn|JBDJKC010000001	ICEberg|2010|Tn6783_201330|GenBank|CP054623.1|2596147..2668162_Pseudomonas_aeruginosa_strain_DL201330_chromosome__complete_genome	98.734	79	1	0	997961	998039	66975	66897	9.09e-29	141
accn|JBDJKC010000001	ICEberg|2010|Tn6783_201330|GenBank|CP054623.1|2596147..2668162_Pseudomonas_aeruginosa_strain_DL201330_chromosome__complete_genome	96.471	85	2	1	997748	997831	66982	66898	3.27e-28	139
accn|JBDJKC010000001	ICEberg|1586|ICEAac3|GenBank|CP043003.1|2132073..2197982_Aggregatibacter_actinomycetemcomitans_strain_HK_907_chromosome__complete_genome	100.000	77	0	0	997754	997830	77	1	2.53e-29	143
accn|JBDJKC010000001	ICEberg|1586|ICEAac3|GenBank|CP043003.1|2132073..2197982_Aggregatibacter_actinomycetemcomitans_strain_HK_907_chromosome__complete_genome	100.000	77	0	0	308051	308127	77	1	2.53e-29	143
accn|JBDJKC010000001	ICEberg|1586|ICEAac3|GenBank|CP043003.1|2132073..2197982_Aggregatibacter_actinomycetemcomitans_strain_HK_907_chromosome__complete_genome	97.368	76	2	0	1768605	1768680	292	217	1.97e-25	130
accn|JBDJKC010000001	ICEberg|1586|ICEAac3|GenBank|CP043003.1|2132073..2197982_Aggregatibacter_actinomycetemcomitans_strain_HK_907_chromosome__complete_genome	97.368	76	2	0	1768508	1768583	292	217	1.97e-25	130
accn|JBDJKC010000001	ICEberg|1586|ICEAac3|GenBank|CP043003.1|2132073..2197982_Aggregatibacter_actinomycetemcomitans_strain_HK_907_chromosome__complete_genome	96.053	76	3	0	1768703	1768778	292	217	9.15e-24	124
accn|JBDJKC010000001	ICEberg|1586|ICEAac3|GenBank|CP043003.1|2132073..2197982_Aggregatibacter_actinomycetemcomitans_strain_HK_907_chromosome__complete_genome	98.387	62	1	0	1768605	1768666	64407	64346	2.56e-19	110
accn|JBDJKC010000001	ICEberg|1586|ICEAac3|GenBank|CP043003.1|2132073..2197982_Aggregatibacter_actinomycetemcomitans_strain_HK_907_chromosome__complete_genome	98.387	62	1	0	1768508	1768569	64407	64346	2.56e-19	110
accn|JBDJKC010000001	ICEberg|1586|ICEAac3|GenBank|CP043003.1|2132073..2197982_Aggregatibacter_actinomycetemcomitans_strain_HK_907_chromosome__complete_genome	98.333	60	1	0	1768703	1768762	64407	64348	3.32e-18	106
accn|JBDJKC010000001	ICEberg|1584|ICEAac1|GenBank|CP012959.1|2164508..2181462_Aggregatibacter_actinomycetemcomitans_strain_624__complete_genome	100.000	77	0	0	308051	308127	16879	16955	2.53e-29	143
accn|JBDJKC010000001	ICEberg|1584|ICEAac1|GenBank|CP012959.1|2164508..2181462_Aggregatibacter_actinomycetemcomitans_strain_624__complete_genome	100.000	77	0	0	997754	997830	16879	16955	2.53e-29	143
accn|JBDJKC010000001	ICEberg|1584|ICEAac1|GenBank|CP012959.1|2164508..2181462_Aggregatibacter_actinomycetemcomitans_strain_624__complete_genome	100.000	77	0	0	997961	998037	16879	16955	2.53e-29	143
accn|JBDJKC010000001	ICEberg|1701|ICEHdu2|GenBank|CP015434.1|162562..211583_[Haemophilus]_ducreyi_strain_GHA9__complete_genome	100.000	76	0	0	997962	998037	49022	48947	9.09e-29	141
accn|JBDJKC010000001	ICEberg|1701|ICEHdu2|GenBank|CP015434.1|162562..211583_[Haemophilus]_ducreyi_strain_GHA9__complete_genome	100.000	76	0	0	308052	308127	49022	48947	9.09e-29	141
accn|JBDJKC010000001	ICEberg|1701|ICEHdu2|GenBank|CP015434.1|162562..211583_[Haemophilus]_ducreyi_strain_GHA9__complete_genome	97.368	76	2	0	1768605	1768680	77	2	1.97e-25	130
accn|JBDJKC010000001	ICEberg|1701|ICEHdu2|GenBank|CP015434.1|162562..211583_[Haemophilus]_ducreyi_strain_GHA9__complete_genome	97.368	76	2	0	1768508	1768583	77	2	1.97e-25	130
accn|JBDJKC010000001	ICEberg|1701|ICEHdu2|GenBank|CP015434.1|162562..211583_[Haemophilus]_ducreyi_strain_GHA9__complete_genome	96.053	76	3	0	1768703	1768778	77	2	9.15e-24	124
accn|JBDJKC010000001	ICEberg|1581|ICE6660|GenBank|MK497171.1|1..112205_Pseudomonas_aeruginosa_sequence	97.500	80	2	0	308048	308127	112126	112205	1.18e-27	137
accn|JBDJKC010000001	ICEberg|1581|ICE6660|GenBank|MK497171.1|1..112205_Pseudomonas_aeruginosa_sequence	97.500	80	2	0	997958	998037	112126	112205	1.18e-27	137
accn|JBDJKC010000001	ICEberg|1581|ICE6660|GenBank|MK497171.1|1..112205_Pseudomonas_aeruginosa_sequence	98.701	77	1	0	997754	997830	112129	112205	1.18e-27	137
accn|JBDJKC010000001	ICEberg|1718|ICEHso3|GenBank|NC_008309.1|1952153..2005728_Histophilus_somni_129PT__complete_sequence	95.122	82	3	1	2414293	2414374	99	179	7.08e-25	128
accn|JBDJKC010000001	ICEberg|960|ICEApl1|GenBank|KU551309|27..56176_Actinobacillus_pleuropneumoniae_strain_MIDG2427_tRNA-Leu_gene__integrative_conjugative_element_ICEApl1_mobile_element__and_tRNA-Gly_gene__complete_sequence	98.485	66	1	0	997856	997921	56150	56085	1.53e-21	117
accn|JBDJKC010000001	ICEberg|960|ICEApl1|GenBank|KU551309|27..56176_Actinobacillus_pleuropneumoniae_strain_MIDG2427_tRNA-Leu_gene__integrative_conjugative_element_ICEApl1_mobile_element__and_tRNA-Gly_gene__complete_sequence	97.015	67	2	0	997856	997922	67	1	1.98e-20	113
accn|JBDJKC010000001	ICEberg|60|ICEHin1056|GenBank|AJ627386|1..59393_Haemophilus_influenzae_plasmid_ICEhin1056	95.455	66	3	0	997856	997921	66	1	3.32e-18	106
accn|JBDJKC010000001	ICEberg|350|ICEHpaT3T1|GenBank|FQ312002|1153089..1213144_Haemophilus_parainfluenzae_T3T1_genome	95.455	66	3	0	997853	997918	59988	60053	3.32e-18	106
accn|JBDJKC010000001	ICEberg|349|ICEHpa8f|GenBank|AM884335|1..52725_Haemophilus_influenzae_parA_gene_for_chromosome_partitioning_protein__strain_8f	95.455	66	3	0	997856	997921	66	1	3.32e-18	106
accn|JBDJKC010000001	ICEberg|348|ICEHin299|GenBank|AM884334|1..53902_Haemophilus_influenzae_parA_gene_for_chromosome_partitioning_protein__strain_299	95.455	66	3	0	997856	997921	66	1	3.32e-18	106
accn|JBDJKC010000001	ICEberg|346|ICEHinB|GenBank|FQ312006|87548..143543_Haemophilus_influenzae_10810_genome	95.455	66	3	0	997856	997921	66	1	3.32e-18	106
accn|JBDJKC010000001	ICEberg|2046|Tn7100|GenBank|OW736085.1|1..73601_Haemophilus_influenzae_strain_Hi-228_transposon_7100__complete_sequence	95.455	66	3	0	997856	997921	66	1	3.32e-18	106
accn|JBDJKC010000001	ICEberg|2007|Tn6687|GenBank|MN106412.1|1..68777_Haemophilus_influenzae_strain_0_transposon_Tn6687__complete_sequence	95.455	66	3	0	997856	997921	66	1	3.32e-18	106
accn|JBDJKC010000001	ICEberg|2006|Tn6686|GenBank|MN106411.1|1..64737_Haemophilus_influenzae_strain_G_transposon_Tn6686__complete_sequence	95.455	66	3	0	997856	997921	66	1	3.32e-18	106
accn|JBDJKC010000001	ICEberg|2005|Tn6685|GenBank|MN106410.1|1..52414_Haemophilus_influenzae_strain_E_transposon_Tn6685__complete_sequence	95.455	66	3	0	997856	997921	66	1	3.32e-18	106
accn|JBDJKC010000001	ICEberg|1422|15-184_ICE|GenBank|CP023057.1|951876..999094_Glaesserella_sp._15-184_chromosome__complete_genome	96.667	60	2	0	614824	614883	368	427	1.54e-16	100
accn|JBDJKC010000001	ICEberg|1685|ICEEC8|GenBank|LOGV01000031.1|282800..364210_Escherichia_coli_strain_STEC_2174_STEC2174_contig_26__whole_genome_shotgun_sequence	96.078	51	2	0	1373474	1373524	51	1	1.55e-11	84.2
accn|JBDJKC010000001	ICEberg|2039|Tn6865|GenBank|CP031123.2|751328..820050_Providencia_huaxiensis_strain_WCHPr000369_chromosome__complete_genome	97.368	38	1	0	728270	728307	65614	65651	5.63e-06	65.8
accn|JBDJKC010000003	ICEberg|1736|ICEMha2|GenBank|NC_020833.2|1557279..1616347_Mannheimia_haemolytica_USDA-ARS-USMARC-183__complete_sequence	95.679	162	7	0	1797	1958	17718	17557	4.74e-68	261
