accn|VAHV01000103	ICEberg|1692|ICEGpa1804|GenBank|CP069308.1|717521..789400_Glaesserella_parasuis_strain_EHP1804_chromosome__complete_genome	99.115	113	1	0	6	118	56082	55970	1.57e-51	204
accn|VAHV01000103	ICEberg|1697|ICEGpa2|GenBank|CP049090.1|1351751..1421790_Glaesserella_parasuis_strain_aHPS7_chromosome__complete_genome	99.074	108	0	1	6	112	18338	18445	3.41e-48	193
accn|VAHV01000103	ICEberg|1713|ICEHpa1|GenBank|CP054198.1|1511383..1580304_Glaesserella_parasuis_strain_YHP170504_chromosome__complete_genome	97.196	107	2	1	6	112	18581	18686	2.65e-44	180
accn|VAHV01000103	ICEberg|1602|ICEAsp1|GenBank|MW030510.1|1..72978_Actinobacillus_sp._ICEAsp1_mobile_element__complete_sequence	97.196	107	2	1	6	112	50464	50359	2.65e-44	180
accn|VAHV01000101	ICEberg|987|ICEMh1|GenBank|CP005383|2128248..2190602_Mannheimia_haemolytica_M42548__complete_genome	100.000	388	0	0	1	388	23019	22632	0.0	717
accn|VAHV01000101	ICEberg|441|ICEHso2336-1|GenBank|CP000947|1927921..1994529_Haemophilus_somnus_2336__complete_genome	100.000	388	0	0	1	388	17155	16768	0.0	717
accn|VAHV01000101	ICEberg|440|ICEPmu1|GenBank|CP003022|273284..355497_Pasteurella_multocida_36950__complete_genome	100.000	388	0	0	1	388	35102	34715	0.0	717
accn|VAHV01000101	ICEberg|1734|ICEMh3|GenBank|CP006942.1|959858..1026317_Mannheimia_sp._USDA-ARS-USMARC-1261__complete_genome	100.000	388	0	0	1	388	49390	49777	0.0	717
accn|VAHV01000101	ICEberg|1719|ICEHso4|GenBank|CP018803.1|686759..761246_Histophilus_somni_strain_USDA-ARS-USMARC-63255_chromosome__complete_genome	100.000	388	0	0	1	388	39339	39726	0.0	717
accn|VAHV01000101	ICEberg|1717|ICEHs1|GenBank|MF136609.1|1..64932_Histophilus_somni_strain_AVI_1_integrative_conjugative_element_ICEHs1__complete_sequence	99.742	388	1	0	1	388	17170	16783	0.0	712
accn|VAHV01000101	ICEberg|1716|ICEHs02|GenBank|CP042993.1|687500..760418_Histophilus_somni_strain_UOC-KLM-ATR-014_chromosome__complete_genome	99.742	388	1	0	1	388	39290	39677	0.0	712
accn|VAHV01000101	PID|170717968|gi|170717206|ref|NC_010519.1|_c1944967-1943495_Haemophilus_somnus_2336_chromosome__complete_genome	100.000	280	0	0	109	388	1	280	4.79e-146	518
accn|VAHV01000101	PID|170717969|gi|170717206|ref|NC_010519.1|_c1945295-1944978_Haemophilus_somnus_2336_chromosome__complete_genome	100.000	98	0	0	1	98	221	318	7.14e-45	182
accn|VAHV01000098	PID|170717971|gi|170717206|ref|NC_010519.1|_c1948550-1945713_Haemophilus_somnus_2336_chromosome__complete_genome	97.354	378	10	0	3	380	51	428	0.0	643
accn|VAHV01000098	ICEberg|987|ICEMh1|GenBank|CP005383|2128248..2190602_Mannheimia_haemolytica_M42548__complete_genome	97.354	378	10	0	3	380	26444	26067	0.0	643
accn|VAHV01000098	ICEberg|441|ICEHso2336-1|GenBank|CP000947|1927921..1994529_Haemophilus_somnus_2336__complete_genome	97.354	378	10	0	3	380	20580	20203	0.0	643
accn|VAHV01000098	ICEberg|440|ICEPmu1|GenBank|CP003022|273284..355497_Pasteurella_multocida_36950__complete_genome	97.354	378	10	0	3	380	38527	38150	0.0	643
accn|VAHV01000098	ICEberg|1734|ICEMh3|GenBank|CP006942.1|959858..1026317_Mannheimia_sp._USDA-ARS-USMARC-1261__complete_genome	97.354	378	10	0	3	380	45965	46342	0.0	643
accn|VAHV01000098	ICEberg|1719|ICEHso4|GenBank|CP018803.1|686759..761246_Histophilus_somni_strain_USDA-ARS-USMARC-63255_chromosome__complete_genome	97.354	378	10	0	3	380	35914	36291	0.0	643
accn|VAHV01000098	ICEberg|1717|ICEHs1|GenBank|MF136609.1|1..64932_Histophilus_somni_strain_AVI_1_integrative_conjugative_element_ICEHs1__complete_sequence	97.354	378	10	0	3	380	20595	20218	0.0	643
accn|VAHV01000098	ICEberg|1716|ICEHs02|GenBank|CP042993.1|687500..760418_Histophilus_somni_strain_UOC-KLM-ATR-014_chromosome__complete_genome	97.354	378	10	0	3	380	35865	36242	0.0	643
accn|VAHV01000098	ICEberg|1698|ICEGpa3|GenBank|CP018032.1|1710663..1776472_Glaesserella_parasuis_D74__complete_sequence	96.296	378	14	0	3	380	26886	27263	3.49e-177	621
accn|VAHV01000098	ICEberg|2047|Tn7406|GenBank|CP087379.1|1564187..1622411_Mannheimia_haemolytica_strain_IMT47952_chromosome__complete_genome	95.026	382	19	0	1	382	27015	27396	4.55e-171	601
accn|VAHV01000096	ICEberg|987|ICEMh1|GenBank|CP005383|2128248..2190602_Mannheimia_haemolytica_M42548__complete_genome	100.000	376	0	0	1	376	4937	4562	0.0	695
accn|VAHV01000096	ICEberg|1713|ICEHpa1|GenBank|CP054198.1|1511383..1580304_Glaesserella_parasuis_strain_YHP170504_chromosome__complete_genome	100.000	376	0	0	1	376	7637	7262	0.0	695
accn|VAHV01000096	ICEberg|1697|ICEGpa2|GenBank|CP049090.1|1351751..1421790_Glaesserella_parasuis_strain_aHPS7_chromosome__complete_genome	100.000	376	0	0	1	376	9115	8740	0.0	695
accn|VAHV01000096	ICEberg|1625|ICECspPOL2|GenBank|CP049298.1|1767025..1883295_Chryseobacterium_sp._POL2_chromosome__complete_genome	99.734	376	1	0	1	376	98951	98576	0.0	689
accn|VAHV01000195	ICEberg|1736|ICEMha2|GenBank|NC_020833.2|1557279..1616347_Mannheimia_haemolytica_USDA-ARS-USMARC-183__complete_sequence	100.000	72	0	0	1	72	7227	7298	4.88e-28	134
accn|VAHV01000195	ICEberg|1736|ICEMha2|GenBank|NC_020833.2|1557279..1616347_Mannheimia_haemolytica_USDA-ARS-USMARC-183__complete_sequence	100.000	72	0	0	1	72	10404	10475	4.88e-28	134
accn|VAHV01000094	PID|170717964|gi|170717206|ref|NC_010519.1|_1939940-1941952_Haemophilus_somnus_2336_chromosome__complete_genome	97.594	374	9	0	1	374	1731	1358	0.0	641
accn|VAHV01000094	ICEberg|987|ICEMh1|GenBank|CP005383|2128248..2190602_Mannheimia_haemolytica_M42548__complete_genome	97.594	374	9	0	1	374	19614	19241	0.0	641
accn|VAHV01000094	ICEberg|441|ICEHso2336-1|GenBank|CP000947|1927921..1994529_Haemophilus_somnus_2336__complete_genome	97.594	374	9	0	1	374	13750	13377	0.0	641
accn|VAHV01000094	ICEberg|440|ICEPmu1|GenBank|CP003022|273284..355497_Pasteurella_multocida_36950__complete_genome	97.594	374	9	0	1	374	31697	31324	0.0	641
accn|VAHV01000094	ICEberg|1734|ICEMh3|GenBank|CP006942.1|959858..1026317_Mannheimia_sp._USDA-ARS-USMARC-1261__complete_genome	97.594	374	9	0	1	374	52795	53168	0.0	641
accn|VAHV01000094	ICEberg|1719|ICEHso4|GenBank|CP018803.1|686759..761246_Histophilus_somni_strain_USDA-ARS-USMARC-63255_chromosome__complete_genome	97.594	374	9	0	1	374	42744	43117	0.0	641
accn|VAHV01000094	ICEberg|1717|ICEHs1|GenBank|MF136609.1|1..64932_Histophilus_somni_strain_AVI_1_integrative_conjugative_element_ICEHs1__complete_sequence	97.594	374	9	0	1	374	13765	13392	0.0	641
accn|VAHV01000094	ICEberg|1716|ICEHs02|GenBank|CP042993.1|687500..760418_Histophilus_somni_strain_UOC-KLM-ATR-014_chromosome__complete_genome	97.594	374	9	0	1	374	42695	43068	0.0	641
accn|VAHV01000092	ICEberg|440|ICEPmu1|GenBank|CP003022|273284..355497_Pasteurella_multocida_36950__complete_genome	99.728	367	1	0	1	367	18397	18031	0.0	673
accn|VAHV01000092	ICEberg|440|ICEPmu1|GenBank|CP003022|273284..355497_Pasteurella_multocida_36950__complete_genome	100.000	274	0	0	1	274	3756	3483	9.77e-143	507
accn|VAHV01000092	ICEberg|441|ICEHso2336-1|GenBank|CP000947|1927921..1994529_Haemophilus_somnus_2336__complete_genome	100.000	274	0	0	1	274	4328	4601	9.77e-143	507
accn|VAHV01000092	ICEberg|1719|ICEHso4|GenBank|CP018803.1|686759..761246_Histophilus_somni_strain_USDA-ARS-USMARC-63255_chromosome__complete_genome	100.000	274	0	0	1	274	69158	69431	9.77e-143	507
accn|VAHV01000092	ICEberg|1717|ICEHs1|GenBank|MF136609.1|1..64932_Histophilus_somni_strain_AVI_1_integrative_conjugative_element_ICEHs1__complete_sequence	100.000	274	0	0	1	274	4343	4616	9.77e-143	507
accn|VAHV01000092	ICEberg|1716|ICEHs02|GenBank|CP042993.1|687500..760418_Histophilus_somni_strain_UOC-KLM-ATR-014_chromosome__complete_genome	100.000	274	0	0	1	274	69109	69382	9.77e-143	507
accn|VAHV01000092	ICEberg|987|ICEMh1|GenBank|CP005383|2128248..2190602_Mannheimia_haemolytica_M42548__complete_genome	99.635	274	1	0	1	274	6314	6041	4.55e-141	501
accn|VAHV01000092	ICEberg|1713|ICEHpa1|GenBank|CP054198.1|1511383..1580304_Glaesserella_parasuis_strain_YHP170504_chromosome__complete_genome	99.635	274	1	0	1	274	9014	8741	4.55e-141	501
accn|VAHV01000092	ICEberg|1713|ICEHpa1|GenBank|CP054198.1|1511383..1580304_Glaesserella_parasuis_strain_YHP170504_chromosome__complete_genome	99.270	274	2	0	1	274	6198	5925	2.12e-139	496
accn|VAHV01000092	ICEberg|1713|ICEHpa1|GenBank|CP054198.1|1511383..1580304_Glaesserella_parasuis_strain_YHP170504_chromosome__complete_genome	96.000	275	11	0	1	275	14190	13916	6.01e-125	448
accn|VAHV01000092	ICEberg|1697|ICEGpa2|GenBank|CP049090.1|1351751..1421790_Glaesserella_parasuis_strain_aHPS7_chromosome__complete_genome	99.635	274	1	0	1	274	10498	10225	4.55e-141	501
accn|VAHV01000092	ICEberg|1697|ICEGpa2|GenBank|CP049090.1|1351751..1421790_Glaesserella_parasuis_strain_aHPS7_chromosome__complete_genome	97.091	275	8	0	1	275	15617	15343	5.96e-130	464
accn|VAHV01000092	ICEberg|1697|ICEGpa2|GenBank|CP049090.1|1351751..1421790_Glaesserella_parasuis_strain_aHPS7_chromosome__complete_genome	96.715	274	9	0	1	274	7676	7403	9.98e-128	457
accn|VAHV01000092	ICEberg|1602|ICEAsp1|GenBank|MW030510.1|1..72978_Actinobacillus_sp._ICEAsp1_mobile_element__complete_sequence	98.556	277	4	0	1	277	60355	60631	9.84e-138	490
accn|VAHV01000092	ICEberg|1602|ICEAsp1|GenBank|MW030510.1|1..72978_Actinobacillus_sp._ICEAsp1_mobile_element__complete_sequence	97.241	290	6	2	1	289	63100	63388	9.84e-138	490
accn|VAHV01000092	ICEberg|1602|ICEAsp1|GenBank|MW030510.1|1..72978_Actinobacillus_sp._ICEAsp1_mobile_element__complete_sequence	98.540	274	4	0	1	274	66779	67052	4.58e-136	484
accn|VAHV01000092	ICEberg|1602|ICEAsp1|GenBank|MW030510.1|1..72978_Actinobacillus_sp._ICEAsp1_mobile_element__complete_sequence	96.000	275	11	0	1	275	54856	55130	6.01e-125	448
accn|VAHV01000092	ICEberg|1692|ICEGpa1804|GenBank|CP069308.1|717521..789400_Glaesserella_parasuis_strain_EHP1804_chromosome__complete_genome	98.540	274	4	0	1	274	55703	55976	4.58e-136	484
accn|VAHV01000092	ICEberg|1692|ICEGpa1804|GenBank|CP069308.1|717521..789400_Glaesserella_parasuis_strain_EHP1804_chromosome__complete_genome	98.540	274	4	0	1	274	65727	66000	4.58e-136	484
accn|VAHV01000091	ICEberg|987|ICEMh1|GenBank|CP005383|2128248..2190602_Mannheimia_haemolytica_M42548__complete_genome	99.454	366	2	0	1	366	30842	30477	0.0	665
accn|VAHV01000091	ICEberg|441|ICEHso2336-1|GenBank|CP000947|1927921..1994529_Haemophilus_somnus_2336__complete_genome	99.454	366	2	0	1	366	24978	24613	0.0	665
accn|VAHV01000091	ICEberg|440|ICEPmu1|GenBank|CP003022|273284..355497_Pasteurella_multocida_36950__complete_genome	99.454	366	2	0	1	366	42925	42560	0.0	665
accn|VAHV01000091	ICEberg|1734|ICEMh3|GenBank|CP006942.1|959858..1026317_Mannheimia_sp._USDA-ARS-USMARC-1261__complete_genome	99.454	366	2	0	1	366	41567	41932	0.0	665
accn|VAHV01000091	ICEberg|1719|ICEHso4|GenBank|CP018803.1|686759..761246_Histophilus_somni_strain_USDA-ARS-USMARC-63255_chromosome__complete_genome	99.454	366	2	0	1	366	31516	31881	0.0	665
accn|VAHV01000091	ICEberg|1717|ICEHs1|GenBank|MF136609.1|1..64932_Histophilus_somni_strain_AVI_1_integrative_conjugative_element_ICEHs1__complete_sequence	99.180	366	3	0	1	366	24992	24627	0.0	660
accn|VAHV01000091	ICEberg|1716|ICEHs02|GenBank|CP042993.1|687500..760418_Histophilus_somni_strain_UOC-KLM-ATR-014_chromosome__complete_genome	99.180	366	3	0	1	366	31467	31832	0.0	660
accn|VAHV01000091	ICEberg|2047|Tn7406|GenBank|CP087379.1|1564187..1622411_Mannheimia_haemolytica_strain_IMT47952_chromosome__complete_genome	98.907	366	4	0	1	366	22673	23038	0.0	654
accn|VAHV01000091	PID|170717979|gi|170717206|ref|NC_010519.1|_c1952739-1952350_Haemophilus_somnus_2336_chromosome__complete_genome	99.034	207	2	0	160	366	1	207	3.71e-102	372
accn|VAHV01000090	ICEberg|987|ICEMh1|GenBank|CP005383|2128248..2190602_Mannheimia_haemolytica_M42548__complete_genome	100.000	365	0	0	1	365	45092	45456	0.0	675
accn|VAHV01000090	ICEberg|441|ICEHso2336-1|GenBank|CP000947|1927921..1994529_Haemophilus_somnus_2336__complete_genome	100.000	365	0	0	1	365	39228	39592	0.0	675
accn|VAHV01000090	ICEberg|440|ICEPmu1|GenBank|CP003022|273284..355497_Pasteurella_multocida_36950__complete_genome	100.000	365	0	0	1	365	57175	57539	0.0	675
accn|VAHV01000090	ICEberg|1734|ICEMh3|GenBank|CP006942.1|959858..1026317_Mannheimia_sp._USDA-ARS-USMARC-1261__complete_genome	100.000	365	0	0	1	365	27317	26953	0.0	675
accn|VAHV01000090	ICEberg|1719|ICEHso4|GenBank|CP018803.1|686759..761246_Histophilus_somni_strain_USDA-ARS-USMARC-63255_chromosome__complete_genome	100.000	365	0	0	1	365	17266	16902	0.0	675
accn|VAHV01000090	ICEberg|1717|ICEHs1|GenBank|MF136609.1|1..64932_Histophilus_somni_strain_AVI_1_integrative_conjugative_element_ICEHs1__complete_sequence	100.000	365	0	0	1	365	39242	39606	0.0	675
accn|VAHV01000090	ICEberg|1716|ICEHs02|GenBank|CP042993.1|687500..760418_Histophilus_somni_strain_UOC-KLM-ATR-014_chromosome__complete_genome	100.000	365	0	0	1	365	17217	16853	0.0	675
accn|VAHV01000090	ICEberg|1603|ICEAsu1|GenBank|CP009159.1|982132..1037894_Actinobacillus_suis_ATCC_33415__complete_genome	97.244	254	5	2	113	365	20153	19901	2.16e-119	429
accn|VAHV01000086	ICEberg|1736|ICEMha2|GenBank|NC_020833.2|1557279..1616347_Mannheimia_haemolytica_USDA-ARS-USMARC-183__complete_sequence	100.000	347	0	0	1	347	7063	6717	0.0	641
accn|VAHV01000194	ICEberg|2047|Tn7406|GenBank|CP087379.1|1564187..1622411_Mannheimia_haemolytica_strain_IMT47952_chromosome__complete_genome	97.313	521	14	0	703	1223	57705	58225	0.0	885
accn|VAHV01000194	ICEberg|2047|Tn7406|GenBank|CP087379.1|1564187..1622411_Mannheimia_haemolytica_strain_IMT47952_chromosome__complete_genome	96.296	54	2	0	920	973	57868	57921	9.50e-15	89.8
accn|VAHV01000194	ICEberg|2047|Tn7406|GenBank|CP087379.1|1564187..1622411_Mannheimia_haemolytica_strain_IMT47952_chromosome__complete_genome	96.296	54	2	0	866	919	57922	57975	9.50e-15	89.8
accn|VAHV01000194	ICEberg|1736|ICEMha2|GenBank|NC_020833.2|1557279..1616347_Mannheimia_haemolytica_USDA-ARS-USMARC-183__complete_sequence	100.000	163	0	0	1061	1223	4035	3873	1.12e-78	302
accn|VAHV01000194	ICEberg|1736|ICEMha2|GenBank|NC_020833.2|1557279..1616347_Mannheimia_haemolytica_USDA-ARS-USMARC-183__complete_sequence	100.000	77	0	0	77512	77588	7298	7222	7.19e-31	143
accn|VAHV01000194	ICEberg|1736|ICEMha2|GenBank|NC_020833.2|1557279..1616347_Mannheimia_haemolytica_USDA-ARS-USMARC-183__complete_sequence	100.000	77	0	0	77512	77588	10475	10399	7.19e-31	143
accn|VAHV01000194	ICEberg|1736|ICEMha2|GenBank|NC_020833.2|1557279..1616347_Mannheimia_haemolytica_USDA-ARS-USMARC-183__complete_sequence	96.610	59	1	1	861	918	6093	6035	5.68e-17	97.1
accn|VAHV01000194	ICEberg|2039|Tn6865|GenBank|CP031123.2|751328..820050_Providencia_huaxiensis_strain_WCHPr000369_chromosome__complete_genome	97.368	38	1	0	31012	31049	65651	65614	1.60e-07	65.8
accn|VAHV01000081	ICEberg|1736|ICEMha2|GenBank|NC_020833.2|1557279..1616347_Mannheimia_haemolytica_USDA-ARS-USMARC-183__complete_sequence	95.318	299	14	0	30	328	43105	43403	2.44e-133	475
accn|VAHV01000081	ICEberg|1736|ICEMha2|GenBank|NC_020833.2|1557279..1616347_Mannheimia_haemolytica_USDA-ARS-USMARC-183__complete_sequence	97.143	35	1	0	1	35	13824	13858	2.91e-08	60.2
accn|VAHV01000081	ICEberg|1698|ICEGpa3|GenBank|CP018032.1|1710663..1776472_Glaesserella_parasuis_D74__complete_sequence	100.000	35	0	0	1	35	41529	41495	6.26e-10	65.8
accn|VAHV01000073	ICEberg|1736|ICEMha2|GenBank|NC_020833.2|1557279..1616347_Mannheimia_haemolytica_USDA-ARS-USMARC-183__complete_sequence	100.000	289	0	0	1	289	13619	13331	3.46e-151	534
accn|VAHV01000073	ICEberg|1698|ICEGpa3|GenBank|CP018032.1|1710663..1776472_Glaesserella_parasuis_D74__complete_sequence	100.000	289	0	0	1	289	41734	42022	3.46e-151	534
accn|VAHV01000072	ICEberg|1713|ICEHpa1|GenBank|CP054198.1|1511383..1580304_Glaesserella_parasuis_strain_YHP170504_chromosome__complete_genome	100.000	272	0	0	1	272	16949	16678	9.76e-142	503
accn|VAHV01000072	ICEberg|1697|ICEGpa2|GenBank|CP049090.1|1351751..1421790_Glaesserella_parasuis_strain_aHPS7_chromosome__complete_genome	100.000	272	0	0	1	272	16711	16440	9.76e-142	503
accn|VAHV01000072	ICEberg|1692|ICEGpa1804|GenBank|CP069308.1|717521..789400_Glaesserella_parasuis_strain_EHP1804_chromosome__complete_genome	100.000	272	0	0	1	272	57708	57979	9.76e-142	503
accn|VAHV01000072	ICEberg|1602|ICEAsp1|GenBank|MW030510.1|1..72978_Actinobacillus_sp._ICEAsp1_mobile_element__complete_sequence	100.000	272	0	0	1	272	52096	52367	9.76e-142	503
accn|VAHV01000072	resfinderf|blaROB-1|2	100.000	264	0	0	1	264	655	918	2.73e-137	488
accn|VAHV01000072	resfinderf|blaROB-1|1	99.621	264	1	0	1	264	655	918	1.27e-135	483
accn|VAHV01000071	ICEberg|1736|ICEMha2|GenBank|NC_020833.2|1557279..1616347_Mannheimia_haemolytica_USDA-ARS-USMARC-183__complete_sequence	99.645	282	1	0	1	282	27093	26812	1.22e-145	516
accn|VAHV01000071	PID|170717968|gi|170717206|ref|NC_010519.1|_c1944967-1943495_Haemophilus_somnus_2336_chromosome__complete_genome	95.035	282	14	0	1	282	666	947	5.84e-124	444
accn|VAHV01000071	ICEberg|987|ICEMh1|GenBank|CP005383|2128248..2190602_Mannheimia_haemolytica_M42548__complete_genome	95.035	282	14	0	1	282	22246	21965	5.84e-124	444
accn|VAHV01000071	ICEberg|441|ICEHso2336-1|GenBank|CP000947|1927921..1994529_Haemophilus_somnus_2336__complete_genome	95.035	282	14	0	1	282	16382	16101	5.84e-124	444
accn|VAHV01000071	ICEberg|440|ICEPmu1|GenBank|CP003022|273284..355497_Pasteurella_multocida_36950__complete_genome	95.035	282	14	0	1	282	34329	34048	5.84e-124	444
accn|VAHV01000071	ICEberg|1734|ICEMh3|GenBank|CP006942.1|959858..1026317_Mannheimia_sp._USDA-ARS-USMARC-1261__complete_genome	95.035	282	14	0	1	282	50163	50444	5.84e-124	444
accn|VAHV01000071	ICEberg|1719|ICEHso4|GenBank|CP018803.1|686759..761246_Histophilus_somni_strain_USDA-ARS-USMARC-63255_chromosome__complete_genome	95.035	282	14	0	1	282	40112	40393	5.84e-124	444
accn|VAHV01000071	ICEberg|1717|ICEHs1|GenBank|MF136609.1|1..64932_Histophilus_somni_strain_AVI_1_integrative_conjugative_element_ICEHs1__complete_sequence	95.035	282	14	0	1	282	16397	16116	5.84e-124	444
accn|VAHV01000071	ICEberg|1716|ICEHs02|GenBank|CP042993.1|687500..760418_Histophilus_somni_strain_UOC-KLM-ATR-014_chromosome__complete_genome	95.035	282	14	0	1	282	40063	40344	5.84e-124	444
accn|VAHV01000068	ICEberg|987|ICEMh1|GenBank|CP005383|2128248..2190602_Mannheimia_haemolytica_M42548__complete_genome	100.000	275	0	0	1	275	39839	39565	1.99e-143	508
accn|VAHV01000068	ICEberg|440|ICEPmu1|GenBank|CP003022|273284..355497_Pasteurella_multocida_36950__complete_genome	100.000	275	0	0	1	275	51922	51648	1.99e-143	508
accn|VAHV01000068	ICEberg|1719|ICEHso4|GenBank|CP018803.1|686759..761246_Histophilus_somni_strain_USDA-ARS-USMARC-63255_chromosome__complete_genome	100.000	275	0	0	1	275	22519	22793	1.99e-143	508
accn|VAHV01000068	ICEberg|1717|ICEHs1|GenBank|MF136609.1|1..64932_Histophilus_somni_strain_AVI_1_integrative_conjugative_element_ICEHs1__complete_sequence	100.000	275	0	0	1	275	33989	33715	1.99e-143	508
accn|VAHV01000068	ICEberg|1716|ICEHs02|GenBank|CP042993.1|687500..760418_Histophilus_somni_strain_UOC-KLM-ATR-014_chromosome__complete_genome	100.000	275	0	0	1	275	22470	22744	1.99e-143	508
accn|VAHV01000068	ICEberg|441|ICEHso2336-1|GenBank|CP000947|1927921..1994529_Haemophilus_somnus_2336__complete_genome	99.636	275	1	0	1	275	33975	33701	9.24e-142	503
accn|VAHV01000068	ICEberg|1734|ICEMh3|GenBank|CP006942.1|959858..1026317_Mannheimia_sp._USDA-ARS-USMARC-1261__complete_genome	99.636	275	1	0	1	275	32570	32844	9.24e-142	503
accn|VAHV01000192	ICEberg|1736|ICEMha2|GenBank|NC_020833.2|1557279..1616347_Mannheimia_haemolytica_USDA-ARS-USMARC-183__complete_sequence	100.000	77	0	0	75324	75400	7298	7222	6.99e-31	143
accn|VAHV01000192	ICEberg|1736|ICEMha2|GenBank|NC_020833.2|1557279..1616347_Mannheimia_haemolytica_USDA-ARS-USMARC-183__complete_sequence	100.000	77	0	0	75324	75400	10475	10399	6.99e-31	143
accn|VAHV01000192	ICEberg|1736|ICEMha2|GenBank|NC_020833.2|1557279..1616347_Mannheimia_haemolytica_USDA-ARS-USMARC-183__complete_sequence	100.000	72	0	0	1	72	7227	7298	4.20e-28	134
accn|VAHV01000192	ICEberg|1736|ICEMha2|GenBank|NC_020833.2|1557279..1616347_Mannheimia_haemolytica_USDA-ARS-USMARC-183__complete_sequence	100.000	72	0	0	1	72	10404	10475	4.20e-28	134
accn|VAHV01000191	VFG043479(gb|AAD53408)_(pomA)_outer_membrane_protein_PomA_[OmpA_(VF1223)_-_Adherence_(VFC0001)]_[Mannheimia_haemolytica_str._89010807N]	96.570	1137	21	11	55794	56912	1137	1	0.0	1868
accn|VAHV01000191	ICEberg|1736|ICEMha2|GenBank|NC_020833.2|1557279..1616347_Mannheimia_haemolytica_USDA-ARS-USMARC-183__complete_sequence	98.780	82	0	1	69458	69538	7303	7222	1.79e-31	145
accn|VAHV01000191	ICEberg|1736|ICEMha2|GenBank|NC_020833.2|1557279..1616347_Mannheimia_haemolytica_USDA-ARS-USMARC-183__complete_sequence	100.000	77	0	0	69462	69538	10475	10399	6.44e-31	143
accn|VAHV01000055	ICEberg|440|ICEPmu1|GenBank|CP003022|273284..355497_Pasteurella_multocida_36950__complete_genome	99.624	266	1	0	1	266	10063	9798	8.97e-137	486
accn|VAHV01000055	ICEberg|1719|ICEHso4|GenBank|CP018803.1|686759..761246_Histophilus_somni_strain_USDA-ARS-USMARC-63255_chromosome__complete_genome	99.624	266	1	0	1	266	62850	63115	8.97e-137	486
accn|VAHV01000055	ICEberg|1716|ICEHs02|GenBank|CP042993.1|687500..760418_Histophilus_somni_strain_UOC-KLM-ATR-014_chromosome__complete_genome	99.624	266	1	0	1	266	62801	63066	8.97e-137	486
accn|VAHV01000055	resfinderf|sul2|21	99.248	266	2	0	1	266	205	470	4.17e-135	481
accn|VAHV01000055	resfinderf|sul2|20	99.248	266	2	0	1	266	205	470	4.17e-135	481
accn|VAHV01000055	resfinderf|sul2|19	99.248	266	2	0	1	266	205	470	4.17e-135	481
accn|VAHV01000055	resfinderf|sul2|18	99.248	266	2	0	1	266	205	470	4.17e-135	481
accn|VAHV01000055	resfinderf|sul2|14	99.248	266	2	0	1	266	205	470	4.17e-135	481
accn|VAHV01000055	resfinderf|sul2|13	99.248	266	2	0	1	266	205	470	4.17e-135	481
accn|VAHV01000055	resfinderf|sul2|11	99.248	266	2	0	1	266	205	470	4.17e-135	481
accn|VAHV01000055	resfinderf|sul2|9	99.248	266	2	0	1	266	205	470	4.17e-135	481
accn|VAHV01000055	resfinderf|sul2|8	99.248	266	2	0	1	266	205	470	4.17e-135	481
accn|VAHV01000055	resfinderf|sul2|7	99.248	266	2	0	1	266	205	470	4.17e-135	481
accn|VAHV01000055	resfinderf|sul2|6	99.248	266	2	0	1	266	205	470	4.17e-135	481
accn|VAHV01000055	resfinderf|sul2|5	99.248	266	2	0	1	266	205	470	4.17e-135	481
accn|VAHV01000055	resfinderf|sul2|3	99.248	266	2	0	1	266	205	470	4.17e-135	481
accn|VAHV01000055	resfinderf|sul2|2	99.248	266	2	0	1	266	205	470	4.17e-135	481
accn|VAHV01000055	ICEberg|987|ICEMh1|GenBank|CP005383|2128248..2190602_Mannheimia_haemolytica_M42548__complete_genome	99.248	266	2	0	1	266	3571	3306	4.17e-135	481
accn|VAHV01000055	ICEberg|976|ICEKkKWG1|GenBank|LN869922|850916..923591_Kingella_kingae_genome_assembly_KKKWG1__chromosome___I	99.248	266	2	0	1	266	21631	21366	4.17e-135	481
accn|VAHV01000055	ICEberg|961|ICEApl2|GenBank|MF187965|1..92660_Actinobacillus_pleuropneumoniae_strain_MIDG3553_YhaH_(yhaH)_gene__complete_cds__ICEApl2_mobile_element__complete_sequence__and_PrfC_(prfC)_gene__complete_cds	99.248	266	2	0	1	266	19729	19464	4.17e-135	481
accn|VAHV01000055	ICEberg|44|SXT(MO10)|GenBank|AY055428|1..99483_Vibrio_cholerae_STX_transposon-like_element_and_pilus_assembly_region__complete_sequence	99.248	266	2	0	1	266	20880	20615	4.17e-135	481
accn|VAHV01000055	ICEberg|37|ICEPalBan1|GenBank|GQ463139|1..96676_Providencia_alcalifaciens_Ban1_integrating_conjugative_element_ICEPalban1__complete_sequence	99.248	266	2	0	1	266	19118	18853	4.17e-135	481
accn|VAHV01000055	ICEberg|36|ICEVflInd1|GenBank|GQ463144|1..114195_Vibrio_fluvialis_Ind1_integrating_conjugative_element_ICEVflInd1__complete_sequence	99.248	266	2	0	1	266	38307	38042	4.17e-135	481
accn|VAHV01000055	ICEberg|273|SXT(KN14)|GenBank|AB535680|1..20747_Vibrio_cholerae_O1_biovar_El_Tor_SXT_conjugative_element_gene_cluster__complete_sequence__strain__KN14	99.248	266	2	0	1	266	16074	15809	4.17e-135	481
accn|VAHV01000055	ICEberg|22|ICEVchInd5|GenBank|GQ463142|1..97952_Vibrio_cholerae_Ind5_integrating_conjugative_element_ICEVchind5__complete_sequence	99.248	266	2	0	1	266	19120	18855	4.17e-135	481
accn|VAHV01000055	ICEberg|21|ICEVchInd4|GenBank|GQ463141|1..95326_Vibrio_cholerae_Ind4_integrating_conjugative_element_ICEVchind4__complete_sequence	99.248	266	2	0	1	266	16703	16438	4.17e-135	481
accn|VAHV01000055	ICEberg|2047|Tn7406|GenBank|CP087379.1|1564187..1622411_Mannheimia_haemolytica_strain_IMT47952_chromosome__complete_genome	99.248	266	2	0	1	266	52215	51950	4.17e-135	481
accn|VAHV01000055	ICEberg|2047|Tn7406|GenBank|CP087379.1|1564187..1622411_Mannheimia_haemolytica_strain_IMT47952_chromosome__complete_genome	98.800	250	3	0	17	266	44962	44713	1.52e-124	446
accn|VAHV01000055	ICEberg|2045|Tn6966|GenBank|CP064830.1|3371703..3442829_Morganella_morganii_subsp._morganii_strain_81703_chromosome__complete_genome	99.248	266	2	0	1	266	37900	37635	4.17e-135	481
accn|VAHV01000055	ICEberg|2038|Tn6864|GenBank|MT219827.1|1..108763_Providencia_rettgeri_strain_RF14-2_sequence	99.248	266	2	0	1	266	20957	20692	4.17e-135	481
accn|VAHV01000055	ICEberg|2036|Tn6862|GenBank|CP059348.1|704853..810761_Providencia_rettgeri_strain_PROV023_chromosome__complete_genome	99.248	266	2	0	1	266	34548	34283	4.17e-135	481
accn|VAHV01000055	ICEberg|1940|ICEVchThd1|GenBank|CP007653.1|579719..680801_Vibrio_cholerae_strain_TSY216_chromosome_1__complete_sequence	99.248	266	2	0	1	266	27503	27238	4.17e-135	481
accn|VAHV01000055	ICEberg|1939|ICEVchRua2|GenBank|KY382506.1|1..97915_Vibrio_cholerae_O1_biovar_El_Tor_str._Inaba_RND18826_ICE_element_genomic_sequence	99.248	266	2	0	1	266	17094	16829	4.17e-135	481
accn|VAHV01000055	ICEberg|1938|ICEVchRua1|GenBank|KY382507.1|1..97915_Vibrio_cholerae_O1_biovar_El_Tor_str._Ogawa_RND6878_ICE_element_genomic_sequence	99.248	266	2	0	1	266	78833	79098	4.17e-135	481
accn|VAHV01000055	ICEberg|1937|ICEVchMJ1236|GenBank|CP001485.1|2958350..3066043_Vibrio_cholerae_MJ-1236_chromosome_1__complete_sequence	99.248	266	2	0	1	266	84301	84566	4.17e-135	481
accn|VAHV01000055	ICEberg|1925|ICEVch2010_EL-1786|GenBank|CP003069.1|83542..182958_Vibrio_cholerae_O1_str._2010EL-1786_chromosome_1__complete_sequence	99.248	266	2	0	1	266	19087	18822	4.17e-135	481
accn|VAHV01000055	ICEberg|1923|ICEValZJT1|GenBank|CP016224.1|2476706..2564476_Vibrio_alginolyticus_strain_ZJ-T_chromosome_1__complete_sequence	99.248	266	2	0	1	266	69719	69984	4.17e-135	481
accn|VAHV01000055	ICEberg|1915|ICETET|GenBank|MK165649.1|1..91463_Vibrio_cholerae_strain_IDH_1986_sequence	99.248	266	2	0	1	266	17883	17618	4.17e-135	481
accn|VAHV01000055	ICEberg|1914|ICESupCHN110003|GenBank|MG014393.1|1..91669_Shewanella_algae_strain_110003_sequence	99.248	266	2	0	1	266	19036	18771	4.17e-135	481
accn|VAHV01000055	ICEberg|1863|ICEShaJpn1|GenBank|BFBQ01000004.1|213376..320508_Shewanella_halifaxensis_6JANF4-E-4_DNA__sequence4__whole_genome_shotgun_sequence	99.248	266	2	0	1	266	18863	18598	4.17e-135	481
accn|VAHV01000055	ICEberg|1857|ICERspD18B|GenBank|CP037745.1|2629186..2657721_Rheinheimera_sp._D18_chromosome__complete_genome	99.248	266	2	0	1	266	514	779	4.17e-135	481
accn|VAHV01000055	ICEberg|1844|ICEPvuChnBC22|GenBank|MH160822.1|1..148751_Proteus_vulgaris_strain_SCpv22_sequence	99.248	266	2	0	1	266	89230	88965	4.17e-135	481
accn|VAHV01000055	ICEberg|1807|ICEPmu4|GenBank|CP038875.1|2009809..2087766_Pasteurella_multocida_strain_FCf83_chromosome__complete_genome	99.248	266	2	0	1	266	69085	69350	4.17e-135	481
accn|VAHV01000055	ICEberg|1804|ICEPmu3|GenBank|CP038873.1|1026914..1096464_Pasteurella_multocida_strain_FCf45_chromosome__complete_genome	99.248	266	2	0	1	266	53109	53374	4.17e-135	481
accn|VAHV01000055	ICEberg|1803|ICEPmu2|GenBank|CP038871.1|1998244..2056820_Pasteurella_multocida_strain_FCf15_chromosome__complete_genome	99.248	266	2	0	1	266	49377	49112	4.17e-135	481
accn|VAHV01000055	ICEberg|1788|ICEPmiFra1|GenBank|MF490434.1|1..107395_Proteus_mirabilis_sequence	99.248	266	2	0	1	266	17780	17515	4.17e-135	481
accn|VAHV01000055	ICEberg|1786|ICEPmiChn-TQ12|GenBank|ON390822.1|1..147546_Proteus_terrae_subsp._cibarius_strain_TQ12_ICEPmiChn-TQ12_mobile_element__complete_sequence	99.248	266	2	0	1	266	56336	56071	4.17e-135	481
accn|VAHV01000055	ICEberg|1785|ICEPmiChnSTP3|GenBank|MT449450.1|1..118916_Proteus_mirabilis_strain_STP3_sequence	99.248	266	2	0	1	266	101379	101644	4.17e-135	481
accn|VAHV01000055	ICEberg|1782|ICEPmiChnJZ57|GenBank|ON553412.1|1..116292_Proteus_mirabilis_strain_JZ57_ICEPmiChn_JZ57_mobile_element__complete_sequence	99.248	266	2	0	1	266	14494	14229	4.17e-135	481
accn|VAHV01000055	ICEberg|1781|ICEPmiChn-JZ35|GenBank|ON390821.1|1..142200_Proteus_terrae_subsp._cibarius_strain_JZ35_ICEPmiChn-JZ35_mobile_element__complete_sequence	99.248	266	2	0	1	266	83607	83872	4.17e-135	481
accn|VAHV01000055	ICEberg|1779|ICEPmiChnChSC1905|GenBank|CP047929.1|3384696..3471195_Proteus_mirabilis_strain_ChSC1905_chromosome__complete_genome	99.248	266	2	0	1	266	2668	2403	4.17e-135	481
accn|VAHV01000055	ICEberg|1779|ICEPmiChnChSC1905|GenBank|CP047929.1|3384696..3471195_Proteus_mirabilis_strain_ChSC1905_chromosome__complete_genome	99.248	266	2	0	1	266	80055	80320	4.17e-135	481
accn|VAHV01000055	ICEberg|1778|ICEPmiChnBCP11|GenBank|MG773277.1|1..141263_Proteus_mirabilis_integrating_conjugative_element_ICEPmiChn-BCP11_sequence	99.248	266	2	0	1	266	17168	16903	4.17e-135	481
accn|VAHV01000055	ICEberg|1778|ICEPmiChnBCP11|GenBank|MG773277.1|1..141263_Proteus_mirabilis_integrating_conjugative_element_ICEPmiChn-BCP11_sequence	99.248	266	2	0	1	266	102801	102536	4.17e-135	481
accn|VAHV01000055	ICEberg|1763|ICEPgs6Chn1|GenBank|MN507533.1|1..116235_Proteus_genomosp._6_strain_T60_sequence	99.248	266	2	0	1	266	41450	41185	4.17e-135	481
accn|VAHV01000055	ICEberg|1762|ICEPflCDM8|GenBank|CP047240.1|950152..1060244_Pseudoalteromonas_sp._M8_chromosome_2__complete_sequence	99.248	266	2	0	1	266	27102	26837	4.17e-135	481
accn|VAHV01000055	ICEberg|1759|ICEPciChn2|GenBank|MW423608.1|1..140916_Proteus_terrae_subsp._cibarius_strain_SH19PTE4_sequence	99.248	266	2	0	1	266	33875	33610	4.17e-135	481
accn|VAHV01000055	ICEberg|1758|ICEPciChn180|GenBank|CP073356.1|3209019..3335275_Proteus_terrae_subsp._cibarius_strain_SDQ8C180-2T_chromosome__complete_genome	99.248	266	2	0	1	266	73270	73535	4.17e-135	481
accn|VAHV01000055	ICEberg|1713|ICEHpa1|GenBank|CP054198.1|1511383..1580304_Glaesserella_parasuis_strain_YHP170504_chromosome__complete_genome	99.248	266	2	0	1	266	10290	10555	4.17e-135	481
accn|VAHV01000055	ICEberg|16|ICEVchBan9|GenBank|CP001485|2958347..3066049_Vibrio_cholerae_MJ-1236_chromosome_1__complete_sequence	99.248	266	2	0	1	266	84304	84569	4.17e-135	481
accn|VAHV01000055	ICEberg|1697|ICEGpa2|GenBank|CP049090.1|1351751..1421790_Glaesserella_parasuis_strain_aHPS7_chromosome__complete_genome	99.248	266	2	0	1	266	11717	11982	4.17e-135	481
accn|VAHV01000055	ICEberg|1692|ICEGpa1804|GenBank|CP069308.1|717521..789400_Glaesserella_parasuis_strain_EHP1804_chromosome__complete_genome	99.248	266	2	0	1	266	58730	58995	4.17e-135	481
accn|VAHV01000055	ICEberg|1691|ICEGEN|GenBank|MK165650.1|1..96718_Vibrio_cholerae_strain_IDH_4268_sequence	99.248	266	2	0	1	266	18231	17966	4.17e-135	481
accn|VAHV01000055	ICEberg|1602|ICEAsp1|GenBank|MW030510.1|1..72978_Actinobacillus_sp._ICEAsp1_mobile_element__complete_sequence	99.248	266	2	0	1	266	59136	58871	4.17e-135	481
accn|VAHV01000055	ICEberg|1598|ICEAplChn1|GenBank|KX196444.1|1..100848_Actinobacillus_pleuropneumoniae_sequence	99.248	266	2	0	1	266	27397	27132	4.17e-135	481
accn|VAHV01000055	ICEberg|149|ICEVflH-08942|GenBank|KM213605.1|1..102878_Vibrio_fluvialis_strain_H08942_ICEVflInd1_integrating_conjugative_element_genomic_sequence	99.248	266	2	0	1	266	22987	22722	4.17e-135	481
accn|VAHV01000055	ICEberg|1452|ICE_erm42|GenBank|CP060730.1|568141..660867_Salmonella_enterica_subsp._enterica_serovar_Albany_strain_R17.5974_chromosome__complete_genome	99.248	266	2	0	1	266	17327	17062	4.17e-135	481
accn|VAHV01000055	ICEberg|12|ICEVchBan5|GenBank|GQ463140|1..102122_Vibrio_cholerae_Ban5_integrating_conjugative_element_ICEVchban5__complete_sequence	99.248	266	2	0	1	266	23254	22989	4.17e-135	481
accn|VAHV01000055	ICEberg|1253|ICEKpnINF249-2|GenBank|CP024489.1|5079347..5289591_Klebsiella_pneumoniae_strain_INF249_chromosome__complete_genome	99.248	266	2	0	1	266	199962	200227	4.17e-135	481
accn|VAHV01000055	ICEberg|1110|ICEKpnQD23-1|GenBank|CP042858.1|4831525..5022379_Klebsiella_pneumoniae_strain_QD23_chromosome__complete_genome	99.248	266	2	0	1	266	171290	171555	4.17e-135	481
accn|VAHV01000055	ICEberg|1069|ICEVchNig1|GenBank|KC886258|528..97570_Vibrio_cholerae_VC833_ICE_element_genomic_sequence	99.248	266	2	0	1	266	18556	18291	4.17e-135	481
accn|VAHV01000055	ICEberg|1068|ICEVchNep1|GenBank|KC886257|528..97877_Vibrio_cholerae_strain_VC504_ICE_element_genomic_sequence	99.248	266	2	0	1	266	18556	18291	4.17e-135	481
accn|VAHV01000055	ICEberg|1064|ICEVchChnAHV1003|GenBank|KT151663|1..101856_Vibrio_cholerae_strain_AHV1003_SXT_element_genomic_sequence	99.248	266	2	0	1	266	73905	74170	4.17e-135	481
accn|VAHV01000055	ICEberg|1061|ICEVchCHN57|GenBank|KT151664.1|1..96186_Vibrio_cholerae_strain_wujiang-2_sequence	99.248	266	2	0	1	266	77499	77764	4.17e-135	481
accn|VAHV01000055	ICEberg|1055|ICEVchChn2255|GenBank|KT151660|1..92592_Vibrio_cholerae_strain_ICDC-2255_SXT_element_genomic_sequence	99.248	266	2	0	1	266	73905	74170	4.17e-135	481
accn|VAHV01000055	ICEberg|1040|ICEValA056-1|GenBank|KR231688|1..89004_Vibrio_alginolyticus_strain_A056_transposon_ICEValA056-1__complete_sequence	99.248	266	2	0	1	266	13654	13389	4.17e-135	481
accn|VAHV01000055	ICEberg|1033|ICEPmiCHN905|GenBank|KX243412|1..94956_Proteus_mirabilis_strain_MD20140905_complete_sequence	99.248	266	2	0	1	266	16899	16634	4.17e-135	481
accn|VAHV01000055	ICEberg|1032|ICEPmiCHN904|GenBank|KX243411|1..94942_Proteus_mirabilis_strain_MD20140904_complete_sequence	99.248	266	2	0	1	266	14070	13805	4.17e-135	481
accn|VAHV01000055	ICEberg|1028|ICEPmiChn4|GenBank|KY437728|1..90566_Proteus_mirabilis_integrative_and_conjugative_element_ICEPmiChn4__complete_sequence__and_peptide_chain_release_factor_3_(prfC)_gene__complete_cds	99.248	266	2	0	1	266	17204	16939	4.17e-135	481
accn|VAHV01000055	ICEberg|1027|ICEPmiCHN3335|GenBank|KX243416|1..89996_Proteus_mirabilis_strain_TJ3335_complete_sequence	99.248	266	2	0	1	266	19078	18813	4.17e-135	481
accn|VAHV01000055	ICEberg|1023|ICEPmiChn3|GenBank|KY437727|1..55195_Proteus_mirabilis_integrative_and_conjugative_element_ICEPmiChn3__complete_sequence__and_peptide_chain_release_factor_3_(prfC)_gene__complete_cds	99.248	266	2	0	1	266	17051	16786	4.17e-135	481
accn|VAHV01000055	ICEberg|1019|ICEPmiChn2|GenBank|KY437726|1..104371_Proteus_mirabilis_integrative_and_conjugative_element_ICEPmiChn2__complete_sequence__and_peptide_chain_release_factor_3_(prfC)_gene__complete_cds	99.248	266	2	0	1	266	17041	16776	4.17e-135	481
accn|VAHV01000055	ICEberg|1016|ICEPmiChn1|GenBank|KT962845|1..92751_Proteus_mirabilis_integrative_and_conjugative_element_ICEPmiChn1__complete_sequence__and_peptide_chain_release_factor_3_(prfC)_gene__complete_cds	99.248	266	2	0	1	266	19383	19118	4.17e-135	481
accn|VAHV01000055	resfinderf|sul2|17	98.872	266	3	0	1	266	205	470	1.94e-133	475
accn|VAHV01000055	resfinderf|sul2|15	98.872	266	3	0	1	266	205	470	1.94e-133	475
accn|VAHV01000055	resfinderf|sul2|12	98.872	266	3	0	1	266	205	470	1.94e-133	475
accn|VAHV01000055	ICEberg|35|ICEVchVie1|GenBank|AB114188|1..23402_Vibrio_cholerae_DNA__integrating_antibiotic_resistance_gene_element	98.872	266	3	0	1	266	20042	19777	1.94e-133	475
accn|VAHV01000055	ICEberg|287|ICEEcoJ53|GenBank|FJ968160|1..22687_Escherichia_coli_strain_J53_transposon_SXT__partial_sequence	98.872	266	3	0	1	266	19327	19062	1.94e-133	475
accn|VAHV01000055	ICEberg|1935|ICEVchChn1307|GenBank|KJ817376.1|1..104025_Vibrio_cholerae_O1_strain_ICDC-1307_SXT_element__complete_sequence	98.872	266	3	0	1	266	78632	78897	1.94e-133	475
accn|VAHV01000055	ICEberg|1933|ICEVchChn0956|GenBank|KT151655.1|1..109322_Vibrio_cholerae_strain_ICDC-956_sequence	98.872	266	3	0	1	266	77105	77370	1.94e-133	475
accn|VAHV01000055	ICEberg|148|SXT(HN1)|GenBank|AB450045|1..19086_Vibrio_cholerae_O1_biovar_El_tor_SXT_conjugative_element_gene_cluster__complete_sequence__strain__HN1	98.872	266	3	0	1	266	15726	15461	1.94e-133	475
accn|VAHV01000055	ICEberg|1063|ICEVchCHN956|GenBank|KT151655|1..109322_Vibrio_cholerae_strain_ICDC-956_SXT_element_genomic_sequence	98.872	266	3	0	1	266	77105	77370	1.94e-133	475
accn|VAHV01000055	ICEberg|1059|ICEVchCHN4210|GenBank|KT151662|1..110349_Vibrio_cholerae_strain_ICDC-4210_SXT_element_genomic_sequence	98.872	266	3	0	1	266	77105	77370	1.94e-133	475
accn|VAHV01000055	ICEberg|1056|ICEVchCHN2605|GenBank|KT151661|1..98458_Vibrio_cholerae_strain_ICDC-2605_SXT_element_genomic_sequence	98.872	266	3	0	1	266	77105	77370	1.94e-133	475
accn|VAHV01000055	ICEberg|1053|ICEVchCHN1944|GenBank|KT151659|1..100703_Vibrio_cholerae_strain_ICDC-1944_SXT_element_genomic_sequence	98.872	266	3	0	1	266	77069	77334	1.94e-133	475
accn|VAHV01000055	ICEberg|1052|ICEVchCHN1909|GenBank|KT151658|1..108995_Vibrio_cholerae_strain_ICDC-1909_SXT_element_genomic_sequence	98.872	266	3	0	1	266	77077	77342	1.94e-133	475
accn|VAHV01000055	ICEberg|1051|ICEVchCHN1627|GenBank|KT151657|1..102413_Vibrio_cholerae_strain_ICDC-1627_SXT_element_genomic_sequence	98.872	266	3	0	1	266	77105	77370	1.94e-133	475
accn|VAHV01000055	ICEberg|1050|ICEVchCHN1605|GenBank|KT151656|1..98419_Vibrio_cholerae_strain_ICDC-1605_SXT_element_genomic_sequence	98.872	266	3	0	1	266	77105	77370	1.94e-133	475
accn|VAHV01000055	ICEberg|1049|ICEVchCHN143|GenBank|KT151654|1..98459_Vibrio_cholerae_strain_ICDC-143_SXT_element_genomic_sequence	98.872	266	3	0	1	266	77105	77370	1.94e-133	475
accn|VAHV01000055	ICEberg|1035|ICEPvuCHN2213|GenBank|KX243403|1..94340_Proteus_vulgaris_strain_08MAS2213_complete_sequence	98.872	266	3	0	1	266	21348	21083	1.94e-133	475
accn|VAHV01000055	ICEberg|1031|ICEPmiCHN903|GenBank|KX243410|1..89644_Proteus_mirabilis_strain_MD20140903_complete_sequence	98.872	266	3	0	1	266	19217	18952	1.94e-133	475
accn|VAHV01000055	ICEberg|1030|ICEPmiCHN902|GenBank|KX243409|1..89096_Proteus_mirabilis_strain_MD20140902__complete_sequence	98.872	266	3	0	1	266	19217	18952	1.94e-133	475
accn|VAHV01000055	ICEberg|1029|ICEPmiCHN901|GenBank|KX243408|1..89493_Proteus_mirabilis_strain_MD20140901_complete_sequence	98.872	266	3	0	1	266	19217	18952	1.94e-133	475
accn|VAHV01000055	ICEberg|1026|ICEPmiCHN3300|GenBank|KX243415|1..108335_Proteus_mirabilis_strain_TJ3300_complete_sequence	98.872	266	3	0	1	266	21345	21080	1.94e-133	475
accn|VAHV01000055	ICEberg|1017|ICEPmiCHN1586|GenBank|KX243404|1..99355_Proteus_mirabilis_strain_08MAS1586_complete_sequence	98.872	266	3	0	1	266	21416	21151	1.94e-133	475
accn|VAHV01000055	resfinderf|sul2|10	98.141	269	2	3	1	266	205	473	1.17e-130	466
accn|VAHV01000055	resfinderf|sul2|1	98.120	266	5	0	1	266	205	470	4.20e-130	464
accn|VAHV01000053	ICEberg|1736|ICEMha2|GenBank|NC_020833.2|1557279..1616347_Mannheimia_haemolytica_USDA-ARS-USMARC-183__complete_sequence	100.000	73	0	0	192	264	10476	10404	3.71e-31	135
accn|VAHV01000053	ICEberg|1736|ICEMha2|GenBank|NC_020833.2|1557279..1616347_Mannheimia_haemolytica_USDA-ARS-USMARC-183__complete_sequence	100.000	72	0	0	193	264	7298	7227	1.34e-30	134
accn|VAHV01000050	ICEberg|1736|ICEMha2|GenBank|NC_020833.2|1557279..1616347_Mannheimia_haemolytica_USDA-ARS-USMARC-183__complete_sequence	98.718	78	1	0	1	78	6172	6095	2.85e-32	139
accn|VAHV01000050	ICEberg|1736|ICEMha2|GenBank|NC_020833.2|1557279..1616347_Mannheimia_haemolytica_USDA-ARS-USMARC-183__complete_sequence	96.250	80	2	1	1	80	9292	9214	1.71e-29	130
accn|VAHV01000046	PID|170717964|gi|170717206|ref|NC_010519.1|_1939940-1941952_Haemophilus_somnus_2336_chromosome__complete_genome	100.000	262	0	0	1	262	922	1183	3.17e-136	484
accn|VAHV01000046	ICEberg|987|ICEMh1|GenBank|CP005383|2128248..2190602_Mannheimia_haemolytica_M42548__complete_genome	100.000	262	0	0	1	262	18805	19066	3.17e-136	484
accn|VAHV01000046	ICEberg|441|ICEHso2336-1|GenBank|CP000947|1927921..1994529_Haemophilus_somnus_2336__complete_genome	100.000	262	0	0	1	262	12941	13202	3.17e-136	484
accn|VAHV01000046	ICEberg|440|ICEPmu1|GenBank|CP003022|273284..355497_Pasteurella_multocida_36950__complete_genome	100.000	262	0	0	1	262	30888	31149	3.17e-136	484
accn|VAHV01000046	ICEberg|1734|ICEMh3|GenBank|CP006942.1|959858..1026317_Mannheimia_sp._USDA-ARS-USMARC-1261__complete_genome	100.000	262	0	0	1	262	53604	53343	3.17e-136	484
accn|VAHV01000046	ICEberg|1719|ICEHso4|GenBank|CP018803.1|686759..761246_Histophilus_somni_strain_USDA-ARS-USMARC-63255_chromosome__complete_genome	100.000	262	0	0	1	262	43553	43292	3.17e-136	484
accn|VAHV01000046	ICEberg|1717|ICEHs1|GenBank|MF136609.1|1..64932_Histophilus_somni_strain_AVI_1_integrative_conjugative_element_ICEHs1__complete_sequence	100.000	262	0	0	1	262	12956	13217	3.17e-136	484
accn|VAHV01000046	ICEberg|1716|ICEHs02|GenBank|CP042993.1|687500..760418_Histophilus_somni_strain_UOC-KLM-ATR-014_chromosome__complete_genome	100.000	262	0	0	1	262	43504	43243	3.17e-136	484
accn|VAHV01000046	ICEberg|1698|ICEGpa3|GenBank|CP018032.1|1710663..1776472_Glaesserella_parasuis_D74__complete_sequence	99.618	262	1	0	1	262	33930	33669	1.48e-134	479
accn|VAHV01000190	ICEberg|1736|ICEMha2|GenBank|NC_020833.2|1557279..1616347_Mannheimia_haemolytica_USDA-ARS-USMARC-183__complete_sequence	97.468	79	1	1	63461	63538	7302	7224	3.54e-28	134
accn|VAHV01000190	ICEberg|1736|ICEMha2|GenBank|NC_020833.2|1557279..1616347_Mannheimia_haemolytica_USDA-ARS-USMARC-183__complete_sequence	98.667	75	1	0	63464	63538	10475	10401	3.54e-28	134
accn|VAHV01000042	ICEberg|987|ICEMh1|GenBank|CP005383|2128248..2190602_Mannheimia_haemolytica_M42548__complete_genome	100.000	259	0	0	1	259	41557	41299	1.46e-134	479
accn|VAHV01000042	ICEberg|441|ICEHso2336-1|GenBank|CP000947|1927921..1994529_Haemophilus_somnus_2336__complete_genome	100.000	259	0	0	1	259	35693	35435	1.46e-134	479
accn|VAHV01000042	ICEberg|440|ICEPmu1|GenBank|CP003022|273284..355497_Pasteurella_multocida_36950__complete_genome	100.000	259	0	0	1	259	53640	53382	1.46e-134	479
accn|VAHV01000042	ICEberg|1734|ICEMh3|GenBank|CP006942.1|959858..1026317_Mannheimia_sp._USDA-ARS-USMARC-1261__complete_genome	100.000	259	0	0	1	259	30852	31110	1.46e-134	479
accn|VAHV01000042	ICEberg|1719|ICEHso4|GenBank|CP018803.1|686759..761246_Histophilus_somni_strain_USDA-ARS-USMARC-63255_chromosome__complete_genome	100.000	259	0	0	1	259	20801	21059	1.46e-134	479
accn|VAHV01000042	ICEberg|1717|ICEHs1|GenBank|MF136609.1|1..64932_Histophilus_somni_strain_AVI_1_integrative_conjugative_element_ICEHs1__complete_sequence	100.000	259	0	0	1	259	35707	35449	1.46e-134	479
accn|VAHV01000042	ICEberg|1716|ICEHs02|GenBank|CP042993.1|687500..760418_Histophilus_somni_strain_UOC-KLM-ATR-014_chromosome__complete_genome	100.000	259	0	0	1	259	20752	21010	1.46e-134	479
accn|VAHV01000042	ICEberg|2047|Tn7406|GenBank|CP087379.1|1564187..1622411_Mannheimia_haemolytica_strain_IMT47952_chromosome__complete_genome	97.692	260	4	2	1	259	11982	12240	1.48e-124	446
accn|VAHV01000189	ICEberg|1736|ICEMha2|GenBank|NC_020833.2|1557279..1616347_Mannheimia_haemolytica_USDA-ARS-USMARC-183__complete_sequence	98.780	82	0	1	1	81	7222	7303	1.62e-31	145
accn|VAHV01000189	ICEberg|1736|ICEMha2|GenBank|NC_020833.2|1557279..1616347_Mannheimia_haemolytica_USDA-ARS-USMARC-183__complete_sequence	100.000	77	0	0	1	77	10399	10475	5.81e-31	143
accn|VAHV01000031	ICEberg|1736|ICEMha2|GenBank|NC_020833.2|1557279..1616347_Mannheimia_haemolytica_USDA-ARS-USMARC-183__complete_sequence	100.000	249	0	0	1	249	12994	13242	5.05e-129	460
accn|VAHV01000031	ICEberg|1698|ICEGpa3|GenBank|CP018032.1|1710663..1776472_Glaesserella_parasuis_D74__complete_sequence	100.000	249	0	0	1	249	42359	42111	5.05e-129	460
accn|VAHV01000188	ICEberg|1736|ICEMha2|GenBank|NC_020833.2|1557279..1616347_Mannheimia_haemolytica_USDA-ARS-USMARC-183__complete_sequence	100.000	77	0	0	1	77	6174	6098	5.68e-31	143
accn|VAHV01000188	ICEberg|1736|ICEMha2|GenBank|NC_020833.2|1557279..1616347_Mannheimia_haemolytica_USDA-ARS-USMARC-183__complete_sequence	100.000	77	0	0	61180	61256	6098	6174	5.68e-31	143
accn|VAHV01000188	ICEberg|1736|ICEMha2|GenBank|NC_020833.2|1557279..1616347_Mannheimia_haemolytica_USDA-ARS-USMARC-183__complete_sequence	96.386	83	3	0	1	83	9294	9212	2.64e-29	137
accn|VAHV01000188	ICEberg|1736|ICEMha2|GenBank|NC_020833.2|1557279..1616347_Mannheimia_haemolytica_USDA-ARS-USMARC-183__complete_sequence	97.436	78	2	0	61179	61256	9217	9294	3.42e-28	134
accn|VAHV01000022	ICEberg|987|ICEMh1|GenBank|CP005383|2128248..2190602_Mannheimia_haemolytica_M42548__complete_genome	100.000	243	0	0	1	243	23678	23436	1.06e-125	449
accn|VAHV01000022	ICEberg|441|ICEHso2336-1|GenBank|CP000947|1927921..1994529_Haemophilus_somnus_2336__complete_genome	100.000	243	0	0	1	243	17814	17572	1.06e-125	449
accn|VAHV01000022	ICEberg|440|ICEPmu1|GenBank|CP003022|273284..355497_Pasteurella_multocida_36950__complete_genome	100.000	243	0	0	1	243	35761	35519	1.06e-125	449
accn|VAHV01000022	ICEberg|1734|ICEMh3|GenBank|CP006942.1|959858..1026317_Mannheimia_sp._USDA-ARS-USMARC-1261__complete_genome	100.000	243	0	0	1	243	48731	48973	1.06e-125	449
accn|VAHV01000022	ICEberg|1719|ICEHso4|GenBank|CP018803.1|686759..761246_Histophilus_somni_strain_USDA-ARS-USMARC-63255_chromosome__complete_genome	100.000	243	0	0	1	243	38680	38922	1.06e-125	449
accn|VAHV01000022	ICEberg|1717|ICEHs1|GenBank|MF136609.1|1..64932_Histophilus_somni_strain_AVI_1_integrative_conjugative_element_ICEHs1__complete_sequence	100.000	243	0	0	1	243	17829	17587	1.06e-125	449
accn|VAHV01000022	ICEberg|1716|ICEHs02|GenBank|CP042993.1|687500..760418_Histophilus_somni_strain_UOC-KLM-ATR-014_chromosome__complete_genome	100.000	243	0	0	1	243	38631	38873	1.06e-125	449
accn|VAHV01000022	PID|170717970|gi|170717206|ref|NC_010519.1|_c1945713-1945285_Haemophilus_somnus_2336_chromosome__complete_genome	100.000	222	0	0	22	243	1	222	5.02e-114	411
accn|VAHV01000020	ICEberg|987|ICEMh1|GenBank|CP005383|2128248..2190602_Mannheimia_haemolytica_M42548__complete_genome	100.000	243	0	0	1	243	38777	39019	1.06e-125	449
accn|VAHV01000020	ICEberg|440|ICEPmu1|GenBank|CP003022|273284..355497_Pasteurella_multocida_36950__complete_genome	100.000	243	0	0	1	243	50860	51102	1.06e-125	449
accn|VAHV01000020	ICEberg|1719|ICEHso4|GenBank|CP018803.1|686759..761246_Histophilus_somni_strain_USDA-ARS-USMARC-63255_chromosome__complete_genome	100.000	243	0	0	1	243	23581	23339	1.06e-125	449
accn|VAHV01000020	ICEberg|441|ICEHso2336-1|GenBank|CP000947|1927921..1994529_Haemophilus_somnus_2336__complete_genome	99.588	243	1	0	1	243	32913	33155	4.95e-124	444
accn|VAHV01000020	ICEberg|1734|ICEMh3|GenBank|CP006942.1|959858..1026317_Mannheimia_sp._USDA-ARS-USMARC-1261__complete_genome	99.588	243	1	0	1	243	33632	33390	4.95e-124	444
accn|VAHV01000020	ICEberg|1717|ICEHs1|GenBank|MF136609.1|1..64932_Histophilus_somni_strain_AVI_1_integrative_conjugative_element_ICEHs1__complete_sequence	99.588	243	1	0	1	243	32927	33169	4.95e-124	444
accn|VAHV01000020	ICEberg|1716|ICEHs02|GenBank|CP042993.1|687500..760418_Histophilus_somni_strain_UOC-KLM-ATR-014_chromosome__complete_genome	99.588	243	1	0	1	243	23532	23290	4.95e-124	444
accn|VAHV01000017	PID|170717971|gi|170717206|ref|NC_010519.1|_c1948550-1945713_Haemophilus_somnus_2336_chromosome__complete_genome	100.000	241	0	0	1	241	1696	1456	1.36e-124	446
accn|VAHV01000017	ICEberg|987|ICEMh1|GenBank|CP005383|2128248..2190602_Mannheimia_haemolytica_M42548__complete_genome	100.000	241	0	0	1	241	24799	25039	1.36e-124	446
accn|VAHV01000017	ICEberg|441|ICEHso2336-1|GenBank|CP000947|1927921..1994529_Haemophilus_somnus_2336__complete_genome	100.000	241	0	0	1	241	18935	19175	1.36e-124	446
accn|VAHV01000017	ICEberg|440|ICEPmu1|GenBank|CP003022|273284..355497_Pasteurella_multocida_36950__complete_genome	100.000	241	0	0	1	241	36882	37122	1.36e-124	446
accn|VAHV01000017	ICEberg|1734|ICEMh3|GenBank|CP006942.1|959858..1026317_Mannheimia_sp._USDA-ARS-USMARC-1261__complete_genome	100.000	241	0	0	1	241	47610	47370	1.36e-124	446
accn|VAHV01000017	ICEberg|1719|ICEHso4|GenBank|CP018803.1|686759..761246_Histophilus_somni_strain_USDA-ARS-USMARC-63255_chromosome__complete_genome	100.000	241	0	0	1	241	37559	37319	1.36e-124	446
accn|VAHV01000017	ICEberg|1717|ICEHs1|GenBank|MF136609.1|1..64932_Histophilus_somni_strain_AVI_1_integrative_conjugative_element_ICEHs1__complete_sequence	100.000	241	0	0	1	241	18950	19190	1.36e-124	446
accn|VAHV01000017	ICEberg|1716|ICEHs02|GenBank|CP042993.1|687500..760418_Histophilus_somni_strain_UOC-KLM-ATR-014_chromosome__complete_genome	100.000	241	0	0	1	241	37510	37270	1.36e-124	446
accn|VAHV01000017	ICEberg|2047|Tn7406|GenBank|CP087379.1|1564187..1622411_Mannheimia_haemolytica_strain_IMT47952_chromosome__complete_genome	98.755	241	3	0	1	241	28659	28419	1.37e-119	429
accn|VAHV01000013	ICEberg|1736|ICEMha2|GenBank|NC_020833.2|1557279..1616347_Mannheimia_haemolytica_USDA-ARS-USMARC-183__complete_sequence	100.000	236	0	0	1	236	23509	23274	8.02e-122	436
accn|VAHV01000007	ICEberg|987|ICEMh1|GenBank|CP005383|2128248..2190602_Mannheimia_haemolytica_M42548__complete_genome	100.000	201	0	0	1	201	5389	5589	2.27e-102	372
accn|VAHV01000007	ICEberg|1713|ICEHpa1|GenBank|CP054198.1|1511383..1580304_Glaesserella_parasuis_strain_YHP170504_chromosome__complete_genome	100.000	201	0	0	1	201	8089	8289	2.27e-102	372
accn|VAHV01000007	ICEberg|1697|ICEGpa2|GenBank|CP049090.1|1351751..1421790_Glaesserella_parasuis_strain_aHPS7_chromosome__complete_genome	100.000	201	0	0	1	201	9573	9773	2.27e-102	372
accn|VAHV01000007	ICEberg|1625|ICECspPOL2|GenBank|CP049298.1|1767025..1883295_Chryseobacterium_sp._POL2_chromosome__complete_genome	98.901	91	1	0	1	91	99403	99493	1.49e-39	163
accn|VAHV01000204	ICEberg|1736|ICEMha2|GenBank|NC_020833.2|1557279..1616347_Mannheimia_haemolytica_USDA-ARS-USMARC-183__complete_sequence	96.994	499	15	0	1	499	6596	6098	0.0	839
accn|VAHV01000204	ICEberg|1736|ICEMha2|GenBank|NC_020833.2|1557279..1616347_Mannheimia_haemolytica_USDA-ARS-USMARC-183__complete_sequence	96.127	284	11	0	155569	155852	7298	7015	2.71e-127	464
accn|VAHV01000204	ICEberg|1702|ICEHin8|GenBank|LS483392.1|192252..244996_Haemophilus_influenzae_strain_NCTC11931_genome_assembly__chromosome__1	98.701	77	1	0	25438	25514	77	1	6.72e-29	137
accn|VAHV01000204	ICEberg|1718|ICEHso3|GenBank|NC_008309.1|1952153..2005728_Histophilus_somni_129PT__complete_sequence	95.122	82	3	1	25439	25520	99	179	4.04e-26	128
accn|VAHV01000204	ICEberg|1807|ICEPmu4|GenBank|CP038875.1|2009809..2087766_Pasteurella_multocida_strain_FCf83_chromosome__complete_genome	96.104	77	3	0	25439	25515	1	77	1.45e-25	126
accn|VAHV01000204	ICEberg|1804|ICEPmu3|GenBank|CP038873.1|1026914..1096464_Pasteurella_multocida_strain_FCf45_chromosome__complete_genome	96.104	77	3	0	25439	25515	69551	69475	1.45e-25	126
accn|VAHV01000204	ICEberg|1597|ICEApa1|GenBank|CP050316.1|2129122..2199489_Avibacterium_paragallinarum_strain_ESV-135_chromosome__complete_genome	96.104	77	3	0	25439	25515	70368	70292	1.45e-25	126
accn|VAHV01000204	ICEberg|1597|ICEApa1|GenBank|CP050316.1|2129122..2199489_Avibacterium_paragallinarum_strain_ESV-135_chromosome__complete_genome	96.053	76	3	0	25439	25514	76	1	5.23e-25	124
accn|VAHV01000002	ICEberg|1736|ICEMha2|GenBank|NC_020833.2|1557279..1616347_Mannheimia_haemolytica_USDA-ARS-USMARC-183__complete_sequence	100.000	70	0	0	158	227	6098	6167	1.46e-29	130
accn|VAHV01000002	ICEberg|1736|ICEMha2|GenBank|NC_020833.2|1557279..1616347_Mannheimia_haemolytica_USDA-ARS-USMARC-183__complete_sequence	97.183	71	2	0	157	227	9217	9287	8.79e-27	121
accn|VAHV01000185	ICEberg|1736|ICEMha2|GenBank|NC_020833.2|1557279..1616347_Mannheimia_haemolytica_USDA-ARS-USMARC-183__complete_sequence	100.000	72	0	0	1	72	7227	7298	2.58e-28	134
accn|VAHV01000185	ICEberg|1736|ICEMha2|GenBank|NC_020833.2|1557279..1616347_Mannheimia_haemolytica_USDA-ARS-USMARC-183__complete_sequence	100.000	72	0	0	1	72	10404	10475	2.58e-28	134
accn|VAHV01000183	ICEberg|1736|ICEMha2|GenBank|NC_020833.2|1557279..1616347_Mannheimia_haemolytica_USDA-ARS-USMARC-183__complete_sequence	100.000	77	0	0	1	77	6174	6098	4.06e-31	143
accn|VAHV01000183	ICEberg|1736|ICEMha2|GenBank|NC_020833.2|1557279..1616347_Mannheimia_haemolytica_USDA-ARS-USMARC-183__complete_sequence	100.000	77	0	0	43752	43828	6098	6174	4.06e-31	143
accn|VAHV01000183	ICEberg|1736|ICEMha2|GenBank|NC_020833.2|1557279..1616347_Mannheimia_haemolytica_USDA-ARS-USMARC-183__complete_sequence	97.468	79	2	0	1	79	9294	9216	6.79e-29	135
accn|VAHV01000183	ICEberg|1736|ICEMha2|GenBank|NC_020833.2|1557279..1616347_Mannheimia_haemolytica_USDA-ARS-USMARC-183__complete_sequence	97.403	77	2	0	43752	43828	9218	9294	8.79e-28	132
accn|VAHV01000182	ICEberg|1736|ICEMha2|GenBank|NC_020833.2|1557279..1616347_Mannheimia_haemolytica_USDA-ARS-USMARC-183__complete_sequence	98.780	82	1	0	1	82	7222	7303	2.49e-32	147
accn|VAHV01000182	ICEberg|1736|ICEMha2|GenBank|NC_020833.2|1557279..1616347_Mannheimia_haemolytica_USDA-ARS-USMARC-183__complete_sequence	100.000	79	0	0	1	79	10399	10477	2.49e-32	147
accn|VAHV01000181	ICEberg|1698|ICEGpa3|GenBank|CP018032.1|1710663..1776472_Glaesserella_parasuis_D74__complete_sequence	96.347	438	16	0	15709	16146	49464	49901	0.0	721
accn|VAHV01000181	ICEberg|1736|ICEMha2|GenBank|NC_020833.2|1557279..1616347_Mannheimia_haemolytica_USDA-ARS-USMARC-183__complete_sequence	100.000	79	0	0	1	79	7222	7300	2.41e-32	147
accn|VAHV01000181	ICEberg|1736|ICEMha2|GenBank|NC_020833.2|1557279..1616347_Mannheimia_haemolytica_USDA-ARS-USMARC-183__complete_sequence	100.000	77	0	0	1	77	10399	10475	3.12e-31	143
accn|VAHV01000181	ICEberg|1736|ICEMha2|GenBank|NC_020833.2|1557279..1616347_Mannheimia_haemolytica_USDA-ARS-USMARC-183__complete_sequence	100.000	72	0	0	33564	33635	6098	6169	1.88e-28	134
accn|VAHV01000181	ICEberg|1736|ICEMha2|GenBank|NC_020833.2|1557279..1616347_Mannheimia_haemolytica_USDA-ARS-USMARC-183__complete_sequence	97.403	77	2	0	33559	33635	9213	9289	6.74e-28	132
accn|VAHV01000180	ICEberg|1736|ICEMha2|GenBank|NC_020833.2|1557279..1616347_Mannheimia_haemolytica_USDA-ARS-USMARC-183__complete_sequence	100.000	77	0	0	1	77	10401	10477	3.02e-31	143
accn|VAHV01000180	ICEberg|1736|ICEMha2|GenBank|NC_020833.2|1557279..1616347_Mannheimia_haemolytica_USDA-ARS-USMARC-183__complete_sequence	100.000	75	0	0	1	75	7224	7298	3.90e-30	139
accn|VAHV01000179	ICEberg|1736|ICEMha2|GenBank|NC_020833.2|1557279..1616347_Mannheimia_haemolytica_USDA-ARS-USMARC-183__complete_sequence	100.000	77	0	0	1	77	6174	6098	3.00e-31	143
accn|VAHV01000179	ICEberg|1736|ICEMha2|GenBank|NC_020833.2|1557279..1616347_Mannheimia_haemolytica_USDA-ARS-USMARC-183__complete_sequence	97.403	77	2	0	1	77	9294	9218	6.50e-28	132
accn|VAHV01000176	ICEberg|1736|ICEMha2|GenBank|NC_020833.2|1557279..1616347_Mannheimia_haemolytica_USDA-ARS-USMARC-183__complete_sequence	99.570	3949	8	1	1	3940	3949	1	0.0	7190
accn|VAHV01000176	ICEberg|1701|ICEHdu2|GenBank|CP015434.1|162562..211583_[Haemophilus]_ducreyi_strain_GHA9__complete_genome	97.674	86	1	1	23710	23794	48937	49022	1.99e-32	147
accn|VAHV01000176	ICEberg|1700|ICEHdu1|GenBank|NC_002940.2|718953..768668_[Haemophilus]_ducreyi_35000HP__complete_sequence	97.674	86	1	1	23710	23794	86	1	1.99e-32	147
accn|VAHV01000176	ICEberg|1586|ICEAac3|GenBank|CP043003.1|2132073..2197982_Aggregatibacter_actinomycetemcomitans_strain_HK_907_chromosome__complete_genome	100.000	77	0	0	23719	23795	1	77	2.58e-31	143
accn|VAHV01000176	ICEberg|1584|ICEAac1|GenBank|CP012959.1|2164508..2181462_Aggregatibacter_actinomycetemcomitans_strain_624__complete_genome	100.000	77	0	0	23719	23795	16955	16879	2.58e-31	143
accn|VAHV01000176	ICEberg|2010|Tn6783_201330|GenBank|CP054623.1|2596147..2668162_Pseudomonas_aeruginosa_strain_DL201330_chromosome__complete_genome	98.734	79	1	0	23717	23795	66897	66975	9.27e-31	141
accn|VAHV01000176	ICEberg|1581|ICE6660|GenBank|MK497171.1|1..112205_Pseudomonas_aeruginosa_sequence	97.500	80	2	0	23719	23798	112205	112126	1.20e-29	137
accn|VAHV01000176	ICEberg|1697|ICEGpa2|GenBank|CP049090.1|1351751..1421790_Glaesserella_parasuis_strain_aHPS7_chromosome__complete_genome	100.000	54	0	0	67	120	1533	1480	1.57e-18	100
accn|VAHV01000176	ICEberg|1713|ICEHpa1|GenBank|CP054198.1|1511383..1580304_Glaesserella_parasuis_strain_YHP170504_chromosome__complete_genome	98.148	54	0	1	67	120	55	3	2.63e-16	93.5
accn|VAHV01000176	ICEberg|1698|ICEGpa3|GenBank|CP018032.1|1710663..1776472_Glaesserella_parasuis_D74__complete_sequence	98.113	53	1	0	1	53	44874	44926	2.63e-16	93.5
accn|VAHV01000203	ICEberg|1736|ICEMha2|GenBank|NC_020833.2|1557279..1616347_Mannheimia_haemolytica_USDA-ARS-USMARC-183__complete_sequence	97.619	84	2	0	149580	149663	7305	7222	3.86e-31	145
accn|VAHV01000203	ICEberg|1736|ICEMha2|GenBank|NC_020833.2|1557279..1616347_Mannheimia_haemolytica_USDA-ARS-USMARC-183__complete_sequence	100.000	77	0	0	149587	149663	10475	10399	1.39e-30	143
accn|VAHV01000174	ICEberg|1736|ICEMha2|GenBank|NC_020833.2|1557279..1616347_Mannheimia_haemolytica_USDA-ARS-USMARC-183__complete_sequence	100.000	77	0	0	24917	24993	6098	6174	2.31e-31	143
accn|VAHV01000174	ICEberg|1736|ICEMha2|GenBank|NC_020833.2|1557279..1616347_Mannheimia_haemolytica_USDA-ARS-USMARC-183__complete_sequence	100.000	76	0	0	1	76	7223	7298	8.33e-31	141
accn|VAHV01000174	ICEberg|1736|ICEMha2|GenBank|NC_020833.2|1557279..1616347_Mannheimia_haemolytica_USDA-ARS-USMARC-183__complete_sequence	100.000	76	0	0	1	76	10400	10475	8.33e-31	141
accn|VAHV01000174	ICEberg|1736|ICEMha2|GenBank|NC_020833.2|1557279..1616347_Mannheimia_haemolytica_USDA-ARS-USMARC-183__complete_sequence	96.250	80	3	0	24914	24993	9215	9294	5.01e-28	132
accn|VAHV01000173	ICEberg|1736|ICEMha2|GenBank|NC_020833.2|1557279..1616347_Mannheimia_haemolytica_USDA-ARS-USMARC-183__complete_sequence	98.765	81	0	1	24540	24619	7303	7223	2.28e-31	143
accn|VAHV01000173	ICEberg|1736|ICEMha2|GenBank|NC_020833.2|1557279..1616347_Mannheimia_haemolytica_USDA-ARS-USMARC-183__complete_sequence	100.000	76	0	0	24544	24619	10475	10400	8.20e-31	141
accn|VAHV01000171	ICEberg|1736|ICEMha2|GenBank|NC_020833.2|1557279..1616347_Mannheimia_haemolytica_USDA-ARS-USMARC-183__complete_sequence	100.000	75	0	0	23514	23588	6098	6172	2.83e-30	139
accn|VAHV01000171	ICEberg|1736|ICEMha2|GenBank|NC_020833.2|1557279..1616347_Mannheimia_haemolytica_USDA-ARS-USMARC-183__complete_sequence	97.403	77	2	0	23512	23588	9216	9292	4.73e-28	132
accn|VAHV01000171	ICEberg|1713|ICEHpa1|GenBank|CP054198.1|1511383..1580304_Glaesserella_parasuis_strain_YHP170504_chromosome__complete_genome	100.000	32	0	0	17790	17821	68897	68866	2.26e-06	60.2
accn|VAHV01000170	ICEberg|1736|ICEMha2|GenBank|NC_020833.2|1557279..1616347_Mannheimia_haemolytica_USDA-ARS-USMARC-183__complete_sequence	100.000	78	0	0	1	78	10399	10476	6.00e-32	145
accn|VAHV01000170	ICEberg|1736|ICEMha2|GenBank|NC_020833.2|1557279..1616347_Mannheimia_haemolytica_USDA-ARS-USMARC-183__complete_sequence	100.000	77	0	0	1	77	7222	7298	2.16e-31	143
accn|VAHV01000170	ICEberg|1736|ICEMha2|GenBank|NC_020833.2|1557279..1616347_Mannheimia_haemolytica_USDA-ARS-USMARC-183__complete_sequence	98.750	80	0	1	23218	23296	7302	7223	7.76e-31	141
accn|VAHV01000170	ICEberg|1736|ICEMha2|GenBank|NC_020833.2|1557279..1616347_Mannheimia_haemolytica_USDA-ARS-USMARC-183__complete_sequence	100.000	76	0	0	23221	23296	10475	10400	7.76e-31	141
accn|VAHV01000169	ICEberg|1736|ICEMha2|GenBank|NC_020833.2|1557279..1616347_Mannheimia_haemolytica_USDA-ARS-USMARC-183__complete_sequence	100.000	73	0	0	1	73	7226	7298	3.46e-29	135
accn|VAHV01000169	ICEberg|1736|ICEMha2|GenBank|NC_020833.2|1557279..1616347_Mannheimia_haemolytica_USDA-ARS-USMARC-183__complete_sequence	100.000	73	0	0	1	73	10403	10475	3.46e-29	135
accn|VAHV01000167	ICEberg|1736|ICEMha2|GenBank|NC_020833.2|1557279..1616347_Mannheimia_haemolytica_USDA-ARS-USMARC-183__complete_sequence	100.000	71	0	0	1	71	6168	6098	3.68e-28	132
accn|VAHV01000167	ICEberg|1736|ICEMha2|GenBank|NC_020833.2|1557279..1616347_Mannheimia_haemolytica_USDA-ARS-USMARC-183__complete_sequence	96.203	79	3	0	1	79	9288	9210	1.33e-27	130
accn|VAHV01000202	ICEberg|1736|ICEMha2|GenBank|NC_020833.2|1557279..1616347_Mannheimia_haemolytica_USDA-ARS-USMARC-183__complete_sequence	100.000	77	0	0	140833	140909	6098	6174	1.31e-30	143
accn|VAHV01000202	ICEberg|1736|ICEMha2|GenBank|NC_020833.2|1557279..1616347_Mannheimia_haemolytica_USDA-ARS-USMARC-183__complete_sequence	96.250	80	3	0	140830	140909	9215	9294	2.83e-27	132
accn|VAHV01000164	ICEberg|1736|ICEMha2|GenBank|NC_020833.2|1557279..1616347_Mannheimia_haemolytica_USDA-ARS-USMARC-183__complete_sequence	100.000	78	0	0	1	78	7222	7299	4.12e-32	145
accn|VAHV01000164	ICEberg|1736|ICEMha2|GenBank|NC_020833.2|1557279..1616347_Mannheimia_haemolytica_USDA-ARS-USMARC-183__complete_sequence	100.000	77	0	0	1	77	10399	10475	1.48e-31	143
accn|VAHV01000163	ICEberg|1736|ICEMha2|GenBank|NC_020833.2|1557279..1616347_Mannheimia_haemolytica_USDA-ARS-USMARC-183__complete_sequence	98.795	83	0	1	1	83	6174	6093	1.13e-32	147
accn|VAHV01000163	ICEberg|1736|ICEMha2|GenBank|NC_020833.2|1557279..1616347_Mannheimia_haemolytica_USDA-ARS-USMARC-183__complete_sequence	95.181	83	4	0	1	83	9294	9212	3.15e-28	132
accn|VAHV01000163	ICEberg|1701|ICEHdu2|GenBank|CP015434.1|162562..211583_[Haemophilus]_ducreyi_strain_GHA9__complete_genome	97.368	76	2	0	9191	9266	2	77	1.13e-27	130
accn|VAHV01000163	ICEberg|1701|ICEHdu2|GenBank|CP015434.1|162562..211583_[Haemophilus]_ducreyi_strain_GHA9__complete_genome	96.053	76	3	0	9093	9168	2	77	5.27e-26	124
accn|VAHV01000163	ICEberg|1700|ICEHdu1|GenBank|NC_002940.2|718953..768668_[Haemophilus]_ducreyi_35000HP__complete_sequence	97.368	76	2	0	9191	9266	49576	49501	1.13e-27	130
accn|VAHV01000163	ICEberg|1700|ICEHdu1|GenBank|NC_002940.2|718953..768668_[Haemophilus]_ducreyi_35000HP__complete_sequence	96.053	76	3	0	9093	9168	49576	49501	5.27e-26	124
accn|VAHV01000163	ICEberg|1586|ICEAac3|GenBank|CP043003.1|2132073..2197982_Aggregatibacter_actinomycetemcomitans_strain_HK_907_chromosome__complete_genome	97.368	76	2	0	9191	9266	217	292	1.13e-27	130
accn|VAHV01000163	ICEberg|1586|ICEAac3|GenBank|CP043003.1|2132073..2197982_Aggregatibacter_actinomycetemcomitans_strain_HK_907_chromosome__complete_genome	96.053	76	3	0	9093	9168	217	292	5.27e-26	124
accn|VAHV01000163	ICEberg|1586|ICEAac3|GenBank|CP043003.1|2132073..2197982_Aggregatibacter_actinomycetemcomitans_strain_HK_907_chromosome__complete_genome	98.387	62	1	0	9205	9266	64346	64407	1.48e-21	110
accn|VAHV01000163	ICEberg|1586|ICEAac3|GenBank|CP043003.1|2132073..2197982_Aggregatibacter_actinomycetemcomitans_strain_HK_907_chromosome__complete_genome	98.333	60	1	0	9109	9168	64348	64407	1.91e-20	106
accn|VAHV01000161	ICEberg|1736|ICEMha2|GenBank|NC_020833.2|1557279..1616347_Mannheimia_haemolytica_USDA-ARS-USMARC-183__complete_sequence	100.000	72	0	0	13378	13449	7298	7227	7.49e-29	134
accn|VAHV01000161	ICEberg|1736|ICEMha2|GenBank|NC_020833.2|1557279..1616347_Mannheimia_haemolytica_USDA-ARS-USMARC-183__complete_sequence	100.000	72	0	0	13378	13449	10475	10404	7.49e-29	134
accn|VAHV01000160	ICEberg|1736|ICEMha2|GenBank|NC_020833.2|1557279..1616347_Mannheimia_haemolytica_USDA-ARS-USMARC-183__complete_sequence	100.000	77	0	0	12656	12732	6098	6174	1.18e-31	143
accn|VAHV01000160	ICEberg|1736|ICEMha2|GenBank|NC_020833.2|1557279..1616347_Mannheimia_haemolytica_USDA-ARS-USMARC-183__complete_sequence	97.403	77	2	0	12656	12732	9218	9294	2.55e-28	132
accn|VAHV01000157	ICEberg|1736|ICEMha2|GenBank|NC_020833.2|1557279..1616347_Mannheimia_haemolytica_USDA-ARS-USMARC-183__complete_sequence	100.000	77	0	0	10027	10103	6098	6174	9.34e-32	143
accn|VAHV01000157	ICEberg|1736|ICEMha2|GenBank|NC_020833.2|1557279..1616347_Mannheimia_haemolytica_USDA-ARS-USMARC-183__complete_sequence	96.296	81	2	1	10023	10103	9215	9294	2.02e-28	132
accn|VAHV01000156	ICEberg|1736|ICEMha2|GenBank|NC_020833.2|1557279..1616347_Mannheimia_haemolytica_USDA-ARS-USMARC-183__complete_sequence	100.000	80	0	0	75	154	6177	6098	1.73e-33	148
accn|VAHV01000156	ICEberg|1736|ICEMha2|GenBank|NC_020833.2|1557279..1616347_Mannheimia_haemolytica_USDA-ARS-USMARC-183__complete_sequence	100.000	75	0	0	1	75	7224	7298	1.04e-30	139
accn|VAHV01000156	ICEberg|1736|ICEMha2|GenBank|NC_020833.2|1557279..1616347_Mannheimia_haemolytica_USDA-ARS-USMARC-183__complete_sequence	100.000	75	0	0	1	75	10401	10475	1.04e-30	139
accn|VAHV01000156	ICEberg|1736|ICEMha2|GenBank|NC_020833.2|1557279..1616347_Mannheimia_haemolytica_USDA-ARS-USMARC-183__complete_sequence	97.500	80	2	0	75	154	9297	9218	3.75e-30	137
accn|VAHV01000201	ICEberg|1736|ICEMha2|GenBank|NC_020833.2|1557279..1616347_Mannheimia_haemolytica_USDA-ARS-USMARC-183__complete_sequence	100.000	78	0	0	1	78	10399	10476	2.75e-31	145
accn|VAHV01000201	ICEberg|1736|ICEMha2|GenBank|NC_020833.2|1557279..1616347_Mannheimia_haemolytica_USDA-ARS-USMARC-183__complete_sequence	100.000	77	0	0	1	77	7222	7298	9.90e-31	143
accn|VAHV01000150	ICEberg|1736|ICEMha2|GenBank|NC_020833.2|1557279..1616347_Mannheimia_haemolytica_USDA-ARS-USMARC-183__complete_sequence	100.000	77	0	0	1	77	6174	6098	4.88e-32	143
accn|VAHV01000150	ICEberg|1736|ICEMha2|GenBank|NC_020833.2|1557279..1616347_Mannheimia_haemolytica_USDA-ARS-USMARC-183__complete_sequence	95.238	84	4	0	1	84	9294	9211	2.94e-29	134
accn|VAHV01000148	ICEberg|1736|ICEMha2|GenBank|NC_020833.2|1557279..1616347_Mannheimia_haemolytica_USDA-ARS-USMARC-183__complete_sequence	98.541	4525	28	1	1	4487	11692	7168	0.0	7956
accn|VAHV01000148	ICEberg|1736|ICEMha2|GenBank|NC_020833.2|1557279..1616347_Mannheimia_haemolytica_USDA-ARS-USMARC-183__complete_sequence	96.183	131	5	0	4357	4487	10475	10345	8.64e-54	215
accn|VAHV01000200	ICEberg|1702|ICEHin8|GenBank|LS483392.1|192252..244996_Haemophilus_influenzae_strain_NCTC11931_genome_assembly__chromosome__1	96.269	134	2	1	61185	61318	131	1	5.11e-53	217
accn|VAHV01000200	ICEberg|1702|ICEHin8|GenBank|LS483392.1|192252..244996_Haemophilus_influenzae_strain_NCTC11931_genome_assembly__chromosome__1	96.269	134	2	1	60858	60991	131	1	5.11e-53	217
accn|VAHV01000200	ICEberg|1702|ICEHin8|GenBank|LS483392.1|192252..244996_Haemophilus_influenzae_strain_NCTC11931_genome_assembly__chromosome__1	95.000	80	3	1	61243	61322	52745	52667	3.18e-25	124
accn|VAHV01000200	ICEberg|1702|ICEHin8|GenBank|LS483392.1|192252..244996_Haemophilus_influenzae_strain_NCTC11931_genome_assembly__chromosome__1	95.000	80	3	1	60916	60995	52745	52667	3.18e-25	124
accn|VAHV01000200	ICEberg|1597|ICEApa1|GenBank|CP050316.1|2129122..2199489_Avibacterium_paragallinarum_strain_ESV-135_chromosome__complete_genome	95.349	129	5	1	61190	61318	128	1	3.98e-49	204
accn|VAHV01000200	ICEberg|1597|ICEApa1|GenBank|CP050316.1|2129122..2199489_Avibacterium_paragallinarum_strain_ESV-135_chromosome__complete_genome	95.349	129	5	1	60863	60991	128	1	3.98e-49	204
accn|VAHV01000200	ICEberg|1597|ICEApa1|GenBank|CP050316.1|2129122..2199489_Avibacterium_paragallinarum_strain_ESV-135_chromosome__complete_genome	96.053	76	3	0	61243	61318	70368	70293	3.18e-25	124
accn|VAHV01000200	ICEberg|1597|ICEApa1|GenBank|CP050316.1|2129122..2199489_Avibacterium_paragallinarum_strain_ESV-135_chromosome__complete_genome	96.053	76	3	0	60916	60991	70368	70293	3.18e-25	124
accn|VAHV01000200	ICEberg|1807|ICEPmu4|GenBank|CP038875.1|2009809..2087766_Pasteurella_multocida_strain_FCf83_chromosome__complete_genome	96.053	76	3	0	60916	60991	1	76	3.18e-25	124
accn|VAHV01000200	ICEberg|1807|ICEPmu4|GenBank|CP038875.1|2009809..2087766_Pasteurella_multocida_strain_FCf83_chromosome__complete_genome	96.053	76	3	0	61243	61318	1	76	3.18e-25	124
accn|VAHV01000200	ICEberg|1804|ICEPmu3|GenBank|CP038873.1|1026914..1096464_Pasteurella_multocida_strain_FCf45_chromosome__complete_genome	96.053	76	3	0	61243	61318	69551	69476	3.18e-25	124
accn|VAHV01000200	ICEberg|1804|ICEPmu3|GenBank|CP038873.1|1026914..1096464_Pasteurella_multocida_strain_FCf45_chromosome__complete_genome	96.053	76	3	0	60916	60991	69551	69476	3.18e-25	124
accn|VAHV01000200	ICEberg|1685|ICEEC8|GenBank|LOGV01000031.1|282800..364210_Escherichia_coli_strain_STEC_2174_STEC2174_contig_26__whole_genome_shotgun_sequence	96.078	51	2	0	60860	60910	1	51	5.40e-13	84.2
accn|VAHV01000200	ICEberg|1685|ICEEC8|GenBank|LOGV01000031.1|282800..364210_Escherichia_coli_strain_STEC_2174_STEC2174_contig_26__whole_genome_shotgun_sequence	96.078	51	2	0	61187	61237	1	51	5.40e-13	84.2
accn|VAHV01000145	ICEberg|1736|ICEMha2|GenBank|NC_020833.2|1557279..1616347_Mannheimia_haemolytica_USDA-ARS-USMARC-183__complete_sequence	100.000	77	0	0	1	77	6174	6098	3.86e-32	143
accn|VAHV01000145	ICEberg|1736|ICEMha2|GenBank|NC_020833.2|1557279..1616347_Mannheimia_haemolytica_USDA-ARS-USMARC-183__complete_sequence	100.000	75	0	0	4115	4189	6098	6172	4.99e-31	139
accn|VAHV01000145	ICEberg|1736|ICEMha2|GenBank|NC_020833.2|1557279..1616347_Mannheimia_haemolytica_USDA-ARS-USMARC-183__complete_sequence	97.403	77	2	0	4113	4189	9216	9292	8.36e-29	132
accn|VAHV01000145	ICEberg|1736|ICEMha2|GenBank|NC_020833.2|1557279..1616347_Mannheimia_haemolytica_USDA-ARS-USMARC-183__complete_sequence	97.403	77	2	0	1	77	9294	9218	8.36e-29	132
accn|VAHV01000144	ICEberg|1736|ICEMha2|GenBank|NC_020833.2|1557279..1616347_Mannheimia_haemolytica_USDA-ARS-USMARC-183__complete_sequence	100.000	78	0	0	3884	3961	7299	7222	1.01e-32	145
accn|VAHV01000144	ICEberg|1736|ICEMha2|GenBank|NC_020833.2|1557279..1616347_Mannheimia_haemolytica_USDA-ARS-USMARC-183__complete_sequence	100.000	77	0	0	1	77	6174	6098	3.65e-32	143
accn|VAHV01000144	ICEberg|1736|ICEMha2|GenBank|NC_020833.2|1557279..1616347_Mannheimia_haemolytica_USDA-ARS-USMARC-183__complete_sequence	100.000	77	0	0	3885	3961	10475	10399	3.65e-32	143
accn|VAHV01000144	ICEberg|1736|ICEMha2|GenBank|NC_020833.2|1557279..1616347_Mannheimia_haemolytica_USDA-ARS-USMARC-183__complete_sequence	97.403	77	2	0	1	77	9294	9218	7.90e-29	132
accn|VAHV01000142	ICEberg|1736|ICEMha2|GenBank|NC_020833.2|1557279..1616347_Mannheimia_haemolytica_USDA-ARS-USMARC-183__complete_sequence	96.341	82	3	0	3649	3730	6088	6169	5.75e-30	135
accn|VAHV01000142	ICEberg|1736|ICEMha2|GenBank|NC_020833.2|1557279..1616347_Mannheimia_haemolytica_USDA-ARS-USMARC-183__complete_sequence	97.403	77	2	0	3654	3730	9213	9289	7.43e-29	132
accn|VAHV01000140	ICEberg|1736|ICEMha2|GenBank|NC_020833.2|1557279..1616347_Mannheimia_haemolytica_USDA-ARS-USMARC-183__complete_sequence	99.232	2214	1	1	1	2198	6172	3959	0.0	3980
accn|VAHV01000140	ICEberg|1736|ICEMha2|GenBank|NC_020833.2|1557279..1616347_Mannheimia_haemolytica_USDA-ARS-USMARC-183__complete_sequence	97.333	75	2	0	1	75	9292	9218	5.64e-28	128
accn|VAHV01000140	ICEberg|1698|ICEGpa3|GenBank|CP018032.1|1710663..1776472_Glaesserella_parasuis_D74__complete_sequence	97.959	49	1	0	266	314	44559	44607	3.44e-15	86.1
accn|VAHV01000140	ICEberg|441|ICEHso2336-1|GenBank|CP000947|1927921..1994529_Haemophilus_somnus_2336__complete_genome	95.918	49	2	0	266	314	379	331	1.60e-13	80.5
accn|VAHV01000140	ICEberg|440|ICEPmu1|GenBank|CP003022|273284..355497_Pasteurella_multocida_36950__complete_genome	95.918	49	2	0	266	314	379	331	1.60e-13	80.5
accn|VAHV01000140	ICEberg|1719|ICEHso4|GenBank|CP018803.1|686759..761246_Histophilus_somni_strain_USDA-ARS-USMARC-63255_chromosome__complete_genome	95.918	49	2	0	266	314	72535	72583	1.60e-13	80.5
accn|VAHV01000140	ICEberg|1717|ICEHs1|GenBank|MF136609.1|1..64932_Histophilus_somni_strain_AVI_1_integrative_conjugative_element_ICEHs1__complete_sequence	95.918	49	2	0	266	314	392	344	1.60e-13	80.5
accn|VAHV01000140	ICEberg|1716|ICEHs02|GenBank|CP042993.1|687500..760418_Histophilus_somni_strain_UOC-KLM-ATR-014_chromosome__complete_genome	95.918	49	2	0	266	314	72487	72535	1.60e-13	80.5
accn|VAHV01000139	ICEberg|1736|ICEMha2|GenBank|NC_020833.2|1557279..1616347_Mannheimia_haemolytica_USDA-ARS-USMARC-183__complete_sequence	100.000	74	0	0	1	74	6171	6098	9.18e-31	137
accn|VAHV01000139	ICEberg|1736|ICEMha2|GenBank|NC_020833.2|1557279..1616347_Mannheimia_haemolytica_USDA-ARS-USMARC-183__complete_sequence	100.000	73	0	0	2081	2153	6098	6170	3.30e-30	135
accn|VAHV01000139	ICEberg|1736|ICEMha2|GenBank|NC_020833.2|1557279..1616347_Mannheimia_haemolytica_USDA-ARS-USMARC-183__complete_sequence	97.403	77	2	0	2077	2153	9214	9290	4.27e-29	132
accn|VAHV01000139	ICEberg|1736|ICEMha2|GenBank|NC_020833.2|1557279..1616347_Mannheimia_haemolytica_USDA-ARS-USMARC-183__complete_sequence	97.403	77	2	0	1	77	9291	9215	4.27e-29	132
accn|VAHV01000199	ICEberg|1700|ICEHdu1|GenBank|NC_002940.2|718953..768668_[Haemophilus]_ducreyi_35000HP__complete_sequence	98.889	90	1	0	31875	31964	49716	49627	2.41e-36	161
accn|VAHV01000199	ICEberg|1700|ICEHdu1|GenBank|NC_002940.2|718953..768668_[Haemophilus]_ducreyi_35000HP__complete_sequence	98.889	90	1	0	31673	31762	49716	49627	2.41e-36	161
accn|VAHV01000199	ICEberg|1700|ICEHdu1|GenBank|NC_002940.2|718953..768668_[Haemophilus]_ducreyi_35000HP__complete_sequence	100.000	76	0	0	31579	31654	76	1	3.13e-30	141
accn|VAHV01000199	ICEberg|1586|ICEAac3|GenBank|CP043003.1|2132073..2197982_Aggregatibacter_actinomycetemcomitans_strain_HK_907_chromosome__complete_genome	100.000	77	0	0	31983	32059	1	77	8.72e-31	143
accn|VAHV01000199	ICEberg|1586|ICEAac3|GenBank|CP043003.1|2132073..2197982_Aggregatibacter_actinomycetemcomitans_strain_HK_907_chromosome__complete_genome	98.485	66	1	0	31698	31763	64245	64310	5.28e-23	117
accn|VAHV01000199	ICEberg|1586|ICEAac3|GenBank|CP043003.1|2132073..2197982_Aggregatibacter_actinomycetemcomitans_strain_HK_907_chromosome__complete_genome	98.485	66	1	0	31900	31965	64245	64310	5.28e-23	117
accn|VAHV01000199	ICEberg|1584|ICEAac1|GenBank|CP012959.1|2164508..2181462_Aggregatibacter_actinomycetemcomitans_strain_624__complete_genome	100.000	77	0	0	31983	32059	16955	16879	8.72e-31	143
accn|VAHV01000199	ICEberg|1584|ICEAac1|GenBank|CP012959.1|2164508..2181462_Aggregatibacter_actinomycetemcomitans_strain_624__complete_genome	100.000	77	0	0	31781	31857	16955	16879	8.72e-31	143
accn|VAHV01000199	ICEberg|1584|ICEAac1|GenBank|CP012959.1|2164508..2181462_Aggregatibacter_actinomycetemcomitans_strain_624__complete_genome	100.000	77	0	0	31579	31655	16955	16879	8.72e-31	143
accn|VAHV01000199	ICEberg|2010|Tn6783_201330|GenBank|CP054623.1|2596147..2668162_Pseudomonas_aeruginosa_strain_DL201330_chromosome__complete_genome	96.512	86	2	1	31981	32065	66897	66982	3.13e-30	141
accn|VAHV01000199	ICEberg|2010|Tn6783_201330|GenBank|CP054623.1|2596147..2668162_Pseudomonas_aeruginosa_strain_DL201330_chromosome__complete_genome	98.734	79	1	0	31577	31655	66897	66975	3.13e-30	141
accn|VAHV01000199	ICEberg|2010|Tn6783_201330|GenBank|CP054623.1|2596147..2668162_Pseudomonas_aeruginosa_strain_DL201330_chromosome__complete_genome	98.734	79	1	0	31779	31857	66897	66975	3.13e-30	141
accn|VAHV01000199	ICEberg|1701|ICEHdu2|GenBank|CP015434.1|162562..211583_[Haemophilus]_ducreyi_strain_GHA9__complete_genome	100.000	76	0	0	31579	31654	48947	49022	3.13e-30	141
accn|VAHV01000199	ICEberg|1581|ICE6660|GenBank|MK497171.1|1..112205_Pseudomonas_aeruginosa_sequence	97.500	80	2	0	31781	31860	112205	112126	4.06e-29	137
accn|VAHV01000199	ICEberg|1581|ICE6660|GenBank|MK497171.1|1..112205_Pseudomonas_aeruginosa_sequence	97.500	80	2	0	31579	31658	112205	112126	4.06e-29	137
accn|VAHV01000199	ICEberg|1581|ICE6660|GenBank|MK497171.1|1..112205_Pseudomonas_aeruginosa_sequence	98.701	77	1	0	31983	32059	112205	112129	4.06e-29	137
accn|VAHV01000199	ICEberg|1736|ICEMha2|GenBank|NC_020833.2|1557279..1616347_Mannheimia_haemolytica_USDA-ARS-USMARC-183__complete_sequence	100.000	72	0	0	93989	94060	6098	6169	5.25e-28	134
accn|VAHV01000199	ICEberg|960|ICEApl1|GenBank|KU551309|27..56176_Actinobacillus_pleuropneumoniae_strain_MIDG2427_tRNA-Leu_gene__integrative_conjugative_element_ICEApl1_mobile_element__and_tRNA-Gly_gene__complete_sequence	98.485	66	1	0	31695	31760	56085	56150	5.28e-23	117
accn|VAHV01000199	ICEberg|960|ICEApl1|GenBank|KU551309|27..56176_Actinobacillus_pleuropneumoniae_strain_MIDG2427_tRNA-Leu_gene__integrative_conjugative_element_ICEApl1_mobile_element__and_tRNA-Gly_gene__complete_sequence	98.485	66	1	0	31897	31962	56085	56150	5.28e-23	117
accn|VAHV01000199	ICEberg|960|ICEApl1|GenBank|KU551309|27..56176_Actinobacillus_pleuropneumoniae_strain_MIDG2427_tRNA-Leu_gene__integrative_conjugative_element_ICEApl1_mobile_element__and_tRNA-Gly_gene__complete_sequence	97.015	67	2	0	31694	31760	1	67	6.83e-22	113
accn|VAHV01000199	ICEberg|960|ICEApl1|GenBank|KU551309|27..56176_Actinobacillus_pleuropneumoniae_strain_MIDG2427_tRNA-Leu_gene__integrative_conjugative_element_ICEApl1_mobile_element__and_tRNA-Gly_gene__complete_sequence	97.015	67	2	0	31896	31962	1	67	6.83e-22	113
accn|VAHV01000199	ICEberg|60|ICEHin1056|GenBank|AJ627386|1..59393_Haemophilus_influenzae_plasmid_ICEhin1056	95.455	66	3	0	31695	31760	1	66	1.14e-19	106
accn|VAHV01000199	ICEberg|60|ICEHin1056|GenBank|AJ627386|1..59393_Haemophilus_influenzae_plasmid_ICEhin1056	95.455	66	3	0	31897	31962	1	66	1.14e-19	106
accn|VAHV01000199	ICEberg|350|ICEHpaT3T1|GenBank|FQ312002|1153089..1213144_Haemophilus_parainfluenzae_T3T1_genome	96.825	63	2	0	31900	31962	60053	59991	1.14e-19	106
accn|VAHV01000199	ICEberg|350|ICEHpaT3T1|GenBank|FQ312002|1153089..1213144_Haemophilus_parainfluenzae_T3T1_genome	96.825	63	2	0	31698	31760	60053	59991	1.14e-19	106
accn|VAHV01000199	ICEberg|349|ICEHpa8f|GenBank|AM884335|1..52725_Haemophilus_influenzae_parA_gene_for_chromosome_partitioning_protein__strain_8f	95.455	66	3	0	31695	31760	1	66	1.14e-19	106
accn|VAHV01000199	ICEberg|349|ICEHpa8f|GenBank|AM884335|1..52725_Haemophilus_influenzae_parA_gene_for_chromosome_partitioning_protein__strain_8f	95.455	66	3	0	31897	31962	1	66	1.14e-19	106
accn|VAHV01000199	ICEberg|348|ICEHin299|GenBank|AM884334|1..53902_Haemophilus_influenzae_parA_gene_for_chromosome_partitioning_protein__strain_299	95.455	66	3	0	31695	31760	1	66	1.14e-19	106
accn|VAHV01000199	ICEberg|348|ICEHin299|GenBank|AM884334|1..53902_Haemophilus_influenzae_parA_gene_for_chromosome_partitioning_protein__strain_299	95.455	66	3	0	31897	31962	1	66	1.14e-19	106
accn|VAHV01000199	ICEberg|346|ICEHinB|GenBank|FQ312006|87548..143543_Haemophilus_influenzae_10810_genome	95.455	66	3	0	31695	31760	1	66	1.14e-19	106
accn|VAHV01000199	ICEberg|346|ICEHinB|GenBank|FQ312006|87548..143543_Haemophilus_influenzae_10810_genome	95.455	66	3	0	31897	31962	1	66	1.14e-19	106
accn|VAHV01000199	ICEberg|2046|Tn7100|GenBank|OW736085.1|1..73601_Haemophilus_influenzae_strain_Hi-228_transposon_7100__complete_sequence	95.455	66	3	0	31695	31760	1	66	1.14e-19	106
accn|VAHV01000199	ICEberg|2046|Tn7100|GenBank|OW736085.1|1..73601_Haemophilus_influenzae_strain_Hi-228_transposon_7100__complete_sequence	95.455	66	3	0	31897	31962	1	66	1.14e-19	106
accn|VAHV01000199	ICEberg|2007|Tn6687|GenBank|MN106412.1|1..68777_Haemophilus_influenzae_strain_0_transposon_Tn6687__complete_sequence	95.455	66	3	0	31695	31760	1	66	1.14e-19	106
accn|VAHV01000199	ICEberg|2007|Tn6687|GenBank|MN106412.1|1..68777_Haemophilus_influenzae_strain_0_transposon_Tn6687__complete_sequence	95.455	66	3	0	31897	31962	1	66	1.14e-19	106
accn|VAHV01000199	ICEberg|2006|Tn6686|GenBank|MN106411.1|1..64737_Haemophilus_influenzae_strain_G_transposon_Tn6686__complete_sequence	95.455	66	3	0	31695	31760	1	66	1.14e-19	106
accn|VAHV01000199	ICEberg|2006|Tn6686|GenBank|MN106411.1|1..64737_Haemophilus_influenzae_strain_G_transposon_Tn6686__complete_sequence	95.455	66	3	0	31897	31962	1	66	1.14e-19	106
accn|VAHV01000199	ICEberg|2005|Tn6685|GenBank|MN106410.1|1..52414_Haemophilus_influenzae_strain_E_transposon_Tn6685__complete_sequence	95.455	66	3	0	31695	31760	1	66	1.14e-19	106
accn|VAHV01000199	ICEberg|2005|Tn6685|GenBank|MN106410.1|1..52414_Haemophilus_influenzae_strain_E_transposon_Tn6685__complete_sequence	95.455	66	3	0	31897	31962	1	66	1.14e-19	106
accn|VAHV01000135	ICEberg|1736|ICEMha2|GenBank|NC_020833.2|1557279..1616347_Mannheimia_haemolytica_USDA-ARS-USMARC-183__complete_sequence	100.000	78	0	0	1	78	6174	6097	3.74e-33	145
accn|VAHV01000135	ICEberg|1736|ICEMha2|GenBank|NC_020833.2|1557279..1616347_Mannheimia_haemolytica_USDA-ARS-USMARC-183__complete_sequence	100.000	78	0	0	1400	1477	6097	6174	3.74e-33	145
accn|VAHV01000135	ICEberg|1736|ICEMha2|GenBank|NC_020833.2|1557279..1616347_Mannheimia_haemolytica_USDA-ARS-USMARC-183__complete_sequence	97.403	77	2	0	1	77	9294	9218	2.91e-29	132
accn|VAHV01000135	ICEberg|1736|ICEMha2|GenBank|NC_020833.2|1557279..1616347_Mannheimia_haemolytica_USDA-ARS-USMARC-183__complete_sequence	97.403	77	2	0	1401	1477	9218	9294	2.91e-29	132
accn|VAHV01000130	ICEberg|1736|ICEMha2|GenBank|NC_020833.2|1557279..1616347_Mannheimia_haemolytica_USDA-ARS-USMARC-183__complete_sequence	100.000	79	0	0	1153	1231	7300	7222	8.64e-34	147
accn|VAHV01000130	ICEberg|1736|ICEMha2|GenBank|NC_020833.2|1557279..1616347_Mannheimia_haemolytica_USDA-ARS-USMARC-183__complete_sequence	100.000	77	0	0	1155	1231	10475	10399	1.12e-32	143
accn|VAHV01000129	ICEberg|1736|ICEMha2|GenBank|NC_020833.2|1557279..1616347_Mannheimia_haemolytica_USDA-ARS-USMARC-183__complete_sequence	100.000	120	0	0	1099	1218	12686	12567	1.38e-56	222
accn|VAHV01000128	ICEberg|1736|ICEMha2|GenBank|NC_020833.2|1557279..1616347_Mannheimia_haemolytica_USDA-ARS-USMARC-183__complete_sequence	100.000	77	0	0	1	77	10400	10476	1.01e-32	143
accn|VAHV01000128	ICEberg|1736|ICEMha2|GenBank|NC_020833.2|1557279..1616347_Mannheimia_haemolytica_USDA-ARS-USMARC-183__complete_sequence	100.000	76	0	0	1	76	7223	7298	3.62e-32	141
accn|VAHV01000126	ICEberg|1736|ICEMha2|GenBank|NC_020833.2|1557279..1616347_Mannheimia_haemolytica_USDA-ARS-USMARC-183__complete_sequence	99.805	1028	2	0	1	1028	12643	11616	0.0	1888
accn|VAHV01000122	ICEberg|1697|ICEGpa2|GenBank|CP049090.1|1351751..1421790_Glaesserella_parasuis_strain_aHPS7_chromosome__complete_genome	100.000	670	0	0	1	670	16725	17394	0.0	1238
accn|VAHV01000122	ICEberg|1692|ICEGpa1804|GenBank|CP069308.1|717521..789400_Glaesserella_parasuis_strain_EHP1804_chromosome__complete_genome	100.000	670	0	0	1	670	57694	57025	0.0	1238
accn|VAHV01000122	ICEberg|1713|ICEHpa1|GenBank|CP054198.1|1511383..1580304_Glaesserella_parasuis_strain_YHP170504_chromosome__complete_genome	98.964	676	1	1	1	670	16963	17638	0.0	1205
accn|VAHV01000122	ICEberg|1602|ICEAsp1|GenBank|MW030510.1|1..72978_Actinobacillus_sp._ICEAsp1_mobile_element__complete_sequence	98.964	676	1	1	1	670	52082	51407	0.0	1205
accn|VAHV01000122	resfinderf|blaROB-1|1	100.000	641	0	0	1	641	641	1	0.0	1184
accn|VAHV01000122	resfinderf|blaROB-1|2	99.844	641	1	0	1	641	641	1	0.0	1179
accn|VAHV01000197	ICEberg|1736|ICEMha2|GenBank|NC_020833.2|1557279..1616347_Mannheimia_haemolytica_USDA-ARS-USMARC-183__complete_sequence	100.000	77	0	0	90236	90312	10476	10400	8.37e-31	143
accn|VAHV01000197	ICEberg|1736|ICEMha2|GenBank|NC_020833.2|1557279..1616347_Mannheimia_haemolytica_USDA-ARS-USMARC-183__complete_sequence	100.000	76	0	0	90237	90312	7298	7223	3.01e-30	141
accn|VAHV01000109	ICEberg|987|ICEMh1|GenBank|CP005383|2128248..2190602_Mannheimia_haemolytica_M42548__complete_genome	100.000	449	0	0	1	449	31199	31647	0.0	830
accn|VAHV01000109	ICEberg|441|ICEHso2336-1|GenBank|CP000947|1927921..1994529_Haemophilus_somnus_2336__complete_genome	100.000	449	0	0	1	449	25335	25783	0.0	830
accn|VAHV01000109	ICEberg|440|ICEPmu1|GenBank|CP003022|273284..355497_Pasteurella_multocida_36950__complete_genome	100.000	449	0	0	1	449	43282	43730	0.0	830
accn|VAHV01000109	ICEberg|1734|ICEMh3|GenBank|CP006942.1|959858..1026317_Mannheimia_sp._USDA-ARS-USMARC-1261__complete_genome	100.000	449	0	0	1	449	41210	40762	0.0	830
accn|VAHV01000109	ICEberg|1719|ICEHso4|GenBank|CP018803.1|686759..761246_Histophilus_somni_strain_USDA-ARS-USMARC-63255_chromosome__complete_genome	100.000	449	0	0	1	449	31159	30711	0.0	830
accn|VAHV01000109	ICEberg|1717|ICEHs1|GenBank|MF136609.1|1..64932_Histophilus_somni_strain_AVI_1_integrative_conjugative_element_ICEHs1__complete_sequence	100.000	449	0	0	1	449	25349	25797	0.0	830
accn|VAHV01000109	ICEberg|1716|ICEHs02|GenBank|CP042993.1|687500..760418_Histophilus_somni_strain_UOC-KLM-ATR-014_chromosome__complete_genome	100.000	449	0	0	1	449	31110	30662	0.0	830
accn|VAHV01000109	ICEberg|2047|Tn7406|GenBank|CP087379.1|1564187..1622411_Mannheimia_haemolytica_strain_IMT47952_chromosome__complete_genome	99.777	449	1	0	1	449	22316	21868	0.0	824
accn|VAHV01000109	ICEberg|1698|ICEGpa3|GenBank|CP018032.1|1710663..1776472_Glaesserella_parasuis_D74__complete_sequence	96.421	447	16	0	1	447	22122	21676	0.0	737
accn|VAHV01000109	PID|170717981|gi|170717206|ref|NC_010519.1|_c1953313-1952987_Haemophilus_somnus_2336_chromosome__complete_genome	100.000	59	0	0	1	59	59	1	3.98e-23	110
accn|VAHV01000196	ICEberg|1736|ICEMha2|GenBank|NC_020833.2|1557279..1616347_Mannheimia_haemolytica_USDA-ARS-USMARC-183__complete_sequence	98.780	82	1	0	89406	89487	7303	7222	6.41e-32	147
accn|VAHV01000196	ICEberg|1736|ICEMha2|GenBank|NC_020833.2|1557279..1616347_Mannheimia_haemolytica_USDA-ARS-USMARC-183__complete_sequence	97.619	84	2	0	1	84	7222	7305	2.31e-31	145
accn|VAHV01000196	ICEberg|1736|ICEMha2|GenBank|NC_020833.2|1557279..1616347_Mannheimia_haemolytica_USDA-ARS-USMARC-183__complete_sequence	100.000	78	0	0	1	78	10399	10476	2.31e-31	145
accn|VAHV01000196	ICEberg|1736|ICEMha2|GenBank|NC_020833.2|1557279..1616347_Mannheimia_haemolytica_USDA-ARS-USMARC-183__complete_sequence	100.000	77	0	0	89411	89487	10475	10399	8.29e-31	143
