accn|VAIM01000104	ICEberg|1736|ICEMha2|GenBank|NC_020833.2|1557279..1616347_Mannheimia_haemolytica_USDA-ARS-USMARC-183__complete_sequence	98.750	80	1	0	1	80	6174	6095	2.59e-33	143
accn|VAIM01000104	ICEberg|1736|ICEMha2|GenBank|NC_020833.2|1557279..1616347_Mannheimia_haemolytica_USDA-ARS-USMARC-183__complete_sequence	96.341	82	2	1	1	82	9294	9214	1.56e-30	134
accn|VAIM01000105	ICEberg|440|ICEPmu1|GenBank|CP003022|273284..355497_Pasteurella_multocida_36950__complete_genome	100.000	278	0	0	1	278	69785	69508	4.32e-145	514
accn|VAIM01000105	ICEberg|440|ICEPmu1|GenBank|CP003022|273284..355497_Pasteurella_multocida_36950__complete_genome	99.346	153	0	1	1	153	62074	61923	2.22e-73	276
accn|VAIM01000105	ICEberg|440|ICEPmu1|GenBank|CP003022|273284..355497_Pasteurella_multocida_36950__complete_genome	100.000	107	0	0	172	278	66048	65942	4.94e-50	198
accn|VAIM01000105	ICEberg|987|ICEMh1|GenBank|CP005383|2128248..2190602_Mannheimia_haemolytica_M42548__complete_genome	99.346	153	0	1	1	153	49990	49839	2.22e-73	276
accn|VAIM01000105	ICEberg|441|ICEHso2336-1|GenBank|CP000947|1927921..1994529_Haemophilus_somnus_2336__complete_genome	99.346	153	0	1	1	153	50930	50779	2.22e-73	276
accn|VAIM01000105	ICEberg|1734|ICEMh3|GenBank|CP006942.1|959858..1026317_Mannheimia_sp._USDA-ARS-USMARC-1261__complete_genome	99.346	153	0	1	1	153	15618	15769	2.22e-73	276
accn|VAIM01000105	ICEberg|1719|ICEHso4|GenBank|CP018803.1|686759..761246_Histophilus_somni_strain_USDA-ARS-USMARC-63255_chromosome__complete_genome	99.346	153	0	1	1	153	12366	12517	2.22e-73	276
accn|VAIM01000105	ICEberg|1717|ICEHs1|GenBank|MF136609.1|1..64932_Histophilus_somni_strain_AVI_1_integrative_conjugative_element_ICEHs1__complete_sequence	99.346	153	0	1	1	153	50222	50071	2.22e-73	276
accn|VAIM01000105	ICEberg|1716|ICEHs02|GenBank|CP042993.1|687500..760418_Histophilus_somni_strain_UOC-KLM-ATR-014_chromosome__complete_genome	99.346	153	0	1	1	153	12318	12469	2.22e-73	276
accn|VAIM01000105	ICEberg|1779|ICEPmiChnChSC1905|GenBank|CP047929.1|3384696..3471195_Proteus_mirabilis_strain_ChSC1905_chromosome__complete_genome	99.123	114	0	1	165	278	22889	23001	1.06e-51	204
accn|VAIM01000105	ICEberg|1779|ICEPmiChnChSC1905|GenBank|CP047929.1|3384696..3471195_Proteus_mirabilis_strain_ChSC1905_chromosome__complete_genome	99.107	112	1	0	167	278	10624	10513	3.82e-51	202
accn|VAIM01000105	ICEberg|1779|ICEPmiChnChSC1905|GenBank|CP047929.1|3384696..3471195_Proteus_mirabilis_strain_ChSC1905_chromosome__complete_genome	100.000	109	0	0	170	278	15046	15154	3.82e-51	202
accn|VAIM01000105	ICEberg|1779|ICEPmiChnChSC1905|GenBank|CP047929.1|3384696..3471195_Proteus_mirabilis_strain_ChSC1905_chromosome__complete_genome	99.091	110	1	0	169	278	19575	19684	4.94e-50	198
accn|VAIM01000105	ICEberg|1779|ICEPmiChnChSC1905|GenBank|CP047929.1|3384696..3471195_Proteus_mirabilis_strain_ChSC1905_chromosome__complete_genome	100.000	107	0	0	172	278	24734	24840	4.94e-50	198
accn|VAIM01000105	ICEberg|1779|ICEPmiChnChSC1905|GenBank|CP047929.1|3384696..3471195_Proteus_mirabilis_strain_ChSC1905_chromosome__complete_genome	100.000	62	0	0	172	233	29299	29360	5.12e-25	115
accn|VAIM01000105	ICEberg|1778|ICEPmiChnBCP11|GenBank|MG773277.1|1..141263_Proteus_mirabilis_integrating_conjugative_element_ICEPmiChn-BCP11_sequence	99.123	114	0	1	165	278	95437	95549	1.06e-51	204
accn|VAIM01000105	ICEberg|1778|ICEPmiChnBCP11|GenBank|MG773277.1|1..141263_Proteus_mirabilis_integrating_conjugative_element_ICEPmiChn-BCP11_sequence	99.107	112	1	0	167	278	87702	87591	3.82e-51	202
accn|VAIM01000105	ICEberg|1778|ICEPmiChnBCP11|GenBank|MG773277.1|1..141263_Proteus_mirabilis_integrating_conjugative_element_ICEPmiChn-BCP11_sequence	100.000	109	0	0	170	278	92124	92232	3.82e-51	202
accn|VAIM01000105	ICEberg|1778|ICEPmiChnBCP11|GenBank|MG773277.1|1..141263_Proteus_mirabilis_integrating_conjugative_element_ICEPmiChn-BCP11_sequence	100.000	108	0	0	171	278	80347	80454	1.37e-50	200
accn|VAIM01000105	ICEberg|1778|ICEPmiChnBCP11|GenBank|MG773277.1|1..141263_Proteus_mirabilis_integrating_conjugative_element_ICEPmiChn-BCP11_sequence	100.000	108	0	0	171	278	85506	85399	1.37e-50	200
accn|VAIM01000105	ICEberg|1778|ICEPmiChnBCP11|GenBank|MG773277.1|1..141263_Proteus_mirabilis_integrating_conjugative_element_ICEPmiChn-BCP11_sequence	100.000	107	0	0	172	278	72492	72386	4.94e-50	198
accn|VAIM01000105	ICEberg|1778|ICEPmiChnBCP11|GenBank|MG773277.1|1..141263_Proteus_mirabilis_integrating_conjugative_element_ICEPmiChn-BCP11_sequence	100.000	107	0	0	172	278	75094	74988	4.94e-50	198
accn|VAIM01000105	ICEberg|1778|ICEPmiChnBCP11|GenBank|MG773277.1|1..141263_Proteus_mirabilis_integrating_conjugative_element_ICEPmiChn-BCP11_sequence	100.000	107	0	0	172	278	83666	83560	4.94e-50	198
accn|VAIM01000105	ICEberg|1778|ICEPmiChnBCP11|GenBank|MG773277.1|1..141263_Proteus_mirabilis_integrating_conjugative_element_ICEPmiChn-BCP11_sequence	100.000	107	0	0	172	278	109563	109457	4.94e-50	198
accn|VAIM01000105	ICEberg|1778|ICEPmiChnBCP11|GenBank|MG773277.1|1..141263_Proteus_mirabilis_integrating_conjugative_element_ICEPmiChn-BCP11_sequence	100.000	62	0	0	172	233	67927	67866	5.12e-25	115
accn|VAIM01000105	ICEberg|2045|Tn6966|GenBank|CP064830.1|3371703..3442829_Morganella_morganii_subsp._morganii_strain_81703_chromosome__complete_genome	99.115	113	0	1	166	278	47716	47605	3.82e-51	202
accn|VAIM01000105	ICEberg|2045|Tn6966|GenBank|CP064830.1|3371703..3442829_Morganella_morganii_subsp._morganii_strain_81703_chromosome__complete_genome	100.000	107	0	0	172	278	45851	45745	4.94e-50	198
accn|VAIM01000105	ICEberg|1844|ICEPvuChnBC22|GenBank|MH160822.1|1..148751_Proteus_vulgaris_strain_SCpv22_sequence	99.107	112	1	0	167	278	34363	34474	3.82e-51	202
accn|VAIM01000105	ICEberg|1844|ICEPvuChnBC22|GenBank|MH160822.1|1..148751_Proteus_vulgaris_strain_SCpv22_sequence	100.000	109	0	0	170	278	74803	74695	3.82e-51	202
accn|VAIM01000105	ICEberg|1844|ICEPvuChnBC22|GenBank|MH160822.1|1..148751_Proteus_vulgaris_strain_SCpv22_sequence	100.000	108	0	0	171	278	42351	42458	1.37e-50	200
accn|VAIM01000105	ICEberg|1844|ICEPvuChnBC22|GenBank|MH160822.1|1..148751_Proteus_vulgaris_strain_SCpv22_sequence	100.000	108	0	0	171	278	64962	64855	1.37e-50	200
accn|VAIM01000105	ICEberg|1844|ICEPvuChnBC22|GenBank|MH160822.1|1..148751_Proteus_vulgaris_strain_SCpv22_sequence	100.000	107	0	0	172	278	15889	15783	4.94e-50	198
accn|VAIM01000105	ICEberg|1844|ICEPvuChnBC22|GenBank|MH160822.1|1..148751_Proteus_vulgaris_strain_SCpv22_sequence	100.000	107	0	0	172	278	36207	36313	4.94e-50	198
accn|VAIM01000105	ICEberg|1844|ICEPvuChnBC22|GenBank|MH160822.1|1..148751_Proteus_vulgaris_strain_SCpv22_sequence	100.000	107	0	0	172	278	40160	40266	4.94e-50	198
accn|VAIM01000105	ICEberg|1844|ICEPvuChnBC22|GenBank|MH160822.1|1..148751_Proteus_vulgaris_strain_SCpv22_sequence	100.000	62	0	0	172	233	60396	60335	5.12e-25	115
accn|VAIM01000105	ICEberg|1785|ICEPmiChnSTP3|GenBank|MT449450.1|1..118916_Proteus_mirabilis_strain_STP3_sequence	100.000	109	0	0	170	278	41560	41452	3.82e-51	202
accn|VAIM01000105	ICEberg|1785|ICEPmiChnSTP3|GenBank|MT449450.1|1..118916_Proteus_mirabilis_strain_STP3_sequence	99.107	112	1	0	167	278	45982	46093	3.82e-51	202
accn|VAIM01000105	ICEberg|1785|ICEPmiChnSTP3|GenBank|MT449450.1|1..118916_Proteus_mirabilis_strain_STP3_sequence	100.000	108	0	0	171	278	35557	35450	1.37e-50	200
accn|VAIM01000105	ICEberg|1785|ICEPmiChnSTP3|GenBank|MT449450.1|1..118916_Proteus_mirabilis_strain_STP3_sequence	100.000	107	0	0	172	278	32238	32344	4.94e-50	198
accn|VAIM01000105	ICEberg|1785|ICEPmiChnSTP3|GenBank|MT449450.1|1..118916_Proteus_mirabilis_strain_STP3_sequence	100.000	107	0	0	172	278	37748	37642	4.94e-50	198
accn|VAIM01000105	ICEberg|1785|ICEPmiChnSTP3|GenBank|MT449450.1|1..118916_Proteus_mirabilis_strain_STP3_sequence	100.000	107	0	0	172	278	47826	47932	4.94e-50	198
accn|VAIM01000105	ICEberg|1785|ICEPmiChnSTP3|GenBank|MT449450.1|1..118916_Proteus_mirabilis_strain_STP3_sequence	100.000	62	0	0	172	233	52391	52452	5.12e-25	115
accn|VAIM01000105	ICEberg|1782|ICEPmiChnJZ57|GenBank|ON553412.1|1..116292_Proteus_mirabilis_strain_JZ57_ICEPmiChn_JZ57_mobile_element__complete_sequence	99.107	112	1	0	167	278	68930	68819	3.82e-51	202
accn|VAIM01000105	ICEberg|1782|ICEPmiChnJZ57|GenBank|ON553412.1|1..116292_Proteus_mirabilis_strain_JZ57_ICEPmiChn_JZ57_mobile_element__complete_sequence	100.000	109	0	0	170	278	73352	73460	3.82e-51	202
accn|VAIM01000105	ICEberg|1782|ICEPmiChnJZ57|GenBank|ON553412.1|1..116292_Proteus_mirabilis_strain_JZ57_ICEPmiChn_JZ57_mobile_element__complete_sequence	100.000	108	0	0	171	278	79355	79462	1.37e-50	200
accn|VAIM01000105	ICEberg|1782|ICEPmiChnJZ57|GenBank|ON553412.1|1..116292_Proteus_mirabilis_strain_JZ57_ICEPmiChn_JZ57_mobile_element__complete_sequence	100.000	107	0	0	172	278	77164	77270	4.94e-50	198
accn|VAIM01000105	ICEberg|1782|ICEPmiChnJZ57|GenBank|ON553412.1|1..116292_Proteus_mirabilis_strain_JZ57_ICEPmiChn_JZ57_mobile_element__complete_sequence	100.000	107	0	0	172	278	82674	82568	4.94e-50	198
accn|VAIM01000105	ICEberg|1782|ICEPmiChnJZ57|GenBank|ON553412.1|1..116292_Proteus_mirabilis_strain_JZ57_ICEPmiChn_JZ57_mobile_element__complete_sequence	100.000	62	0	0	172	233	64360	64299	5.12e-25	115
accn|VAIM01000105	ICEberg|1407|ICEKpnWCHKP040035-1|GenBank|CP028797.2|744852..812972_Klebsiella_pneumoniae_strain_WCHKP040035_chromosome__complete_genome	100.000	109	0	0	170	278	38922	38814	3.82e-51	202
accn|VAIM01000105	ICEberg|1407|ICEKpnWCHKP040035-1|GenBank|CP028797.2|744852..812972_Klebsiella_pneumoniae_strain_WCHKP040035_chromosome__complete_genome	100.000	108	0	0	171	278	32704	32811	1.37e-50	200
accn|VAIM01000105	ICEberg|1407|ICEKpnWCHKP040035-1|GenBank|CP028797.2|744852..812972_Klebsiella_pneumoniae_strain_WCHKP040035_chromosome__complete_genome	100.000	107	0	0	172	278	26569	26463	4.94e-50	198
accn|VAIM01000105	ICEberg|2036|Tn6862|GenBank|CP059348.1|704853..810761_Providencia_rettgeri_strain_PROV023_chromosome__complete_genome	100.000	108	0	0	171	278	25801	25694	1.37e-50	200
accn|VAIM01000105	ICEberg|2036|Tn6862|GenBank|CP059348.1|704853..810761_Providencia_rettgeri_strain_PROV023_chromosome__complete_genome	100.000	107	0	0	172	278	23573	23467	4.94e-50	198
accn|VAIM01000105	ICEberg|1803|ICEPmu2|GenBank|CP038871.1|1998244..2056820_Pasteurella_multocida_strain_FCf15_chromosome__complete_genome	100.000	108	0	0	171	278	22221	22328	1.37e-50	200
accn|VAIM01000105	ICEberg|1803|ICEPmu2|GenBank|CP038871.1|1998244..2056820_Pasteurella_multocida_strain_FCf15_chromosome__complete_genome	100.000	107	0	0	172	278	20798	20692	4.94e-50	198
accn|VAIM01000105	ICEberg|1786|ICEPmiChn-TQ12|GenBank|ON390822.1|1..147546_Proteus_terrae_subsp._cibarius_strain_TQ12_ICEPmiChn-TQ12_mobile_element__complete_sequence	100.000	108	0	0	171	278	62169	62062	1.37e-50	200
accn|VAIM01000105	ICEberg|1786|ICEPmiChn-TQ12|GenBank|ON390822.1|1..147546_Proteus_terrae_subsp._cibarius_strain_TQ12_ICEPmiChn-TQ12_mobile_element__complete_sequence	100.000	107	0	0	172	278	60329	60223	4.94e-50	198
accn|VAIM01000105	ICEberg|1692|ICEGpa1804|GenBank|CP069308.1|717521..789400_Glaesserella_parasuis_strain_EHP1804_chromosome__complete_genome	100.000	108	0	0	171	278	45982	46089	1.37e-50	200
accn|VAIM01000105	ICEberg|1364|ICEKpnNY9-1|GenBank|CP015385.1|742492..799462_Klebsiella_pneumoniae_strain_NY9__complete_genome	100.000	108	0	0	171	278	42884	42777	1.37e-50	200
accn|VAIM01000105	ICEberg|1253|ICEKpnINF249-2|GenBank|CP024489.1|5079347..5289591_Klebsiella_pneumoniae_strain_INF249_chromosome__complete_genome	100.000	108	0	0	171	278	196520	196413	1.37e-50	200
accn|VAIM01000105	ICEberg|1253|ICEKpnINF249-2|GenBank|CP024489.1|5079347..5289591_Klebsiella_pneumoniae_strain_INF249_chromosome__complete_genome	100.000	107	0	0	172	278	264	370	4.94e-50	198
accn|VAIM01000105	ICEberg|1253|ICEKpnINF249-2|GenBank|CP024489.1|5079347..5289591_Klebsiella_pneumoniae_strain_INF249_chromosome__complete_genome	100.000	107	0	0	172	278	191818	191712	4.94e-50	198
accn|VAIM01000105	ICEberg|1226|ICEKpnF44-1|GenBank|CP025461.1|4660105..4718979_Klebsiella_pneumoniae_strain_F44_chromosome__complete_genome	100.000	108	0	0	171	278	16158	16051	1.37e-50	200
accn|VAIM01000105	ICEberg|1110|ICEKpnQD23-1|GenBank|CP042858.1|4831525..5022379_Klebsiella_pneumoniae_strain_QD23_chromosome__complete_genome	100.000	108	0	0	171	278	8876	8769	1.37e-50	200
accn|VAIM01000105	ICEberg|1110|ICEKpnQD23-1|GenBank|CP042858.1|4831525..5022379_Klebsiella_pneumoniae_strain_QD23_chromosome__complete_genome	100.000	108	0	0	171	278	30325	30218	1.37e-50	200
accn|VAIM01000105	ICEberg|1110|ICEKpnQD23-1|GenBank|CP042858.1|4831525..5022379_Klebsiella_pneumoniae_strain_QD23_chromosome__complete_genome	100.000	107	0	0	172	278	27329	27435	4.94e-50	198
accn|VAIM01000105	ICEberg|1110|ICEKpnQD23-1|GenBank|CP042858.1|4831525..5022379_Klebsiella_pneumoniae_strain_QD23_chromosome__complete_genome	100.000	107	0	0	172	278	48778	48884	4.94e-50	198
accn|VAIM01000105	ICEberg|1110|ICEKpnQD23-1|GenBank|CP042858.1|4831525..5022379_Klebsiella_pneumoniae_strain_QD23_chromosome__complete_genome	100.000	107	0	0	172	278	51752	51646	4.94e-50	198
accn|VAIM01000105	ICEberg|1023|ICEPmiChn3|GenBank|KY437727|1..55195_Proteus_mirabilis_integrative_and_conjugative_element_ICEPmiChn3__complete_sequence__and_peptide_chain_release_factor_3_(prfC)_gene__complete_cds	100.000	108	0	0	171	278	25003	24896	1.37e-50	200
accn|VAIM01000105	ICEberg|1023|ICEPmiChn3|GenBank|KY437727|1..55195_Proteus_mirabilis_integrative_and_conjugative_element_ICEPmiChn3__complete_sequence__and_peptide_chain_release_factor_3_(prfC)_gene__complete_cds	100.000	107	0	0	172	278	25313	25207	4.94e-50	198
accn|VAIM01000105	ICEberg|43|R391|GenBank|AY090559|1..88532_Providencia_rettgeri_conjugative_genomic_island_R391__complete_sequence	100.000	107	0	0	172	278	10867	10973	4.94e-50	198
accn|VAIM01000105	ICEberg|43|R391|GenBank|AY090559|1..88532_Providencia_rettgeri_conjugative_genomic_island_R391__complete_sequence	100.000	107	0	0	172	278	12789	12683	4.94e-50	198
accn|VAIM01000105	ICEberg|43|R391|GenBank|AY090559|1..88532_Providencia_rettgeri_conjugative_genomic_island_R391__complete_sequence	100.000	107	0	0	172	278	13820	13926	4.94e-50	198
accn|VAIM01000105	ICEberg|2038|Tn6864|GenBank|MT219827.1|1..108763_Providencia_rettgeri_strain_RF14-2_sequence	100.000	107	0	0	172	278	77067	76961	4.94e-50	198
accn|VAIM01000105	ICEberg|2038|Tn6864|GenBank|MT219827.1|1..108763_Providencia_rettgeri_strain_RF14-2_sequence	100.000	62	0	0	172	233	72502	72441	5.12e-25	115
accn|VAIM01000105	ICEberg|2035|Tn6861|GenBank|CP059345.1|727272..869956_Providencia_rettgeri_strain_PROV002_chromosome__complete_genome	100.000	107	0	0	172	278	36415	36309	4.94e-50	198
accn|VAIM01000105	ICEberg|2035|Tn6861|GenBank|CP059345.1|727272..869956_Providencia_rettgeri_strain_PROV002_chromosome__complete_genome	100.000	107	0	0	172	278	40980	40874	4.94e-50	198
accn|VAIM01000105	ICEberg|2034|Tn6860|GenBank|CP059298.1|575696..691964_Providencia_rettgeri_strain_PROV275_chromosome__complete_genome	99.091	110	1	0	169	278	33841	33950	4.94e-50	198
accn|VAIM01000105	ICEberg|1998|Tn6512|GenBank|AY090559.1|1..88532_Providencia_rettgeri_conjugative_genomic_island_R391__complete_sequence	100.000	107	0	0	172	278	10867	10973	4.94e-50	198
accn|VAIM01000105	ICEberg|1998|Tn6512|GenBank|AY090559.1|1..88532_Providencia_rettgeri_conjugative_genomic_island_R391__complete_sequence	100.000	107	0	0	172	278	12789	12683	4.94e-50	198
accn|VAIM01000105	ICEberg|1998|Tn6512|GenBank|AY090559.1|1..88532_Providencia_rettgeri_conjugative_genomic_island_R391__complete_sequence	100.000	107	0	0	172	278	13820	13926	4.94e-50	198
accn|VAIM01000105	ICEberg|1996|Tn6413|GenBank|CP030075.1|337873..451939_Pseudomonas_aeruginosa_strain_6762_chromosome	100.000	107	0	0	172	278	64681	64575	4.94e-50	198
accn|VAIM01000105	ICEberg|1996|Tn6413|GenBank|CP030075.1|337873..451939_Pseudomonas_aeruginosa_strain_6762_chromosome	100.000	107	0	0	172	278	68334	68228	4.94e-50	198
accn|VAIM01000105	ICEberg|1995|Tn6397|GenBank|CP021851.1|386444..510401_Enterobacter_cloacae_strain_A1137_chromosome__complete_genome	100.000	107	0	0	172	278	97861	97967	4.94e-50	198
accn|VAIM01000105	ICEberg|1807|ICEPmu4|GenBank|CP038875.1|2009809..2087766_Pasteurella_multocida_strain_FCf83_chromosome__complete_genome	100.000	107	0	0	172	278	55889	55995	4.94e-50	198
accn|VAIM01000105	ICEberg|1807|ICEPmu4|GenBank|CP038875.1|2009809..2087766_Pasteurella_multocida_strain_FCf83_chromosome__complete_genome	100.000	107	0	0	172	278	66182	66288	4.94e-50	198
accn|VAIM01000105	ICEberg|1804|ICEPmu3|GenBank|CP038873.1|1026914..1096464_Pasteurella_multocida_strain_FCf45_chromosome__complete_genome	100.000	107	0	0	172	278	50206	50312	4.94e-50	198
accn|VAIM01000105	ICEberg|1788|ICEPmiFra1|GenBank|MF490434.1|1..107395_Proteus_mirabilis_sequence	100.000	107	0	0	172	278	73102	72996	4.94e-50	198
accn|VAIM01000105	ICEberg|1788|ICEPmiFra1|GenBank|MF490434.1|1..107395_Proteus_mirabilis_sequence	100.000	107	0	0	172	278	74941	74835	4.94e-50	198
accn|VAIM01000105	ICEberg|1788|ICEPmiFra1|GenBank|MF490434.1|1..107395_Proteus_mirabilis_sequence	100.000	62	0	0	172	233	68537	68476	5.12e-25	115
accn|VAIM01000105	ICEberg|1763|ICEPgs6Chn1|GenBank|MN507533.1|1..116235_Proteus_genomosp._6_strain_T60_sequence	99.091	110	1	0	169	278	29675	29784	4.94e-50	198
accn|VAIM01000105	ICEberg|1763|ICEPgs6Chn1|GenBank|MN507533.1|1..116235_Proteus_genomosp._6_strain_T60_sequence	99.065	107	1	0	172	278	27451	27557	2.30e-48	193
accn|VAIM01000105	ICEberg|1762|ICEPflCDM8|GenBank|CP047240.1|950152..1060244_Pseudoalteromonas_sp._M8_chromosome_2__complete_sequence	100.000	107	0	0	172	278	78078	77972	4.94e-50	198
accn|VAIM01000105	ICEberg|1762|ICEPflCDM8|GenBank|CP047240.1|950152..1060244_Pseudoalteromonas_sp._M8_chromosome_2__complete_sequence	100.000	107	0	0	172	278	79917	79811	4.94e-50	198
accn|VAIM01000105	ICEberg|1762|ICEPflCDM8|GenBank|CP047240.1|950152..1060244_Pseudoalteromonas_sp._M8_chromosome_2__complete_sequence	100.000	62	0	0	172	233	73303	73242	5.12e-25	115
accn|VAIM01000105	ICEberg|1759|ICEPciChn2|GenBank|MW423608.1|1..140916_Proteus_terrae_subsp._cibarius_strain_SH19PTE4_sequence	100.000	107	0	0	172	278	96479	96373	4.94e-50	198
accn|VAIM01000105	ICEberg|1759|ICEPciChn2|GenBank|MW423608.1|1..140916_Proteus_terrae_subsp._cibarius_strain_SH19PTE4_sequence	100.000	107	0	0	172	278	98318	98212	4.94e-50	198
accn|VAIM01000105	ICEberg|1759|ICEPciChn2|GenBank|MW423608.1|1..140916_Proteus_terrae_subsp._cibarius_strain_SH19PTE4_sequence	100.000	62	0	0	172	233	91914	91853	5.12e-25	115
accn|VAIM01000105	ICEberg|1758|ICEPciChn180|GenBank|CP073356.1|3209019..3335275_Proteus_terrae_subsp._cibarius_strain_SDQ8C180-2T_chromosome__complete_genome	100.000	107	0	0	172	278	85042	84936	4.94e-50	198
accn|VAIM01000105	ICEberg|1758|ICEPciChn180|GenBank|CP073356.1|3209019..3335275_Proteus_terrae_subsp._cibarius_strain_SDQ8C180-2T_chromosome__complete_genome	99.065	107	1	0	172	278	87269	87163	2.30e-48	193
accn|VAIM01000105	ICEberg|1354|ICEKpnMNCRE78-1|GenBank|CP018428.1|3356625..3500228_Klebsiella_pneumoniae_strain_MNCRE78_chromosome__complete_genome	100.000	107	0	0	172	278	2591	2697	4.94e-50	198
accn|VAIM01000105	ICEberg|1352|ICEKpnMNCRE69-1|GenBank|CP018427.1|3355560..3499147_Klebsiella_pneumoniae_strain_MNCRE69_chromosome__complete_genome	100.000	107	0	0	172	278	2591	2697	4.94e-50	198
accn|VAIM01000105	ICEberg|1350|ICEKpnMNCRE53-1|GenBank|CP018437.1|3393285..3536872_Klebsiella_pneumoniae_strain_MNCRE53_chromosome__complete_genome	100.000	107	0	0	172	278	2591	2697	4.94e-50	198
accn|VAIM01000105	ICEberg|1033|ICEPmiCHN905|GenBank|KX243412|1..94956_Proteus_mirabilis_strain_MD20140905_complete_sequence	100.000	62	0	0	172	233	68185	68124	5.12e-25	115
accn|VAIM01000105	ICEberg|1032|ICEPmiCHN904|GenBank|KX243411|1..94942_Proteus_mirabilis_strain_MD20140904_complete_sequence	100.000	62	0	0	172	233	68167	68106	5.12e-25	115
accn|VAIM01000105	ICEberg|1020|ICEPmiCHN2407|GenBank|KX243405|1..97078_Proteus_mirabilis_strain_09MAS2407_complete_sequence	100.000	62	0	0	172	233	66849	66788	5.12e-25	115
accn|VAIM01000108	ICEberg|1736|ICEMha2|GenBank|NC_020833.2|1557279..1616347_Mannheimia_haemolytica_USDA-ARS-USMARC-183__complete_sequence	100.000	276	0	0	1	276	23038	22763	5.54e-144	510
accn|VAIM01000108	ICEberg|2047|Tn7406|GenBank|CP087379.1|1564187..1622411_Mannheimia_haemolytica_strain_IMT47952_chromosome__complete_genome	98.913	276	3	0	1	276	32668	32943	5.58e-139	494
accn|VAIM01000108	ICEberg|1698|ICEGpa3|GenBank|CP018032.1|1710663..1776472_Glaesserella_parasuis_D74__complete_sequence	96.377	276	10	0	1	276	32537	32812	2.63e-127	455
accn|VAIM01000010	ICEberg|1736|ICEMha2|GenBank|NC_020833.2|1557279..1616347_Mannheimia_haemolytica_USDA-ARS-USMARC-183__complete_sequence	100.000	77	0	0	1	77	7222	7298	8.11e-31	143
accn|VAIM01000010	ICEberg|1736|ICEMha2|GenBank|NC_020833.2|1557279..1616347_Mannheimia_haemolytica_USDA-ARS-USMARC-183__complete_sequence	100.000	77	0	0	1	77	10399	10475	8.11e-31	143
accn|VAIM01000110	resfinderf|blaROB-1|1	100.000	268	0	0	1	268	276	9	1.50e-139	496
accn|VAIM01000110	ICEberg|1697|ICEGpa2|GenBank|CP049090.1|1351751..1421790_Glaesserella_parasuis_strain_aHPS7_chromosome__complete_genome	100.000	268	0	0	1	268	17090	17357	1.50e-139	496
accn|VAIM01000110	ICEberg|1692|ICEGpa1804|GenBank|CP069308.1|717521..789400_Glaesserella_parasuis_strain_EHP1804_chromosome__complete_genome	100.000	268	0	0	1	268	57329	57062	1.50e-139	496
accn|VAIM01000110	resfinderf|blaROB-1|2	99.627	268	1	0	1	268	276	9	6.99e-138	490
accn|VAIM01000110	ICEberg|1713|ICEHpa1|GenBank|CP054198.1|1511383..1580304_Glaesserella_parasuis_strain_YHP170504_chromosome__complete_genome	97.810	274	0	1	1	268	17328	17601	3.28e-131	468
accn|VAIM01000110	ICEberg|1602|ICEAsp1|GenBank|MW030510.1|1..72978_Actinobacillus_sp._ICEAsp1_mobile_element__complete_sequence	97.810	274	0	1	1	268	51717	51444	3.28e-131	468
accn|VAIM01000111	ICEberg|1736|ICEMha2|GenBank|NC_020833.2|1557279..1616347_Mannheimia_haemolytica_USDA-ARS-USMARC-183__complete_sequence	100.000	73	0	0	192	264	10476	10404	3.71e-31	135
accn|VAIM01000111	ICEberg|1736|ICEMha2|GenBank|NC_020833.2|1557279..1616347_Mannheimia_haemolytica_USDA-ARS-USMARC-183__complete_sequence	100.000	72	0	0	193	264	7298	7227	1.34e-30	134
accn|VAIM01000112	PID|170717986|gi|170717206|ref|NC_010519.1|_c1957154-1954953_Haemophilus_somnus_2336_chromosome__complete_genome	100.000	263	0	0	1	263	1024	762	8.86e-137	486
accn|VAIM01000112	ICEberg|987|ICEMh1|GenBank|CP005383|2128248..2190602_Mannheimia_haemolytica_M42548__complete_genome	100.000	263	0	0	1	263	34075	34337	8.86e-137	486
accn|VAIM01000112	ICEberg|441|ICEHso2336-1|GenBank|CP000947|1927921..1994529_Haemophilus_somnus_2336__complete_genome	100.000	263	0	0	1	263	28211	28473	8.86e-137	486
accn|VAIM01000112	ICEberg|440|ICEPmu1|GenBank|CP003022|273284..355497_Pasteurella_multocida_36950__complete_genome	100.000	263	0	0	1	263	46158	46420	8.86e-137	486
accn|VAIM01000112	ICEberg|1734|ICEMh3|GenBank|CP006942.1|959858..1026317_Mannheimia_sp._USDA-ARS-USMARC-1261__complete_genome	100.000	263	0	0	1	263	38334	38072	8.86e-137	486
accn|VAIM01000112	ICEberg|1719|ICEHso4|GenBank|CP018803.1|686759..761246_Histophilus_somni_strain_USDA-ARS-USMARC-63255_chromosome__complete_genome	100.000	263	0	0	1	263	28283	28021	8.86e-137	486
accn|VAIM01000112	ICEberg|1717|ICEHs1|GenBank|MF136609.1|1..64932_Histophilus_somni_strain_AVI_1_integrative_conjugative_element_ICEHs1__complete_sequence	100.000	263	0	0	1	263	28225	28487	8.86e-137	486
accn|VAIM01000112	ICEberg|1716|ICEHs02|GenBank|CP042993.1|687500..760418_Histophilus_somni_strain_UOC-KLM-ATR-014_chromosome__complete_genome	100.000	263	0	0	1	263	28234	27972	8.86e-137	486
accn|VAIM01000112	ICEberg|2047|Tn7406|GenBank|CP087379.1|1564187..1622411_Mannheimia_haemolytica_strain_IMT47952_chromosome__complete_genome	96.578	263	9	0	1	263	19437	19175	9.05e-122	436
accn|VAIM01000114	PID|170717961|gi|170717206|ref|NC_010519.1|_1938541-1938984_Haemophilus_somnus_2336_chromosome__complete_genome	100.000	257	0	0	1	257	356	100	1.87e-133	475
accn|VAIM01000114	ICEberg|987|ICEMh1|GenBank|CP005383|2128248..2190602_Mannheimia_haemolytica_M42548__complete_genome	100.000	257	0	0	1	257	16840	16584	1.87e-133	475
accn|VAIM01000114	ICEberg|441|ICEHso2336-1|GenBank|CP000947|1927921..1994529_Haemophilus_somnus_2336__complete_genome	100.000	257	0	0	1	257	10976	10720	1.87e-133	475
accn|VAIM01000114	ICEberg|440|ICEPmu1|GenBank|CP003022|273284..355497_Pasteurella_multocida_36950__complete_genome	100.000	257	0	0	1	257	28923	28667	1.87e-133	475
accn|VAIM01000114	ICEberg|1734|ICEMh3|GenBank|CP006942.1|959858..1026317_Mannheimia_sp._USDA-ARS-USMARC-1261__complete_genome	100.000	257	0	0	1	257	55569	55825	1.87e-133	475
accn|VAIM01000114	ICEberg|1719|ICEHso4|GenBank|CP018803.1|686759..761246_Histophilus_somni_strain_USDA-ARS-USMARC-63255_chromosome__complete_genome	100.000	257	0	0	1	257	45518	45774	1.87e-133	475
accn|VAIM01000114	ICEberg|1717|ICEHs1|GenBank|MF136609.1|1..64932_Histophilus_somni_strain_AVI_1_integrative_conjugative_element_ICEHs1__complete_sequence	100.000	257	0	0	1	257	10991	10735	1.87e-133	475
accn|VAIM01000114	ICEberg|1716|ICEHs02|GenBank|CP042993.1|687500..760418_Histophilus_somni_strain_UOC-KLM-ATR-014_chromosome__complete_genome	100.000	257	0	0	1	257	45469	45725	1.87e-133	475
accn|VAIM01000114	ICEberg|1698|ICEGpa3|GenBank|CP018032.1|1710663..1776472_Glaesserella_parasuis_D74__complete_sequence	99.611	257	1	0	1	257	35895	36151	8.70e-132	470
accn|VAIM01000114	ICEberg|2047|Tn7406|GenBank|CP087379.1|1564187..1622411_Mannheimia_haemolytica_strain_IMT47952_chromosome__complete_genome	99.222	257	2	0	1	257	36027	36283	4.05e-130	464
accn|VAIM01000117	ICEberg|987|ICEMh1|GenBank|CP005383|2128248..2190602_Mannheimia_haemolytica_M42548__complete_genome	100.000	252	0	0	1	252	38574	38825	1.10e-130	466
accn|VAIM01000117	ICEberg|440|ICEPmu1|GenBank|CP003022|273284..355497_Pasteurella_multocida_36950__complete_genome	100.000	252	0	0	1	252	50657	50908	1.10e-130	466
accn|VAIM01000117	ICEberg|1719|ICEHso4|GenBank|CP018803.1|686759..761246_Histophilus_somni_strain_USDA-ARS-USMARC-63255_chromosome__complete_genome	100.000	252	0	0	1	252	23784	23533	1.10e-130	466
accn|VAIM01000117	ICEberg|441|ICEHso2336-1|GenBank|CP000947|1927921..1994529_Haemophilus_somnus_2336__complete_genome	99.603	252	1	0	1	252	32710	32961	5.12e-129	460
accn|VAIM01000117	ICEberg|1734|ICEMh3|GenBank|CP006942.1|959858..1026317_Mannheimia_sp._USDA-ARS-USMARC-1261__complete_genome	99.603	252	1	0	1	252	33835	33584	5.12e-129	460
accn|VAIM01000117	ICEberg|1717|ICEHs1|GenBank|MF136609.1|1..64932_Histophilus_somni_strain_AVI_1_integrative_conjugative_element_ICEHs1__complete_sequence	99.603	252	1	0	1	252	32724	32975	5.12e-129	460
accn|VAIM01000117	ICEberg|1716|ICEHs02|GenBank|CP042993.1|687500..760418_Histophilus_somni_strain_UOC-KLM-ATR-014_chromosome__complete_genome	99.603	252	1	0	1	252	23735	23484	5.12e-129	460
accn|VAIM01000011	ICEberg|1736|ICEMha2|GenBank|NC_020833.2|1557279..1616347_Mannheimia_haemolytica_USDA-ARS-USMARC-183__complete_sequence	97.619	84	2	0	1	84	7222	7305	2.04e-31	145
accn|VAIM01000011	ICEberg|1736|ICEMha2|GenBank|NC_020833.2|1557279..1616347_Mannheimia_haemolytica_USDA-ARS-USMARC-183__complete_sequence	100.000	78	0	0	1	78	10399	10476	2.04e-31	145
accn|VAIM01000122	PID|170717964|gi|170717206|ref|NC_010519.1|_1939940-1941952_Haemophilus_somnus_2336_chromosome__complete_genome	100.000	233	0	0	1	233	909	677	3.68e-120	431
accn|VAIM01000122	ICEberg|987|ICEMh1|GenBank|CP005383|2128248..2190602_Mannheimia_haemolytica_M42548__complete_genome	100.000	233	0	0	1	233	18792	18560	3.68e-120	431
accn|VAIM01000122	ICEberg|441|ICEHso2336-1|GenBank|CP000947|1927921..1994529_Haemophilus_somnus_2336__complete_genome	100.000	233	0	0	1	233	12928	12696	3.68e-120	431
accn|VAIM01000122	ICEberg|440|ICEPmu1|GenBank|CP003022|273284..355497_Pasteurella_multocida_36950__complete_genome	100.000	233	0	0	1	233	30875	30643	3.68e-120	431
accn|VAIM01000122	ICEberg|1734|ICEMh3|GenBank|CP006942.1|959858..1026317_Mannheimia_sp._USDA-ARS-USMARC-1261__complete_genome	100.000	233	0	0	1	233	53617	53849	3.68e-120	431
accn|VAIM01000122	ICEberg|1719|ICEHso4|GenBank|CP018803.1|686759..761246_Histophilus_somni_strain_USDA-ARS-USMARC-63255_chromosome__complete_genome	100.000	233	0	0	1	233	43566	43798	3.68e-120	431
accn|VAIM01000122	ICEberg|1717|ICEHs1|GenBank|MF136609.1|1..64932_Histophilus_somni_strain_AVI_1_integrative_conjugative_element_ICEHs1__complete_sequence	100.000	233	0	0	1	233	12943	12711	3.68e-120	431
accn|VAIM01000122	ICEberg|1716|ICEHs02|GenBank|CP042993.1|687500..760418_Histophilus_somni_strain_UOC-KLM-ATR-014_chromosome__complete_genome	100.000	233	0	0	1	233	43517	43749	3.68e-120	431
accn|VAIM01000122	ICEberg|1698|ICEGpa3|GenBank|CP018032.1|1710663..1776472_Glaesserella_parasuis_D74__complete_sequence	100.000	233	0	0	1	233	33943	34175	3.68e-120	431
accn|VAIM01000122	ICEberg|2047|Tn7406|GenBank|CP087379.1|1564187..1622411_Mannheimia_haemolytica_strain_IMT47952_chromosome__complete_genome	97.425	233	6	0	1	233	34075	34307	3.73e-110	398
accn|VAIM01000013	ICEberg|1736|ICEMha2|GenBank|NC_020833.2|1557279..1616347_Mannheimia_haemolytica_USDA-ARS-USMARC-183__complete_sequence	99.262	2302	1	1	1	2286	6174	3873	0.0	4143
accn|VAIM01000013	ICEberg|1736|ICEMha2|GenBank|NC_020833.2|1557279..1616347_Mannheimia_haemolytica_USDA-ARS-USMARC-183__complete_sequence	100.000	77	0	0	78576	78652	7298	7222	7.29e-31	143
accn|VAIM01000013	ICEberg|1736|ICEMha2|GenBank|NC_020833.2|1557279..1616347_Mannheimia_haemolytica_USDA-ARS-USMARC-183__complete_sequence	100.000	77	0	0	78576	78652	10475	10399	7.29e-31	143
accn|VAIM01000013	ICEberg|1736|ICEMha2|GenBank|NC_020833.2|1557279..1616347_Mannheimia_haemolytica_USDA-ARS-USMARC-183__complete_sequence	97.403	77	2	0	1	77	9294	9218	1.58e-27	132
accn|VAIM01000013	ICEberg|1698|ICEGpa3|GenBank|CP018032.1|1710663..1776472_Glaesserella_parasuis_D74__complete_sequence	97.959	49	1	0	268	316	44559	44607	1.25e-13	86.1
accn|VAIM01000013	ICEberg|441|ICEHso2336-1|GenBank|CP000947|1927921..1994529_Haemophilus_somnus_2336__complete_genome	95.918	49	2	0	268	316	379	331	5.80e-12	80.5
accn|VAIM01000013	ICEberg|440|ICEPmu1|GenBank|CP003022|273284..355497_Pasteurella_multocida_36950__complete_genome	95.918	49	2	0	268	316	379	331	5.80e-12	80.5
accn|VAIM01000013	ICEberg|1719|ICEHso4|GenBank|CP018803.1|686759..761246_Histophilus_somni_strain_USDA-ARS-USMARC-63255_chromosome__complete_genome	95.918	49	2	0	268	316	72535	72583	5.80e-12	80.5
accn|VAIM01000013	ICEberg|1717|ICEHs1|GenBank|MF136609.1|1..64932_Histophilus_somni_strain_AVI_1_integrative_conjugative_element_ICEHs1__complete_sequence	95.918	49	2	0	268	316	392	344	5.80e-12	80.5
accn|VAIM01000013	ICEberg|1716|ICEHs02|GenBank|CP042993.1|687500..760418_Histophilus_somni_strain_UOC-KLM-ATR-014_chromosome__complete_genome	95.918	49	2	0	268	316	72487	72535	5.80e-12	80.5
accn|VAIM01000013	ICEberg|2039|Tn6865|GenBank|CP031123.2|751328..820050_Providencia_huaxiensis_strain_WCHPr000369_chromosome__complete_genome	97.368	38	1	0	32075	32112	65651	65614	1.62e-07	65.8
accn|VAIM01000014	VFG043479(gb|AAD53408)_(pomA)_outer_membrane_protein_PomA_[OmpA_(VF1223)_-_Adherence_(VFC0001)]_[Mannheimia_haemolytica_str._89010807N]	96.570	1137	21	11	55804	56922	1137	1	0.0	1868
accn|VAIM01000014	ICEberg|1736|ICEMha2|GenBank|NC_020833.2|1557279..1616347_Mannheimia_haemolytica_USDA-ARS-USMARC-183__complete_sequence	98.780	82	0	1	69468	69548	7303	7222	1.79e-31	145
accn|VAIM01000014	ICEberg|1736|ICEMha2|GenBank|NC_020833.2|1557279..1616347_Mannheimia_haemolytica_USDA-ARS-USMARC-183__complete_sequence	100.000	77	0	0	69472	69548	10475	10399	6.44e-31	143
accn|VAIM01000015	ICEberg|1736|ICEMha2|GenBank|NC_020833.2|1557279..1616347_Mannheimia_haemolytica_USDA-ARS-USMARC-183__complete_sequence	95.156	289	12	2	63342	63629	7302	7015	6.67e-125	455
accn|VAIM01000016	ICEberg|1736|ICEMha2|GenBank|NC_020833.2|1557279..1616347_Mannheimia_haemolytica_USDA-ARS-USMARC-183__complete_sequence	95.439	285	12	1	1	285	7015	7298	2.15e-124	453
accn|VAIM01000019	ICEberg|1736|ICEMha2|GenBank|NC_020833.2|1557279..1616347_Mannheimia_haemolytica_USDA-ARS-USMARC-183__complete_sequence	100.000	77	0	0	1	77	6174	6098	4.32e-31	143
accn|VAIM01000019	ICEberg|1736|ICEMha2|GenBank|NC_020833.2|1557279..1616347_Mannheimia_haemolytica_USDA-ARS-USMARC-183__complete_sequence	96.386	83	3	0	1	83	9294	9212	2.01e-29	137
accn|VAIM01000001	ICEberg|1736|ICEMha2|GenBank|NC_020833.2|1557279..1616347_Mannheimia_haemolytica_USDA-ARS-USMARC-183__complete_sequence	100.000	77	0	0	154559	154635	6098	6174	1.43e-30	143
accn|VAIM01000001	ICEberg|1736|ICEMha2|GenBank|NC_020833.2|1557279..1616347_Mannheimia_haemolytica_USDA-ARS-USMARC-183__complete_sequence	97.590	83	2	0	154553	154635	9212	9294	1.43e-30	143
accn|VAIM01000001	ICEberg|1702|ICEHin8|GenBank|LS483392.1|192252..244996_Haemophilus_influenzae_strain_NCTC11931_genome_assembly__chromosome__1	98.701	77	1	0	129409	129485	1	77	6.67e-29	137
accn|VAIM01000001	ICEberg|1718|ICEHso3|GenBank|NC_008309.1|1952153..2005728_Histophilus_somni_129PT__complete_sequence	95.122	82	3	1	129403	129484	179	99	4.01e-26	128
accn|VAIM01000001	ICEberg|1807|ICEPmu4|GenBank|CP038875.1|2009809..2087766_Pasteurella_multocida_strain_FCf83_chromosome__complete_genome	96.104	77	3	0	129408	129484	77	1	1.44e-25	126
accn|VAIM01000001	ICEberg|1804|ICEPmu3|GenBank|CP038873.1|1026914..1096464_Pasteurella_multocida_strain_FCf45_chromosome__complete_genome	96.104	77	3	0	129408	129484	69475	69551	1.44e-25	126
accn|VAIM01000001	ICEberg|1597|ICEApa1|GenBank|CP050316.1|2129122..2199489_Avibacterium_paragallinarum_strain_ESV-135_chromosome__complete_genome	96.104	77	3	0	129408	129484	70292	70368	1.44e-25	126
accn|VAIM01000001	ICEberg|1597|ICEApa1|GenBank|CP050316.1|2129122..2199489_Avibacterium_paragallinarum_strain_ESV-135_chromosome__complete_genome	96.053	76	3	0	129409	129484	1	76	5.19e-25	124
accn|VAIM01000020	ICEberg|1736|ICEMha2|GenBank|NC_020833.2|1557279..1616347_Mannheimia_haemolytica_USDA-ARS-USMARC-183__complete_sequence	100.000	77	0	0	1	77	7222	7298	4.29e-31	143
accn|VAIM01000020	ICEberg|1736|ICEMha2|GenBank|NC_020833.2|1557279..1616347_Mannheimia_haemolytica_USDA-ARS-USMARC-183__complete_sequence	100.000	77	0	0	1	77	10399	10475	4.29e-31	143
accn|VAIM01000021	ICEberg|1736|ICEMha2|GenBank|NC_020833.2|1557279..1616347_Mannheimia_haemolytica_USDA-ARS-USMARC-183__complete_sequence	100.000	77	0	0	1	77	6174	6098	4.06e-31	143
accn|VAIM01000021	ICEberg|1736|ICEMha2|GenBank|NC_020833.2|1557279..1616347_Mannheimia_haemolytica_USDA-ARS-USMARC-183__complete_sequence	100.000	77	0	0	43752	43828	6098	6174	4.06e-31	143
accn|VAIM01000021	ICEberg|1736|ICEMha2|GenBank|NC_020833.2|1557279..1616347_Mannheimia_haemolytica_USDA-ARS-USMARC-183__complete_sequence	97.468	79	2	0	1	79	9294	9216	6.79e-29	135
accn|VAIM01000021	ICEberg|1736|ICEMha2|GenBank|NC_020833.2|1557279..1616347_Mannheimia_haemolytica_USDA-ARS-USMARC-183__complete_sequence	97.403	77	2	0	43752	43828	9218	9294	8.79e-28	132
accn|VAIM01000022	ICEberg|1736|ICEMha2|GenBank|NC_020833.2|1557279..1616347_Mannheimia_haemolytica_USDA-ARS-USMARC-183__complete_sequence	100.000	77	0	0	1	77	6174	6098	3.33e-31	143
accn|VAIM01000022	ICEberg|1736|ICEMha2|GenBank|NC_020833.2|1557279..1616347_Mannheimia_haemolytica_USDA-ARS-USMARC-183__complete_sequence	97.403	77	2	0	1	77	9294	9218	7.22e-28	132
accn|VAIM01000023	ICEberg|1736|ICEMha2|GenBank|NC_020833.2|1557279..1616347_Mannheimia_haemolytica_USDA-ARS-USMARC-183__complete_sequence	98.780	82	1	0	1	82	7222	7303	2.50e-32	147
accn|VAIM01000023	ICEberg|1736|ICEMha2|GenBank|NC_020833.2|1557279..1616347_Mannheimia_haemolytica_USDA-ARS-USMARC-183__complete_sequence	100.000	79	0	0	1	79	10399	10477	2.50e-32	147
accn|VAIM01000023	ICEberg|1736|ICEMha2|GenBank|NC_020833.2|1557279..1616347_Mannheimia_haemolytica_USDA-ARS-USMARC-183__complete_sequence	100.000	77	0	0	34831	34907	6098	6174	3.23e-31	143
accn|VAIM01000023	ICEberg|1736|ICEMha2|GenBank|NC_020833.2|1557279..1616347_Mannheimia_haemolytica_USDA-ARS-USMARC-183__complete_sequence	97.436	78	2	0	34830	34907	9217	9294	1.95e-28	134
accn|VAIM01000024	ICEberg|1698|ICEGpa3|GenBank|CP018032.1|1710663..1776472_Glaesserella_parasuis_D74__complete_sequence	96.347	438	16	0	15697	16134	49464	49901	0.0	721
accn|VAIM01000024	ICEberg|1736|ICEMha2|GenBank|NC_020833.2|1557279..1616347_Mannheimia_haemolytica_USDA-ARS-USMARC-183__complete_sequence	100.000	79	0	0	1	79	7222	7300	2.41e-32	147
accn|VAIM01000024	ICEberg|1736|ICEMha2|GenBank|NC_020833.2|1557279..1616347_Mannheimia_haemolytica_USDA-ARS-USMARC-183__complete_sequence	100.000	77	0	0	33552	33628	6098	6174	3.11e-31	143
accn|VAIM01000024	ICEberg|1736|ICEMha2|GenBank|NC_020833.2|1557279..1616347_Mannheimia_haemolytica_USDA-ARS-USMARC-183__complete_sequence	100.000	77	0	0	1	77	10399	10475	3.11e-31	143
accn|VAIM01000024	ICEberg|1736|ICEMha2|GenBank|NC_020833.2|1557279..1616347_Mannheimia_haemolytica_USDA-ARS-USMARC-183__complete_sequence	97.561	82	2	0	33547	33628	9213	9294	1.12e-30	141
accn|VAIM01000025	ICEberg|1736|ICEMha2|GenBank|NC_020833.2|1557279..1616347_Mannheimia_haemolytica_USDA-ARS-USMARC-183__complete_sequence	100.000	79	0	0	28032	28110	7300	7222	2.01e-32	147
accn|VAIM01000025	ICEberg|1736|ICEMha2|GenBank|NC_020833.2|1557279..1616347_Mannheimia_haemolytica_USDA-ARS-USMARC-183__complete_sequence	100.000	79	0	0	1	79	10399	10477	2.01e-32	147
accn|VAIM01000025	ICEberg|1736|ICEMha2|GenBank|NC_020833.2|1557279..1616347_Mannheimia_haemolytica_USDA-ARS-USMARC-183__complete_sequence	100.000	77	0	0	1	77	7222	7298	2.60e-31	143
accn|VAIM01000025	ICEberg|1736|ICEMha2|GenBank|NC_020833.2|1557279..1616347_Mannheimia_haemolytica_USDA-ARS-USMARC-183__complete_sequence	100.000	77	0	0	28034	28110	10475	10399	2.60e-31	143
accn|VAIM01000027	ICEberg|1736|ICEMha2|GenBank|NC_020833.2|1557279..1616347_Mannheimia_haemolytica_USDA-ARS-USMARC-183__complete_sequence	99.570	3949	8	1	1	3940	3949	1	0.0	7190
accn|VAIM01000027	ICEberg|1701|ICEHdu2|GenBank|CP015434.1|162562..211583_[Haemophilus]_ducreyi_strain_GHA9__complete_genome	97.674	86	1	1	23710	23794	48937	49022	1.99e-32	147
accn|VAIM01000027	ICEberg|1700|ICEHdu1|GenBank|NC_002940.2|718953..768668_[Haemophilus]_ducreyi_35000HP__complete_sequence	97.674	86	1	1	23710	23794	86	1	1.99e-32	147
accn|VAIM01000027	ICEberg|1586|ICEAac3|GenBank|CP043003.1|2132073..2197982_Aggregatibacter_actinomycetemcomitans_strain_HK_907_chromosome__complete_genome	100.000	77	0	0	23719	23795	1	77	2.58e-31	143
accn|VAIM01000027	ICEberg|1584|ICEAac1|GenBank|CP012959.1|2164508..2181462_Aggregatibacter_actinomycetemcomitans_strain_624__complete_genome	100.000	77	0	0	23719	23795	16955	16879	2.58e-31	143
accn|VAIM01000027	ICEberg|2010|Tn6783_201330|GenBank|CP054623.1|2596147..2668162_Pseudomonas_aeruginosa_strain_DL201330_chromosome__complete_genome	98.734	79	1	0	23717	23795	66897	66975	9.27e-31	141
accn|VAIM01000027	ICEberg|1581|ICE6660|GenBank|MK497171.1|1..112205_Pseudomonas_aeruginosa_sequence	97.500	80	2	0	23719	23798	112205	112126	1.20e-29	137
accn|VAIM01000027	ICEberg|1697|ICEGpa2|GenBank|CP049090.1|1351751..1421790_Glaesserella_parasuis_strain_aHPS7_chromosome__complete_genome	100.000	54	0	0	67	120	1533	1480	1.57e-18	100
accn|VAIM01000027	ICEberg|1713|ICEHpa1|GenBank|CP054198.1|1511383..1580304_Glaesserella_parasuis_strain_YHP170504_chromosome__complete_genome	98.148	54	0	1	67	120	55	3	2.63e-16	93.5
accn|VAIM01000027	ICEberg|1698|ICEGpa3|GenBank|CP018032.1|1710663..1776472_Glaesserella_parasuis_D74__complete_sequence	98.113	53	1	0	1	53	44874	44926	2.63e-16	93.5
accn|VAIM01000029	ICEberg|1736|ICEMha2|GenBank|NC_020833.2|1557279..1616347_Mannheimia_haemolytica_USDA-ARS-USMARC-183__complete_sequence	100.000	77	0	0	24918	24994	6098	6174	2.31e-31	143
accn|VAIM01000029	ICEberg|1736|ICEMha2|GenBank|NC_020833.2|1557279..1616347_Mannheimia_haemolytica_USDA-ARS-USMARC-183__complete_sequence	100.000	77	0	0	1	77	7222	7298	2.31e-31	143
accn|VAIM01000029	ICEberg|1736|ICEMha2|GenBank|NC_020833.2|1557279..1616347_Mannheimia_haemolytica_USDA-ARS-USMARC-183__complete_sequence	100.000	77	0	0	1	77	10399	10475	2.31e-31	143
accn|VAIM01000029	ICEberg|1736|ICEMha2|GenBank|NC_020833.2|1557279..1616347_Mannheimia_haemolytica_USDA-ARS-USMARC-183__complete_sequence	96.250	80	3	0	24915	24994	9215	9294	5.01e-28	132
accn|VAIM01000002	ICEberg|1736|ICEMha2|GenBank|NC_020833.2|1557279..1616347_Mannheimia_haemolytica_USDA-ARS-USMARC-183__complete_sequence	100.000	77	0	0	140950	141026	6098	6174	1.31e-30	143
accn|VAIM01000002	ICEberg|1736|ICEMha2|GenBank|NC_020833.2|1557279..1616347_Mannheimia_haemolytica_USDA-ARS-USMARC-183__complete_sequence	96.250	80	3	0	140947	141026	9215	9294	2.83e-27	132
accn|VAIM01000030	ICEberg|1736|ICEMha2|GenBank|NC_020833.2|1557279..1616347_Mannheimia_haemolytica_USDA-ARS-USMARC-183__complete_sequence	98.780	82	0	1	24528	24608	7303	7222	6.34e-32	145
accn|VAIM01000030	ICEberg|1736|ICEMha2|GenBank|NC_020833.2|1557279..1616347_Mannheimia_haemolytica_USDA-ARS-USMARC-183__complete_sequence	100.000	77	0	0	24532	24608	10475	10399	2.28e-31	143
accn|VAIM01000032	ICEberg|1736|ICEMha2|GenBank|NC_020833.2|1557279..1616347_Mannheimia_haemolytica_USDA-ARS-USMARC-183__complete_sequence	100.000	77	0	0	23514	23590	6098	6174	2.18e-31	143
accn|VAIM01000032	ICEberg|1736|ICEMha2|GenBank|NC_020833.2|1557279..1616347_Mannheimia_haemolytica_USDA-ARS-USMARC-183__complete_sequence	97.468	79	2	0	23512	23590	9216	9294	3.66e-29	135
accn|VAIM01000032	ICEberg|1713|ICEHpa1|GenBank|CP054198.1|1511383..1580304_Glaesserella_parasuis_strain_YHP170504_chromosome__complete_genome	100.000	32	0	0	17790	17821	68897	68866	2.26e-06	60.2
accn|VAIM01000033	ICEberg|1736|ICEMha2|GenBank|NC_020833.2|1557279..1616347_Mannheimia_haemolytica_USDA-ARS-USMARC-183__complete_sequence	100.000	78	0	0	1	78	10399	10476	6.00e-32	145
accn|VAIM01000033	ICEberg|1736|ICEMha2|GenBank|NC_020833.2|1557279..1616347_Mannheimia_haemolytica_USDA-ARS-USMARC-183__complete_sequence	98.765	81	0	1	23213	23292	7302	7222	2.16e-31	143
accn|VAIM01000033	ICEberg|1736|ICEMha2|GenBank|NC_020833.2|1557279..1616347_Mannheimia_haemolytica_USDA-ARS-USMARC-183__complete_sequence	100.000	77	0	0	1	77	7222	7298	2.16e-31	143
accn|VAIM01000033	ICEberg|1736|ICEMha2|GenBank|NC_020833.2|1557279..1616347_Mannheimia_haemolytica_USDA-ARS-USMARC-183__complete_sequence	100.000	77	0	0	23216	23292	10475	10399	2.16e-31	143
accn|VAIM01000034	ICEberg|1736|ICEMha2|GenBank|NC_020833.2|1557279..1616347_Mannheimia_haemolytica_USDA-ARS-USMARC-183__complete_sequence	100.000	77	0	0	1	77	7222	7298	2.07e-31	143
accn|VAIM01000034	ICEberg|1736|ICEMha2|GenBank|NC_020833.2|1557279..1616347_Mannheimia_haemolytica_USDA-ARS-USMARC-183__complete_sequence	100.000	77	0	0	1	77	10399	10475	2.07e-31	143
accn|VAIM01000035	ICEberg|1736|ICEMha2|GenBank|NC_020833.2|1557279..1616347_Mannheimia_haemolytica_USDA-ARS-USMARC-183__complete_sequence	97.619	84	2	0	20091	20174	7305	7222	5.19e-32	145
accn|VAIM01000035	ICEberg|1736|ICEMha2|GenBank|NC_020833.2|1557279..1616347_Mannheimia_haemolytica_USDA-ARS-USMARC-183__complete_sequence	100.000	77	0	0	1	77	6174	6098	1.87e-31	143
accn|VAIM01000035	ICEberg|1736|ICEMha2|GenBank|NC_020833.2|1557279..1616347_Mannheimia_haemolytica_USDA-ARS-USMARC-183__complete_sequence	100.000	77	0	0	20098	20174	10475	10399	1.87e-31	143
accn|VAIM01000035	ICEberg|1736|ICEMha2|GenBank|NC_020833.2|1557279..1616347_Mannheimia_haemolytica_USDA-ARS-USMARC-183__complete_sequence	97.436	78	2	0	1	78	9294	9217	1.12e-28	134
accn|VAIM01000037	ICEberg|1736|ICEMha2|GenBank|NC_020833.2|1557279..1616347_Mannheimia_haemolytica_USDA-ARS-USMARC-183__complete_sequence	100.000	77	0	0	1	77	7222	7298	1.58e-31	143
accn|VAIM01000037	ICEberg|1736|ICEMha2|GenBank|NC_020833.2|1557279..1616347_Mannheimia_haemolytica_USDA-ARS-USMARC-183__complete_sequence	100.000	77	0	0	1	77	10399	10475	1.58e-31	143
accn|VAIM01000039	ICEberg|1736|ICEMha2|GenBank|NC_020833.2|1557279..1616347_Mannheimia_haemolytica_USDA-ARS-USMARC-183__complete_sequence	100.000	78	0	0	1	78	7222	7299	4.12e-32	145
accn|VAIM01000039	ICEberg|1736|ICEMha2|GenBank|NC_020833.2|1557279..1616347_Mannheimia_haemolytica_USDA-ARS-USMARC-183__complete_sequence	100.000	77	0	0	1	77	10399	10475	1.48e-31	143
accn|VAIM01000003	ICEberg|1736|ICEMha2|GenBank|NC_020833.2|1557279..1616347_Mannheimia_haemolytica_USDA-ARS-USMARC-183__complete_sequence	100.000	72	0	0	131682	131753	10477	10406	7.35e-28	134
accn|VAIM01000003	ICEberg|1736|ICEMha2|GenBank|NC_020833.2|1557279..1616347_Mannheimia_haemolytica_USDA-ARS-USMARC-183__complete_sequence	100.000	70	0	0	131684	131753	7298	7229	9.51e-27	130
accn|VAIM01000041	ICEberg|1736|ICEMha2|GenBank|NC_020833.2|1557279..1616347_Mannheimia_haemolytica_USDA-ARS-USMARC-183__complete_sequence	98.795	83	0	1	1	83	6174	6093	1.13e-32	147
accn|VAIM01000041	ICEberg|1736|ICEMha2|GenBank|NC_020833.2|1557279..1616347_Mannheimia_haemolytica_USDA-ARS-USMARC-183__complete_sequence	95.181	83	4	0	1	83	9294	9212	3.15e-28	132
accn|VAIM01000041	ICEberg|1701|ICEHdu2|GenBank|CP015434.1|162562..211583_[Haemophilus]_ducreyi_strain_GHA9__complete_genome	97.368	76	2	0	9191	9266	2	77	1.13e-27	130
accn|VAIM01000041	ICEberg|1701|ICEHdu2|GenBank|CP015434.1|162562..211583_[Haemophilus]_ducreyi_strain_GHA9__complete_genome	96.053	76	3	0	9093	9168	2	77	5.27e-26	124
accn|VAIM01000041	ICEberg|1700|ICEHdu1|GenBank|NC_002940.2|718953..768668_[Haemophilus]_ducreyi_35000HP__complete_sequence	97.368	76	2	0	9191	9266	49576	49501	1.13e-27	130
accn|VAIM01000041	ICEberg|1700|ICEHdu1|GenBank|NC_002940.2|718953..768668_[Haemophilus]_ducreyi_35000HP__complete_sequence	96.053	76	3	0	9093	9168	49576	49501	5.27e-26	124
accn|VAIM01000041	ICEberg|1586|ICEAac3|GenBank|CP043003.1|2132073..2197982_Aggregatibacter_actinomycetemcomitans_strain_HK_907_chromosome__complete_genome	97.368	76	2	0	9191	9266	217	292	1.13e-27	130
accn|VAIM01000041	ICEberg|1586|ICEAac3|GenBank|CP043003.1|2132073..2197982_Aggregatibacter_actinomycetemcomitans_strain_HK_907_chromosome__complete_genome	96.053	76	3	0	9093	9168	217	292	5.27e-26	124
accn|VAIM01000041	ICEberg|1586|ICEAac3|GenBank|CP043003.1|2132073..2197982_Aggregatibacter_actinomycetemcomitans_strain_HK_907_chromosome__complete_genome	98.387	62	1	0	9205	9266	64346	64407	1.48e-21	110
accn|VAIM01000041	ICEberg|1586|ICEAac3|GenBank|CP043003.1|2132073..2197982_Aggregatibacter_actinomycetemcomitans_strain_HK_907_chromosome__complete_genome	98.333	60	1	0	9109	9168	64348	64407	1.91e-20	106
accn|VAIM01000042	ICEberg|1736|ICEMha2|GenBank|NC_020833.2|1557279..1616347_Mannheimia_haemolytica_USDA-ARS-USMARC-183__complete_sequence	98.780	82	0	1	1	81	7222	7303	3.92e-32	145
accn|VAIM01000042	ICEberg|1736|ICEMha2|GenBank|NC_020833.2|1557279..1616347_Mannheimia_haemolytica_USDA-ARS-USMARC-183__complete_sequence	100.000	77	0	0	1	77	10399	10475	1.41e-31	143
accn|VAIM01000044	ICEberg|1736|ICEMha2|GenBank|NC_020833.2|1557279..1616347_Mannheimia_haemolytica_USDA-ARS-USMARC-183__complete_sequence	100.000	77	0	0	14745	14821	6098	6174	1.37e-31	143
accn|VAIM01000044	ICEberg|1736|ICEMha2|GenBank|NC_020833.2|1557279..1616347_Mannheimia_haemolytica_USDA-ARS-USMARC-183__complete_sequence	100.000	75	0	0	1	75	10403	10477	1.77e-30	139
accn|VAIM01000044	ICEberg|1736|ICEMha2|GenBank|NC_020833.2|1557279..1616347_Mannheimia_haemolytica_USDA-ARS-USMARC-183__complete_sequence	100.000	73	0	0	1	73	7226	7298	2.30e-29	135
accn|VAIM01000044	ICEberg|1736|ICEMha2|GenBank|NC_020833.2|1557279..1616347_Mannheimia_haemolytica_USDA-ARS-USMARC-183__complete_sequence	97.436	78	2	0	14744	14821	9217	9294	8.25e-29	134
accn|VAIM01000045	ICEberg|1736|ICEMha2|GenBank|NC_020833.2|1557279..1616347_Mannheimia_haemolytica_USDA-ARS-USMARC-183__complete_sequence	100.000	77	0	0	13369	13445	7298	7222	1.24e-31	143
accn|VAIM01000045	ICEberg|1736|ICEMha2|GenBank|NC_020833.2|1557279..1616347_Mannheimia_haemolytica_USDA-ARS-USMARC-183__complete_sequence	100.000	77	0	0	13369	13445	10475	10399	1.24e-31	143
accn|VAIM01000046	ICEberg|1736|ICEMha2|GenBank|NC_020833.2|1557279..1616347_Mannheimia_haemolytica_USDA-ARS-USMARC-183__complete_sequence	100.000	77	0	0	13168	13244	6098	6174	1.23e-31	143
accn|VAIM01000046	ICEberg|1736|ICEMha2|GenBank|NC_020833.2|1557279..1616347_Mannheimia_haemolytica_USDA-ARS-USMARC-183__complete_sequence	97.500	80	2	0	13165	13244	9215	9294	5.70e-30	137
accn|VAIM01000047	ICEberg|1736|ICEMha2|GenBank|NC_020833.2|1557279..1616347_Mannheimia_haemolytica_USDA-ARS-USMARC-183__complete_sequence	100.000	77	0	0	1	77	6174	6098	1.21e-31	143
accn|VAIM01000047	ICEberg|1736|ICEMha2|GenBank|NC_020833.2|1557279..1616347_Mannheimia_haemolytica_USDA-ARS-USMARC-183__complete_sequence	96.471	85	3	0	1	85	9294	9210	4.36e-31	141
accn|VAIM01000048	ICEberg|1736|ICEMha2|GenBank|NC_020833.2|1557279..1616347_Mannheimia_haemolytica_USDA-ARS-USMARC-183__complete_sequence	100.000	80	0	0	12655	12734	6098	6177	2.53e-33	148
accn|VAIM01000048	ICEberg|1736|ICEMha2|GenBank|NC_020833.2|1557279..1616347_Mannheimia_haemolytica_USDA-ARS-USMARC-183__complete_sequence	97.500	80	2	0	12655	12734	9218	9297	5.48e-30	137
accn|VAIM01000004	ICEberg|1736|ICEMha2|GenBank|NC_020833.2|1557279..1616347_Mannheimia_haemolytica_USDA-ARS-USMARC-183__complete_sequence	97.746	1198	27	0	124438	125635	7298	6101	0.0	2063
accn|VAIM01000050	ICEberg|1736|ICEMha2|GenBank|NC_020833.2|1557279..1616347_Mannheimia_haemolytica_USDA-ARS-USMARC-183__complete_sequence	98.780	82	1	0	1	82	7222	7303	7.35e-33	147
accn|VAIM01000050	ICEberg|1736|ICEMha2|GenBank|NC_020833.2|1557279..1616347_Mannheimia_haemolytica_USDA-ARS-USMARC-183__complete_sequence	100.000	77	0	0	1	77	10399	10475	9.51e-32	143
accn|VAIM01000051	ICEberg|1736|ICEMha2|GenBank|NC_020833.2|1557279..1616347_Mannheimia_haemolytica_USDA-ARS-USMARC-183__complete_sequence	100.000	80	0	0	10027	10106	6098	6177	2.01e-33	148
accn|VAIM01000051	ICEberg|1736|ICEMha2|GenBank|NC_020833.2|1557279..1616347_Mannheimia_haemolytica_USDA-ARS-USMARC-183__complete_sequence	96.429	84	2	1	10023	10106	9215	9297	4.35e-30	137
accn|VAIM01000053	ICEberg|1736|ICEMha2|GenBank|NC_020833.2|1557279..1616347_Mannheimia_haemolytica_USDA-ARS-USMARC-183__complete_sequence	100.000	80	0	0	77	156	6177	6098	1.73e-33	148
accn|VAIM01000053	ICEberg|1736|ICEMha2|GenBank|NC_020833.2|1557279..1616347_Mannheimia_haemolytica_USDA-ARS-USMARC-183__complete_sequence	100.000	77	0	0	1	77	7222	7298	8.06e-32	143
accn|VAIM01000053	ICEberg|1736|ICEMha2|GenBank|NC_020833.2|1557279..1616347_Mannheimia_haemolytica_USDA-ARS-USMARC-183__complete_sequence	100.000	77	0	0	1	77	10399	10475	8.06e-32	143
accn|VAIM01000053	ICEberg|1736|ICEMha2|GenBank|NC_020833.2|1557279..1616347_Mannheimia_haemolytica_USDA-ARS-USMARC-183__complete_sequence	97.500	80	2	0	77	156	9297	9218	3.75e-30	137
accn|VAIM01000057	ICEberg|1736|ICEMha2|GenBank|NC_020833.2|1557279..1616347_Mannheimia_haemolytica_USDA-ARS-USMARC-183__complete_sequence	100.000	80	0	0	1	80	6177	6098	8.31e-34	148
accn|VAIM01000057	ICEberg|1736|ICEMha2|GenBank|NC_020833.2|1557279..1616347_Mannheimia_haemolytica_USDA-ARS-USMARC-183__complete_sequence	100.000	80	0	0	4117	4196	6098	6177	8.31e-34	148
accn|VAIM01000057	ICEberg|1736|ICEMha2|GenBank|NC_020833.2|1557279..1616347_Mannheimia_haemolytica_USDA-ARS-USMARC-183__complete_sequence	97.561	82	2	0	4115	4196	9216	9297	1.39e-31	141
accn|VAIM01000057	ICEberg|1736|ICEMha2|GenBank|NC_020833.2|1557279..1616347_Mannheimia_haemolytica_USDA-ARS-USMARC-183__complete_sequence	97.500	80	2	0	1	80	9297	9218	1.80e-30	137
accn|VAIM01000059	ICEberg|1736|ICEMha2|GenBank|NC_020833.2|1557279..1616347_Mannheimia_haemolytica_USDA-ARS-USMARC-183__complete_sequence	100.000	80	0	0	1	80	6177	6098	7.85e-34	148
accn|VAIM01000059	ICEberg|1736|ICEMha2|GenBank|NC_020833.2|1557279..1616347_Mannheimia_haemolytica_USDA-ARS-USMARC-183__complete_sequence	100.000	78	0	0	3887	3964	7299	7222	1.02e-32	145
accn|VAIM01000059	ICEberg|1736|ICEMha2|GenBank|NC_020833.2|1557279..1616347_Mannheimia_haemolytica_USDA-ARS-USMARC-183__complete_sequence	100.000	77	0	0	3888	3964	10475	10399	3.65e-32	143
accn|VAIM01000059	ICEberg|1736|ICEMha2|GenBank|NC_020833.2|1557279..1616347_Mannheimia_haemolytica_USDA-ARS-USMARC-183__complete_sequence	97.500	80	2	0	1	80	9297	9218	1.70e-30	137
accn|VAIM01000005	ICEberg|1736|ICEMha2|GenBank|NC_020833.2|1557279..1616347_Mannheimia_haemolytica_USDA-ARS-USMARC-183__complete_sequence	100.000	78	0	0	1	78	10399	10476	2.75e-31	145
accn|VAIM01000005	ICEberg|1736|ICEMha2|GenBank|NC_020833.2|1557279..1616347_Mannheimia_haemolytica_USDA-ARS-USMARC-183__complete_sequence	100.000	77	0	0	1	77	7222	7298	9.89e-31	143
accn|VAIM01000061	ICEberg|1736|ICEMha2|GenBank|NC_020833.2|1557279..1616347_Mannheimia_haemolytica_USDA-ARS-USMARC-183__complete_sequence	96.667	90	3	0	3658	3747	6088	6177	2.06e-34	150
accn|VAIM01000061	ICEberg|1736|ICEMha2|GenBank|NC_020833.2|1557279..1616347_Mannheimia_haemolytica_USDA-ARS-USMARC-183__complete_sequence	97.647	85	2	0	3663	3747	9213	9297	2.67e-33	147
accn|VAIM01000062	ICEberg|1736|ICEMha2|GenBank|NC_020833.2|1557279..1616347_Mannheimia_haemolytica_USDA-ARS-USMARC-183__complete_sequence	98.065	3308	26	1	1	3270	10475	7168	0.0	5720
accn|VAIM01000062	ICEberg|1736|ICEMha2|GenBank|NC_020833.2|1557279..1616347_Mannheimia_haemolytica_USDA-ARS-USMARC-183__complete_sequence	96.183	131	5	0	3140	3270	10475	10345	6.28e-54	215
accn|VAIM01000064	ICEberg|1736|ICEMha2|GenBank|NC_020833.2|1557279..1616347_Mannheimia_haemolytica_USDA-ARS-USMARC-183__complete_sequence	100.000	78	0	0	2390	2467	10476	10399	6.29e-33	145
accn|VAIM01000064	ICEberg|1736|ICEMha2|GenBank|NC_020833.2|1557279..1616347_Mannheimia_haemolytica_USDA-ARS-USMARC-183__complete_sequence	100.000	77	0	0	2391	2467	7298	7222	2.26e-32	143
accn|VAIM01000067	ICEberg|1736|ICEMha2|GenBank|NC_020833.2|1557279..1616347_Mannheimia_haemolytica_USDA-ARS-USMARC-183__complete_sequence	100.000	80	0	0	1	80	6177	6098	3.57e-34	148
accn|VAIM01000067	ICEberg|1736|ICEMha2|GenBank|NC_020833.2|1557279..1616347_Mannheimia_haemolytica_USDA-ARS-USMARC-183__complete_sequence	100.000	80	0	0	1736	1815	6098	6177	3.57e-34	148
accn|VAIM01000067	ICEberg|1736|ICEMha2|GenBank|NC_020833.2|1557279..1616347_Mannheimia_haemolytica_USDA-ARS-USMARC-183__complete_sequence	97.590	83	2	0	1	83	9297	9215	1.66e-32	143
accn|VAIM01000067	ICEberg|1736|ICEMha2|GenBank|NC_020833.2|1557279..1616347_Mannheimia_haemolytica_USDA-ARS-USMARC-183__complete_sequence	97.500	80	2	0	1736	1815	9218	9297	7.72e-31	137
accn|VAIM01000069	ICEberg|1736|ICEMha2|GenBank|NC_020833.2|1557279..1616347_Mannheimia_haemolytica_USDA-ARS-USMARC-183__complete_sequence	100.000	78	0	0	1	78	6174	6097	3.74e-33	145
accn|VAIM01000069	ICEberg|1736|ICEMha2|GenBank|NC_020833.2|1557279..1616347_Mannheimia_haemolytica_USDA-ARS-USMARC-183__complete_sequence	100.000	78	0	0	1400	1477	6097	6174	3.74e-33	145
accn|VAIM01000069	ICEberg|1736|ICEMha2|GenBank|NC_020833.2|1557279..1616347_Mannheimia_haemolytica_USDA-ARS-USMARC-183__complete_sequence	97.403	77	2	0	1	77	9294	9218	2.91e-29	132
accn|VAIM01000069	ICEberg|1736|ICEMha2|GenBank|NC_020833.2|1557279..1616347_Mannheimia_haemolytica_USDA-ARS-USMARC-183__complete_sequence	97.403	77	2	0	1401	1477	9218	9294	2.91e-29	132
accn|VAIM01000070	ICEberg|1736|ICEMha2|GenBank|NC_020833.2|1557279..1616347_Mannheimia_haemolytica_USDA-ARS-USMARC-183__complete_sequence	99.845	1294	2	0	1	1294	11692	10399	0.0	2379
accn|VAIM01000070	ICEberg|1736|ICEMha2|GenBank|NC_020833.2|1557279..1616347_Mannheimia_haemolytica_USDA-ARS-USMARC-183__complete_sequence	100.000	77	0	0	1218	1294	7298	7222	1.18e-32	143
accn|VAIM01000073	ICEberg|1736|ICEMha2|GenBank|NC_020833.2|1557279..1616347_Mannheimia_haemolytica_USDA-ARS-USMARC-183__complete_sequence	100.000	120	0	0	1099	1218	12686	12567	1.38e-56	222
accn|VAIM01000074	ICEberg|2047|Tn7406|GenBank|CP087379.1|1564187..1622411_Mannheimia_haemolytica_strain_IMT47952_chromosome__complete_genome	98.851	435	5	0	703	1137	57705	58139	0.0	776
accn|VAIM01000074	ICEberg|2047|Tn7406|GenBank|CP087379.1|1564187..1622411_Mannheimia_haemolytica_strain_IMT47952_chromosome__complete_genome	96.296	54	2	0	920	973	57868	57921	1.36e-16	89.8
accn|VAIM01000074	ICEberg|2047|Tn7406|GenBank|CP087379.1|1564187..1622411_Mannheimia_haemolytica_strain_IMT47952_chromosome__complete_genome	96.296	54	2	0	866	919	57922	57975	1.36e-16	89.8
accn|VAIM01000074	ICEberg|1736|ICEMha2|GenBank|NC_020833.2|1557279..1616347_Mannheimia_haemolytica_USDA-ARS-USMARC-183__complete_sequence	100.000	77	0	0	1061	1137	4035	3959	1.03e-32	143
accn|VAIM01000074	ICEberg|1736|ICEMha2|GenBank|NC_020833.2|1557279..1616347_Mannheimia_haemolytica_USDA-ARS-USMARC-183__complete_sequence	96.610	59	1	1	861	918	6093	6035	8.13e-19	97.1
accn|VAIM01000075	ICEberg|1736|ICEMha2|GenBank|NC_020833.2|1557279..1616347_Mannheimia_haemolytica_USDA-ARS-USMARC-183__complete_sequence	100.000	78	0	0	1	78	10399	10476	2.80e-33	145
accn|VAIM01000075	ICEberg|1736|ICEMha2|GenBank|NC_020833.2|1557279..1616347_Mannheimia_haemolytica_USDA-ARS-USMARC-183__complete_sequence	100.000	77	0	0	1	77	7222	7298	1.01e-32	143
accn|VAIM01000076	ICEberg|1736|ICEMha2|GenBank|NC_020833.2|1557279..1616347_Mannheimia_haemolytica_USDA-ARS-USMARC-183__complete_sequence	99.708	1028	3	0	1	1028	12643	11616	0.0	1882
accn|VAIM01000007	ICEberg|1702|ICEHin8|GenBank|LS483392.1|192252..244996_Haemophilus_influenzae_strain_NCTC11931_genome_assembly__chromosome__1	96.269	134	2	1	61217	61350	131	1	5.11e-53	217
accn|VAIM01000007	ICEberg|1702|ICEHin8|GenBank|LS483392.1|192252..244996_Haemophilus_influenzae_strain_NCTC11931_genome_assembly__chromosome__1	96.269	134	2	1	60890	61023	131	1	5.11e-53	217
accn|VAIM01000007	ICEberg|1702|ICEHin8|GenBank|LS483392.1|192252..244996_Haemophilus_influenzae_strain_NCTC11931_genome_assembly__chromosome__1	95.000	80	3	1	61275	61354	52745	52667	3.19e-25	124
accn|VAIM01000007	ICEberg|1702|ICEHin8|GenBank|LS483392.1|192252..244996_Haemophilus_influenzae_strain_NCTC11931_genome_assembly__chromosome__1	95.000	80	3	1	60948	61027	52745	52667	3.19e-25	124
accn|VAIM01000007	ICEberg|1597|ICEApa1|GenBank|CP050316.1|2129122..2199489_Avibacterium_paragallinarum_strain_ESV-135_chromosome__complete_genome	95.349	129	5	1	61222	61350	128	1	3.98e-49	204
accn|VAIM01000007	ICEberg|1597|ICEApa1|GenBank|CP050316.1|2129122..2199489_Avibacterium_paragallinarum_strain_ESV-135_chromosome__complete_genome	95.349	129	5	1	60895	61023	128	1	3.98e-49	204
accn|VAIM01000007	ICEberg|1597|ICEApa1|GenBank|CP050316.1|2129122..2199489_Avibacterium_paragallinarum_strain_ESV-135_chromosome__complete_genome	96.053	76	3	0	61275	61350	70368	70293	3.19e-25	124
accn|VAIM01000007	ICEberg|1597|ICEApa1|GenBank|CP050316.1|2129122..2199489_Avibacterium_paragallinarum_strain_ESV-135_chromosome__complete_genome	96.053	76	3	0	60948	61023	70368	70293	3.19e-25	124
accn|VAIM01000007	ICEberg|1807|ICEPmu4|GenBank|CP038875.1|2009809..2087766_Pasteurella_multocida_strain_FCf83_chromosome__complete_genome	96.053	76	3	0	60948	61023	1	76	3.19e-25	124
accn|VAIM01000007	ICEberg|1807|ICEPmu4|GenBank|CP038875.1|2009809..2087766_Pasteurella_multocida_strain_FCf83_chromosome__complete_genome	96.053	76	3	0	61275	61350	1	76	3.19e-25	124
accn|VAIM01000007	ICEberg|1804|ICEPmu3|GenBank|CP038873.1|1026914..1096464_Pasteurella_multocida_strain_FCf45_chromosome__complete_genome	96.053	76	3	0	61275	61350	69551	69476	3.19e-25	124
accn|VAIM01000007	ICEberg|1804|ICEPmu3|GenBank|CP038873.1|1026914..1096464_Pasteurella_multocida_strain_FCf45_chromosome__complete_genome	96.053	76	3	0	60948	61023	69551	69476	3.19e-25	124
accn|VAIM01000007	ICEberg|1685|ICEEC8|GenBank|LOGV01000031.1|282800..364210_Escherichia_coli_strain_STEC_2174_STEC2174_contig_26__whole_genome_shotgun_sequence	96.078	51	2	0	60892	60942	1	51	5.41e-13	84.2
accn|VAIM01000007	ICEberg|1685|ICEEC8|GenBank|LOGV01000031.1|282800..364210_Escherichia_coli_strain_STEC_2174_STEC2174_contig_26__whole_genome_shotgun_sequence	96.078	51	2	0	61219	61269	1	51	5.41e-13	84.2
accn|VAIM01000088	PID|170717971|gi|170717206|ref|NC_010519.1|_c1948550-1945713_Haemophilus_somnus_2336_chromosome__complete_genome	100.000	466	0	0	1	466	2275	1810	0.0	861
accn|VAIM01000088	ICEberg|987|ICEMh1|GenBank|CP005383|2128248..2190602_Mannheimia_haemolytica_M42548__complete_genome	100.000	466	0	0	1	466	24220	24685	0.0	861
accn|VAIM01000088	ICEberg|441|ICEHso2336-1|GenBank|CP000947|1927921..1994529_Haemophilus_somnus_2336__complete_genome	100.000	466	0	0	1	466	18356	18821	0.0	861
accn|VAIM01000088	ICEberg|440|ICEPmu1|GenBank|CP003022|273284..355497_Pasteurella_multocida_36950__complete_genome	100.000	466	0	0	1	466	36303	36768	0.0	861
accn|VAIM01000088	ICEberg|1734|ICEMh3|GenBank|CP006942.1|959858..1026317_Mannheimia_sp._USDA-ARS-USMARC-1261__complete_genome	100.000	466	0	0	1	466	48189	47724	0.0	861
accn|VAIM01000088	ICEberg|1719|ICEHso4|GenBank|CP018803.1|686759..761246_Histophilus_somni_strain_USDA-ARS-USMARC-63255_chromosome__complete_genome	100.000	466	0	0	1	466	38138	37673	0.0	861
accn|VAIM01000088	ICEberg|1717|ICEHs1|GenBank|MF136609.1|1..64932_Histophilus_somni_strain_AVI_1_integrative_conjugative_element_ICEHs1__complete_sequence	100.000	466	0	0	1	466	18371	18836	0.0	861
accn|VAIM01000088	ICEberg|1716|ICEHs02|GenBank|CP042993.1|687500..760418_Histophilus_somni_strain_UOC-KLM-ATR-014_chromosome__complete_genome	100.000	466	0	0	1	466	38089	37624	0.0	861
accn|VAIM01000008	ICEberg|1700|ICEHdu1|GenBank|NC_002940.2|718953..768668_[Haemophilus]_ducreyi_35000HP__complete_sequence	98.901	91	1	0	31669	31759	49716	49626	6.69e-37	163
accn|VAIM01000008	ICEberg|1700|ICEHdu1|GenBank|NC_002940.2|718953..768668_[Haemophilus]_ducreyi_35000HP__complete_sequence	98.901	91	1	0	31541	31631	49716	49626	6.69e-37	163
accn|VAIM01000008	ICEberg|1700|ICEHdu1|GenBank|NC_002940.2|718953..768668_[Haemophilus]_ducreyi_35000HP__complete_sequence	98.889	90	1	0	31797	31886	49716	49627	2.40e-36	161
accn|VAIM01000008	ICEberg|1700|ICEHdu1|GenBank|NC_002940.2|718953..768668_[Haemophilus]_ducreyi_35000HP__complete_sequence	100.000	76	0	0	31447	31522	76	1	3.13e-30	141
accn|VAIM01000008	ICEberg|1700|ICEHdu1|GenBank|NC_002940.2|718953..768668_[Haemophilus]_ducreyi_35000HP__complete_sequence	97.059	68	2	0	31694	31761	169	102	1.90e-22	115
accn|VAIM01000008	ICEberg|1700|ICEHdu1|GenBank|NC_002940.2|718953..768668_[Haemophilus]_ducreyi_35000HP__complete_sequence	97.059	68	2	0	31566	31633	169	102	1.90e-22	115
accn|VAIM01000008	ICEberg|1586|ICEAac3|GenBank|CP043003.1|2132073..2197982_Aggregatibacter_actinomycetemcomitans_strain_HK_907_chromosome__complete_genome	95.833	96	4	0	31664	31759	73	168	1.12e-34	156
accn|VAIM01000008	ICEberg|1586|ICEAac3|GenBank|CP043003.1|2132073..2197982_Aggregatibacter_actinomycetemcomitans_strain_HK_907_chromosome__complete_genome	100.000	77	0	0	31905	31981	1	77	8.71e-31	143
accn|VAIM01000008	ICEberg|1586|ICEAac3|GenBank|CP043003.1|2132073..2197982_Aggregatibacter_actinomycetemcomitans_strain_HK_907_chromosome__complete_genome	98.485	66	1	0	31822	31887	64245	64310	5.28e-23	117
accn|VAIM01000008	ICEberg|1586|ICEAac3|GenBank|CP043003.1|2132073..2197982_Aggregatibacter_actinomycetemcomitans_strain_HK_907_chromosome__complete_genome	98.462	65	1	0	31566	31630	64245	64309	1.90e-22	115
accn|VAIM01000008	ICEberg|1586|ICEAac3|GenBank|CP043003.1|2132073..2197982_Aggregatibacter_actinomycetemcomitans_strain_HK_907_chromosome__complete_genome	98.462	65	1	0	31694	31758	64245	64309	1.90e-22	115
accn|VAIM01000008	ICEberg|1736|ICEMha2|GenBank|NC_020833.2|1557279..1616347_Mannheimia_haemolytica_USDA-ARS-USMARC-183__complete_sequence	100.000	77	0	0	93923	93999	6098	6174	8.71e-31	143
accn|VAIM01000008	ICEberg|1736|ICEMha2|GenBank|NC_020833.2|1557279..1616347_Mannheimia_haemolytica_USDA-ARS-USMARC-183__complete_sequence	95.238	84	4	0	93916	93999	9211	9294	5.24e-28	134
accn|VAIM01000008	ICEberg|1584|ICEAac1|GenBank|CP012959.1|2164508..2181462_Aggregatibacter_actinomycetemcomitans_strain_624__complete_genome	100.000	77	0	0	31905	31981	16955	16879	8.71e-31	143
accn|VAIM01000008	ICEberg|1584|ICEAac1|GenBank|CP012959.1|2164508..2181462_Aggregatibacter_actinomycetemcomitans_strain_624__complete_genome	100.000	77	0	0	31447	31523	16955	16879	8.71e-31	143
accn|VAIM01000008	ICEberg|2010|Tn6783_201330|GenBank|CP054623.1|2596147..2668162_Pseudomonas_aeruginosa_strain_DL201330_chromosome__complete_genome	96.512	86	2	1	31903	31987	66897	66982	3.13e-30	141
accn|VAIM01000008	ICEberg|2010|Tn6783_201330|GenBank|CP054623.1|2596147..2668162_Pseudomonas_aeruginosa_strain_DL201330_chromosome__complete_genome	98.734	79	1	0	31445	31523	66897	66975	3.13e-30	141
accn|VAIM01000008	ICEberg|1701|ICEHdu2|GenBank|CP015434.1|162562..211583_[Haemophilus]_ducreyi_strain_GHA9__complete_genome	100.000	76	0	0	31447	31522	48947	49022	3.13e-30	141
accn|VAIM01000008	ICEberg|1701|ICEHdu2|GenBank|CP015434.1|162562..211583_[Haemophilus]_ducreyi_strain_GHA9__complete_genome	97.059	68	2	0	31563	31630	48851	48918	1.90e-22	115
accn|VAIM01000008	ICEberg|1701|ICEHdu2|GenBank|CP015434.1|162562..211583_[Haemophilus]_ducreyi_strain_GHA9__complete_genome	97.059	68	2	0	31691	31758	48851	48918	1.90e-22	115
accn|VAIM01000008	ICEberg|1581|ICE6660|GenBank|MK497171.1|1..112205_Pseudomonas_aeruginosa_sequence	97.500	80	2	0	31447	31526	112205	112126	4.05e-29	137
accn|VAIM01000008	ICEberg|1581|ICE6660|GenBank|MK497171.1|1..112205_Pseudomonas_aeruginosa_sequence	98.701	77	1	0	31905	31981	112205	112129	4.05e-29	137
accn|VAIM01000008	ICEberg|960|ICEApl1|GenBank|KU551309|27..56176_Actinobacillus_pleuropneumoniae_strain_MIDG2427_tRNA-Leu_gene__integrative_conjugative_element_ICEApl1_mobile_element__and_tRNA-Gly_gene__complete_sequence	98.485	66	1	0	31563	31628	56085	56150	5.28e-23	117
accn|VAIM01000008	ICEberg|960|ICEApl1|GenBank|KU551309|27..56176_Actinobacillus_pleuropneumoniae_strain_MIDG2427_tRNA-Leu_gene__integrative_conjugative_element_ICEApl1_mobile_element__and_tRNA-Gly_gene__complete_sequence	98.485	66	1	0	31691	31756	56085	56150	5.28e-23	117
accn|VAIM01000008	ICEberg|960|ICEApl1|GenBank|KU551309|27..56176_Actinobacillus_pleuropneumoniae_strain_MIDG2427_tRNA-Leu_gene__integrative_conjugative_element_ICEApl1_mobile_element__and_tRNA-Gly_gene__complete_sequence	98.485	66	1	0	31819	31884	56085	56150	5.28e-23	117
accn|VAIM01000008	ICEberg|960|ICEApl1|GenBank|KU551309|27..56176_Actinobacillus_pleuropneumoniae_strain_MIDG2427_tRNA-Leu_gene__integrative_conjugative_element_ICEApl1_mobile_element__and_tRNA-Gly_gene__complete_sequence	97.015	67	2	0	31562	31628	1	67	6.83e-22	113
accn|VAIM01000008	ICEberg|960|ICEApl1|GenBank|KU551309|27..56176_Actinobacillus_pleuropneumoniae_strain_MIDG2427_tRNA-Leu_gene__integrative_conjugative_element_ICEApl1_mobile_element__and_tRNA-Gly_gene__complete_sequence	97.015	67	2	0	31690	31756	1	67	6.83e-22	113
accn|VAIM01000008	ICEberg|960|ICEApl1|GenBank|KU551309|27..56176_Actinobacillus_pleuropneumoniae_strain_MIDG2427_tRNA-Leu_gene__integrative_conjugative_element_ICEApl1_mobile_element__and_tRNA-Gly_gene__complete_sequence	97.015	67	2	0	31818	31884	1	67	6.83e-22	113
accn|VAIM01000008	ICEberg|60|ICEHin1056|GenBank|AJ627386|1..59393_Haemophilus_influenzae_plasmid_ICEhin1056	95.455	66	3	0	31563	31628	1	66	1.14e-19	106
accn|VAIM01000008	ICEberg|60|ICEHin1056|GenBank|AJ627386|1..59393_Haemophilus_influenzae_plasmid_ICEhin1056	95.455	66	3	0	31691	31756	1	66	1.14e-19	106
accn|VAIM01000008	ICEberg|60|ICEHin1056|GenBank|AJ627386|1..59393_Haemophilus_influenzae_plasmid_ICEhin1056	95.455	66	3	0	31819	31884	1	66	1.14e-19	106
accn|VAIM01000008	ICEberg|350|ICEHpaT3T1|GenBank|FQ312002|1153089..1213144_Haemophilus_parainfluenzae_T3T1_genome	95.455	66	3	0	31694	31759	60053	59988	1.14e-19	106
accn|VAIM01000008	ICEberg|350|ICEHpaT3T1|GenBank|FQ312002|1153089..1213144_Haemophilus_parainfluenzae_T3T1_genome	95.455	66	3	0	31566	31631	60053	59988	1.14e-19	106
accn|VAIM01000008	ICEberg|350|ICEHpaT3T1|GenBank|FQ312002|1153089..1213144_Haemophilus_parainfluenzae_T3T1_genome	96.825	63	2	0	31822	31884	60053	59991	1.14e-19	106
accn|VAIM01000008	ICEberg|349|ICEHpa8f|GenBank|AM884335|1..52725_Haemophilus_influenzae_parA_gene_for_chromosome_partitioning_protein__strain_8f	95.455	66	3	0	31563	31628	1	66	1.14e-19	106
accn|VAIM01000008	ICEberg|349|ICEHpa8f|GenBank|AM884335|1..52725_Haemophilus_influenzae_parA_gene_for_chromosome_partitioning_protein__strain_8f	95.455	66	3	0	31691	31756	1	66	1.14e-19	106
accn|VAIM01000008	ICEberg|349|ICEHpa8f|GenBank|AM884335|1..52725_Haemophilus_influenzae_parA_gene_for_chromosome_partitioning_protein__strain_8f	95.455	66	3	0	31819	31884	1	66	1.14e-19	106
accn|VAIM01000008	ICEberg|348|ICEHin299|GenBank|AM884334|1..53902_Haemophilus_influenzae_parA_gene_for_chromosome_partitioning_protein__strain_299	95.455	66	3	0	31563	31628	1	66	1.14e-19	106
accn|VAIM01000008	ICEberg|348|ICEHin299|GenBank|AM884334|1..53902_Haemophilus_influenzae_parA_gene_for_chromosome_partitioning_protein__strain_299	95.455	66	3	0	31691	31756	1	66	1.14e-19	106
accn|VAIM01000008	ICEberg|348|ICEHin299|GenBank|AM884334|1..53902_Haemophilus_influenzae_parA_gene_for_chromosome_partitioning_protein__strain_299	95.455	66	3	0	31819	31884	1	66	1.14e-19	106
accn|VAIM01000008	ICEberg|346|ICEHinB|GenBank|FQ312006|87548..143543_Haemophilus_influenzae_10810_genome	95.455	66	3	0	31563	31628	1	66	1.14e-19	106
accn|VAIM01000008	ICEberg|346|ICEHinB|GenBank|FQ312006|87548..143543_Haemophilus_influenzae_10810_genome	95.455	66	3	0	31691	31756	1	66	1.14e-19	106
accn|VAIM01000008	ICEberg|346|ICEHinB|GenBank|FQ312006|87548..143543_Haemophilus_influenzae_10810_genome	95.455	66	3	0	31819	31884	1	66	1.14e-19	106
accn|VAIM01000008	ICEberg|2046|Tn7100|GenBank|OW736085.1|1..73601_Haemophilus_influenzae_strain_Hi-228_transposon_7100__complete_sequence	95.455	66	3	0	31563	31628	1	66	1.14e-19	106
accn|VAIM01000008	ICEberg|2046|Tn7100|GenBank|OW736085.1|1..73601_Haemophilus_influenzae_strain_Hi-228_transposon_7100__complete_sequence	95.455	66	3	0	31691	31756	1	66	1.14e-19	106
accn|VAIM01000008	ICEberg|2046|Tn7100|GenBank|OW736085.1|1..73601_Haemophilus_influenzae_strain_Hi-228_transposon_7100__complete_sequence	95.455	66	3	0	31819	31884	1	66	1.14e-19	106
accn|VAIM01000008	ICEberg|2007|Tn6687|GenBank|MN106412.1|1..68777_Haemophilus_influenzae_strain_0_transposon_Tn6687__complete_sequence	95.455	66	3	0	31563	31628	1	66	1.14e-19	106
accn|VAIM01000008	ICEberg|2007|Tn6687|GenBank|MN106412.1|1..68777_Haemophilus_influenzae_strain_0_transposon_Tn6687__complete_sequence	95.455	66	3	0	31691	31756	1	66	1.14e-19	106
accn|VAIM01000008	ICEberg|2007|Tn6687|GenBank|MN106412.1|1..68777_Haemophilus_influenzae_strain_0_transposon_Tn6687__complete_sequence	95.455	66	3	0	31819	31884	1	66	1.14e-19	106
accn|VAIM01000008	ICEberg|2006|Tn6686|GenBank|MN106411.1|1..64737_Haemophilus_influenzae_strain_G_transposon_Tn6686__complete_sequence	95.455	66	3	0	31563	31628	1	66	1.14e-19	106
accn|VAIM01000008	ICEberg|2006|Tn6686|GenBank|MN106411.1|1..64737_Haemophilus_influenzae_strain_G_transposon_Tn6686__complete_sequence	95.455	66	3	0	31691	31756	1	66	1.14e-19	106
accn|VAIM01000008	ICEberg|2006|Tn6686|GenBank|MN106411.1|1..64737_Haemophilus_influenzae_strain_G_transposon_Tn6686__complete_sequence	95.455	66	3	0	31819	31884	1	66	1.14e-19	106
accn|VAIM01000008	ICEberg|2005|Tn6685|GenBank|MN106410.1|1..52414_Haemophilus_influenzae_strain_E_transposon_Tn6685__complete_sequence	95.455	66	3	0	31563	31628	1	66	1.14e-19	106
accn|VAIM01000008	ICEberg|2005|Tn6685|GenBank|MN106410.1|1..52414_Haemophilus_influenzae_strain_E_transposon_Tn6685__complete_sequence	95.455	66	3	0	31691	31756	1	66	1.14e-19	106
accn|VAIM01000008	ICEberg|2005|Tn6685|GenBank|MN106410.1|1..52414_Haemophilus_influenzae_strain_E_transposon_Tn6685__complete_sequence	95.455	66	3	0	31819	31884	1	66	1.14e-19	106
