accn|CP097334	ICEberg|1736|ICEMha2|GenBank|NC_020833.2|1557279..1616347_Mannheimia_haemolytica_USDA-ARS-USMARC-183__complete_sequence	100.000	59069	0	0	1555711	1614779	1	59069	0.0	1.091e+05
accn|CP097334	ICEberg|1736|ICEMha2|GenBank|NC_020833.2|1557279..1616347_Mannheimia_haemolytica_USDA-ARS-USMARC-183__complete_sequence	100.000	3425	0	0	1796636	1800060	7298	3874	0.0	6325
accn|CP097334	ICEberg|1736|ICEMha2|GenBank|NC_020833.2|1557279..1616347_Mannheimia_haemolytica_USDA-ARS-USMARC-183__complete_sequence	96.648	2088	59	8	1762122	1764207	43105	45183	0.0	3458
accn|CP097334	ICEberg|1736|ICEMha2|GenBank|NC_020833.2|1557279..1616347_Mannheimia_haemolytica_USDA-ARS-USMARC-183__complete_sequence	99.508	1219	3	2	1298443	1299660	7310	6094	0.0	2215
accn|CP097334	ICEberg|1736|ICEMha2|GenBank|NC_020833.2|1557279..1616347_Mannheimia_haemolytica_USDA-ARS-USMARC-183__complete_sequence	99.834	1204	2	0	2376131	2377334	6098	7301	0.0	2213
accn|CP097334	ICEberg|1736|ICEMha2|GenBank|NC_020833.2|1557279..1616347_Mannheimia_haemolytica_USDA-ARS-USMARC-183__complete_sequence	99.751	1206	3	0	1436001	1437206	7303	6098	0.0	2211
accn|CP097334	ICEberg|1736|ICEMha2|GenBank|NC_020833.2|1557279..1616347_Mannheimia_haemolytica_USDA-ARS-USMARC-183__complete_sequence	99.833	1201	2	0	1354007	1355207	6098	7298	0.0	2207
accn|CP097334	ICEberg|1736|ICEMha2|GenBank|NC_020833.2|1557279..1616347_Mannheimia_haemolytica_USDA-ARS-USMARC-183__complete_sequence	99.833	1201	2	0	265795	266995	7298	6098	0.0	2207
accn|CP097334	ICEberg|1736|ICEMha2|GenBank|NC_020833.2|1557279..1616347_Mannheimia_haemolytica_USDA-ARS-USMARC-183__complete_sequence	99.750	1202	3	0	1338742	1339943	7299	6098	0.0	2204
accn|CP097334	ICEberg|1736|ICEMha2|GenBank|NC_020833.2|1557279..1616347_Mannheimia_haemolytica_USDA-ARS-USMARC-183__complete_sequence	99.584	1202	5	0	777372	778573	7298	6097	0.0	2193
accn|CP097334	ICEberg|1736|ICEMha2|GenBank|NC_020833.2|1557279..1616347_Mannheimia_haemolytica_USDA-ARS-USMARC-183__complete_sequence	99.584	1201	5	0	2454310	2455510	6098	7298	0.0	2191
accn|CP097334	ICEberg|1736|ICEMha2|GenBank|NC_020833.2|1557279..1616347_Mannheimia_haemolytica_USDA-ARS-USMARC-183__complete_sequence	99.258	1213	7	2	260666	261877	7303	6092	0.0	2189
accn|CP097334	ICEberg|1736|ICEMha2|GenBank|NC_020833.2|1557279..1616347_Mannheimia_haemolytica_USDA-ARS-USMARC-183__complete_sequence	98.751	1201	15	0	126934	128134	6098	7298	0.0	2135
accn|CP097334	ICEberg|1736|ICEMha2|GenBank|NC_020833.2|1557279..1616347_Mannheimia_haemolytica_USDA-ARS-USMARC-183__complete_sequence	98.751	1201	15	0	342450	343650	6098	7298	0.0	2135
accn|CP097334	ICEberg|1736|ICEMha2|GenBank|NC_020833.2|1557279..1616347_Mannheimia_haemolytica_USDA-ARS-USMARC-183__complete_sequence	98.751	1201	15	0	1867043	1868243	6098	7298	0.0	2135
accn|CP097334	ICEberg|1736|ICEMha2|GenBank|NC_020833.2|1557279..1616347_Mannheimia_haemolytica_USDA-ARS-USMARC-183__complete_sequence	98.271	1157	19	1	1951681	1952836	6098	7254	0.0	2025
accn|CP097334	ICEberg|1736|ICEMha2|GenBank|NC_020833.2|1557279..1616347_Mannheimia_haemolytica_USDA-ARS-USMARC-183__complete_sequence	96.839	1202	38	0	1786630	1787831	7299	6098	0.0	2010
accn|CP097334	ICEberg|1736|ICEMha2|GenBank|NC_020833.2|1557279..1616347_Mannheimia_haemolytica_USDA-ARS-USMARC-183__complete_sequence	96.181	864	29	4	1777965	1778826	46745	47606	0.0	1410
accn|CP097334	ICEberg|1736|ICEMha2|GenBank|NC_020833.2|1557279..1616347_Mannheimia_haemolytica_USDA-ARS-USMARC-183__complete_sequence	99.864	737	1	0	887284	888020	7298	6562	0.0	1356
accn|CP097334	ICEberg|1736|ICEMha2|GenBank|NC_020833.2|1557279..1616347_Mannheimia_haemolytica_USDA-ARS-USMARC-183__complete_sequence	99.721	717	2	0	921883	922599	7303	6587	0.0	1314
accn|CP097334	ICEberg|1736|ICEMha2|GenBank|NC_020833.2|1557279..1616347_Mannheimia_haemolytica_USDA-ARS-USMARC-183__complete_sequence	99.860	712	1	0	1099790	1100501	6587	7298	0.0	1310
accn|CP097334	ICEberg|1736|ICEMha2|GenBank|NC_020833.2|1557279..1616347_Mannheimia_haemolytica_USDA-ARS-USMARC-183__complete_sequence	99.860	712	1	0	1020532	1021243	7298	6587	0.0	1310
accn|CP097334	ICEberg|1736|ICEMha2|GenBank|NC_020833.2|1557279..1616347_Mannheimia_haemolytica_USDA-ARS-USMARC-183__complete_sequence	99.783	460	1	0	922595	923054	6557	6098	0.0	845
accn|CP097334	ICEberg|1736|ICEMha2|GenBank|NC_020833.2|1557279..1616347_Mannheimia_haemolytica_USDA-ARS-USMARC-183__complete_sequence	96.586	498	17	0	1340911	1341408	6098	6595	0.0	826
accn|CP097334	ICEberg|1736|ICEMha2|GenBank|NC_020833.2|1557279..1616347_Mannheimia_haemolytica_USDA-ARS-USMARC-183__complete_sequence	96.522	460	16	0	1099335	1099794	6098	6557	0.0	761
accn|CP097334	ICEberg|1736|ICEMha2|GenBank|NC_020833.2|1557279..1616347_Mannheimia_haemolytica_USDA-ARS-USMARC-183__complete_sequence	96.312	461	16	1	1021239	1021699	6557	6098	0.0	756
accn|CP097334	ICEberg|1736|ICEMha2|GenBank|NC_020833.2|1557279..1616347_Mannheimia_haemolytica_USDA-ARS-USMARC-183__complete_sequence	100.000	401	0	0	1341407	1341807	6898	7298	0.0	741
accn|CP097334	ICEberg|1736|ICEMha2|GenBank|NC_020833.2|1557279..1616347_Mannheimia_haemolytica_USDA-ARS-USMARC-183__complete_sequence	99.650	286	1	0	1488971	1489256	7014	7299	7.52e-144	523
accn|CP097334	ICEberg|1736|ICEMha2|GenBank|NC_020833.2|1557279..1616347_Mannheimia_haemolytica_USDA-ARS-USMARC-183__complete_sequence	99.593	246	1	0	1758853	1759098	7301	7056	1.30e-121	449
accn|CP097334	ICEberg|1736|ICEMha2|GenBank|NC_020833.2|1557279..1616347_Mannheimia_haemolytica_USDA-ARS-USMARC-183__complete_sequence	95.722	187	7	1	1784969	1785155	10291	10476	1.38e-76	300
accn|CP097334	ICEberg|1736|ICEMha2|GenBank|NC_020833.2|1557279..1616347_Mannheimia_haemolytica_USDA-ARS-USMARC-183__complete_sequence	95.213	188	4	5	1784969	1785154	7114	7298	2.31e-74	292
accn|CP097334	ICEberg|1736|ICEMha2|GenBank|NC_020833.2|1557279..1616347_Mannheimia_haemolytica_USDA-ARS-USMARC-183__complete_sequence	100.000	90	0	0	1488883	1488972	6098	6187	1.46e-36	167
accn|CP097334	ICEberg|1736|ICEMha2|GenBank|NC_020833.2|1557279..1616347_Mannheimia_haemolytica_USDA-ARS-USMARC-183__complete_sequence	100.000	59	0	0	1800105	1800163	3825	3883	2.50e-19	110
accn|CP097334	ICEberg|1736|ICEMha2|GenBank|NC_020833.2|1557279..1616347_Mannheimia_haemolytica_USDA-ARS-USMARC-183__complete_sequence	95.745	47	2	0	1762081	1762127	13812	13858	2.53e-09	76.8
accn|CP097334	ICEberg|1698|ICEGpa3|GenBank|CP018032.1|1710663..1776472_Glaesserella_parasuis_D74__complete_sequence	95.394	6448	282	14	1567179	1573617	43884	37443	0.0	10248
accn|CP097334	ICEberg|1698|ICEGpa3|GenBank|CP018032.1|1710663..1776472_Glaesserella_parasuis_D74__complete_sequence	98.477	1379	21	0	1764680	1766058	14974	13596	0.0	2431
accn|CP097334	ICEberg|1698|ICEGpa3|GenBank|CP018032.1|1710663..1776472_Glaesserella_parasuis_D74__complete_sequence	96.575	438	15	0	1280971	1281408	49901	49464	0.0	726
accn|CP097334	ICEberg|1698|ICEGpa3|GenBank|CP018032.1|1710663..1776472_Glaesserella_parasuis_D74__complete_sequence	100.000	47	0	0	1762081	1762127	41541	41495	1.17e-12	87.9
accn|CP097334	ICEberg|1698|ICEGpa3|GenBank|CP018032.1|1710663..1776472_Glaesserella_parasuis_D74__complete_sequence	97.959	49	1	0	1561553	1561601	44607	44559	4.21e-12	86.1
accn|CP097334	ICEberg|1698|ICEGpa3|GenBank|CP018032.1|1710663..1776472_Glaesserella_parasuis_D74__complete_sequence	97.959	49	1	0	1798043	1798091	44559	44607	4.21e-12	86.1
accn|CP097334	VFG043479(gb|AAD53408)_(pomA)_outer_membrane_protein_PomA_[OmpA_(VF1223)_-_Adherence_(VFC0001)]_[Mannheimia_haemolytica_str._89010807N]	100.000	1137	0	0	198040	199176	1	1137	0.0	2100
accn|CP097334	ICEberg|1702|ICEHin8|GenBank|LS483392.1|192252..244996_Haemophilus_influenzae_strain_NCTC11931_genome_assembly__chromosome__1	96.269	134	2	1	2565167	2565300	1	131	1.43e-51	217
accn|CP097334	ICEberg|1702|ICEHin8|GenBank|LS483392.1|192252..244996_Haemophilus_influenzae_strain_NCTC11931_genome_assembly__chromosome__1	96.269	134	2	1	2565494	2565627	1	131	1.43e-51	217
accn|CP097334	ICEberg|1702|ICEHin8|GenBank|LS483392.1|192252..244996_Haemophilus_influenzae_strain_NCTC11931_genome_assembly__chromosome__1	98.701	77	1	0	948067	948143	77	1	1.15e-27	137
accn|CP097334	ICEberg|1702|ICEHin8|GenBank|LS483392.1|192252..244996_Haemophilus_influenzae_strain_NCTC11931_genome_assembly__chromosome__1	95.000	80	3	1	2565163	2565242	52667	52745	8.92e-24	124
accn|CP097334	ICEberg|1702|ICEHin8|GenBank|LS483392.1|192252..244996_Haemophilus_influenzae_strain_NCTC11931_genome_assembly__chromosome__1	95.000	80	3	1	2565490	2565569	52667	52745	8.92e-24	124
accn|CP097334	ICEberg|2047|Tn7406|GenBank|CP087379.1|1564187..1622411_Mannheimia_haemolytica_strain_IMT47952_chromosome__complete_genome	100.000	113	0	0	1572011	1572123	37573	37461	2.39e-49	209
accn|CP097334	ICEberg|2047|Tn7406|GenBank|CP087379.1|1564187..1622411_Mannheimia_haemolytica_strain_IMT47952_chromosome__complete_genome	96.610	59	1	1	1561745	1561803	57920	57863	1.94e-15	97.1
accn|CP097334	ICEberg|2047|Tn7406|GenBank|CP087379.1|1564187..1622411_Mannheimia_haemolytica_strain_IMT47952_chromosome__complete_genome	96.610	59	1	1	1797841	1797899	57863	57920	1.94e-15	97.1
accn|CP097334	ICEberg|2047|Tn7406|GenBank|CP087379.1|1564187..1622411_Mannheimia_haemolytica_strain_IMT47952_chromosome__complete_genome	100.000	36	0	0	1760526	1760561	37538	37573	1.52e-06	67.6
accn|CP097334	ICEberg|2047|Tn7406|GenBank|CP087379.1|1564187..1622411_Mannheimia_haemolytica_strain_IMT47952_chromosome__complete_genome	95.238	42	2	0	1762081	1762122	54985	54944	1.52e-06	67.6
accn|CP097334	ICEberg|1597|ICEApa1|GenBank|CP050316.1|2129122..2199489_Avibacterium_paragallinarum_strain_ESV-135_chromosome__complete_genome	95.349	129	5	1	2565167	2565295	1	128	1.11e-47	204
accn|CP097334	ICEberg|1597|ICEApa1|GenBank|CP050316.1|2129122..2199489_Avibacterium_paragallinarum_strain_ESV-135_chromosome__complete_genome	95.349	129	5	1	2565494	2565622	1	128	1.11e-47	204
accn|CP097334	ICEberg|1597|ICEApa1|GenBank|CP050316.1|2129122..2199489_Avibacterium_paragallinarum_strain_ESV-135_chromosome__complete_genome	96.104	77	3	0	948068	948144	70368	70292	2.48e-24	126
accn|CP097334	ICEberg|1597|ICEApa1|GenBank|CP050316.1|2129122..2199489_Avibacterium_paragallinarum_strain_ESV-135_chromosome__complete_genome	96.053	76	3	0	948068	948143	76	1	8.92e-24	124
accn|CP097334	ICEberg|1597|ICEApa1|GenBank|CP050316.1|2129122..2199489_Avibacterium_paragallinarum_strain_ESV-135_chromosome__complete_genome	96.053	76	3	0	2565167	2565242	70293	70368	8.92e-24	124
accn|CP097334	ICEberg|1597|ICEApa1|GenBank|CP050316.1|2129122..2199489_Avibacterium_paragallinarum_strain_ESV-135_chromosome__complete_genome	96.053	76	3	0	2565494	2565569	70293	70368	8.92e-24	124
accn|CP097334	ICEberg|1597|ICEApa1|GenBank|CP050316.1|2129122..2199489_Avibacterium_paragallinarum_strain_ESV-135_chromosome__complete_genome	98.113	53	1	0	1602550	1602602	42304	42356	2.51e-14	93.5
accn|CP097334	ICEberg|1700|ICEHdu1|GenBank|NC_002940.2|718953..768668_[Haemophilus]_ducreyi_35000HP__complete_sequence	98.901	91	1	0	2183348	2183438	49626	49716	1.89e-35	163
accn|CP097334	ICEberg|1700|ICEHdu1|GenBank|NC_002940.2|718953..768668_[Haemophilus]_ducreyi_35000HP__complete_sequence	98.901	91	1	0	2183555	2183645	49626	49716	1.89e-35	163
accn|CP097334	ICEberg|1700|ICEHdu1|GenBank|NC_002940.2|718953..768668_[Haemophilus]_ducreyi_35000HP__complete_sequence	98.901	91	1	0	2183762	2183852	49626	49716	1.89e-35	163
accn|CP097334	ICEberg|1700|ICEHdu1|GenBank|NC_002940.2|718953..768668_[Haemophilus]_ducreyi_35000HP__complete_sequence	100.000	76	0	0	1535852	1535927	1	76	8.85e-29	141
accn|CP097334	ICEberg|1700|ICEHdu1|GenBank|NC_002940.2|718953..768668_[Haemophilus]_ducreyi_35000HP__complete_sequence	100.000	76	0	0	2183871	2183946	1	76	8.85e-29	141
accn|CP097334	ICEberg|1700|ICEHdu1|GenBank|NC_002940.2|718953..768668_[Haemophilus]_ducreyi_35000HP__complete_sequence	97.368	76	2	0	302664	302739	49501	49576	1.92e-25	130
accn|CP097334	ICEberg|1700|ICEHdu1|GenBank|NC_002940.2|718953..768668_[Haemophilus]_ducreyi_35000HP__complete_sequence	97.368	76	2	0	302761	302836	49501	49576	1.92e-25	130
accn|CP097334	ICEberg|1700|ICEHdu1|GenBank|NC_002940.2|718953..768668_[Haemophilus]_ducreyi_35000HP__complete_sequence	96.053	76	3	0	302859	302934	49501	49576	8.92e-24	124
accn|CP097334	ICEberg|2010|Tn6783_201330|GenBank|CP054623.1|2596147..2668162_Pseudomonas_aeruginosa_strain_DL201330_chromosome__complete_genome	98.750	80	1	0	1535851	1535930	66975	66896	2.46e-29	143
accn|CP097334	ICEberg|2010|Tn6783_201330|GenBank|CP054623.1|2596147..2668162_Pseudomonas_aeruginosa_strain_DL201330_chromosome__complete_genome	98.734	79	1	0	2183870	2183948	66975	66897	8.85e-29	141
accn|CP097334	ICEberg|2010|Tn6783_201330|GenBank|CP054623.1|2596147..2668162_Pseudomonas_aeruginosa_strain_DL201330_chromosome__complete_genome	96.471	85	2	1	2183243	2183326	66982	66898	3.18e-28	139
accn|CP097334	ICEberg|2010|Tn6783_201330|GenBank|CP054623.1|2596147..2668162_Pseudomonas_aeruginosa_strain_DL201330_chromosome__complete_genome	98.718	78	1	0	2183663	2183740	66975	66898	3.18e-28	139
accn|CP097334	ICEberg|2010|Tn6783_201330|GenBank|CP054623.1|2596147..2668162_Pseudomonas_aeruginosa_strain_DL201330_chromosome__complete_genome	98.718	78	1	0	2183456	2183533	66975	66898	3.18e-28	139
accn|CP097334	ICEberg|1586|ICEAac3|GenBank|CP043003.1|2132073..2197982_Aggregatibacter_actinomycetemcomitans_strain_HK_907_chromosome__complete_genome	100.000	77	0	0	2183249	2183325	77	1	2.46e-29	143
accn|CP097334	ICEberg|1586|ICEAac3|GenBank|CP043003.1|2132073..2197982_Aggregatibacter_actinomycetemcomitans_strain_HK_907_chromosome__complete_genome	100.000	77	0	0	1535851	1535927	77	1	2.46e-29	143
accn|CP097334	ICEberg|1586|ICEAac3|GenBank|CP043003.1|2132073..2197982_Aggregatibacter_actinomycetemcomitans_strain_HK_907_chromosome__complete_genome	97.368	76	2	0	302761	302836	292	217	1.92e-25	130
accn|CP097334	ICEberg|1586|ICEAac3|GenBank|CP043003.1|2132073..2197982_Aggregatibacter_actinomycetemcomitans_strain_HK_907_chromosome__complete_genome	97.368	76	2	0	302664	302739	292	217	1.92e-25	130
accn|CP097334	ICEberg|1586|ICEAac3|GenBank|CP043003.1|2132073..2197982_Aggregatibacter_actinomycetemcomitans_strain_HK_907_chromosome__complete_genome	96.053	76	3	0	302859	302934	292	217	8.92e-24	124
accn|CP097334	ICEberg|1586|ICEAac3|GenBank|CP043003.1|2132073..2197982_Aggregatibacter_actinomycetemcomitans_strain_HK_907_chromosome__complete_genome	98.387	62	1	0	302761	302822	64407	64346	2.50e-19	110
accn|CP097334	ICEberg|1586|ICEAac3|GenBank|CP043003.1|2132073..2197982_Aggregatibacter_actinomycetemcomitans_strain_HK_907_chromosome__complete_genome	98.387	62	1	0	302664	302725	64407	64346	2.50e-19	110
accn|CP097334	ICEberg|1586|ICEAac3|GenBank|CP043003.1|2132073..2197982_Aggregatibacter_actinomycetemcomitans_strain_HK_907_chromosome__complete_genome	98.333	60	1	0	302859	302918	64407	64348	3.23e-18	106
accn|CP097334	ICEberg|1584|ICEAac1|GenBank|CP012959.1|2164508..2181462_Aggregatibacter_actinomycetemcomitans_strain_624__complete_genome	100.000	77	0	0	1535851	1535927	16879	16955	2.46e-29	143
accn|CP097334	ICEberg|1584|ICEAac1|GenBank|CP012959.1|2164508..2181462_Aggregatibacter_actinomycetemcomitans_strain_624__complete_genome	100.000	77	0	0	2183249	2183325	16879	16955	2.46e-29	143
accn|CP097334	ICEberg|1584|ICEAac1|GenBank|CP012959.1|2164508..2181462_Aggregatibacter_actinomycetemcomitans_strain_624__complete_genome	100.000	77	0	0	2183456	2183532	16879	16955	2.46e-29	143
accn|CP097334	ICEberg|1584|ICEAac1|GenBank|CP012959.1|2164508..2181462_Aggregatibacter_actinomycetemcomitans_strain_624__complete_genome	100.000	77	0	0	2183663	2183739	16879	16955	2.46e-29	143
accn|CP097334	ICEberg|1584|ICEAac1|GenBank|CP012959.1|2164508..2181462_Aggregatibacter_actinomycetemcomitans_strain_624__complete_genome	100.000	77	0	0	2183870	2183946	16879	16955	2.46e-29	143
accn|CP097334	ICEberg|1701|ICEHdu2|GenBank|CP015434.1|162562..211583_[Haemophilus]_ducreyi_strain_GHA9__complete_genome	100.000	76	0	0	2183871	2183946	49022	48947	8.85e-29	141
accn|CP097334	ICEberg|1701|ICEHdu2|GenBank|CP015434.1|162562..211583_[Haemophilus]_ducreyi_strain_GHA9__complete_genome	100.000	76	0	0	1535852	1535927	49022	48947	8.85e-29	141
accn|CP097334	ICEberg|1701|ICEHdu2|GenBank|CP015434.1|162562..211583_[Haemophilus]_ducreyi_strain_GHA9__complete_genome	97.368	76	2	0	302761	302836	77	2	1.92e-25	130
accn|CP097334	ICEberg|1701|ICEHdu2|GenBank|CP015434.1|162562..211583_[Haemophilus]_ducreyi_strain_GHA9__complete_genome	97.368	76	2	0	302664	302739	77	2	1.92e-25	130
accn|CP097334	ICEberg|1701|ICEHdu2|GenBank|CP015434.1|162562..211583_[Haemophilus]_ducreyi_strain_GHA9__complete_genome	96.053	76	3	0	302859	302934	77	2	8.92e-24	124
accn|CP097334	ICEberg|1581|ICE6660|GenBank|MK497171.1|1..112205_Pseudomonas_aeruginosa_sequence	97.500	80	2	0	1535848	1535927	112126	112205	1.15e-27	137
accn|CP097334	ICEberg|1581|ICE6660|GenBank|MK497171.1|1..112205_Pseudomonas_aeruginosa_sequence	97.500	80	2	0	2183453	2183532	112126	112205	1.15e-27	137
accn|CP097334	ICEberg|1581|ICE6660|GenBank|MK497171.1|1..112205_Pseudomonas_aeruginosa_sequence	97.500	80	2	0	2183660	2183739	112126	112205	1.15e-27	137
accn|CP097334	ICEberg|1581|ICE6660|GenBank|MK497171.1|1..112205_Pseudomonas_aeruginosa_sequence	97.500	80	2	0	2183867	2183946	112126	112205	1.15e-27	137
accn|CP097334	ICEberg|1581|ICE6660|GenBank|MK497171.1|1..112205_Pseudomonas_aeruginosa_sequence	98.701	77	1	0	2183249	2183325	112129	112205	1.15e-27	137
accn|CP097334	ICEberg|1718|ICEHso3|GenBank|NC_008309.1|1952153..2005728_Histophilus_somni_129PT__complete_sequence	95.122	82	3	1	948068	948149	99	179	6.89e-25	128
accn|CP097334	ICEberg|1807|ICEPmu4|GenBank|CP038875.1|2009809..2087766_Pasteurella_multocida_strain_FCf83_chromosome__complete_genome	96.104	77	3	0	948068	948144	1	77	2.48e-24	126
accn|CP097334	ICEberg|1807|ICEPmu4|GenBank|CP038875.1|2009809..2087766_Pasteurella_multocida_strain_FCf83_chromosome__complete_genome	96.053	76	3	0	2565494	2565569	76	1	8.92e-24	124
accn|CP097334	ICEberg|1807|ICEPmu4|GenBank|CP038875.1|2009809..2087766_Pasteurella_multocida_strain_FCf83_chromosome__complete_genome	96.053	76	3	0	2565167	2565242	76	1	8.92e-24	124
accn|CP097334	ICEberg|1804|ICEPmu3|GenBank|CP038873.1|1026914..1096464_Pasteurella_multocida_strain_FCf45_chromosome__complete_genome	96.104	77	3	0	948068	948144	69551	69475	2.48e-24	126
accn|CP097334	ICEberg|1804|ICEPmu3|GenBank|CP038873.1|1026914..1096464_Pasteurella_multocida_strain_FCf45_chromosome__complete_genome	96.053	76	3	0	2565167	2565242	69476	69551	8.92e-24	124
accn|CP097334	ICEberg|1804|ICEPmu3|GenBank|CP038873.1|1026914..1096464_Pasteurella_multocida_strain_FCf45_chromosome__complete_genome	96.053	76	3	0	2565494	2565569	69476	69551	8.92e-24	124
accn|CP097334	ICEberg|1804|ICEPmu3|GenBank|CP038873.1|1026914..1096464_Pasteurella_multocida_strain_FCf45_chromosome__complete_genome	98.113	53	1	0	1602550	1602602	38037	38089	2.51e-14	93.5
accn|CP097334	ICEberg|960|ICEApl1|GenBank|KU551309|27..56176_Actinobacillus_pleuropneumoniae_strain_MIDG2427_tRNA-Leu_gene__integrative_conjugative_element_ICEApl1_mobile_element__and_tRNA-Gly_gene__complete_sequence	98.485	66	1	0	2183765	2183830	56150	56085	1.49e-21	117
accn|CP097334	ICEberg|960|ICEApl1|GenBank|KU551309|27..56176_Actinobacillus_pleuropneumoniae_strain_MIDG2427_tRNA-Leu_gene__integrative_conjugative_element_ICEApl1_mobile_element__and_tRNA-Gly_gene__complete_sequence	98.485	66	1	0	2183558	2183623	56150	56085	1.49e-21	117
accn|CP097334	ICEberg|960|ICEApl1|GenBank|KU551309|27..56176_Actinobacillus_pleuropneumoniae_strain_MIDG2427_tRNA-Leu_gene__integrative_conjugative_element_ICEApl1_mobile_element__and_tRNA-Gly_gene__complete_sequence	98.485	66	1	0	2183351	2183416	56150	56085	1.49e-21	117
accn|CP097334	ICEberg|960|ICEApl1|GenBank|KU551309|27..56176_Actinobacillus_pleuropneumoniae_strain_MIDG2427_tRNA-Leu_gene__integrative_conjugative_element_ICEApl1_mobile_element__and_tRNA-Gly_gene__complete_sequence	97.015	67	2	0	2183765	2183831	67	1	1.93e-20	113
accn|CP097334	ICEberg|960|ICEApl1|GenBank|KU551309|27..56176_Actinobacillus_pleuropneumoniae_strain_MIDG2427_tRNA-Leu_gene__integrative_conjugative_element_ICEApl1_mobile_element__and_tRNA-Gly_gene__complete_sequence	97.015	67	2	0	2183558	2183624	67	1	1.93e-20	113
accn|CP097334	ICEberg|960|ICEApl1|GenBank|KU551309|27..56176_Actinobacillus_pleuropneumoniae_strain_MIDG2427_tRNA-Leu_gene__integrative_conjugative_element_ICEApl1_mobile_element__and_tRNA-Gly_gene__complete_sequence	97.015	67	2	0	2183351	2183417	67	1	1.93e-20	113
accn|CP097334	ICEberg|60|ICEHin1056|GenBank|AJ627386|1..59393_Haemophilus_influenzae_plasmid_ICEhin1056	95.455	66	3	0	2183765	2183830	66	1	3.23e-18	106
accn|CP097334	ICEberg|60|ICEHin1056|GenBank|AJ627386|1..59393_Haemophilus_influenzae_plasmid_ICEhin1056	95.455	66	3	0	2183558	2183623	66	1	3.23e-18	106
accn|CP097334	ICEberg|60|ICEHin1056|GenBank|AJ627386|1..59393_Haemophilus_influenzae_plasmid_ICEhin1056	95.455	66	3	0	2183351	2183416	66	1	3.23e-18	106
accn|CP097334	ICEberg|350|ICEHpaT3T1|GenBank|FQ312002|1153089..1213144_Haemophilus_parainfluenzae_T3T1_genome	95.455	66	3	0	2183348	2183413	59988	60053	3.23e-18	106
accn|CP097334	ICEberg|350|ICEHpaT3T1|GenBank|FQ312002|1153089..1213144_Haemophilus_parainfluenzae_T3T1_genome	95.455	66	3	0	2183555	2183620	59988	60053	3.23e-18	106
accn|CP097334	ICEberg|350|ICEHpaT3T1|GenBank|FQ312002|1153089..1213144_Haemophilus_parainfluenzae_T3T1_genome	95.455	66	3	0	2183762	2183827	59988	60053	3.23e-18	106
accn|CP097334	ICEberg|349|ICEHpa8f|GenBank|AM884335|1..52725_Haemophilus_influenzae_parA_gene_for_chromosome_partitioning_protein__strain_8f	95.455	66	3	0	2183765	2183830	66	1	3.23e-18	106
accn|CP097334	ICEberg|349|ICEHpa8f|GenBank|AM884335|1..52725_Haemophilus_influenzae_parA_gene_for_chromosome_partitioning_protein__strain_8f	95.455	66	3	0	2183558	2183623	66	1	3.23e-18	106
accn|CP097334	ICEberg|349|ICEHpa8f|GenBank|AM884335|1..52725_Haemophilus_influenzae_parA_gene_for_chromosome_partitioning_protein__strain_8f	95.455	66	3	0	2183351	2183416	66	1	3.23e-18	106
accn|CP097334	ICEberg|348|ICEHin299|GenBank|AM884334|1..53902_Haemophilus_influenzae_parA_gene_for_chromosome_partitioning_protein__strain_299	95.455	66	3	0	2183765	2183830	66	1	3.23e-18	106
accn|CP097334	ICEberg|348|ICEHin299|GenBank|AM884334|1..53902_Haemophilus_influenzae_parA_gene_for_chromosome_partitioning_protein__strain_299	95.455	66	3	0	2183558	2183623	66	1	3.23e-18	106
accn|CP097334	ICEberg|348|ICEHin299|GenBank|AM884334|1..53902_Haemophilus_influenzae_parA_gene_for_chromosome_partitioning_protein__strain_299	95.455	66	3	0	2183351	2183416	66	1	3.23e-18	106
accn|CP097334	ICEberg|346|ICEHinB|GenBank|FQ312006|87548..143543_Haemophilus_influenzae_10810_genome	95.455	66	3	0	2183765	2183830	66	1	3.23e-18	106
accn|CP097334	ICEberg|346|ICEHinB|GenBank|FQ312006|87548..143543_Haemophilus_influenzae_10810_genome	95.455	66	3	0	2183558	2183623	66	1	3.23e-18	106
accn|CP097334	ICEberg|346|ICEHinB|GenBank|FQ312006|87548..143543_Haemophilus_influenzae_10810_genome	95.455	66	3	0	2183351	2183416	66	1	3.23e-18	106
accn|CP097334	ICEberg|2046|Tn7100|GenBank|OW736085.1|1..73601_Haemophilus_influenzae_strain_Hi-228_transposon_7100__complete_sequence	95.455	66	3	0	2183765	2183830	66	1	3.23e-18	106
accn|CP097334	ICEberg|2046|Tn7100|GenBank|OW736085.1|1..73601_Haemophilus_influenzae_strain_Hi-228_transposon_7100__complete_sequence	95.455	66	3	0	2183558	2183623	66	1	3.23e-18	106
accn|CP097334	ICEberg|2046|Tn7100|GenBank|OW736085.1|1..73601_Haemophilus_influenzae_strain_Hi-228_transposon_7100__complete_sequence	95.455	66	3	0	2183351	2183416	66	1	3.23e-18	106
accn|CP097334	ICEberg|2007|Tn6687|GenBank|MN106412.1|1..68777_Haemophilus_influenzae_strain_0_transposon_Tn6687__complete_sequence	95.455	66	3	0	2183765	2183830	66	1	3.23e-18	106
accn|CP097334	ICEberg|2007|Tn6687|GenBank|MN106412.1|1..68777_Haemophilus_influenzae_strain_0_transposon_Tn6687__complete_sequence	95.455	66	3	0	2183558	2183623	66	1	3.23e-18	106
accn|CP097334	ICEberg|2007|Tn6687|GenBank|MN106412.1|1..68777_Haemophilus_influenzae_strain_0_transposon_Tn6687__complete_sequence	95.455	66	3	0	2183351	2183416	66	1	3.23e-18	106
accn|CP097334	ICEberg|2006|Tn6686|GenBank|MN106411.1|1..64737_Haemophilus_influenzae_strain_G_transposon_Tn6686__complete_sequence	95.455	66	3	0	2183765	2183830	66	1	3.23e-18	106
accn|CP097334	ICEberg|2006|Tn6686|GenBank|MN106411.1|1..64737_Haemophilus_influenzae_strain_G_transposon_Tn6686__complete_sequence	95.455	66	3	0	2183558	2183623	66	1	3.23e-18	106
accn|CP097334	ICEberg|2006|Tn6686|GenBank|MN106411.1|1..64737_Haemophilus_influenzae_strain_G_transposon_Tn6686__complete_sequence	95.455	66	3	0	2183351	2183416	66	1	3.23e-18	106
accn|CP097334	ICEberg|2005|Tn6685|GenBank|MN106410.1|1..52414_Haemophilus_influenzae_strain_E_transposon_Tn6685__complete_sequence	95.455	66	3	0	2183765	2183830	66	1	3.23e-18	106
accn|CP097334	ICEberg|2005|Tn6685|GenBank|MN106410.1|1..52414_Haemophilus_influenzae_strain_E_transposon_Tn6685__complete_sequence	95.455	66	3	0	2183558	2183623	66	1	3.23e-18	106
accn|CP097334	ICEberg|2005|Tn6685|GenBank|MN106410.1|1..52414_Haemophilus_influenzae_strain_E_transposon_Tn6685__complete_sequence	95.455	66	3	0	2183351	2183416	66	1	3.23e-18	106
accn|CP097334	ICEberg|1697|ICEGpa2|GenBank|CP049090.1|1351751..1421790_Glaesserella_parasuis_strain_aHPS7_chromosome__complete_genome	100.000	56	0	0	1559538	1559593	1478	1533	1.16e-17	104
accn|CP097334	ICEberg|1697|ICEGpa2|GenBank|CP049090.1|1351751..1421790_Glaesserella_parasuis_strain_aHPS7_chromosome__complete_genome	100.000	56	0	0	1800108	1800163	1478	1533	1.16e-17	104
accn|CP097334	ICEberg|1422|15-184_ICE|GenBank|CP023057.1|951876..999094_Glaesserella_sp._15-184_chromosome__complete_genome	96.667	60	2	0	1800104	1800163	368	427	1.50e-16	100
accn|CP097334	ICEberg|1713|ICEHpa1|GenBank|CP054198.1|1511383..1580304_Glaesserella_parasuis_strain_YHP170504_chromosome__complete_genome	98.214	56	0	1	1559538	1559593	1	55	1.94e-15	97.1
accn|CP097334	ICEberg|1713|ICEHpa1|GenBank|CP054198.1|1511383..1580304_Glaesserella_parasuis_strain_YHP170504_chromosome__complete_genome	98.214	56	0	1	1800108	1800163	1	55	1.94e-15	97.1
accn|CP097334	ICEberg|1716|ICEHs02|GenBank|CP042993.1|687500..760418_Histophilus_somni_strain_UOC-KLM-ATR-014_chromosome__complete_genome	96.296	54	1	1	1800113	1800165	72919	72866	1.17e-12	87.9
accn|CP097334	ICEberg|1716|ICEHs02|GenBank|CP042993.1|687500..760418_Histophilus_somni_strain_UOC-KLM-ATR-014_chromosome__complete_genome	95.918	49	2	0	1561553	1561601	72535	72487	1.96e-10	80.5
accn|CP097334	ICEberg|1716|ICEHs02|GenBank|CP042993.1|687500..760418_Histophilus_somni_strain_UOC-KLM-ATR-014_chromosome__complete_genome	95.918	49	2	0	1798043	1798091	72487	72535	1.96e-10	80.5
accn|CP097334	ICEberg|1685|ICEEC8|GenBank|LOGV01000031.1|282800..364210_Escherichia_coli_strain_STEC_2174_STEC2174_contig_26__whole_genome_shotgun_sequence	96.078	51	2	0	2565575	2565625	51	1	1.51e-11	84.2
accn|CP097334	ICEberg|1685|ICEEC8|GenBank|LOGV01000031.1|282800..364210_Escherichia_coli_strain_STEC_2174_STEC2174_contig_26__whole_genome_shotgun_sequence	96.078	51	2	0	2565248	2565298	51	1	1.51e-11	84.2
accn|CP097334	ICEberg|441|ICEHso2336-1|GenBank|CP000947|1927921..1994529_Haemophilus_somnus_2336__complete_genome	95.918	49	2	0	1798043	1798091	379	331	1.96e-10	80.5
accn|CP097334	ICEberg|441|ICEHso2336-1|GenBank|CP000947|1927921..1994529_Haemophilus_somnus_2336__complete_genome	95.918	49	2	0	1561553	1561601	331	379	1.96e-10	80.5
accn|CP097334	ICEberg|440|ICEPmu1|GenBank|CP003022|273284..355497_Pasteurella_multocida_36950__complete_genome	95.918	49	2	0	1798043	1798091	379	331	1.96e-10	80.5
accn|CP097334	ICEberg|440|ICEPmu1|GenBank|CP003022|273284..355497_Pasteurella_multocida_36950__complete_genome	95.918	49	2	0	1561553	1561601	331	379	1.96e-10	80.5
accn|CP097334	ICEberg|1719|ICEHso4|GenBank|CP018803.1|686759..761246_Histophilus_somni_strain_USDA-ARS-USMARC-63255_chromosome__complete_genome	95.918	49	2	0	1561553	1561601	72583	72535	1.96e-10	80.5
accn|CP097334	ICEberg|1719|ICEHso4|GenBank|CP018803.1|686759..761246_Histophilus_somni_strain_USDA-ARS-USMARC-63255_chromosome__complete_genome	95.918	49	2	0	1798043	1798091	72535	72583	1.96e-10	80.5
accn|CP097334	ICEberg|1717|ICEHs1|GenBank|MF136609.1|1..64932_Histophilus_somni_strain_AVI_1_integrative_conjugative_element_ICEHs1__complete_sequence	95.918	49	2	0	1798043	1798091	392	344	1.96e-10	80.5
accn|CP097334	ICEberg|1717|ICEHs1|GenBank|MF136609.1|1..64932_Histophilus_somni_strain_AVI_1_integrative_conjugative_element_ICEHs1__complete_sequence	95.918	49	2	0	1561553	1561601	344	392	1.96e-10	80.5
accn|CP097334	ICEberg|2039|Tn6865|GenBank|CP031123.2|751328..820050_Providencia_huaxiensis_strain_WCHPr000369_chromosome__complete_genome	97.368	38	1	0	1914765	1914802	65614	65651	5.48e-06	65.8
