accn|NZ_DS264612	ICEberg|1736|ICEMha2|GenBank|NC_020833.2|1557279..1616347_Mannheimia_haemolytica_USDA-ARS-USMARC-183__complete_sequence	100.000	2052	0	0	11508	13559	3874	5925	0.0	3790
accn|NZ_DS264612	ICEberg|1736|ICEMha2|GenBank|NC_020833.2|1557279..1616347_Mannheimia_haemolytica_USDA-ARS-USMARC-183__complete_sequence	96.648	2088	59	8	46053	48138	45183	43105	0.0	3458
accn|NZ_DS264612	ICEberg|1736|ICEMha2|GenBank|NC_020833.2|1557279..1616347_Mannheimia_haemolytica_USDA-ARS-USMARC-183__complete_sequence	96.181	864	29	4	31434	32295	47606	46745	0.0	1410
accn|NZ_DS264612	ICEberg|1736|ICEMha2|GenBank|NC_020833.2|1557279..1616347_Mannheimia_haemolytica_USDA-ARS-USMARC-183__complete_sequence	96.429	196	6	1	51126	51321	7107	7301	1.42e-84	322
accn|NZ_DS264612	ICEberg|1736|ICEMha2|GenBank|NC_020833.2|1557279..1616347_Mannheimia_haemolytica_USDA-ARS-USMARC-183__complete_sequence	95.722	187	7	1	25105	25291	10476	10291	6.65e-78	300
accn|NZ_DS264612	ICEberg|1736|ICEMha2|GenBank|NC_020833.2|1557279..1616347_Mannheimia_haemolytica_USDA-ARS-USMARC-183__complete_sequence	95.213	188	4	5	25106	25291	7298	7114	1.11e-75	292
accn|NZ_DS264612	ICEberg|1736|ICEMha2|GenBank|NC_020833.2|1557279..1616347_Mannheimia_haemolytica_USDA-ARS-USMARC-183__complete_sequence	100.000	59	0	0	11405	11463	3883	3825	1.20e-20	110
accn|NZ_DS264612	ICEberg|1736|ICEMha2|GenBank|NC_020833.2|1557279..1616347_Mannheimia_haemolytica_USDA-ARS-USMARC-183__complete_sequence	95.745	47	2	0	48133	48179	13858	13812	1.22e-10	76.8
accn|NZ_DS264612	ICEberg|1698|ICEGpa3|GenBank|CP018032.1|1710663..1776472_Glaesserella_parasuis_D74__complete_sequence	98.477	1379	21	0	44202	45580	13596	14974	0.0	2431
accn|NZ_DS264612	ICEberg|1698|ICEGpa3|GenBank|CP018032.1|1710663..1776472_Glaesserella_parasuis_D74__complete_sequence	100.000	47	0	0	48133	48179	41495	41541	5.64e-14	87.9
accn|NZ_DS264612	ICEberg|1698|ICEGpa3|GenBank|CP018032.1|1710663..1776472_Glaesserella_parasuis_D74__complete_sequence	97.959	49	1	0	13477	13525	44607	44559	2.03e-13	86.1
accn|NZ_DS264612	ICEberg|64|CTnBST|GenBank|AY345595|1..100903_Bacteroides_uniformis_strain_WH207_transposon_CTnBST__complete_sequence	100.000	302	0	0	1	302	95171	94870	9.94e-156	558
accn|NZ_DS264612	ICEberg|38|ICEPdaSpa1|GenBank|AJ870986|1..102985_Photobacterium_damselae_subsp._piscicida_integrative_and_conjugative_element_ICEPdaSpa1__isolate_PC554.2	100.000	302	0	0	1	302	29204	29505	9.94e-156	558
accn|NZ_DS264612	ICEberg|38|ICEPdaSpa1|GenBank|AJ870986|1..102985_Photobacterium_damselae_subsp._piscicida_integrative_and_conjugative_element_ICEPdaSpa1__isolate_PC554.2	100.000	301	0	0	1	301	82920	83220	3.57e-155	556
accn|NZ_DS264612	ICEberg|1772|ICEPmiBra607|GenBank|CP049753.1|1687350..1780822_Proteus_mirabilis_strain_PmBR607_chromosome__complete_genome	100.000	301	0	0	1	301	10794	11094	3.57e-155	556
accn|NZ_DS264612	ICEberg|1772|ICEPmiBra607|GenBank|CP049753.1|1687350..1780822_Proteus_mirabilis_strain_PmBR607_chromosome__complete_genome	97.674	301	7	0	1	301	26027	26327	1.69e-143	518
accn|NZ_DS264612	ICEberg|976|ICEKkKWG1|GenBank|LN869922|850916..923591_Kingella_kingae_genome_assembly_KKKWG1__chromosome___I	100.000	300	0	0	1	300	40271	40570	1.29e-154	555
accn|NZ_DS264612	ICEberg|976|ICEKkKWG1|GenBank|LN869922|850916..923591_Kingella_kingae_genome_assembly_KKKWG1__chromosome___I	97.667	300	7	0	1	300	31724	31425	6.07e-143	516
accn|NZ_DS264612	ICEberg|969|ICEEcUMNK88|GenBank|CP002729|4888719..4951420_Escherichia_coli_UMNK88__complete_genome	100.000	300	0	0	1	300	49898	49599	1.29e-154	555
accn|NZ_DS264612	ICEberg|960|ICEApl1|GenBank|KU551309|27..56176_Actinobacillus_pleuropneumoniae_strain_MIDG2427_tRNA-Leu_gene__integrative_conjugative_element_ICEApl1_mobile_element__and_tRNA-Gly_gene__complete_sequence	100.000	300	0	0	1	300	14913	14614	1.29e-154	555
accn|NZ_DS264612	ICEberg|960|ICEApl1|GenBank|KU551309|27..56176_Actinobacillus_pleuropneumoniae_strain_MIDG2427_tRNA-Leu_gene__integrative_conjugative_element_ICEApl1_mobile_element__and_tRNA-Gly_gene__complete_sequence	98.000	300	6	0	1	300	23460	23759	1.30e-144	521
accn|NZ_DS264612	ICEberg|2046|Tn7100|GenBank|OW736085.1|1..73601_Haemophilus_influenzae_strain_Hi-228_transposon_7100__complete_sequence	100.000	300	0	0	1	300	20292	19993	1.29e-154	555
accn|NZ_DS264612	ICEberg|2046|Tn7100|GenBank|OW736085.1|1..73601_Haemophilus_influenzae_strain_Hi-228_transposon_7100__complete_sequence	100.000	300	0	0	1	300	26870	27169	1.29e-154	555
accn|NZ_DS264612	ICEberg|2045|Tn6966|GenBank|CP064830.1|3371703..3442829_Morganella_morganii_subsp._morganii_strain_81703_chromosome__complete_genome	100.000	300	0	0	1	300	11774	11475	1.29e-154	555
accn|NZ_DS264612	ICEberg|2045|Tn6966|GenBank|CP064830.1|3371703..3442829_Morganella_morganii_subsp._morganii_strain_81703_chromosome__complete_genome	97.674	301	7	0	1	301	2978	3278	1.69e-143	518
accn|NZ_DS264612	ICEberg|2045|Tn6966|GenBank|CP064830.1|3371703..3442829_Morganella_morganii_subsp._morganii_strain_81703_chromosome__complete_genome	97.667	300	7	0	1	300	17254	17553	6.07e-143	516
accn|NZ_DS264612	ICEberg|2007|Tn6687|GenBank|MN106412.1|1..68777_Haemophilus_influenzae_strain_0_transposon_Tn6687__complete_sequence	100.000	300	0	0	1	300	16035	15736	1.29e-154	555
accn|NZ_DS264612	ICEberg|2007|Tn6687|GenBank|MN106412.1|1..68777_Haemophilus_influenzae_strain_0_transposon_Tn6687__complete_sequence	98.000	300	6	0	1	300	24582	24881	1.30e-144	521
accn|NZ_DS264612	ICEberg|2006|Tn6686|GenBank|MN106411.1|1..64737_Haemophilus_influenzae_strain_G_transposon_Tn6686__complete_sequence	100.000	300	0	0	1	300	14964	14665	1.29e-154	555
accn|NZ_DS264612	ICEberg|2006|Tn6686|GenBank|MN106411.1|1..64737_Haemophilus_influenzae_strain_G_transposon_Tn6686__complete_sequence	97.667	300	7	0	1	300	26391	26690	6.07e-143	516
accn|NZ_DS264612	ICEberg|1804|ICEPmu3|GenBank|CP038873.1|1026914..1096464_Pasteurella_multocida_strain_FCf45_chromosome__complete_genome	100.000	300	0	0	1	300	40810	40511	1.29e-154	555
accn|NZ_DS264612	ICEberg|1804|ICEPmu3|GenBank|CP038873.1|1026914..1096464_Pasteurella_multocida_strain_FCf45_chromosome__complete_genome	97.682	302	7	0	1	302	58487	58788	4.69e-144	520
accn|NZ_DS264612	ICEberg|1804|ICEPmu3|GenBank|CP038873.1|1026914..1096464_Pasteurella_multocida_strain_FCf45_chromosome__complete_genome	97.667	300	7	0	1	300	49358	49657	6.07e-143	516
accn|NZ_DS264612	ICEberg|1713|ICEHpa1|GenBank|CP054198.1|1511383..1580304_Glaesserella_parasuis_strain_YHP170504_chromosome__complete_genome	100.000	300	0	0	1	300	25073	25372	1.29e-154	555
accn|NZ_DS264612	ICEberg|1713|ICEHpa1|GenBank|CP054198.1|1511383..1580304_Glaesserella_parasuis_strain_YHP170504_chromosome__complete_genome	98.214	56	0	1	11405	11460	55	1	9.37e-17	97.1
accn|NZ_DS264612	ICEberg|1697|ICEGpa2|GenBank|CP049090.1|1351751..1421790_Glaesserella_parasuis_strain_aHPS7_chromosome__complete_genome	100.000	300	0	0	1	300	24837	25136	1.29e-154	555
accn|NZ_DS264612	ICEberg|1697|ICEGpa2|GenBank|CP049090.1|1351751..1421790_Glaesserella_parasuis_strain_aHPS7_chromosome__complete_genome	100.000	56	0	0	11405	11460	1533	1478	5.60e-19	104
accn|NZ_DS264612	ICEberg|1602|ICEAsp1|GenBank|MW030510.1|1..72978_Actinobacillus_sp._ICEAsp1_mobile_element__complete_sequence	100.000	300	0	0	1	300	43972	43673	1.29e-154	555
accn|NZ_DS264612	ICEberg|60|ICEHin1056|GenBank|AJ627386|1..59393_Haemophilus_influenzae_plasmid_ICEhin1056	99.667	300	1	0	1	300	14912	14613	5.98e-153	549
accn|NZ_DS264612	ICEberg|60|ICEHin1056|GenBank|AJ627386|1..59393_Haemophilus_influenzae_plasmid_ICEhin1056	97.667	300	7	0	1	300	26338	26637	6.07e-143	516
accn|NZ_DS264612	ICEberg|1692|ICEGpa1804|GenBank|CP069308.1|717521..789400_Glaesserella_parasuis_strain_EHP1804_chromosome__complete_genome	99.667	300	1	0	1	300	45273	44974	5.98e-153	549
accn|NZ_DS264612	ICEberg|1692|ICEGpa1804|GenBank|CP069308.1|717521..789400_Glaesserella_parasuis_strain_EHP1804_chromosome__complete_genome	97.333	300	8	0	1	300	48519	48220	2.82e-141	510
accn|NZ_DS264612	ICEberg|350|ICEHpaT3T1|GenBank|FQ312002|1153089..1213144_Haemophilus_parainfluenzae_T3T1_genome	99.000	300	3	0	1	300	16972	17271	1.29e-149	538
accn|NZ_DS264612	ICEberg|350|ICEHpaT3T1|GenBank|FQ312002|1153089..1213144_Haemophilus_parainfluenzae_T3T1_genome	97.667	300	7	0	1	300	8424	8125	6.07e-143	516
accn|NZ_DS264612	ICEberg|1807|ICEPmu4|GenBank|CP038875.1|2009809..2087766_Pasteurella_multocida_strain_FCf83_chromosome__complete_genome	98.000	300	6	0	1	300	55041	55340	1.30e-144	521
accn|NZ_DS264612	ICEberg|1807|ICEPmu4|GenBank|CP038875.1|2009809..2087766_Pasteurella_multocida_strain_FCf83_chromosome__complete_genome	98.000	300	6	0	1	300	73708	74007	1.30e-144	521
accn|NZ_DS264612	ICEberg|1803|ICEPmu2|GenBank|CP038871.1|1998244..2056820_Pasteurella_multocida_strain_FCf15_chromosome__complete_genome	98.000	300	6	0	1	300	14339	14040	1.30e-144	521
accn|NZ_DS264612	ICEberg|1791|ICEPmiJpn1_PM655|GenBank|KT894734.1|1..92934_Proteus_mirabilis_strain_PM14C28_integrating_conjugative_element_ICEPmiJpn1_mobile_element__complete_sequence__and_peptide_chain_release_factor_3_(prfC)_gene__complete_cds	97.674	301	7	0	1	301	23995	24295	1.69e-143	518
accn|NZ_DS264612	ICEberg|1791|ICEPmiJpn1_PM655|GenBank|KT894734.1|1..92934_Proteus_mirabilis_strain_PM14C28_integrating_conjugative_element_ICEPmiJpn1_mobile_element__complete_sequence__and_peptide_chain_release_factor_3_(prfC)_gene__complete_cds	97.667	300	7	0	1	300	11025	11324	6.07e-143	516
accn|NZ_DS264612	ICEberg|1207|ICEKpnCR14-2|GenBank|CP015392.1|1776406..1984641_Klebsiella_pneumoniae_strain_CR14__complete_genome	97.674	301	7	0	1	301	57266	57566	1.69e-143	518
accn|NZ_DS264612	ICEberg|1207|ICEKpnCR14-2|GenBank|CP015392.1|1776406..1984641_Klebsiella_pneumoniae_strain_CR14__complete_genome	97.667	300	7	0	1	300	63046	62747	6.07e-143	516
accn|NZ_DS264612	ICEberg|1207|ICEKpnCR14-2|GenBank|CP015392.1|1776406..1984641_Klebsiella_pneumoniae_strain_CR14__complete_genome	97.667	300	7	0	1	300	168357	168058	6.07e-143	516
accn|NZ_DS264612	ICEberg|1597|ICEApa1|GenBank|CP050316.1|2129122..2199489_Avibacterium_paragallinarum_strain_ESV-135_chromosome__complete_genome	97.667	300	7	0	1	300	47024	46725	6.07e-143	516
accn|NZ_DS264612	ICEberg|1597|ICEApa1|GenBank|CP050316.1|2129122..2199489_Avibacterium_paragallinarum_strain_ESV-135_chromosome__complete_genome	99.624	266	1	0	1	266	55572	55837	4.76e-134	486
accn|NZ_DS264612	ICEberg|1597|ICEApa1|GenBank|CP050316.1|2129122..2199489_Avibacterium_paragallinarum_strain_ESV-135_chromosome__complete_genome	96.154	52	1	1	255	306	60603	60653	7.29e-13	84.2
accn|NZ_DS264612	ICEberg|1046|ICEValHN492|GenBank|KT072769|1..106164_Vibrio_alginolyticus_strain_HN492_transposon_integrating_conjugative_element_ICEValHN492__complete_sequence	96.721	305	8	2	1	305	25305	25003	3.65e-140	507
accn|NZ_DS264612	ICEberg|1043|ICEValE0601|GenBank|KT072768|1..106165_Vibrio_alginolyticus_strain_E0601_transposon_integrating_conjugative_element_ICEValE0601__complete_sequence	96.721	305	8	2	1	305	25306	25004	3.65e-140	507
accn|NZ_DS264612	ICEberg|1719|ICEHso4|GenBank|CP018803.1|686759..761246_Histophilus_somni_strain_USDA-ARS-USMARC-63255_chromosome__complete_genome	95.238	126	4	2	13435	13559	72677	72553	2.50e-47	198
accn|NZ_DS264612	ICEberg|1719|ICEHso4|GenBank|CP018803.1|686759..761246_Histophilus_somni_strain_USDA-ARS-USMARC-63255_chromosome__complete_genome	95.918	49	2	0	13477	13525	72583	72535	9.43e-12	80.5
accn|NZ_DS264612	ICEberg|1716|ICEHs02|GenBank|CP042993.1|687500..760418_Histophilus_somni_strain_UOC-KLM-ATR-014_chromosome__complete_genome	95.238	126	4	2	13435	13559	72629	72505	2.50e-47	198
accn|NZ_DS264612	ICEberg|1716|ICEHs02|GenBank|CP042993.1|687500..760418_Histophilus_somni_strain_UOC-KLM-ATR-014_chromosome__complete_genome	96.296	54	1	1	11403	11455	72866	72919	5.64e-14	87.9
accn|NZ_DS264612	ICEberg|1716|ICEHs02|GenBank|CP042993.1|687500..760418_Histophilus_somni_strain_UOC-KLM-ATR-014_chromosome__complete_genome	95.918	49	2	0	13477	13525	72535	72487	9.43e-12	80.5
accn|NZ_DS264612	ICEberg|1422|15-184_ICE|GenBank|CP023057.1|951876..999094_Glaesserella_sp._15-184_chromosome__complete_genome	96.667	60	2	0	11405	11464	427	368	7.24e-18	100
accn|NZ_DS264612	ICEberg|441|ICEHso2336-1|GenBank|CP000947|1927921..1994529_Haemophilus_somnus_2336__complete_genome	95.918	49	2	0	13477	13525	331	379	9.43e-12	80.5
accn|NZ_DS264612	ICEberg|440|ICEPmu1|GenBank|CP003022|273284..355497_Pasteurella_multocida_36950__complete_genome	95.918	49	2	0	13477	13525	331	379	9.43e-12	80.5
accn|NZ_DS264612	ICEberg|1717|ICEHs1|GenBank|MF136609.1|1..64932_Histophilus_somni_strain_AVI_1_integrative_conjugative_element_ICEHs1__complete_sequence	95.918	49	2	0	13477	13525	344	392	9.43e-12	80.5
accn|NZ_DS264612	ICEberg|2047|Tn7406|GenBank|CP087379.1|1564187..1622411_Mannheimia_haemolytica_strain_IMT47952_chromosome__complete_genome	100.000	36	0	0	49699	49734	37573	37538	7.34e-08	67.6
accn|NZ_DS264612	ICEberg|2047|Tn7406|GenBank|CP087379.1|1564187..1622411_Mannheimia_haemolytica_strain_IMT47952_chromosome__complete_genome	95.238	42	2	0	48138	48179	54944	54985	7.34e-08	67.6
accn|NZ_DS264613	ICEberg|1701|ICEHdu2|GenBank|CP015434.1|162562..211583_[Haemophilus]_ducreyi_strain_GHA9__complete_genome	97.368	76	2	0	80993	81068	77	2	8.47e-27	130
accn|NZ_DS264613	ICEberg|1701|ICEHdu2|GenBank|CP015434.1|162562..211583_[Haemophilus]_ducreyi_strain_GHA9__complete_genome	97.368	76	2	0	80896	80971	77	2	8.47e-27	130
accn|NZ_DS264613	ICEberg|1701|ICEHdu2|GenBank|CP015434.1|162562..211583_[Haemophilus]_ducreyi_strain_GHA9__complete_genome	96.053	76	3	0	81091	81166	77	2	3.94e-25	124
accn|NZ_DS264613	ICEberg|1700|ICEHdu1|GenBank|NC_002940.2|718953..768668_[Haemophilus]_ducreyi_35000HP__complete_sequence	97.368	76	2	0	80896	80971	49501	49576	8.47e-27	130
accn|NZ_DS264613	ICEberg|1700|ICEHdu1|GenBank|NC_002940.2|718953..768668_[Haemophilus]_ducreyi_35000HP__complete_sequence	97.368	76	2	0	80993	81068	49501	49576	8.47e-27	130
accn|NZ_DS264613	ICEberg|1700|ICEHdu1|GenBank|NC_002940.2|718953..768668_[Haemophilus]_ducreyi_35000HP__complete_sequence	96.053	76	3	0	81091	81166	49501	49576	3.94e-25	124
accn|NZ_DS264613	ICEberg|1586|ICEAac3|GenBank|CP043003.1|2132073..2197982_Aggregatibacter_actinomycetemcomitans_strain_HK_907_chromosome__complete_genome	97.368	76	2	0	80993	81068	292	217	8.47e-27	130
accn|NZ_DS264613	ICEberg|1586|ICEAac3|GenBank|CP043003.1|2132073..2197982_Aggregatibacter_actinomycetemcomitans_strain_HK_907_chromosome__complete_genome	97.368	76	2	0	80896	80971	292	217	8.47e-27	130
accn|NZ_DS264613	ICEberg|1586|ICEAac3|GenBank|CP043003.1|2132073..2197982_Aggregatibacter_actinomycetemcomitans_strain_HK_907_chromosome__complete_genome	96.053	76	3	0	81091	81166	292	217	3.94e-25	124
accn|NZ_DS264613	ICEberg|1586|ICEAac3|GenBank|CP043003.1|2132073..2197982_Aggregatibacter_actinomycetemcomitans_strain_HK_907_chromosome__complete_genome	98.387	62	1	0	80993	81054	64407	64346	1.10e-20	110
accn|NZ_DS264613	ICEberg|1586|ICEAac3|GenBank|CP043003.1|2132073..2197982_Aggregatibacter_actinomycetemcomitans_strain_HK_907_chromosome__complete_genome	98.387	62	1	0	80896	80957	64407	64346	1.10e-20	110
accn|NZ_DS264613	ICEberg|1586|ICEAac3|GenBank|CP043003.1|2132073..2197982_Aggregatibacter_actinomycetemcomitans_strain_HK_907_chromosome__complete_genome	98.333	60	1	0	81091	81150	64407	64348	1.43e-19	106
accn|NZ_DS264614	ICEberg|1698|ICEGpa3|GenBank|CP018032.1|1710663..1776472_Glaesserella_parasuis_D74__complete_sequence	96.575	438	15	0	52322	52759	49464	49901	0.0	726
accn|NZ_DS264617	VFG043479(gb|AAD53408)_(pomA)_outer_membrane_protein_PomA_[OmpA_(VF1223)_-_Adherence_(VFC0001)]_[Mannheimia_haemolytica_str._89010807N]	100.000	695	0	0	21279	21973	1137	443	0.0	1284
accn|NZ_DS264619	ICEberg|1736|ICEMha2|GenBank|NC_020833.2|1557279..1616347_Mannheimia_haemolytica_USDA-ARS-USMARC-183__complete_sequence	97.665	31945	701	32	49555	81486	42661	10749	0.0	54817
accn|NZ_DS264619	ICEberg|987|ICEMh1|GenBank|CP005383|2128248..2190602_Mannheimia_haemolytica_M42548__complete_genome	95.188	30530	1386	63	35404	65882	52003	21506	0.0	48163
accn|NZ_DS264619	ICEberg|1719|ICEHso4|GenBank|CP018803.1|686759..761246_Histophilus_somni_strain_USDA-ARS-USMARC-63255_chromosome__complete_genome	95.182	30532	1386	64	35404	65882	10353	40852	0.0	48154
accn|NZ_DS264619	ICEberg|1716|ICEHs02|GenBank|CP042993.1|687500..760418_Histophilus_somni_strain_UOC-KLM-ATR-014_chromosome__complete_genome	95.166	30535	1392	64	35400	65882	10301	40803	0.0	48134
accn|NZ_DS264619	ICEberg|1716|ICEHs02|GenBank|CP042993.1|687500..760418_Histophilus_somni_strain_UOC-KLM-ATR-014_chromosome__complete_genome	95.284	5916	251	22	20517	26420	1	5900	0.0	9354
accn|NZ_DS264619	ICEberg|1716|ICEHs02|GenBank|CP042993.1|687500..760418_Histophilus_somni_strain_UOC-KLM-ATR-014_chromosome__complete_genome	98.558	1318	13	5	26588	27902	5996	7310	0.0	2324
accn|NZ_DS264619	ICEberg|1716|ICEHs02|GenBank|CP042993.1|687500..760418_Histophilus_somni_strain_UOC-KLM-ATR-014_chromosome__complete_genome	98.148	162	3	0	27894	28055	7417	7578	1.43e-74	289
accn|NZ_DS264619	ICEberg|1717|ICEHs1|GenBank|MF136609.1|1..64932_Histophilus_somni_strain_AVI_1_integrative_conjugative_element_ICEHs1__complete_sequence	99.870	6164	8	0	20400	26563	64932	58769	0.0	11339
accn|NZ_DS264619	ICEberg|1717|ICEHs1|GenBank|MF136609.1|1..64932_Histophilus_somni_strain_AVI_1_integrative_conjugative_element_ICEHs1__complete_sequence	99.264	4349	29	3	33876	38223	53763	49417	0.0	7851
accn|NZ_DS264619	ICEberg|1717|ICEHs1|GenBank|MF136609.1|1..64932_Histophilus_somni_strain_AVI_1_integrative_conjugative_element_ICEHs1__complete_sequence	99.656	3485	11	1	28275	31759	57247	53764	0.0	6368
accn|NZ_DS264619	ICEberg|1717|ICEHs1|GenBank|MF136609.1|1..64932_Histophilus_somni_strain_AVI_1_integrative_conjugative_element_ICEHs1__complete_sequence	99.654	1446	5	0	26510	27955	58894	57449	0.0	2643
accn|NZ_DS264619	ICEberg|1717|ICEHs1|GenBank|MF136609.1|1..64932_Histophilus_somni_strain_AVI_1_integrative_conjugative_element_ICEHs1__complete_sequence	99.922	1275	1	0	35397	36671	45543	44269	0.0	2350
accn|NZ_DS264619	ICEberg|1717|ICEHs1|GenBank|MF136609.1|1..64932_Histophilus_somni_strain_AVI_1_integrative_conjugative_element_ICEHs1__complete_sequence	97.436	351	3	1	31633	31983	55447	55103	2.71e-166	593
accn|NZ_DS264619	ICEberg|1717|ICEHs1|GenBank|MF136609.1|1..64932_Histophilus_somni_strain_AVI_1_integrative_conjugative_element_ICEHs1__complete_sequence	99.507	203	1	0	27866	28068	57447	57245	4.96e-99	370
accn|NZ_DS264619	ICEberg|1698|ICEGpa3|GenBank|CP018032.1|1710663..1776472_Glaesserella_parasuis_D74__complete_sequence	95.394	6448	282	14	74328	80766	37443	43884	0.0	10248
accn|NZ_DS264619	ICEberg|1698|ICEGpa3|GenBank|CP018032.1|1710663..1776472_Glaesserella_parasuis_D74__complete_sequence	96.095	461	18	0	28357	28817	8045	8505	0.0	752
accn|NZ_DS264619	ICEberg|1603|ICEAsu1|GenBank|CP009159.1|982132..1037894_Actinobacillus_suis_ATCC_33415__complete_genome	96.711	5230	131	17	28773	33979	8045	13256	0.0	8667
accn|NZ_DS264619	ICEberg|1603|ICEAsu1|GenBank|CP009159.1|982132..1037894_Actinobacillus_suis_ATCC_33415__complete_genome	99.523	3984	16	3	38220	42202	16172	20153	0.0	7249
accn|NZ_DS264619	ICEberg|1603|ICEAsu1|GenBank|CP009159.1|982132..1037894_Actinobacillus_suis_ATCC_33415__complete_genome	96.011	351	8	1	31633	31983	9336	9680	5.90e-158	566
accn|NZ_DS264619	ICEberg|1603|ICEAsu1|GenBank|CP009159.1|982132..1037894_Actinobacillus_suis_ATCC_33415__complete_genome	95.157	351	11	1	30076	30420	10892	11242	5.94e-153	549
accn|NZ_DS264619	ICEberg|1603|ICEAsu1|GenBank|CP009159.1|982132..1037894_Actinobacillus_suis_ATCC_33415__complete_genome	100.000	34	0	0	33947	33980	15753	15786	9.43e-07	63.9
accn|NZ_DS264619	ICEberg|441|ICEHso2336-1|GenBank|CP000947|1927921..1994529_Haemophilus_somnus_2336__complete_genome	99.650	4280	10	4	33948	38222	54403	50124	0.0	7816
accn|NZ_DS264619	ICEberg|441|ICEHso2336-1|GenBank|CP000947|1927921..1994529_Haemophilus_somnus_2336__complete_genome	95.252	3349	137	19	28262	31595	58944	55603	0.0	5284
accn|NZ_DS264619	ICEberg|441|ICEHso2336-1|GenBank|CP000947|1927921..1994529_Haemophilus_somnus_2336__complete_genome	96.011	351	8	1	31633	31983	57121	56777	5.90e-158	566
accn|NZ_DS264619	ICEberg|1734|ICEMh3|GenBank|CP006942.1|959858..1026317_Mannheimia_sp._USDA-ARS-USMARC-1261__complete_genome	99.626	4277	11	4	33948	38219	12145	16421	0.0	7805
accn|NZ_DS264619	ICEberg|1734|ICEMh3|GenBank|CP006942.1|959858..1026317_Mannheimia_sp._USDA-ARS-USMARC-1261__complete_genome	95.252	3349	137	19	28262	31595	7604	10945	0.0	5284
accn|NZ_DS264619	ICEberg|1734|ICEMh3|GenBank|CP006942.1|959858..1026317_Mannheimia_sp._USDA-ARS-USMARC-1261__complete_genome	96.011	351	8	1	31633	31983	9427	9771	5.90e-158	566
accn|NZ_DS264619	ICEberg|440|ICEPmu1|GenBank|CP003022|273284..355497_Pasteurella_multocida_36950__complete_genome	99.861	2166	1	2	35404	37567	71798	69633	0.0	3982
accn|NZ_DS264619	PID|170717986|gi|170717206|ref|NC_010519.1|_c1957154-1954953_Haemophilus_somnus_2336_chromosome__complete_genome	98.411	2202	35	0	52311	54512	1	2202	0.0	3873
accn|NZ_DS264619	resfinderf|tet(H)|3	100.000	1203	0	0	35469	36671	1203	1	0.0	2222
accn|NZ_DS264619	resfinderf|tet(H)|4	99.917	1203	1	0	35469	36671	1203	1	0.0	2217
accn|NZ_DS264619	resfinderf|tet(H)|1	99.917	1203	1	0	35469	36671	1203	1	0.0	2217
accn|NZ_DS264619	resfinderf|tet(H)|2	100.000	1171	0	0	35501	36671	1171	1	0.0	2163
accn|NZ_DS264619	PID|170717989|gi|170717206|ref|NC_010519.1|_c1959185-1958412_Haemophilus_somnus_2336_chromosome__complete_genome	100.000	774	0	0	50280	51053	1	774	0.0	1430
accn|NZ_DS264619	PID|170717988|gi|170717206|ref|NC_010519.1|_c1958433-1957663_Haemophilus_somnus_2336_chromosome__complete_genome	99.092	771	7	0	51032	51802	1	771	0.0	1386
accn|NZ_DS264619	PID|170717990|gi|170717206|ref|NC_010519.1|_c1959814-1959185_Haemophilus_somnus_2336_chromosome__complete_genome	100.000	630	0	0	49651	50280	1	630	0.0	1164
accn|NZ_DS264619	PID|170717983|gi|170717206|ref|NC_010519.1|_c1954610-1953915_Haemophilus_somnus_2336_chromosome__complete_genome	96.695	696	23	0	54855	55550	1	696	0.0	1158
accn|NZ_DS264619	ICEberg|2047|Tn7406|GenBank|CP087379.1|1564187..1622411_Mannheimia_haemolytica_strain_IMT47952_chromosome__complete_genome	97.426	544	14	0	28263	28806	7685	8228	0.0	928
accn|NZ_DS264619	ICEberg|2047|Tn7406|GenBank|CP087379.1|1564187..1622411_Mannheimia_haemolytica_strain_IMT47952_chromosome__complete_genome	100.000	113	0	0	75822	75934	37461	37573	1.15e-50	209
accn|NZ_DS264619	PID|170717979|gi|170717206|ref|NC_010519.1|_c1952739-1952350_Haemophilus_somnus_2336_chromosome__complete_genome	100.000	390	0	0	56711	57100	1	390	0.0	721
accn|NZ_DS264619	PID|170717978|gi|170717206|ref|NC_010519.1|_c1952327-1951962_Haemophilus_somnus_2336_chromosome__complete_genome	99.454	366	2	0	57123	57488	1	366	0.0	665
accn|NZ_DS264619	PID|170717984|gi|170717206|ref|NC_010519.1|_c1954960-1954607_Haemophilus_somnus_2336_chromosome__complete_genome	100.000	354	0	0	54505	54858	1	354	0.0	654
accn|NZ_DS264619	PID|170717981|gi|170717206|ref|NC_010519.1|_c1953313-1952987_Haemophilus_somnus_2336_chromosome__complete_genome	99.694	327	1	0	56137	56463	1	327	5.82e-168	599
accn|NZ_DS264619	ICEberg|1803|ICEPmu2|GenBank|CP038871.1|1998244..2056820_Pasteurella_multocida_strain_FCf15_chromosome__complete_genome	100.000	47	0	0	43400	43446	9139	9185	5.60e-14	87.9
accn|NZ_DS264619	ICEberg|1718|ICEHso3|GenBank|NC_008309.1|1952153..2005728_Histophilus_somni_129PT__complete_sequence	96.078	51	1	1	27958	28008	8118	8167	2.60e-12	82.4
accn|NZ_DS264625	ICEberg|1736|ICEMha2|GenBank|NC_020833.2|1557279..1616347_Mannheimia_haemolytica_USDA-ARS-USMARC-183__complete_sequence	100.000	90	0	0	11238	11327	6098	6187	7.97e-39	167
accn|NZ_DS264626	ICEberg|2039|Tn6865|GenBank|CP031123.2|751328..820050_Providencia_huaxiensis_strain_WCHPr000369_chromosome__complete_genome	97.368	38	1	0	11462	11499	65651	65614	1.26e-07	65.8
accn|NZ_DS264639	ICEberg|1736|ICEMha2|GenBank|NC_020833.2|1557279..1616347_Mannheimia_haemolytica_USDA-ARS-USMARC-183__complete_sequence	100.000	2709	0	0	3688	6396	1	2709	0.0	5003
accn|NZ_DS264683	ICEberg|1586|ICEAac3|GenBank|CP043003.1|2132073..2197982_Aggregatibacter_actinomycetemcomitans_strain_HK_907_chromosome__complete_genome	98.701	77	1	0	4292	4368	77	1	1.90e-30	137
accn|NZ_DS264683	ICEberg|1586|ICEAac3|GenBank|CP043003.1|2132073..2197982_Aggregatibacter_actinomycetemcomitans_strain_HK_907_chromosome__complete_genome	97.500	40	1	0	4391	4430	168	129	7.03e-10	69.4
accn|NZ_DS264683	ICEberg|1584|ICEAac1|GenBank|CP012959.1|2164508..2181462_Aggregatibacter_actinomycetemcomitans_strain_624__complete_genome	98.701	77	1	0	4292	4368	16879	16955	1.90e-30	137
accn|NZ_DS264683	ICEberg|2010|Tn6783_201330|GenBank|CP054623.1|2596147..2668162_Pseudomonas_aeruginosa_strain_DL201330_chromosome__complete_genome	95.294	85	3	1	4286	4369	66982	66898	2.46e-29	134
accn|NZ_DS264683	ICEberg|1581|ICE6660|GenBank|MK497171.1|1..112205_Pseudomonas_aeruginosa_sequence	97.403	77	2	0	4292	4368	112129	112205	8.84e-29	132
accn|NZ_DS264683	ICEberg|960|ICEApl1|GenBank|KU551309|27..56176_Actinobacillus_pleuropneumoniae_strain_MIDG2427_tRNA-Leu_gene__integrative_conjugative_element_ICEApl1_mobile_element__and_tRNA-Gly_gene__complete_sequence	100.000	37	0	0	4394	4430	56150	56114	7.03e-10	69.4
accn|NZ_DS264683	ICEberg|1700|ICEHdu1|GenBank|NC_002940.2|718953..768668_[Haemophilus]_ducreyi_35000HP__complete_sequence	100.000	37	0	0	4391	4427	49626	49662	7.03e-10	69.4
accn|NZ_DS264694	ICEberg|1736|ICEMha2|GenBank|NC_020833.2|1557279..1616347_Mannheimia_haemolytica_USDA-ARS-USMARC-183__complete_sequence	100.000	1126	0	0	1	1126	3057	4182	0.0	2080
accn|NZ_DS264694	ICEberg|1697|ICEGpa2|GenBank|CP049090.1|1351751..1421790_Glaesserella_parasuis_strain_aHPS7_chromosome__complete_genome	100.000	56	0	0	772	827	1478	1533	4.81e-21	104
accn|NZ_DS264694	ICEberg|1713|ICEHpa1|GenBank|CP054198.1|1511383..1580304_Glaesserella_parasuis_strain_YHP170504_chromosome__complete_genome	98.214	56	0	1	772	827	1	55	8.05e-19	97.1
accn|NZ_DS264695	ICEberg|38|ICEPdaSpa1|GenBank|AJ870986|1..102985_Photobacterium_damselae_subsp._piscicida_integrative_and_conjugative_element_ICEPdaSpa1__isolate_PC554.2	99.850	1333	2	0	9892	11224	29503	28171	0.0	2451
accn|NZ_DS264695	ICEberg|38|ICEPdaSpa1|GenBank|AJ870986|1..102985_Photobacterium_damselae_subsp._piscicida_integrative_and_conjugative_element_ICEPdaSpa1__isolate_PC554.2	99.554	1345	6	0	9884	11228	83227	81883	0.0	2451
accn|NZ_DS264695	ICEberg|64|CTnBST|GenBank|AY345595|1..100903_Bacteroides_uniformis_strain_WH207_transposon_CTnBST__complete_sequence	99.850	1330	2	0	9892	11221	94872	96201	0.0	2446
accn|NZ_DS264695	ICEberg|350|ICEHpaT3T1|GenBank|FQ312002|1153089..1213144_Haemophilus_parainfluenzae_T3T1_genome	99.551	1336	6	0	9888	11223	17275	15940	0.0	2435
accn|NZ_DS264695	ICEberg|350|ICEHpaT3T1|GenBank|FQ312002|1153089..1213144_Haemophilus_parainfluenzae_T3T1_genome	98.876	1334	15	0	9892	11225	8125	9458	0.0	2381
accn|NZ_DS264695	ICEberg|960|ICEApl1|GenBank|KU551309|27..56176_Actinobacillus_pleuropneumoniae_strain_MIDG2427_tRNA-Leu_gene__integrative_conjugative_element_ICEApl1_mobile_element__and_tRNA-Gly_gene__complete_sequence	99.401	1335	8	0	9891	11225	14613	15947	0.0	2422
accn|NZ_DS264695	ICEberg|960|ICEApl1|GenBank|KU551309|27..56176_Actinobacillus_pleuropneumoniae_strain_MIDG2427_tRNA-Leu_gene__integrative_conjugative_element_ICEApl1_mobile_element__and_tRNA-Gly_gene__complete_sequence	99.174	1332	11	0	9892	11223	23759	22428	0.0	2399
accn|NZ_DS264695	ICEberg|976|ICEKkKWG1|GenBank|LN869922|850916..923591_Kingella_kingae_genome_assembly_KKKWG1__chromosome___I	99.327	1337	9	0	9892	11228	40570	39234	0.0	2420
accn|NZ_DS264695	ICEberg|976|ICEKkKWG1|GenBank|LN869922|850916..923591_Kingella_kingae_genome_assembly_KKKWG1__chromosome___I	99.174	1332	11	0	9892	11223	31425	32756	0.0	2399
accn|NZ_DS264695	ICEberg|1804|ICEPmu3|GenBank|CP038873.1|1026914..1096464_Pasteurella_multocida_strain_FCf45_chromosome__complete_genome	99.327	1337	9	0	9889	11225	40508	41844	0.0	2420
accn|NZ_DS264695	ICEberg|1804|ICEPmu3|GenBank|CP038873.1|1026914..1096464_Pasteurella_multocida_strain_FCf45_chromosome__complete_genome	99.102	1336	12	0	9888	11223	49661	48326	0.0	2401
accn|NZ_DS264695	ICEberg|1804|ICEPmu3|GenBank|CP038873.1|1026914..1096464_Pasteurella_multocida_strain_FCf45_chromosome__complete_genome	98.953	1337	14	0	9892	11228	58786	57450	0.0	2392
accn|NZ_DS264695	ICEberg|1713|ICEHpa1|GenBank|CP054198.1|1511383..1580304_Glaesserella_parasuis_strain_YHP170504_chromosome__complete_genome	99.327	1337	9	0	9892	11228	25372	24036	0.0	2420
accn|NZ_DS264695	ICEberg|1697|ICEGpa2|GenBank|CP049090.1|1351751..1421790_Glaesserella_parasuis_strain_aHPS7_chromosome__complete_genome	99.327	1337	9	0	9892	11228	25136	23800	0.0	2420
accn|NZ_DS264695	ICEberg|969|ICEEcUMNK88|GenBank|CP002729|4888719..4951420_Escherichia_coli_UMNK88__complete_genome	99.400	1333	8	0	9889	11221	49596	50928	0.0	2418
accn|NZ_DS264695	ICEberg|1602|ICEAsp1|GenBank|MW030510.1|1..72978_Actinobacillus_sp._ICEAsp1_mobile_element__complete_sequence	99.325	1334	9	0	9892	11225	43673	45006	0.0	2414
accn|NZ_DS264695	ICEberg|1807|ICEPmu4|GenBank|CP038875.1|2009809..2087766_Pasteurella_multocida_strain_FCf83_chromosome__complete_genome	99.251	1336	10	0	9888	11223	55344	54009	0.0	2412
accn|NZ_DS264695	ICEberg|1807|ICEPmu4|GenBank|CP038875.1|2009809..2087766_Pasteurella_multocida_strain_FCf83_chromosome__complete_genome	99.102	1337	12	0	9892	11228	74007	72671	0.0	2403
accn|NZ_DS264695	ICEberg|2007|Tn6687|GenBank|MN106412.1|1..68777_Haemophilus_influenzae_strain_0_transposon_Tn6687__complete_sequence	99.176	1335	11	0	9891	11225	15735	17069	0.0	2405
accn|NZ_DS264695	ICEberg|2007|Tn6687|GenBank|MN106412.1|1..68777_Haemophilus_influenzae_strain_0_transposon_Tn6687__complete_sequence	99.174	1332	11	0	9892	11223	24881	23550	0.0	2399
accn|NZ_DS264695	ICEberg|1803|ICEPmu2|GenBank|CP038871.1|1998244..2056820_Pasteurella_multocida_strain_FCf15_chromosome__complete_genome	99.176	1335	11	0	9889	11223	14037	15371	0.0	2405
accn|NZ_DS264695	ICEberg|1597|ICEApa1|GenBank|CP050316.1|2129122..2199489_Avibacterium_paragallinarum_strain_ESV-135_chromosome__complete_genome	99.249	1332	10	0	9892	11223	46725	48056	0.0	2405
accn|NZ_DS264695	ICEberg|1597|ICEApa1|GenBank|CP050316.1|2129122..2199489_Avibacterium_paragallinarum_strain_ESV-135_chromosome__complete_genome	99.233	1303	10	0	9926	11228	55837	54535	0.0	2351
accn|NZ_DS264695	ICEberg|1597|ICEApa1|GenBank|CP050316.1|2129122..2199489_Avibacterium_paragallinarum_strain_ESV-135_chromosome__complete_genome	97.778	45	0	1	9892	9936	60647	60604	1.10e-11	76.8
accn|NZ_DS264695	ICEberg|2006|Tn6686|GenBank|MN106411.1|1..64737_Haemophilus_influenzae_strain_G_transposon_Tn6686__complete_sequence	99.174	1332	11	0	9892	11223	26690	25359	0.0	2399
accn|NZ_DS264695	ICEberg|2006|Tn6686|GenBank|MN106411.1|1..64737_Haemophilus_influenzae_strain_G_transposon_Tn6686__complete_sequence	99.834	1202	2	0	9891	11092	14664	15865	0.0	2209
accn|NZ_DS264695	ICEberg|1791|ICEPmiJpn1_PM655|GenBank|KT894734.1|1..92934_Proteus_mirabilis_strain_PM14C28_integrating_conjugative_element_ICEPmiJpn1_mobile_element__complete_sequence__and_peptide_chain_release_factor_3_(prfC)_gene__complete_cds	99.028	1337	13	0	9892	11228	24294	22958	0.0	2398
accn|NZ_DS264695	ICEberg|1791|ICEPmiJpn1_PM655|GenBank|KT894734.1|1..92934_Proteus_mirabilis_strain_PM14C28_integrating_conjugative_element_ICEPmiJpn1_mobile_element__complete_sequence__and_peptide_chain_release_factor_3_(prfC)_gene__complete_cds	98.369	1349	21	1	9876	11223	11341	9993	0.0	2368
accn|NZ_DS264695	ICEberg|1772|ICEPmiBra607|GenBank|CP049753.1|1687350..1780822_Proteus_mirabilis_strain_PmBR607_chromosome__complete_genome	99.027	1336	13	0	9888	11223	11097	9762	0.0	2396
accn|NZ_DS264695	ICEberg|1772|ICEPmiBra607|GenBank|CP049753.1|1687350..1780822_Proteus_mirabilis_strain_PmBR607_chromosome__complete_genome	99.099	1332	12	0	9892	11223	26326	24995	0.0	2394
accn|NZ_DS264695	ICEberg|1207|ICEKpnCR14-2|GenBank|CP015392.1|1776406..1984641_Klebsiella_pneumoniae_strain_CR14__complete_genome	98.882	1342	15	0	9884	11225	168050	169391	0.0	2396
accn|NZ_DS264695	ICEberg|1207|ICEKpnCR14-2|GenBank|CP015392.1|1776406..1984641_Klebsiella_pneumoniae_strain_CR14__complete_genome	99.024	1332	13	0	9892	11223	57565	56234	0.0	2388
accn|NZ_DS264695	ICEberg|1207|ICEKpnCR14-2|GenBank|CP015392.1|1776406..1984641_Klebsiella_pneumoniae_strain_CR14__complete_genome	99.024	1332	13	0	9889	11220	62744	64075	0.0	2388
accn|NZ_DS264695	ICEberg|60|ICEHin1056|GenBank|AJ627386|1..59393_Haemophilus_influenzae_plasmid_ICEhin1056	99.099	1332	12	0	9892	11223	26637	25306	0.0	2394
accn|NZ_DS264695	ICEberg|60|ICEHin1056|GenBank|AJ627386|1..59393_Haemophilus_influenzae_plasmid_ICEhin1056	99.750	1202	3	0	9891	11092	14612	15813	0.0	2204
accn|NZ_DS264695	ICEberg|2045|Tn6966|GenBank|CP064830.1|3371703..3442829_Morganella_morganii_subsp._morganii_strain_81703_chromosome__complete_genome	99.099	1332	12	0	9892	11223	17553	16222	0.0	2394
accn|NZ_DS264695	ICEberg|2045|Tn6966|GenBank|CP064830.1|3371703..3442829_Morganella_morganii_subsp._morganii_strain_81703_chromosome__complete_genome	99.098	1330	12	0	9892	11221	3277	1948	0.0	2390
accn|NZ_DS264695	ICEberg|2045|Tn6966|GenBank|CP064830.1|3371703..3442829_Morganella_morganii_subsp._morganii_strain_81703_chromosome__complete_genome	99.681	941	3	0	9892	10832	11475	12415	0.0	1722
accn|NZ_DS264695	ICEberg|1692|ICEGpa1804|GenBank|CP069308.1|717521..789400_Glaesserella_parasuis_strain_EHP1804_chromosome__complete_genome	98.651	1334	18	0	9892	11225	48220	49553	0.0	2364
accn|NZ_DS264695	ICEberg|1692|ICEGpa1804|GenBank|CP069308.1|717521..789400_Glaesserella_parasuis_strain_EHP1804_chromosome__complete_genome	99.405	1009	6	0	9892	10900	44974	45982	0.0	1831
accn|NZ_DS264695	ICEberg|1046|ICEValHN492|GenBank|KT072769|1..106164_Vibrio_alginolyticus_strain_HN492_transposon_integrating_conjugative_element_ICEValHN492__complete_sequence	96.924	1333	39	2	9892	11224	25008	26338	0.0	2233
accn|NZ_DS264695	ICEberg|1043|ICEValE0601|GenBank|KT072768|1..106165_Vibrio_alginolyticus_strain_E0601_transposon_integrating_conjugative_element_ICEValE0601__complete_sequence	96.924	1333	39	2	9892	11224	25009	26339	0.0	2233
accn|NZ_DS264695	ICEberg|2046|Tn7100|GenBank|OW736085.1|1..73601_Haemophilus_influenzae_strain_Hi-228_transposon_7100__complete_sequence	99.834	1202	2	0	9891	11092	19992	21193	0.0	2209
accn|NZ_DS264695	ICEberg|2046|Tn7100|GenBank|OW736085.1|1..73601_Haemophilus_influenzae_strain_Hi-228_transposon_7100__complete_sequence	99.833	1201	2	0	9892	11092	27169	25969	0.0	2207
accn|NZ_DS264695	ICEberg|2010|Tn6783_201330|GenBank|CP054623.1|2596147..2668162_Pseudomonas_aeruginosa_strain_DL201330_chromosome__complete_genome	98.750	80	1	0	683	762	66975	66896	1.07e-31	143
accn|NZ_DS264695	ICEberg|1586|ICEAac3|GenBank|CP043003.1|2132073..2197982_Aggregatibacter_actinomycetemcomitans_strain_HK_907_chromosome__complete_genome	100.000	77	0	0	683	759	77	1	1.07e-31	143
accn|NZ_DS264695	ICEberg|1584|ICEAac1|GenBank|CP012959.1|2164508..2181462_Aggregatibacter_actinomycetemcomitans_strain_624__complete_genome	100.000	77	0	0	683	759	16879	16955	1.07e-31	143
accn|NZ_DS264695	ICEberg|1701|ICEHdu2|GenBank|CP015434.1|162562..211583_[Haemophilus]_ducreyi_strain_GHA9__complete_genome	100.000	76	0	0	684	759	49022	48947	3.84e-31	141
accn|NZ_DS264695	ICEberg|1700|ICEHdu1|GenBank|NC_002940.2|718953..768668_[Haemophilus]_ducreyi_35000HP__complete_sequence	100.000	76	0	0	684	759	1	76	3.84e-31	141
accn|NZ_DS264695	ICEberg|1581|ICE6660|GenBank|MK497171.1|1..112205_Pseudomonas_aeruginosa_sequence	97.500	80	2	0	680	759	112126	112205	4.97e-30	137
accn|NZ_DS264699	ICEberg|1736|ICEMha2|GenBank|NC_020833.2|1557279..1616347_Mannheimia_haemolytica_USDA-ARS-USMARC-183__complete_sequence	100.000	1087	0	0	1	1087	9494	10580	0.0	2008
accn|NZ_DS264710	ICEberg|1736|ICEMha2|GenBank|NC_020833.2|1557279..1616347_Mannheimia_haemolytica_USDA-ARS-USMARC-183__complete_sequence	99.949	1947	1	0	1	1947	9432	7486	0.0	3591
