accn|CP151229	ICEberg|987|ICEMh1|GenBank|CP005383|2128248..2190602_Mannheimia_haemolytica_M42548__complete_genome	99.998	62355	1	0	362884	425238	1	62355	0.0	1.151e+05
accn|CP151229	ICEberg|987|ICEMh1|GenBank|CP005383|2128248..2190602_Mannheimia_haemolytica_M42548__complete_genome	100.000	309	0	0	369685	369993	3986	4294	2.72e-158	571
accn|CP151229	ICEberg|987|ICEMh1|GenBank|CP005383|2128248..2190602_Mannheimia_haemolytica_M42548__complete_genome	100.000	309	0	0	366869	367177	6802	7110	2.72e-158	571
accn|CP151229	ICEberg|987|ICEMh1|GenBank|CP005383|2128248..2190602_Mannheimia_haemolytica_M42548__complete_genome	97.436	117	3	0	368639	368755	4297	4413	1.48e-46	200
accn|CP151229	ICEberg|987|ICEMh1|GenBank|CP005383|2128248..2190602_Mannheimia_haemolytica_M42548__complete_genome	97.436	117	3	0	367180	367296	5756	5872	1.48e-46	200
accn|CP151229	ICEberg|987|ICEMh1|GenBank|CP005383|2128248..2190602_Mannheimia_haemolytica_M42548__complete_genome	96.000	50	2	0	383348	383397	20410	20459	5.59e-11	82.4
accn|CP151229	ICEberg|987|ICEMh1|GenBank|CP005383|2128248..2190602_Mannheimia_haemolytica_M42548__complete_genome	96.000	50	2	0	383293	383342	20465	20514	5.59e-11	82.4
accn|CP151229	ICEberg|1719|ICEHso4|GenBank|CP018803.1|686759..761246_Histophilus_somni_strain_USDA-ARS-USMARC-63255_chromosome__complete_genome	99.993	55879	2	1	369362	425238	55879	1	0.0	1.032e+05
accn|CP151229	ICEberg|1719|ICEHso4|GenBank|CP018803.1|686759..761246_Histophilus_somni_strain_USDA-ARS-USMARC-63255_chromosome__complete_genome	99.961	5174	2	0	361482	366655	67822	62649	0.0	9544
accn|CP151229	ICEberg|1719|ICEHso4|GenBank|CP018803.1|686759..761246_Histophilus_somni_strain_USDA-ARS-USMARC-63255_chromosome__complete_genome	99.813	1070	2	0	368924	369993	69431	68362	0.0	1965
accn|CP151229	ICEberg|1719|ICEHso4|GenBank|CP018803.1|686759..761246_Histophilus_somni_strain_USDA-ARS-USMARC-63255_chromosome__complete_genome	100.000	310	0	0	366869	367178	68670	68361	7.56e-159	573
accn|CP151229	ICEberg|1719|ICEHso4|GenBank|CP018803.1|686759..761246_Histophilus_somni_strain_USDA-ARS-USMARC-63255_chromosome__complete_genome	99.365	315	2	0	366869	367183	55556	55242	2.72e-158	571
accn|CP151229	ICEberg|1719|ICEHso4|GenBank|CP018803.1|686759..761246_Histophilus_somni_strain_USDA-ARS-USMARC-63255_chromosome__complete_genome	96.000	50	2	0	383293	383342	41893	41844	5.59e-11	82.4
accn|CP151229	ICEberg|1719|ICEHso4|GenBank|CP018803.1|686759..761246_Histophilus_somni_strain_USDA-ARS-USMARC-63255_chromosome__complete_genome	96.000	50	2	0	383348	383397	41948	41899	5.59e-11	82.4
accn|CP151229	ICEberg|1719|ICEHso4|GenBank|CP018803.1|686759..761246_Histophilus_somni_strain_USDA-ARS-USMARC-63255_chromosome__complete_genome	95.918	49	2	0	2432841	2432889	72583	72535	2.01e-10	80.5
accn|CP151229	ICEberg|1719|ICEHso4|GenBank|CP018803.1|686759..761246_Histophilus_somni_strain_USDA-ARS-USMARC-63255_chromosome__complete_genome	95.918	49	2	0	333794	333842	72583	72535	2.01e-10	80.5
accn|CP151229	ICEberg|1716|ICEHs02|GenBank|CP042993.1|687500..760418_Histophilus_somni_strain_UOC-KLM-ATR-014_chromosome__complete_genome	99.029	55832	530	7	369362	425183	55830	1	0.0	1.001e+05
accn|CP151229	ICEberg|1716|ICEHs02|GenBank|CP042993.1|687500..760418_Histophilus_somni_strain_UOC-KLM-ATR-014_chromosome__complete_genome	99.961	5174	2	0	361482	366655	67773	62600	0.0	9544
accn|CP151229	ICEberg|1716|ICEHs02|GenBank|CP042993.1|687500..760418_Histophilus_somni_strain_UOC-KLM-ATR-014_chromosome__complete_genome	99.813	1070	2	0	368924	369993	69382	68313	0.0	1965
accn|CP151229	ICEberg|1716|ICEHs02|GenBank|CP042993.1|687500..760418_Histophilus_somni_strain_UOC-KLM-ATR-014_chromosome__complete_genome	100.000	310	0	0	366869	367178	68621	68312	7.56e-159	573
accn|CP151229	ICEberg|1716|ICEHs02|GenBank|CP042993.1|687500..760418_Histophilus_somni_strain_UOC-KLM-ATR-014_chromosome__complete_genome	99.365	315	2	0	366869	367183	55507	55193	2.72e-158	571
accn|CP151229	ICEberg|1716|ICEHs02|GenBank|CP042993.1|687500..760418_Histophilus_somni_strain_UOC-KLM-ATR-014_chromosome__complete_genome	96.296	54	1	1	2430767	2430819	72866	72919	1.20e-12	87.9
accn|CP151229	ICEberg|1716|ICEHs02|GenBank|CP042993.1|687500..760418_Histophilus_somni_strain_UOC-KLM-ATR-014_chromosome__complete_genome	96.000	50	2	0	383293	383342	41844	41795	5.59e-11	82.4
accn|CP151229	ICEberg|1716|ICEHs02|GenBank|CP042993.1|687500..760418_Histophilus_somni_strain_UOC-KLM-ATR-014_chromosome__complete_genome	96.000	50	2	0	383348	383397	41899	41850	5.59e-11	82.4
accn|CP151229	ICEberg|1716|ICEHs02|GenBank|CP042993.1|687500..760418_Histophilus_somni_strain_UOC-KLM-ATR-014_chromosome__complete_genome	95.918	49	2	0	2432841	2432889	72535	72487	2.01e-10	80.5
accn|CP151229	ICEberg|1716|ICEHs02|GenBank|CP042993.1|687500..760418_Histophilus_somni_strain_UOC-KLM-ATR-014_chromosome__complete_genome	95.918	49	2	0	333794	333842	72535	72487	2.01e-10	80.5
accn|CP151229	ICEberg|440|ICEPmu1|GenBank|CP003022|273284..355497_Pasteurella_multocida_36950__complete_genome	99.991	44739	2	2	368924	413661	18124	62861	0.0	82594
accn|CP151229	ICEberg|440|ICEPmu1|GenBank|CP003022|273284..355497_Pasteurella_multocida_36950__complete_genome	99.976	12580	2	1	412722	425300	69633	82212	0.0	23213
accn|CP151229	ICEberg|440|ICEPmu1|GenBank|CP003022|273284..355497_Pasteurella_multocida_36950__complete_genome	99.942	5174	2	1	361482	366655	5092	10264	0.0	9537
accn|CP151229	ICEberg|440|ICEPmu1|GenBank|CP003022|273284..355497_Pasteurella_multocida_36950__complete_genome	99.346	1070	7	0	368924	369993	3483	4552	0.0	1938
accn|CP151229	ICEberg|440|ICEPmu1|GenBank|CP003022|273284..355497_Pasteurella_multocida_36950__complete_genome	100.000	310	0	0	366869	367178	4244	4553	7.56e-159	573
accn|CP151229	ICEberg|440|ICEPmu1|GenBank|CP003022|273284..355497_Pasteurella_multocida_36950__complete_genome	100.000	309	0	0	366869	367177	18885	19193	2.72e-158	571
accn|CP151229	ICEberg|440|ICEPmu1|GenBank|CP003022|273284..355497_Pasteurella_multocida_36950__complete_genome	96.000	50	2	0	383348	383397	32493	32542	5.59e-11	82.4
accn|CP151229	ICEberg|440|ICEPmu1|GenBank|CP003022|273284..355497_Pasteurella_multocida_36950__complete_genome	96.000	50	2	0	383293	383342	32548	32597	5.59e-11	82.4
accn|CP151229	ICEberg|440|ICEPmu1|GenBank|CP003022|273284..355497_Pasteurella_multocida_36950__complete_genome	95.918	49	2	0	333794	333842	331	379	2.01e-10	80.5
accn|CP151229	ICEberg|440|ICEPmu1|GenBank|CP003022|273284..355497_Pasteurella_multocida_36950__complete_genome	95.918	49	2	0	2432841	2432889	331	379	2.01e-10	80.5
accn|CP151229	ICEberg|1734|ICEMh3|GenBank|CP006942.1|959858..1026317_Mannheimia_sp._USDA-ARS-USMARC-1261__complete_genome	99.962	42386	14	2	369994	412379	65298	22915	0.0	78182
accn|CP151229	ICEberg|1734|ICEMh3|GenBank|CP006942.1|959858..1026317_Mannheimia_sp._USDA-ARS-USMARC-1261__complete_genome	99.675	8308	5	1	416931	425238	8286	1	0.0	15173
accn|CP151229	ICEberg|1734|ICEMh3|GenBank|CP006942.1|959858..1026317_Mannheimia_sp._USDA-ARS-USMARC-1261__complete_genome	99.716	2817	8	0	412070	414886	16421	13605	0.0	5158
accn|CP151229	ICEberg|1734|ICEMh3|GenBank|CP006942.1|959858..1026317_Mannheimia_sp._USDA-ARS-USMARC-1261__complete_genome	96.000	50	2	0	383293	383342	51944	51895	5.59e-11	82.4
accn|CP151229	ICEberg|1734|ICEMh3|GenBank|CP006942.1|959858..1026317_Mannheimia_sp._USDA-ARS-USMARC-1261__complete_genome	96.000	50	2	0	383348	383397	51999	51950	5.59e-11	82.4
accn|CP151229	ICEberg|441|ICEHso2336-1|GenBank|CP000947|1927921..1994529_Haemophilus_somnus_2336__complete_genome	99.969	39020	10	1	373349	412366	4602	43621	0.0	71989
accn|CP151229	ICEberg|441|ICEHso2336-1|GenBank|CP000947|1927921..1994529_Haemophilus_somnus_2336__complete_genome	99.677	8370	5	1	416931	425300	58262	66609	0.0	15287
accn|CP151229	ICEberg|441|ICEHso2336-1|GenBank|CP000947|1927921..1994529_Haemophilus_somnus_2336__complete_genome	99.752	2820	7	0	412067	414886	50124	52943	0.0	5169
accn|CP151229	ICEberg|441|ICEHso2336-1|GenBank|CP000947|1927921..1994529_Haemophilus_somnus_2336__complete_genome	99.077	1084	9	1	368917	370000	4607	3525	0.0	1945
accn|CP151229	ICEberg|441|ICEHso2336-1|GenBank|CP000947|1927921..1994529_Haemophilus_somnus_2336__complete_genome	99.365	315	2	0	366869	367183	3840	3526	2.72e-158	571
accn|CP151229	ICEberg|441|ICEHso2336-1|GenBank|CP000947|1927921..1994529_Haemophilus_somnus_2336__complete_genome	100.000	50	0	0	369994	370043	3482	3531	2.58e-14	93.5
accn|CP151229	ICEberg|441|ICEHso2336-1|GenBank|CP000947|1927921..1994529_Haemophilus_somnus_2336__complete_genome	96.000	50	2	0	383348	383397	14546	14595	5.59e-11	82.4
accn|CP151229	ICEberg|441|ICEHso2336-1|GenBank|CP000947|1927921..1994529_Haemophilus_somnus_2336__complete_genome	96.000	50	2	0	383293	383342	14601	14650	5.59e-11	82.4
accn|CP151229	ICEberg|441|ICEHso2336-1|GenBank|CP000947|1927921..1994529_Haemophilus_somnus_2336__complete_genome	95.918	49	2	0	333794	333842	331	379	2.01e-10	80.5
accn|CP151229	ICEberg|441|ICEHso2336-1|GenBank|CP000947|1927921..1994529_Haemophilus_somnus_2336__complete_genome	95.918	49	2	0	2432841	2432889	331	379	2.01e-10	80.5
accn|CP151229	ICEberg|1717|ICEHs1|GenBank|MF136609.1|1..64932_Histophilus_somni_strain_AVI_1_integrative_conjugative_element_ICEHs1__complete_sequence	99.828	39028	52	13	373349	412369	4617	43636	0.0	71706
accn|CP151229	ICEberg|1717|ICEHs1|GenBank|MF136609.1|1..64932_Histophilus_somni_strain_AVI_1_integrative_conjugative_element_ICEHs1__complete_sequence	99.149	2821	22	2	412066	414886	49417	52235	0.0	5075
accn|CP151229	ICEberg|1717|ICEHs1|GenBank|MF136609.1|1..64932_Histophilus_somni_strain_AVI_1_integrative_conjugative_element_ICEHs1__complete_sequence	99.921	1268	1	0	413619	414886	44269	45536	0.0	2337
accn|CP151229	ICEberg|1717|ICEHs1|GenBank|MF136609.1|1..64932_Histophilus_somni_strain_AVI_1_integrative_conjugative_element_ICEHs1__complete_sequence	99.091	1100	9	1	368917	370016	4622	3524	0.0	1977
accn|CP151229	ICEberg|1717|ICEHs1|GenBank|MF136609.1|1..64932_Histophilus_somni_strain_AVI_1_integrative_conjugative_element_ICEHs1__complete_sequence	99.365	315	2	0	366869	367183	3855	3541	2.72e-158	571
accn|CP151229	ICEberg|1717|ICEHs1|GenBank|MF136609.1|1..64932_Histophilus_somni_strain_AVI_1_integrative_conjugative_element_ICEHs1__complete_sequence	96.000	50	2	0	383348	383397	14561	14610	5.59e-11	82.4
accn|CP151229	ICEberg|1717|ICEHs1|GenBank|MF136609.1|1..64932_Histophilus_somni_strain_AVI_1_integrative_conjugative_element_ICEHs1__complete_sequence	96.000	50	2	0	383293	383342	14616	14665	5.59e-11	82.4
accn|CP151229	ICEberg|1717|ICEHs1|GenBank|MF136609.1|1..64932_Histophilus_somni_strain_AVI_1_integrative_conjugative_element_ICEHs1__complete_sequence	95.918	49	2	0	333794	333842	344	392	2.01e-10	80.5
accn|CP151229	ICEberg|1717|ICEHs1|GenBank|MF136609.1|1..64932_Histophilus_somni_strain_AVI_1_integrative_conjugative_element_ICEHs1__complete_sequence	95.918	49	2	0	2432841	2432889	344	392	2.01e-10	80.5
accn|CP151229	ICEberg|1717|ICEHs1|GenBank|MF136609.1|1..64932_Histophilus_somni_strain_AVI_1_integrative_conjugative_element_ICEHs1__complete_sequence	100.000	38	0	0	392366	392403	23706	23743	1.21e-07	71.3
accn|CP151229	ICEberg|1736|ICEMha2|GenBank|NC_020833.2|1557279..1616347_Mannheimia_haemolytica_USDA-ARS-USMARC-183__complete_sequence	99.990	31562	3	0	327952	359513	1	31562	0.0	58268
accn|CP151229	ICEberg|1736|ICEMha2|GenBank|NC_020833.2|1557279..1616347_Mannheimia_haemolytica_USDA-ARS-USMARC-183__complete_sequence	99.971	3425	1	0	2430872	2434296	3874	7298	0.0	6320
accn|CP151229	ICEberg|1736|ICEMha2|GenBank|NC_020833.2|1557279..1616347_Mannheimia_haemolytica_USDA-ARS-USMARC-183__complete_sequence	96.648	2088	59	8	2467933	2470018	45183	43105	0.0	3458
accn|CP151229	ICEberg|1736|ICEMha2|GenBank|NC_020833.2|1557279..1616347_Mannheimia_haemolytica_USDA-ARS-USMARC-183__complete_sequence	99.917	1206	1	0	2629967	2631172	6098	7303	0.0	2222
accn|CP151229	ICEberg|1736|ICEMha2|GenBank|NC_020833.2|1557279..1616347_Mannheimia_haemolytica_USDA-ARS-USMARC-183__complete_sequence	99.917	1204	1	0	1855046	1856249	7301	6098	0.0	2218
accn|CP151229	ICEberg|1736|ICEMha2|GenBank|NC_020833.2|1557279..1616347_Mannheimia_haemolytica_USDA-ARS-USMARC-183__complete_sequence	99.917	1202	1	0	161050	162251	7299	6098	0.0	2215
accn|CP151229	ICEberg|1736|ICEMha2|GenBank|NC_020833.2|1557279..1616347_Mannheimia_haemolytica_USDA-ARS-USMARC-183__complete_sequence	99.917	1201	1	0	176314	177514	6098	7298	0.0	2213
accn|CP151229	ICEberg|1736|ICEMha2|GenBank|NC_020833.2|1557279..1616347_Mannheimia_haemolytica_USDA-ARS-USMARC-183__complete_sequence	99.917	1201	1	0	1782548	1783748	7298	6098	0.0	2213
accn|CP151229	ICEberg|1736|ICEMha2|GenBank|NC_020833.2|1557279..1616347_Mannheimia_haemolytica_USDA-ARS-USMARC-183__complete_sequence	99.917	1201	1	0	1372289	1373489	6098	7298	0.0	2213
accn|CP151229	ICEberg|1736|ICEMha2|GenBank|NC_020833.2|1557279..1616347_Mannheimia_haemolytica_USDA-ARS-USMARC-183__complete_sequence	99.751	1206	3	0	658501	659706	6098	7303	0.0	2211
accn|CP151229	ICEberg|1736|ICEMha2|GenBank|NC_020833.2|1557279..1616347_Mannheimia_haemolytica_USDA-ARS-USMARC-183__complete_sequence	99.667	1202	4	0	803017	804218	6097	7298	0.0	2198
accn|CP151229	ICEberg|1736|ICEMha2|GenBank|NC_020833.2|1557279..1616347_Mannheimia_haemolytica_USDA-ARS-USMARC-183__complete_sequence	99.340	1213	6	2	1377407	1378618	6092	7303	0.0	2194
accn|CP151229	ICEberg|1736|ICEMha2|GenBank|NC_020833.2|1557279..1616347_Mannheimia_haemolytica_USDA-ARS-USMARC-183__complete_sequence	98.668	1201	16	0	2447936	2449136	7298	6098	0.0	2130
accn|CP151229	ICEberg|1736|ICEMha2|GenBank|NC_020833.2|1557279..1616347_Mannheimia_haemolytica_USDA-ARS-USMARC-183__complete_sequence	98.668	1201	16	0	1309001	1310201	7298	6098	0.0	2130
accn|CP151229	ICEberg|1736|ICEMha2|GenBank|NC_020833.2|1557279..1616347_Mannheimia_haemolytica_USDA-ARS-USMARC-183__complete_sequence	96.922	1202	37	0	2443101	2444302	6098	7299	0.0	2015
accn|CP151229	ICEberg|1736|ICEMha2|GenBank|NC_020833.2|1557279..1616347_Mannheimia_haemolytica_USDA-ARS-USMARC-183__complete_sequence	98.099	1157	21	1	2279309	2280464	7254	6098	0.0	2013
accn|CP151229	ICEberg|1736|ICEMha2|GenBank|NC_020833.2|1557279..1616347_Mannheimia_haemolytica_USDA-ARS-USMARC-183__complete_sequence	100.000	769	0	0	360714	361482	31555	32323	0.0	1421
accn|CP151229	ICEberg|1736|ICEMha2|GenBank|NC_020833.2|1557279..1616347_Mannheimia_haemolytica_USDA-ARS-USMARC-183__complete_sequence	96.181	864	29	4	2453314	2454175	47606	46745	0.0	1410
accn|CP151229	ICEberg|1736|ICEMha2|GenBank|NC_020833.2|1557279..1616347_Mannheimia_haemolytica_USDA-ARS-USMARC-183__complete_sequence	99.864	737	1	0	693570	694306	6562	7298	0.0	1356
accn|CP151229	ICEberg|1736|ICEMha2|GenBank|NC_020833.2|1557279..1616347_Mannheimia_haemolytica_USDA-ARS-USMARC-183__complete_sequence	100.000	712	0	0	2600459	2601170	6587	7298	0.0	1315
accn|CP151229	ICEberg|1736|ICEMha2|GenBank|NC_020833.2|1557279..1616347_Mannheimia_haemolytica_USDA-ARS-USMARC-183__complete_sequence	99.860	712	1	0	522299	523010	6587	7298	0.0	1310
accn|CP151229	ICEberg|1736|ICEMha2|GenBank|NC_020833.2|1557279..1616347_Mannheimia_haemolytica_USDA-ARS-USMARC-183__complete_sequence	96.739	460	15	0	521844	522303	6098	6557	0.0	767
accn|CP151229	ICEberg|1736|ICEMha2|GenBank|NC_020833.2|1557279..1616347_Mannheimia_haemolytica_USDA-ARS-USMARC-183__complete_sequence	96.739	460	15	0	2600004	2600463	6098	6557	0.0	767
accn|CP151229	ICEberg|1736|ICEMha2|GenBank|NC_020833.2|1557279..1616347_Mannheimia_haemolytica_USDA-ARS-USMARC-183__complete_sequence	100.000	401	0	0	163714	164114	6898	7298	0.0	741
accn|CP151229	ICEberg|1736|ICEMha2|GenBank|NC_020833.2|1557279..1616347_Mannheimia_haemolytica_USDA-ARS-USMARC-183__complete_sequence	100.000	286	0	0	261212	261497	7014	7299	1.66e-145	529
accn|CP151229	ICEberg|1736|ICEMha2|GenBank|NC_020833.2|1557279..1616347_Mannheimia_haemolytica_USDA-ARS-USMARC-183__complete_sequence	99.593	246	1	0	2473042	2473287	7056	7301	1.33e-121	449
accn|CP151229	ICEberg|1736|ICEMha2|GenBank|NC_020833.2|1557279..1616347_Mannheimia_haemolytica_USDA-ARS-USMARC-183__complete_sequence	97.312	186	4	1	2445778	2445963	7298	7114	5.06e-81	315
accn|CP151229	ICEberg|1736|ICEMha2|GenBank|NC_020833.2|1557279..1616347_Mannheimia_haemolytica_USDA-ARS-USMARC-183__complete_sequence	95.187	187	8	1	2445777	2445963	10476	10291	6.59e-75	294
accn|CP151229	ICEberg|1736|ICEMha2|GenBank|NC_020833.2|1557279..1616347_Mannheimia_haemolytica_USDA-ARS-USMARC-183__complete_sequence	100.000	90	0	0	261124	261213	6098	6187	1.50e-36	167
accn|CP151229	ICEberg|1736|ICEMha2|GenBank|NC_020833.2|1557279..1616347_Mannheimia_haemolytica_USDA-ARS-USMARC-183__complete_sequence	100.000	59	0	0	2430769	2430827	3883	3825	2.56e-19	110
accn|CP151229	ICEberg|1736|ICEMha2|GenBank|NC_020833.2|1557279..1616347_Mannheimia_haemolytica_USDA-ARS-USMARC-183__complete_sequence	95.745	47	2	0	2470013	2470059	13858	13812	2.60e-09	76.8
accn|CP151229	ICEberg|2047|Tn7406|GenBank|CP087379.1|1564187..1622411_Mannheimia_haemolytica_strain_IMT47952_chromosome__complete_genome	96.683	10823	356	1	391221	402040	25177	14355	0.0	17994
accn|CP151229	ICEberg|2047|Tn7406|GenBank|CP087379.1|1564187..1622411_Mannheimia_haemolytica_strain_IMT47952_chromosome__complete_genome	96.923	7409	212	2	417907	425300	7408	1	0.0	12405
accn|CP151229	ICEberg|2047|Tn7406|GenBank|CP087379.1|1564187..1622411_Mannheimia_haemolytica_strain_IMT47952_chromosome__complete_genome	99.902	2044	2	0	414887	416930	37574	39617	0.0	3764
accn|CP151229	ICEberg|2047|Tn7406|GenBank|CP087379.1|1564187..1622411_Mannheimia_haemolytica_strain_IMT47952_chromosome__complete_genome	99.944	1773	1	0	363929	365701	41844	43616	0.0	3269
accn|CP151229	ICEberg|2047|Tn7406|GenBank|CP087379.1|1564187..1622411_Mannheimia_haemolytica_strain_IMT47952_chromosome__complete_genome	99.903	1026	1	0	365776	366801	51537	52562	0.0	1890
accn|CP151229	ICEberg|2047|Tn7406|GenBank|CP087379.1|1564187..1622411_Mannheimia_haemolytica_strain_IMT47952_chromosome__complete_genome	99.529	637	3	0	365802	366438	44326	44962	0.0	1160
accn|CP151229	ICEberg|2047|Tn7406|GenBank|CP087379.1|1564187..1622411_Mannheimia_haemolytica_strain_IMT47952_chromosome__complete_genome	100.000	113	0	0	344252	344364	37573	37461	2.46e-49	209
accn|CP151229	ICEberg|2047|Tn7406|GenBank|CP087379.1|1564187..1622411_Mannheimia_haemolytica_strain_IMT47952_chromosome__complete_genome	96.610	59	1	1	2433033	2433091	57920	57863	2.00e-15	97.1
accn|CP151229	ICEberg|2047|Tn7406|GenBank|CP087379.1|1564187..1622411_Mannheimia_haemolytica_strain_IMT47952_chromosome__complete_genome	96.610	59	1	1	333986	334044	57920	57863	2.00e-15	97.1
accn|CP151229	ICEberg|2047|Tn7406|GenBank|CP087379.1|1564187..1622411_Mannheimia_haemolytica_strain_IMT47952_chromosome__complete_genome	100.000	36	0	0	2471579	2471614	37573	37538	1.56e-06	67.6
accn|CP151229	ICEberg|2047|Tn7406|GenBank|CP087379.1|1564187..1622411_Mannheimia_haemolytica_strain_IMT47952_chromosome__complete_genome	95.238	42	2	0	2470018	2470059	54944	54985	1.56e-06	67.6
accn|CP151229	ICEberg|1698|ICEGpa3|GenBank|CP018032.1|1710663..1776472_Glaesserella_parasuis_D74__complete_sequence	95.394	6448	282	14	339420	345858	43884	37443	0.0	10248
accn|CP151229	ICEberg|1698|ICEGpa3|GenBank|CP018032.1|1710663..1776472_Glaesserella_parasuis_D74__complete_sequence	95.683	4911	196	11	378323	383228	37295	32396	0.0	7880
accn|CP151229	ICEberg|1698|ICEGpa3|GenBank|CP018032.1|1710663..1776472_Glaesserella_parasuis_D74__complete_sequence	98.477	1379	21	0	2466082	2467460	13596	14974	0.0	2431
accn|CP151229	ICEberg|1698|ICEGpa3|GenBank|CP018032.1|1710663..1776472_Glaesserella_parasuis_D74__complete_sequence	96.347	438	16	0	106096	106533	49901	49464	0.0	721
accn|CP151229	ICEberg|1698|ICEGpa3|GenBank|CP018032.1|1710663..1776472_Glaesserella_parasuis_D74__complete_sequence	100.000	47	0	0	2470013	2470059	41495	41541	1.20e-12	87.9
accn|CP151229	ICEberg|1698|ICEGpa3|GenBank|CP018032.1|1710663..1776472_Glaesserella_parasuis_D74__complete_sequence	97.959	49	1	0	2432841	2432889	44607	44559	4.32e-12	86.1
accn|CP151229	ICEberg|1698|ICEGpa3|GenBank|CP018032.1|1710663..1776472_Glaesserella_parasuis_D74__complete_sequence	97.959	49	1	0	333794	333842	44607	44559	4.32e-12	86.1
accn|CP151229	ICEberg|1692|ICEGpa1804|GenBank|CP069308.1|717521..789400_Glaesserella_parasuis_strain_EHP1804_chromosome__complete_genome	99.929	4220	3	0	361482	365701	64311	60092	0.0	7777
accn|CP151229	ICEberg|1692|ICEGpa1804|GenBank|CP069308.1|717521..789400_Glaesserella_parasuis_strain_EHP1804_chromosome__complete_genome	99.567	1387	4	2	365802	367187	59382	57997	0.0	2527
accn|CP151229	ICEberg|1692|ICEGpa1804|GenBank|CP069308.1|717521..789400_Glaesserella_parasuis_strain_EHP1804_chromosome__complete_genome	98.890	1081	11	1	368923	370002	55977	54897	0.0	1929
accn|CP151229	ICEberg|1692|ICEGpa1804|GenBank|CP069308.1|717521..789400_Glaesserella_parasuis_strain_EHP1804_chromosome__complete_genome	99.066	1071	10	0	368923	369993	66001	64931	0.0	1923
accn|CP151229	ICEberg|1692|ICEGpa1804|GenBank|CP069308.1|717521..789400_Glaesserella_parasuis_strain_EHP1804_chromosome__complete_genome	100.000	309	0	0	366869	367177	55215	54907	2.72e-158	571
accn|CP151229	ICEberg|1692|ICEGpa1804|GenBank|CP069308.1|717521..789400_Glaesserella_parasuis_strain_EHP1804_chromosome__complete_genome	100.000	309	0	0	369685	369993	58315	58007	2.72e-158	571
accn|CP151229	ICEberg|1692|ICEGpa1804|GenBank|CP069308.1|717521..789400_Glaesserella_parasuis_strain_EHP1804_chromosome__complete_genome	97.892	332	4	3	366869	367199	65239	64910	2.72e-158	571
accn|CP151229	ICEberg|1603|ICEAsu1|GenBank|CP009159.1|982132..1037894_Actinobacillus_suis_ATCC_33415__complete_genome	99.523	3984	16	3	408087	412069	20153	16172	0.0	7249
accn|CP151229	ICEberg|1603|ICEAsu1|GenBank|CP009159.1|982132..1037894_Actinobacillus_suis_ATCC_33415__complete_genome	99.387	163	1	0	416931	417093	8207	8045	1.83e-75	296
accn|CP151229	ICEberg|1713|ICEHpa1|GenBank|CP054198.1|1511383..1580304_Glaesserella_parasuis_strain_YHP170504_chromosome__complete_genome	99.712	3125	9	0	366869	369993	6686	9810	0.0	5722
accn|CP151229	ICEberg|1713|ICEHpa1|GenBank|CP054198.1|1511383..1580304_Glaesserella_parasuis_strain_YHP170504_chromosome__complete_genome	99.801	3017	6	0	362682	365698	13916	10900	0.0	5539
accn|CP151229	ICEberg|1713|ICEHpa1|GenBank|CP054198.1|1511383..1580304_Glaesserella_parasuis_strain_YHP170504_chromosome__complete_genome	99.162	1074	9	0	368920	369993	5921	6994	0.0	1934
accn|CP151229	ICEberg|1713|ICEHpa1|GenBank|CP054198.1|1511383..1580304_Glaesserella_parasuis_strain_YHP170504_chromosome__complete_genome	96.459	1073	38	0	368921	369993	13914	14986	0.0	1772
accn|CP151229	ICEberg|1713|ICEHpa1|GenBank|CP054198.1|1511383..1580304_Glaesserella_parasuis_strain_YHP170504_chromosome__complete_genome	100.000	831	0	0	365844	366674	10900	10070	0.0	1535
accn|CP151229	ICEberg|1713|ICEHpa1|GenBank|CP054198.1|1511383..1580304_Glaesserella_parasuis_strain_YHP170504_chromosome__complete_genome	99.355	310	2	0	366869	367178	9502	9811	1.64e-155	562
accn|CP151229	ICEberg|1713|ICEHpa1|GenBank|CP054198.1|1511383..1580304_Glaesserella_parasuis_strain_YHP170504_chromosome__complete_genome	98.706	309	4	0	366869	367177	14678	14986	1.27e-151	549
accn|CP151229	ICEberg|1713|ICEHpa1|GenBank|CP054198.1|1511383..1580304_Glaesserella_parasuis_strain_YHP170504_chromosome__complete_genome	97.436	117	3	0	368639	368755	6997	7113	1.48e-46	200
accn|CP151229	ICEberg|1713|ICEHpa1|GenBank|CP054198.1|1511383..1580304_Glaesserella_parasuis_strain_YHP170504_chromosome__complete_genome	97.436	117	3	0	367180	367296	8456	8572	1.48e-46	200
accn|CP151229	ICEberg|1713|ICEHpa1|GenBank|CP054198.1|1511383..1580304_Glaesserella_parasuis_strain_YHP170504_chromosome__complete_genome	98.214	56	0	1	2430769	2430824	55	1	2.00e-15	97.1
accn|CP151229	ICEberg|1713|ICEHpa1|GenBank|CP054198.1|1511383..1580304_Glaesserella_parasuis_strain_YHP170504_chromosome__complete_genome	98.214	56	0	1	331779	331834	1	55	2.00e-15	97.1
accn|CP151229	ICEberg|1697|ICEGpa2|GenBank|CP049090.1|1351751..1421790_Glaesserella_parasuis_strain_aHPS7_chromosome__complete_genome	99.329	3131	15	1	366869	369993	8164	11294	0.0	5661
accn|CP151229	ICEberg|1697|ICEGpa2|GenBank|CP049090.1|1351751..1421790_Glaesserella_parasuis_strain_aHPS7_chromosome__complete_genome	99.801	3017	6	0	362682	365698	15343	12327	0.0	5539
accn|CP151229	ICEberg|1697|ICEGpa2|GenBank|CP049090.1|1351751..1421790_Glaesserella_parasuis_strain_aHPS7_chromosome__complete_genome	98.510	1074	16	0	368920	369993	7399	8472	0.0	1895
accn|CP151229	ICEberg|1697|ICEGpa2|GenBank|CP049090.1|1351751..1421790_Glaesserella_parasuis_strain_aHPS7_chromosome__complete_genome	96.552	1073	37	0	368921	369993	15341	16413	0.0	1777
accn|CP151229	ICEberg|1697|ICEGpa2|GenBank|CP049090.1|1351751..1421790_Glaesserella_parasuis_strain_aHPS7_chromosome__complete_genome	100.000	831	0	0	365844	366674	12327	11497	0.0	1535
accn|CP151229	ICEberg|1697|ICEGpa2|GenBank|CP049090.1|1351751..1421790_Glaesserella_parasuis_strain_aHPS7_chromosome__complete_genome	99.677	310	1	0	366869	367178	10986	11295	3.52e-157	568
accn|CP151229	ICEberg|1697|ICEGpa2|GenBank|CP049090.1|1351751..1421790_Glaesserella_parasuis_strain_aHPS7_chromosome__complete_genome	97.188	320	7	2	366869	367187	16105	16423	7.67e-149	540
accn|CP151229	ICEberg|1697|ICEGpa2|GenBank|CP049090.1|1351751..1421790_Glaesserella_parasuis_strain_aHPS7_chromosome__complete_genome	97.436	117	3	0	368639	368755	8475	8591	1.48e-46	200
accn|CP151229	ICEberg|1697|ICEGpa2|GenBank|CP049090.1|1351751..1421790_Glaesserella_parasuis_strain_aHPS7_chromosome__complete_genome	97.436	117	3	0	367180	367296	9940	10056	1.48e-46	200
accn|CP151229	ICEberg|1697|ICEGpa2|GenBank|CP049090.1|1351751..1421790_Glaesserella_parasuis_strain_aHPS7_chromosome__complete_genome	100.000	56	0	0	2430769	2430824	1533	1478	1.19e-17	104
accn|CP151229	ICEberg|1697|ICEGpa2|GenBank|CP049090.1|1351751..1421790_Glaesserella_parasuis_strain_aHPS7_chromosome__complete_genome	100.000	56	0	0	331779	331834	1478	1533	1.19e-17	104
accn|CP151229	PID|170717971|gi|170717206|ref|NC_010519.1|_c1948550-1945713_Haemophilus_somnus_2336_chromosome__complete_genome	99.965	2838	1	0	386540	389377	2838	1	0.0	5236
accn|CP151229	ICEberg|1602|ICEAsp1|GenBank|MW030510.1|1..72978_Actinobacillus_sp._ICEAsp1_mobile_element__complete_sequence	99.777	2243	5	0	362682	364924	55130	57372	0.0	4115
accn|CP151229	ICEberg|1602|ICEAsp1|GenBank|MW030510.1|1..72978_Actinobacillus_sp._ICEAsp1_mobile_element__complete_sequence	99.066	1071	10	0	368923	369993	67053	65983	0.0	1923
accn|CP151229	ICEberg|1602|ICEAsp1|GenBank|MW030510.1|1..72978_Actinobacillus_sp._ICEAsp1_mobile_element__complete_sequence	98.879	1070	12	0	368924	369993	60628	59559	0.0	1910
accn|CP151229	ICEberg|1602|ICEAsp1|GenBank|MW030510.1|1..72978_Actinobacillus_sp._ICEAsp1_mobile_element__complete_sequence	98.242	1081	17	1	368913	369993	63382	62304	0.0	1890
accn|CP151229	ICEberg|1602|ICEAsp1|GenBank|MW030510.1|1..72978_Actinobacillus_sp._ICEAsp1_mobile_element__complete_sequence	96.449	1070	37	1	368924	369993	55129	54061	0.0	1764
accn|CP151229	ICEberg|1602|ICEAsp1|GenBank|MW030510.1|1..72978_Actinobacillus_sp._ICEAsp1_mobile_element__complete_sequence	100.000	831	0	0	365844	366674	58526	59356	0.0	1535
accn|CP151229	ICEberg|1602|ICEAsp1|GenBank|MW030510.1|1..72978_Actinobacillus_sp._ICEAsp1_mobile_element__complete_sequence	100.000	309	0	0	366869	367177	66291	65983	2.72e-158	571
accn|CP151229	ICEberg|1602|ICEAsp1|GenBank|MW030510.1|1..72978_Actinobacillus_sp._ICEAsp1_mobile_element__complete_sequence	99.677	310	1	0	366869	367178	59867	59558	3.52e-157	568
accn|CP151229	ICEberg|1602|ICEAsp1|GenBank|MW030510.1|1..72978_Actinobacillus_sp._ICEAsp1_mobile_element__complete_sequence	99.032	310	3	0	366869	367178	62612	62303	7.62e-154	556
accn|CP151229	ICEberg|1602|ICEAsp1|GenBank|MW030510.1|1..72978_Actinobacillus_sp._ICEAsp1_mobile_element__complete_sequence	98.382	309	4	1	366869	367177	54368	54061	2.13e-149	542
accn|CP151229	ICEberg|1602|ICEAsp1|GenBank|MW030510.1|1..72978_Actinobacillus_sp._ICEAsp1_mobile_element__complete_sequence	100.000	64	0	0	364035	364098	58463	58526	4.26e-22	119
accn|CP151229	PID|170717986|gi|170717206|ref|NC_010519.1|_c1957154-1954953_Haemophilus_somnus_2336_chromosome__complete_genome	99.955	2202	1	0	395780	397981	2202	1	0.0	4061
accn|CP151229	PID|170717964|gi|170717206|ref|NC_010519.1|_1939940-1941952_Haemophilus_somnus_2336_chromosome__complete_genome	99.950	2013	1	0	380767	382779	1	2013	0.0	3712
accn|CP151229	ICEberg|50|ICEXcaVe85-1|GenBank|AM039952|2631723..2740954_Xanthomonas_campestris_pv._vesicatoria_complete_genome	99.832	1787	3	0	363929	365715	24753	26539	0.0	3284
accn|CP151229	ICEberg|1763|ICEPgs6Chn1|GenBank|MN507533.1|1..116235_Proteus_genomosp._6_strain_T60_sequence	99.832	1784	3	0	363929	365712	22557	24340	0.0	3278
accn|CP151229	ICEberg|1763|ICEPgs6Chn1|GenBank|MN507533.1|1..116235_Proteus_genomosp._6_strain_T60_sequence	99.908	1091	1	0	365711	366801	40707	41797	0.0	2010
accn|CP151229	ICEberg|1763|ICEPgs6Chn1|GenBank|MN507533.1|1..116235_Proteus_genomosp._6_strain_T60_sequence	99.318	880	6	0	362886	363765	29150	28271	0.0	1592
accn|CP151229	ICEberg|1758|ICEPciChn180|GenBank|CP073356.1|3209019..3335275_Proteus_terrae_subsp._cibarius_strain_SDQ8C180-2T_chromosome__complete_genome	99.832	1784	3	0	363929	365712	92163	90380	0.0	3278
accn|CP151229	ICEberg|1758|ICEPciChn180|GenBank|CP073356.1|3209019..3335275_Proteus_terrae_subsp._cibarius_strain_SDQ8C180-2T_chromosome__complete_genome	99.908	1091	1	0	365711	366801	74013	72923	0.0	2010
accn|CP151229	ICEberg|1758|ICEPciChn180|GenBank|CP073356.1|3209019..3335275_Proteus_terrae_subsp._cibarius_strain_SDQ8C180-2T_chromosome__complete_genome	99.207	883	7	0	362883	363765	85567	86449	0.0	1592
accn|CP151229	ICEberg|1935|ICEVchChn1307|GenBank|KJ817376.1|1..104025_Vibrio_cholerae_O1_strain_ICDC-1307_SXT_element__complete_sequence	99.831	1779	3	0	363928	365706	81050	79272	0.0	3269
accn|CP151229	ICEberg|1935|ICEVchChn1307|GenBank|KJ817376.1|1..104025_Vibrio_cholerae_O1_strain_ICDC-1307_SXT_element__complete_sequence	99.700	1000	3	0	365802	366801	79284	78285	0.0	1831
accn|CP151229	ICEberg|1935|ICEVchChn1307|GenBank|KJ817376.1|1..104025_Vibrio_cholerae_O1_strain_ICDC-1307_SXT_element__complete_sequence	99.043	940	8	1	363929	364868	85003	84065	0.0	1685
accn|CP151229	ICEberg|1933|ICEVchChn0956|GenBank|KT151655.1|1..109322_Vibrio_cholerae_strain_ICDC-956_sequence	99.831	1779	3	0	363928	365706	79523	77745	0.0	3269
accn|CP151229	ICEberg|1933|ICEVchChn0956|GenBank|KT151655.1|1..109322_Vibrio_cholerae_strain_ICDC-956_sequence	99.700	1000	3	0	365802	366801	77757	76758	0.0	1831
accn|CP151229	ICEberg|1933|ICEVchChn0956|GenBank|KT151655.1|1..109322_Vibrio_cholerae_strain_ICDC-956_sequence	99.149	940	8	0	363929	364868	83477	82538	0.0	1692
accn|CP151229	ICEberg|1063|ICEVchCHN956|GenBank|KT151655|1..109322_Vibrio_cholerae_strain_ICDC-956_SXT_element_genomic_sequence	99.831	1779	3	0	363928	365706	79523	77745	0.0	3269
accn|CP151229	ICEberg|1063|ICEVchCHN956|GenBank|KT151655|1..109322_Vibrio_cholerae_strain_ICDC-956_SXT_element_genomic_sequence	99.700	1000	3	0	365802	366801	77757	76758	0.0	1831
accn|CP151229	ICEberg|1063|ICEVchCHN956|GenBank|KT151655|1..109322_Vibrio_cholerae_strain_ICDC-956_SXT_element_genomic_sequence	99.149	940	8	0	363929	364868	83477	82538	0.0	1692
accn|CP151229	ICEberg|1059|ICEVchCHN4210|GenBank|KT151662|1..110349_Vibrio_cholerae_strain_ICDC-4210_SXT_element_genomic_sequence	99.831	1779	3	0	363928	365706	79523	77745	0.0	3269
accn|CP151229	ICEberg|1059|ICEVchCHN4210|GenBank|KT151662|1..110349_Vibrio_cholerae_strain_ICDC-4210_SXT_element_genomic_sequence	99.700	1000	3	0	365802	366801	77757	76758	0.0	1831
accn|CP151229	ICEberg|1059|ICEVchCHN4210|GenBank|KT151662|1..110349_Vibrio_cholerae_strain_ICDC-4210_SXT_element_genomic_sequence	99.255	940	7	0	363929	364868	83477	82538	0.0	1698
accn|CP151229	ICEberg|1051|ICEVchCHN1627|GenBank|KT151657|1..102413_Vibrio_cholerae_strain_ICDC-1627_SXT_element_genomic_sequence	99.831	1779	3	0	363928	365706	79523	77745	0.0	3269
accn|CP151229	ICEberg|1051|ICEVchCHN1627|GenBank|KT151657|1..102413_Vibrio_cholerae_strain_ICDC-1627_SXT_element_genomic_sequence	99.700	1000	3	0	365802	366801	77757	76758	0.0	1831
accn|CP151229	ICEberg|1051|ICEVchCHN1627|GenBank|KT151657|1..102413_Vibrio_cholerae_strain_ICDC-1627_SXT_element_genomic_sequence	99.149	940	8	0	363929	364868	83477	82538	0.0	1692
accn|CP151229	ICEberg|1804|ICEPmu3|GenBank|CP038873.1|1026914..1096464_Pasteurella_multocida_strain_FCf45_chromosome__complete_genome	99.887	1775	2	0	363927	365701	56245	54471	0.0	3267
accn|CP151229	ICEberg|1804|ICEPmu3|GenBank|CP038873.1|1026914..1096464_Pasteurella_multocida_strain_FCf45_chromosome__complete_genome	99.265	1088	8	0	362694	363781	52118	51031	0.0	1965
accn|CP151229	ICEberg|1804|ICEPmu3|GenBank|CP038873.1|1026914..1096464_Pasteurella_multocida_strain_FCf45_chromosome__complete_genome	99.500	1000	5	0	365802	366801	53761	52762	0.0	1820
accn|CP151229	ICEberg|1804|ICEPmu3|GenBank|CP038873.1|1026914..1096464_Pasteurella_multocida_strain_FCf45_chromosome__complete_genome	96.104	77	3	0	633350	633426	69475	69551	2.55e-24	126
accn|CP151229	ICEberg|1804|ICEPmu3|GenBank|CP038873.1|1026914..1096464_Pasteurella_multocida_strain_FCf45_chromosome__complete_genome	96.053	76	3	0	1672974	1673049	69551	69476	9.15e-24	124
accn|CP151229	ICEberg|1804|ICEPmu3|GenBank|CP038873.1|1026914..1096464_Pasteurella_multocida_strain_FCf45_chromosome__complete_genome	96.053	76	3	0	1672647	1672722	69551	69476	9.15e-24	124
accn|CP151229	ICEberg|35|ICEVchVie1|GenBank|AB114188|1..23402_Vibrio_cholerae_DNA__integrating_antibiotic_resistance_gene_element	99.775	1779	4	0	363928	365706	17624	19402	0.0	3264
accn|CP151229	ICEberg|35|ICEVchVie1|GenBank|AB114188|1..23402_Vibrio_cholerae_DNA__integrating_antibiotic_resistance_gene_element	99.700	1000	3	0	365802	366801	19390	20389	0.0	1831
accn|CP151229	ICEberg|35|ICEVchVie1|GenBank|AB114188|1..23402_Vibrio_cholerae_DNA__integrating_antibiotic_resistance_gene_element	99.149	940	8	0	363929	364868	13669	14608	0.0	1692
accn|CP151229	ICEberg|1807|ICEPmu4|GenBank|CP038875.1|2009809..2087766_Pasteurella_multocida_strain_FCf83_chromosome__complete_genome	99.887	1772	2	0	363927	365698	71466	69695	0.0	3262
accn|CP151229	ICEberg|1807|ICEPmu4|GenBank|CP038875.1|2009809..2087766_Pasteurella_multocida_strain_FCf83_chromosome__complete_genome	100.000	1088	0	0	362694	363781	68094	67007	0.0	2010
accn|CP151229	ICEberg|1807|ICEPmu4|GenBank|CP038875.1|2009809..2087766_Pasteurella_multocida_strain_FCf83_chromosome__complete_genome	99.896	958	1	0	365844	366801	69695	68738	0.0	1764
accn|CP151229	ICEberg|1807|ICEPmu4|GenBank|CP038875.1|2009809..2087766_Pasteurella_multocida_strain_FCf83_chromosome__complete_genome	96.104	77	3	0	633350	633426	77	1	2.55e-24	126
accn|CP151229	ICEberg|1807|ICEPmu4|GenBank|CP038875.1|2009809..2087766_Pasteurella_multocida_strain_FCf83_chromosome__complete_genome	96.053	76	3	0	1672647	1672722	1	76	9.15e-24	124
accn|CP151229	ICEberg|1807|ICEPmu4|GenBank|CP038875.1|2009809..2087766_Pasteurella_multocida_strain_FCf83_chromosome__complete_genome	96.053	76	3	0	1672974	1673049	1	76	9.15e-24	124
accn|CP151229	ICEberg|1598|ICEAplChn1|GenBank|KX196444.1|1..100848_Actinobacillus_pleuropneumoniae_sequence	99.775	1778	4	0	363929	365706	24980	26757	0.0	3262
accn|CP151229	ICEberg|1598|ICEAplChn1|GenBank|KX196444.1|1..100848_Actinobacillus_pleuropneumoniae_sequence	99.500	1000	2	1	365802	366801	26745	27741	0.0	1816
accn|CP151229	ICEberg|1598|ICEAplChn1|GenBank|KX196444.1|1..100848_Actinobacillus_pleuropneumoniae_sequence	99.797	987	2	0	364013	364999	22732	23718	0.0	1812
accn|CP151229	ICEberg|976|ICEKkKWG1|GenBank|LN869922|850916..923591_Kingella_kingae_genome_assembly_KKKWG1__chromosome___I	99.663	1783	6	0	363924	365706	19209	20991	0.0	3260
accn|CP151229	ICEberg|976|ICEKkKWG1|GenBank|LN869922|850916..923591_Kingella_kingae_genome_assembly_KKKWG1__chromosome___I	99.496	1787	9	0	363929	365715	29633	31419	0.0	3251
accn|CP151229	ICEberg|976|ICEKkKWG1|GenBank|LN869922|850916..923591_Kingella_kingae_genome_assembly_KKKWG1__chromosome___I	99.800	1000	2	0	365802	366801	20979	21978	0.0	1836
accn|CP151229	ICEberg|1781|ICEPmiChn-JZ35|GenBank|ON390821.1|1..142200_Proteus_terrae_subsp._cibarius_strain_JZ35_ICEPmiChn-JZ35_mobile_element__complete_sequence	99.606	1778	5	2	363929	365706	86020	84245	0.0	3243
accn|CP151229	ICEberg|1781|ICEPmiChn-JZ35|GenBank|ON390821.1|1..142200_Proteus_terrae_subsp._cibarius_strain_JZ35_ICEPmiChn-JZ35_mobile_element__complete_sequence	99.346	1071	7	0	363929	364999	88348	87278	0.0	1940
accn|CP151229	ICEberg|1781|ICEPmiChn-JZ35|GenBank|ON390821.1|1..142200_Proteus_terrae_subsp._cibarius_strain_JZ35_ICEPmiChn-JZ35_mobile_element__complete_sequence	99.500	1000	2	3	365802	366801	84257	83261	0.0	1816
accn|CP151229	ICEberg|1056|ICEVchCHN2605|GenBank|KT151661|1..98458_Vibrio_cholerae_strain_ICDC-2605_SXT_element_genomic_sequence	99.550	1778	8	0	363929	365706	79522	77745	0.0	3240
accn|CP151229	ICEberg|1056|ICEVchCHN2605|GenBank|KT151661|1..98458_Vibrio_cholerae_strain_ICDC-2605_SXT_element_genomic_sequence	99.700	1000	3	0	365802	366801	77757	76758	0.0	1831
accn|CP151229	ICEberg|1053|ICEVchCHN1944|GenBank|KT151659|1..100703_Vibrio_cholerae_strain_ICDC-1944_SXT_element_genomic_sequence	99.550	1778	8	0	363929	365706	79486	77709	0.0	3240
accn|CP151229	ICEberg|1053|ICEVchCHN1944|GenBank|KT151659|1..100703_Vibrio_cholerae_strain_ICDC-1944_SXT_element_genomic_sequence	99.700	1000	3	0	365802	366801	77721	76722	0.0	1831
accn|CP151229	ICEberg|1052|ICEVchCHN1909|GenBank|KT151658|1..108995_Vibrio_cholerae_strain_ICDC-1909_SXT_element_genomic_sequence	99.550	1778	8	0	363929	365706	79494	77717	0.0	3240
accn|CP151229	ICEberg|1052|ICEVchCHN1909|GenBank|KT151658|1..108995_Vibrio_cholerae_strain_ICDC-1909_SXT_element_genomic_sequence	99.700	1000	3	0	365802	366801	77729	76730	0.0	1831
accn|CP151229	ICEberg|1050|ICEVchCHN1605|GenBank|KT151656|1..98419_Vibrio_cholerae_strain_ICDC-1605_SXT_element_genomic_sequence	99.550	1778	8	0	363929	365706	79522	77745	0.0	3240
accn|CP151229	ICEberg|1050|ICEVchCHN1605|GenBank|KT151656|1..98419_Vibrio_cholerae_strain_ICDC-1605_SXT_element_genomic_sequence	99.700	1000	3	0	365802	366801	77757	76758	0.0	1831
accn|CP151229	ICEberg|1049|ICEVchCHN143|GenBank|KT151654|1..98459_Vibrio_cholerae_strain_ICDC-143_SXT_element_genomic_sequence	99.550	1778	8	0	363929	365706	79522	77745	0.0	3240
accn|CP151229	ICEberg|1049|ICEVchCHN143|GenBank|KT151654|1..98459_Vibrio_cholerae_strain_ICDC-143_SXT_element_genomic_sequence	99.700	1000	3	0	365802	366801	77757	76758	0.0	1831
accn|CP151229	ICEberg|1035|ICEPvuCHN2213|GenBank|KX243403|1..94340_Proteus_vulgaris_strain_08MAS2213_complete_sequence	99.550	1778	8	0	363929	365706	18931	20708	0.0	3240
accn|CP151229	ICEberg|1035|ICEPvuCHN2213|GenBank|KX243403|1..94340_Proteus_vulgaris_strain_08MAS2213_complete_sequence	99.700	1000	3	0	365802	366801	20696	21695	0.0	1831
accn|CP151229	ICEberg|1031|ICEPmiCHN903|GenBank|KX243410|1..89644_Proteus_mirabilis_strain_MD20140903_complete_sequence	99.550	1778	8	0	363929	365706	16800	18577	0.0	3240
accn|CP151229	ICEberg|1031|ICEPmiCHN903|GenBank|KX243410|1..89644_Proteus_mirabilis_strain_MD20140903_complete_sequence	99.700	1000	3	0	365802	366801	18565	19564	0.0	1831
accn|CP151229	ICEberg|1030|ICEPmiCHN902|GenBank|KX243409|1..89096_Proteus_mirabilis_strain_MD20140902__complete_sequence	99.550	1778	8	0	363929	365706	16800	18577	0.0	3240
accn|CP151229	ICEberg|1030|ICEPmiCHN902|GenBank|KX243409|1..89096_Proteus_mirabilis_strain_MD20140902__complete_sequence	99.700	1000	3	0	365802	366801	18565	19564	0.0	1831
accn|CP151229	ICEberg|1029|ICEPmiCHN901|GenBank|KX243408|1..89493_Proteus_mirabilis_strain_MD20140901_complete_sequence	99.550	1778	8	0	363929	365706	16800	18577	0.0	3240
accn|CP151229	ICEberg|1029|ICEPmiCHN901|GenBank|KX243408|1..89493_Proteus_mirabilis_strain_MD20140901_complete_sequence	99.700	1000	3	0	365802	366801	18565	19564	0.0	1831
accn|CP151229	ICEberg|1026|ICEPmiCHN3300|GenBank|KX243415|1..108335_Proteus_mirabilis_strain_TJ3300_complete_sequence	99.550	1778	8	0	363929	365706	18928	20705	0.0	3240
accn|CP151229	ICEberg|1026|ICEPmiCHN3300|GenBank|KX243415|1..108335_Proteus_mirabilis_strain_TJ3300_complete_sequence	99.700	1000	3	0	365802	366801	20693	21692	0.0	1831
accn|CP151229	ICEberg|1017|ICEPmiCHN1586|GenBank|KX243404|1..99355_Proteus_mirabilis_strain_08MAS1586_complete_sequence	99.550	1778	8	0	363929	365706	18999	20776	0.0	3240
accn|CP151229	ICEberg|1017|ICEPmiCHN1586|GenBank|KX243404|1..99355_Proteus_mirabilis_strain_08MAS1586_complete_sequence	99.700	1000	3	0	365802	366801	20764	21763	0.0	1831
accn|CP151229	ICEberg|1937|ICEVchMJ1236|GenBank|CP001485.1|2958350..3066043_Vibrio_cholerae_MJ-1236_chromosome_1__complete_sequence	99.494	1779	9	0	363928	365706	86719	84941	0.0	3236
accn|CP151229	ICEberg|1937|ICEVchMJ1236|GenBank|CP001485.1|2958350..3066043_Vibrio_cholerae_MJ-1236_chromosome_1__complete_sequence	99.800	1000	2	0	365802	366801	84953	83954	0.0	1836
accn|CP151229	ICEberg|1937|ICEVchMJ1236|GenBank|CP001485.1|2958350..3066043_Vibrio_cholerae_MJ-1236_chromosome_1__complete_sequence	100.000	169	0	0	364980	365148	89166	88998	1.82e-80	313
accn|CP151229	ICEberg|16|ICEVchBan9|GenBank|CP001485|2958347..3066049_Vibrio_cholerae_MJ-1236_chromosome_1__complete_sequence	99.494	1779	9	0	363928	365706	86722	84944	0.0	3236
accn|CP151229	ICEberg|16|ICEVchBan9|GenBank|CP001485|2958347..3066049_Vibrio_cholerae_MJ-1236_chromosome_1__complete_sequence	99.800	1000	2	0	365802	366801	84956	83957	0.0	1836
accn|CP151229	ICEberg|16|ICEVchBan9|GenBank|CP001485|2958347..3066049_Vibrio_cholerae_MJ-1236_chromosome_1__complete_sequence	100.000	169	0	0	364980	365148	89169	89001	1.82e-80	313
accn|CP151229	ICEberg|961|ICEApl2|GenBank|MF187965|1..92660_Actinobacillus_pleuropneumoniae_strain_MIDG3553_YhaH_(yhaH)_gene__complete_cds__ICEApl2_mobile_element__complete_sequence__and_PrfC_(prfC)_gene__complete_cds	99.494	1778	9	0	363929	365706	17312	19089	0.0	3234
accn|CP151229	ICEberg|961|ICEApl2|GenBank|MF187965|1..92660_Actinobacillus_pleuropneumoniae_strain_MIDG3553_YhaH_(yhaH)_gene__complete_cds__ICEApl2_mobile_element__complete_sequence__and_PrfC_(prfC)_gene__complete_cds	99.800	1000	2	0	365802	366801	19077	20076	0.0	1836
accn|CP151229	ICEberg|44|SXT(MO10)|GenBank|AY055428|1..99483_Vibrio_cholerae_STX_transposon-like_element_and_pilus_assembly_region__complete_sequence	99.494	1778	9	0	363929	365706	18463	20240	0.0	3234
accn|CP151229	ICEberg|44|SXT(MO10)|GenBank|AY055428|1..99483_Vibrio_cholerae_STX_transposon-like_element_and_pilus_assembly_region__complete_sequence	99.800	1000	2	0	365802	366801	20228	21227	0.0	1836
accn|CP151229	ICEberg|37|ICEPalBan1|GenBank|GQ463139|1..96676_Providencia_alcalifaciens_Ban1_integrating_conjugative_element_ICEPalban1__complete_sequence	99.494	1778	9	0	363929	365706	16701	18478	0.0	3234
accn|CP151229	ICEberg|37|ICEPalBan1|GenBank|GQ463139|1..96676_Providencia_alcalifaciens_Ban1_integrating_conjugative_element_ICEPalban1__complete_sequence	99.800	1000	2	0	365802	366801	18466	19465	0.0	1836
accn|CP151229	ICEberg|21|ICEVchInd4|GenBank|GQ463141|1..95326_Vibrio_cholerae_Ind4_integrating_conjugative_element_ICEVchind4__complete_sequence	99.494	1778	9	0	363929	365706	14286	16063	0.0	3234
accn|CP151229	ICEberg|21|ICEVchInd4|GenBank|GQ463141|1..95326_Vibrio_cholerae_Ind4_integrating_conjugative_element_ICEVchind4__complete_sequence	99.800	1000	2	0	365802	366801	16051	17050	0.0	1836
accn|CP151229	ICEberg|2038|Tn6864|GenBank|MT219827.1|1..108763_Providencia_rettgeri_strain_RF14-2_sequence	99.494	1778	9	0	363929	365706	18540	20317	0.0	3234
accn|CP151229	ICEberg|2038|Tn6864|GenBank|MT219827.1|1..108763_Providencia_rettgeri_strain_RF14-2_sequence	99.800	1000	2	0	365802	366801	20305	21304	0.0	1836
accn|CP151229	ICEberg|2036|Tn6862|GenBank|CP059348.1|704853..810761_Providencia_rettgeri_strain_PROV023_chromosome__complete_genome	99.494	1778	9	0	363929	365706	32131	33908	0.0	3234
accn|CP151229	ICEberg|2036|Tn6862|GenBank|CP059348.1|704853..810761_Providencia_rettgeri_strain_PROV023_chromosome__complete_genome	99.800	1000	2	0	365802	366801	33896	34895	0.0	1836
accn|CP151229	ICEberg|2036|Tn6862|GenBank|CP059348.1|704853..810761_Providencia_rettgeri_strain_PROV023_chromosome__complete_genome	99.320	883	6	0	362883	363765	24098	24980	0.0	1598
accn|CP151229	ICEberg|1940|ICEVchThd1|GenBank|CP007653.1|579719..680801_Vibrio_cholerae_strain_TSY216_chromosome_1__complete_sequence	99.494	1778	9	0	363929	365706	25086	26863	0.0	3234
accn|CP151229	ICEberg|1940|ICEVchThd1|GenBank|CP007653.1|579719..680801_Vibrio_cholerae_strain_TSY216_chromosome_1__complete_sequence	99.800	1000	2	0	365802	366801	26851	27850	0.0	1836
accn|CP151229	ICEberg|1923|ICEValZJT1|GenBank|CP016224.1|2476706..2564476_Vibrio_alginolyticus_strain_ZJ-T_chromosome_1__complete_sequence	99.494	1778	9	0	363929	365706	72136	70359	0.0	3234
accn|CP151229	ICEberg|1923|ICEValZJT1|GenBank|CP016224.1|2476706..2564476_Vibrio_alginolyticus_strain_ZJ-T_chromosome_1__complete_sequence	99.800	1000	2	0	365802	366801	70371	69372	0.0	1836
accn|CP151229	ICEberg|1915|ICETET|GenBank|MK165649.1|1..91463_Vibrio_cholerae_strain_IDH_1986_sequence	99.494	1778	9	0	363929	365706	15466	17243	0.0	3234
accn|CP151229	ICEberg|1915|ICETET|GenBank|MK165649.1|1..91463_Vibrio_cholerae_strain_IDH_1986_sequence	99.800	1000	2	0	365802	366801	17231	18230	0.0	1836
accn|CP151229	ICEberg|1914|ICESupCHN110003|GenBank|MG014393.1|1..91669_Shewanella_algae_strain_110003_sequence	99.494	1778	9	0	363929	365706	16619	18396	0.0	3234
accn|CP151229	ICEberg|1914|ICESupCHN110003|GenBank|MG014393.1|1..91669_Shewanella_algae_strain_110003_sequence	99.800	1000	2	0	365802	366801	18384	19383	0.0	1836
accn|CP151229	ICEberg|1857|ICERspD18B|GenBank|CP037745.1|2629186..2657721_Rheinheimera_sp._D18_chromosome__complete_genome	99.494	1778	9	0	363929	365706	2931	1154	0.0	3234
accn|CP151229	ICEberg|1857|ICERspD18B|GenBank|CP037745.1|2629186..2657721_Rheinheimera_sp._D18_chromosome__complete_genome	99.800	1000	2	0	365802	366801	1166	167	0.0	1836
accn|CP151229	ICEberg|1844|ICEPvuChnBC22|GenBank|MH160822.1|1..148751_Proteus_vulgaris_strain_SCpv22_sequence	99.494	1778	9	0	363929	365706	86813	88590	0.0	3234
accn|CP151229	ICEberg|1844|ICEPvuChnBC22|GenBank|MH160822.1|1..148751_Proteus_vulgaris_strain_SCpv22_sequence	99.800	1000	2	0	365802	366801	88578	89577	0.0	1836
accn|CP151229	ICEberg|1844|ICEPvuChnBC22|GenBank|MH160822.1|1..148751_Proteus_vulgaris_strain_SCpv22_sequence	99.318	880	6	0	362886	363765	36067	35188	0.0	1592
accn|CP151229	ICEberg|1788|ICEPmiFra1|GenBank|MF490434.1|1..107395_Proteus_mirabilis_sequence	99.494	1778	9	0	363929	365706	15363	17140	0.0	3234
accn|CP151229	ICEberg|1788|ICEPmiFra1|GenBank|MF490434.1|1..107395_Proteus_mirabilis_sequence	99.800	1000	2	0	365802	366801	17128	18127	0.0	1836
accn|CP151229	ICEberg|1788|ICEPmiFra1|GenBank|MF490434.1|1..107395_Proteus_mirabilis_sequence	99.207	883	7	0	362883	363765	73239	74121	0.0	1592
accn|CP151229	ICEberg|1786|ICEPmiChn-TQ12|GenBank|ON390822.1|1..147546_Proteus_terrae_subsp._cibarius_strain_TQ12_ICEPmiChn-TQ12_mobile_element__complete_sequence	99.494	1778	9	0	363929	365706	53919	55696	0.0	3234
accn|CP151229	ICEberg|1786|ICEPmiChn-TQ12|GenBank|ON390822.1|1..147546_Proteus_terrae_subsp._cibarius_strain_TQ12_ICEPmiChn-TQ12_mobile_element__complete_sequence	99.700	1000	3	0	365802	366801	55684	56683	0.0	1831
accn|CP151229	ICEberg|1786|ICEPmiChn-TQ12|GenBank|ON390822.1|1..147546_Proteus_terrae_subsp._cibarius_strain_TQ12_ICEPmiChn-TQ12_mobile_element__complete_sequence	99.207	883	7	0	362883	363765	60466	61348	0.0	1592
accn|CP151229	ICEberg|1785|ICEPmiChnSTP3|GenBank|MT449450.1|1..118916_Proteus_mirabilis_strain_STP3_sequence	99.494	1778	9	0	363929	365706	103796	102019	0.0	3234
accn|CP151229	ICEberg|1785|ICEPmiChnSTP3|GenBank|MT449450.1|1..118916_Proteus_mirabilis_strain_STP3_sequence	99.674	920	3	0	365802	366721	102031	101112	0.0	1683
accn|CP151229	ICEberg|1785|ICEPmiChnSTP3|GenBank|MT449450.1|1..118916_Proteus_mirabilis_strain_STP3_sequence	99.318	880	6	0	362886	363765	47686	46807	0.0	1592
accn|CP151229	ICEberg|1782|ICEPmiChnJZ57|GenBank|ON553412.1|1..116292_Proteus_mirabilis_strain_JZ57_ICEPmiChn_JZ57_mobile_element__complete_sequence	99.494	1778	9	0	363929	365706	12077	13854	0.0	3234
accn|CP151229	ICEberg|1782|ICEPmiChnJZ57|GenBank|ON553412.1|1..116292_Proteus_mirabilis_strain_JZ57_ICEPmiChn_JZ57_mobile_element__complete_sequence	99.800	1000	2	0	365802	366801	13842	14841	0.0	1836
accn|CP151229	ICEberg|1779|ICEPmiChnChSC1905|GenBank|CP047929.1|3384696..3471195_Proteus_mirabilis_strain_ChSC1905_chromosome__complete_genome	99.494	1778	9	0	363929	365706	82472	80695	0.0	3234
accn|CP151229	ICEberg|1779|ICEPmiChnChSC1905|GenBank|CP047929.1|3384696..3471195_Proteus_mirabilis_strain_ChSC1905_chromosome__complete_genome	99.800	1000	2	0	365802	366801	80707	79708	0.0	1836
accn|CP151229	ICEberg|1779|ICEPmiChnChSC1905|GenBank|CP047929.1|3384696..3471195_Proteus_mirabilis_strain_ChSC1905_chromosome__complete_genome	99.896	966	1	0	365711	366676	1925	2890	0.0	1779
accn|CP151229	ICEberg|1779|ICEPmiChnChSC1905|GenBank|CP047929.1|3384696..3471195_Proteus_mirabilis_strain_ChSC1905_chromosome__complete_genome	99.318	880	6	0	362886	363765	24594	23715	0.0	1592
accn|CP151229	ICEberg|1779|ICEPmiChnChSC1905|GenBank|CP047929.1|3384696..3471195_Proteus_mirabilis_strain_ChSC1905_chromosome__complete_genome	99.254	134	1	0	366668	366801	4071	4204	2.42e-59	243
accn|CP151229	ICEberg|1779|ICEPmiChnChSC1905|GenBank|CP047929.1|3384696..3471195_Proteus_mirabilis_strain_ChSC1905_chromosome__complete_genome	97.710	131	2	1	363799	363929	16875	17004	8.77e-54	224
accn|CP151229	ICEberg|1778|ICEPmiChnBCP11|GenBank|MG773277.1|1..141263_Proteus_mirabilis_integrating_conjugative_element_ICEPmiChn-BCP11_sequence	99.494	1778	9	0	363929	365706	14751	16528	0.0	3234
accn|CP151229	ICEberg|1778|ICEPmiChnBCP11|GenBank|MG773277.1|1..141263_Proteus_mirabilis_integrating_conjugative_element_ICEPmiChn-BCP11_sequence	99.817	1091	2	0	365711	366801	102058	103148	0.0	2004
accn|CP151229	ICEberg|1778|ICEPmiChnBCP11|GenBank|MG773277.1|1..141263_Proteus_mirabilis_integrating_conjugative_element_ICEPmiChn-BCP11_sequence	99.700	1000	3	0	365802	366801	16516	17515	0.0	1831
accn|CP151229	ICEberg|1778|ICEPmiChnBCP11|GenBank|MG773277.1|1..141263_Proteus_mirabilis_integrating_conjugative_element_ICEPmiChn-BCP11_sequence	99.207	883	7	0	362883	363765	83803	84685	0.0	1592
accn|CP151229	ICEberg|1778|ICEPmiChnBCP11|GenBank|MG773277.1|1..141263_Proteus_mirabilis_integrating_conjugative_element_ICEPmiChn-BCP11_sequence	97.710	131	2	1	363799	363929	77797	77668	8.77e-54	224
accn|CP151229	ICEberg|1762|ICEPflCDM8|GenBank|CP047240.1|950152..1060244_Pseudoalteromonas_sp._M8_chromosome_2__complete_sequence	99.494	1778	9	0	363929	365706	24685	26462	0.0	3234
accn|CP151229	ICEberg|1762|ICEPflCDM8|GenBank|CP047240.1|950152..1060244_Pseudoalteromonas_sp._M8_chromosome_2__complete_sequence	99.800	1000	2	0	365802	366801	26450	27449	0.0	1836
accn|CP151229	ICEberg|1762|ICEPflCDM8|GenBank|CP047240.1|950152..1060244_Pseudoalteromonas_sp._M8_chromosome_2__complete_sequence	99.207	883	7	0	362883	363765	78215	79097	0.0	1592
accn|CP151229	ICEberg|1759|ICEPciChn2|GenBank|MW423608.1|1..140916_Proteus_terrae_subsp._cibarius_strain_SH19PTE4_sequence	99.494	1778	9	0	363929	365706	31458	33235	0.0	3234
accn|CP151229	ICEberg|1759|ICEPciChn2|GenBank|MW423608.1|1..140916_Proteus_terrae_subsp._cibarius_strain_SH19PTE4_sequence	99.700	1000	3	0	365802	366801	33223	34222	0.0	1831
accn|CP151229	ICEberg|1759|ICEPciChn2|GenBank|MW423608.1|1..140916_Proteus_terrae_subsp._cibarius_strain_SH19PTE4_sequence	99.207	883	7	0	362883	363765	96616	97498	0.0	1592
accn|CP151229	ICEberg|1253|ICEKpnINF249-2|GenBank|CP024489.1|5079347..5289591_Klebsiella_pneumoniae_strain_INF249_chromosome__complete_genome	99.494	1778	9	0	363929	365706	202379	200602	0.0	3234
accn|CP151229	ICEberg|1253|ICEKpnINF249-2|GenBank|CP024489.1|5079347..5289591_Klebsiella_pneumoniae_strain_INF249_chromosome__complete_genome	99.700	1000	3	0	365802	366801	200614	199615	0.0	1831
accn|CP151229	ICEberg|1253|ICEKpnINF249-2|GenBank|CP024489.1|5079347..5289591_Klebsiella_pneumoniae_strain_INF249_chromosome__complete_genome	98.425	127	2	0	363803	363929	70766	70892	8.77e-54	224
accn|CP151229	ICEberg|1253|ICEKpnINF249-2|GenBank|CP024489.1|5079347..5289591_Klebsiella_pneumoniae_strain_INF249_chromosome__complete_genome	98.413	126	2	0	363804	363929	184387	184512	3.16e-53	222
accn|CP151229	ICEberg|1253|ICEKpnINF249-2|GenBank|CP024489.1|5079347..5289591_Klebsiella_pneumoniae_strain_INF249_chromosome__complete_genome	97.561	123	3	0	363807	363929	143863	143741	6.83e-50	211
accn|CP151229	ICEberg|1110|ICEKpnQD23-1|GenBank|CP042858.1|4831525..5022379_Klebsiella_pneumoniae_strain_QD23_chromosome__complete_genome	99.494	1778	9	0	363929	365706	173707	171930	0.0	3234
accn|CP151229	ICEberg|1110|ICEKpnQD23-1|GenBank|CP042858.1|4831525..5022379_Klebsiella_pneumoniae_strain_QD23_chromosome__complete_genome	99.800	1000	2	0	365802	366801	171942	170943	0.0	1836
accn|CP151229	ICEberg|1064|ICEVchChnAHV1003|GenBank|KT151663|1..101856_Vibrio_cholerae_strain_AHV1003_SXT_element_genomic_sequence	99.494	1778	9	0	363929	365706	76322	74545	0.0	3234
accn|CP151229	ICEberg|1064|ICEVchChnAHV1003|GenBank|KT151663|1..101856_Vibrio_cholerae_strain_AHV1003_SXT_element_genomic_sequence	99.800	1000	2	0	365802	366801	74557	73558	0.0	1836
accn|CP151229	ICEberg|1055|ICEVchChn2255|GenBank|KT151660|1..92592_Vibrio_cholerae_strain_ICDC-2255_SXT_element_genomic_sequence	99.494	1778	9	0	363929	365706	76322	74545	0.0	3234
accn|CP151229	ICEberg|1055|ICEVchChn2255|GenBank|KT151660|1..92592_Vibrio_cholerae_strain_ICDC-2255_SXT_element_genomic_sequence	99.800	1000	2	0	365802	366801	74557	73558	0.0	1836
accn|CP151229	ICEberg|1040|ICEValA056-1|GenBank|KR231688|1..89004_Vibrio_alginolyticus_strain_A056_transposon_ICEValA056-1__complete_sequence	99.494	1778	9	0	363929	365706	11237	13014	0.0	3234
accn|CP151229	ICEberg|1040|ICEValA056-1|GenBank|KR231688|1..89004_Vibrio_alginolyticus_strain_A056_transposon_ICEValA056-1__complete_sequence	99.800	1000	2	0	365802	366801	13002	14001	0.0	1836
accn|CP151229	ICEberg|1028|ICEPmiChn4|GenBank|KY437728|1..90566_Proteus_mirabilis_integrative_and_conjugative_element_ICEPmiChn4__complete_sequence__and_peptide_chain_release_factor_3_(prfC)_gene__complete_cds	99.494	1778	9	0	363929	365706	14787	16564	0.0	3234
accn|CP151229	ICEberg|1028|ICEPmiChn4|GenBank|KY437728|1..90566_Proteus_mirabilis_integrative_and_conjugative_element_ICEPmiChn4__complete_sequence__and_peptide_chain_release_factor_3_(prfC)_gene__complete_cds	99.500	1000	5	0	365802	366801	16552	17551	0.0	1820
accn|CP151229	ICEberg|36|ICEVflInd1|GenBank|GQ463144|1..114195_Vibrio_fluvialis_Ind1_integrating_conjugative_element_ICEVflInd1__complete_sequence	99.438	1778	10	0	363929	365706	35890	37667	0.0	3229
accn|CP151229	ICEberg|36|ICEVflInd1|GenBank|GQ463144|1..114195_Vibrio_fluvialis_Ind1_integrating_conjugative_element_ICEVflInd1__complete_sequence	99.700	1000	3	0	365802	366801	37655	38654	0.0	1831
accn|CP151229	ICEberg|287|ICEEcoJ53|GenBank|FJ968160|1..22687_Escherichia_coli_strain_J53_transposon_SXT__partial_sequence	99.438	1778	10	0	363929	365706	16910	18687	0.0	3229
accn|CP151229	ICEberg|287|ICEEcoJ53|GenBank|FJ968160|1..22687_Escherichia_coli_strain_J53_transposon_SXT__partial_sequence	99.700	1000	3	0	365802	366801	18675	19674	0.0	1831
accn|CP151229	ICEberg|273|SXT(KN14)|GenBank|AB535680|1..20747_Vibrio_cholerae_O1_biovar_El_Tor_SXT_conjugative_element_gene_cluster__complete_sequence__strain__KN14	99.438	1778	10	0	363929	365706	13657	15434	0.0	3229
accn|CP151229	ICEberg|273|SXT(KN14)|GenBank|AB535680|1..20747_Vibrio_cholerae_O1_biovar_El_Tor_SXT_conjugative_element_gene_cluster__complete_sequence__strain__KN14	99.800	1000	2	0	365802	366801	15422	16421	0.0	1836
accn|CP151229	ICEberg|22|ICEVchInd5|GenBank|GQ463142|1..97952_Vibrio_cholerae_Ind5_integrating_conjugative_element_ICEVchind5__complete_sequence	99.438	1778	10	0	363929	365706	16703	18480	0.0	3229
accn|CP151229	ICEberg|22|ICEVchInd5|GenBank|GQ463142|1..97952_Vibrio_cholerae_Ind5_integrating_conjugative_element_ICEVchind5__complete_sequence	99.800	1000	2	0	365802	366801	18468	19467	0.0	1836
accn|CP151229	ICEberg|1939|ICEVchRua2|GenBank|KY382506.1|1..97915_Vibrio_cholerae_O1_biovar_El_Tor_str._Inaba_RND18826_ICE_element_genomic_sequence	99.438	1778	10	0	363929	365706	14677	16454	0.0	3229
accn|CP151229	ICEberg|1939|ICEVchRua2|GenBank|KY382506.1|1..97915_Vibrio_cholerae_O1_biovar_El_Tor_str._Inaba_RND18826_ICE_element_genomic_sequence	99.800	1000	2	0	365802	366801	16442	17441	0.0	1836
accn|CP151229	ICEberg|1938|ICEVchRua1|GenBank|KY382507.1|1..97915_Vibrio_cholerae_O1_biovar_El_Tor_str._Ogawa_RND6878_ICE_element_genomic_sequence	99.438	1778	10	0	363929	365706	81250	79473	0.0	3229
accn|CP151229	ICEberg|1938|ICEVchRua1|GenBank|KY382507.1|1..97915_Vibrio_cholerae_O1_biovar_El_Tor_str._Ogawa_RND6878_ICE_element_genomic_sequence	99.800	1000	2	0	365802	366801	79485	78486	0.0	1836
accn|CP151229	ICEberg|1925|ICEVch2010_EL-1786|GenBank|CP003069.1|83542..182958_Vibrio_cholerae_O1_str._2010EL-1786_chromosome_1__complete_sequence	99.438	1778	10	0	363929	365706	16670	18447	0.0	3229
accn|CP151229	ICEberg|1925|ICEVch2010_EL-1786|GenBank|CP003069.1|83542..182958_Vibrio_cholerae_O1_str._2010EL-1786_chromosome_1__complete_sequence	99.800	1000	2	0	365802	366801	18435	19434	0.0	1836
accn|CP151229	ICEberg|1691|ICEGEN|GenBank|MK165650.1|1..96718_Vibrio_cholerae_strain_IDH_4268_sequence	99.438	1778	10	0	363929	365706	15814	17591	0.0	3229
accn|CP151229	ICEberg|1691|ICEGEN|GenBank|MK165650.1|1..96718_Vibrio_cholerae_strain_IDH_4268_sequence	99.800	1000	2	0	365802	366801	17579	18578	0.0	1836
accn|CP151229	ICEberg|149|ICEVflH-08942|GenBank|KM213605.1|1..102878_Vibrio_fluvialis_strain_H08942_ICEVflInd1_integrating_conjugative_element_genomic_sequence	99.438	1778	10	0	363929	365706	20570	22347	0.0	3229
accn|CP151229	ICEberg|149|ICEVflH-08942|GenBank|KM213605.1|1..102878_Vibrio_fluvialis_strain_H08942_ICEVflInd1_integrating_conjugative_element_genomic_sequence	99.700	1000	3	0	365802	366801	22335	23334	0.0	1831
accn|CP151229	ICEberg|148|SXT(HN1)|GenBank|AB450045|1..19086_Vibrio_cholerae_O1_biovar_El_tor_SXT_conjugative_element_gene_cluster__complete_sequence__strain__HN1	99.438	1778	10	0	363929	365706	13309	15086	0.0	3229
accn|CP151229	ICEberg|148|SXT(HN1)|GenBank|AB450045|1..19086_Vibrio_cholerae_O1_biovar_El_tor_SXT_conjugative_element_gene_cluster__complete_sequence__strain__HN1	99.700	1000	3	0	365802	366801	15074	16073	0.0	1831
accn|CP151229	ICEberg|12|ICEVchBan5|GenBank|GQ463140|1..102122_Vibrio_cholerae_Ban5_integrating_conjugative_element_ICEVchban5__complete_sequence	99.438	1778	10	0	363929	365706	20837	22614	0.0	3229
accn|CP151229	ICEberg|12|ICEVchBan5|GenBank|GQ463140|1..102122_Vibrio_cholerae_Ban5_integrating_conjugative_element_ICEVchban5__complete_sequence	99.800	1000	2	0	365802	366801	22602	23601	0.0	1836
accn|CP151229	ICEberg|1069|ICEVchNig1|GenBank|KC886258|528..97570_Vibrio_cholerae_VC833_ICE_element_genomic_sequence	99.438	1778	10	0	363929	365706	16139	17916	0.0	3229
accn|CP151229	ICEberg|1069|ICEVchNig1|GenBank|KC886258|528..97570_Vibrio_cholerae_VC833_ICE_element_genomic_sequence	99.800	1000	2	0	365802	366801	17904	18903	0.0	1836
accn|CP151229	ICEberg|1068|ICEVchNep1|GenBank|KC886257|528..97877_Vibrio_cholerae_strain_VC504_ICE_element_genomic_sequence	99.438	1778	10	0	363929	365706	16139	17916	0.0	3229
accn|CP151229	ICEberg|1068|ICEVchNep1|GenBank|KC886257|528..97877_Vibrio_cholerae_strain_VC504_ICE_element_genomic_sequence	99.800	1000	2	0	365802	366801	17904	18903	0.0	1836
accn|CP151229	ICEberg|1061|ICEVchCHN57|GenBank|KT151664.1|1..96186_Vibrio_cholerae_strain_wujiang-2_sequence	99.438	1778	10	0	363929	365706	79916	78139	0.0	3229
accn|CP151229	ICEberg|1061|ICEVchCHN57|GenBank|KT151664.1|1..96186_Vibrio_cholerae_strain_wujiang-2_sequence	99.800	1000	2	0	365802	366801	78151	77152	0.0	1836
accn|CP151229	ICEberg|1033|ICEPmiCHN905|GenBank|KX243412|1..94956_Proteus_mirabilis_strain_MD20140905_complete_sequence	99.438	1778	10	0	363929	365706	14482	16259	0.0	3229
accn|CP151229	ICEberg|1033|ICEPmiCHN905|GenBank|KX243412|1..94956_Proteus_mirabilis_strain_MD20140905_complete_sequence	99.800	1000	2	0	365802	366801	16247	17246	0.0	1836
accn|CP151229	ICEberg|1032|ICEPmiCHN904|GenBank|KX243411|1..94942_Proteus_mirabilis_strain_MD20140904_complete_sequence	99.438	1778	10	0	363929	365706	11653	13430	0.0	3229
accn|CP151229	ICEberg|1032|ICEPmiCHN904|GenBank|KX243411|1..94942_Proteus_mirabilis_strain_MD20140904_complete_sequence	99.800	1000	2	0	365802	366801	13418	14417	0.0	1836
accn|CP151229	ICEberg|1027|ICEPmiCHN3335|GenBank|KX243416|1..89996_Proteus_mirabilis_strain_TJ3335_complete_sequence	99.382	1779	11	0	363928	365706	16660	18438	0.0	3225
accn|CP151229	ICEberg|1027|ICEPmiCHN3335|GenBank|KX243416|1..89996_Proteus_mirabilis_strain_TJ3335_complete_sequence	99.800	1000	2	0	365802	366801	18426	19425	0.0	1836
accn|CP151229	ICEberg|1016|ICEPmiChn1|GenBank|KT962845|1..92751_Proteus_mirabilis_integrative_and_conjugative_element_ICEPmiChn1__complete_sequence__and_peptide_chain_release_factor_3_(prfC)_gene__complete_cds	99.382	1779	11	0	363928	365706	16965	18743	0.0	3225
accn|CP151229	ICEberg|1016|ICEPmiChn1|GenBank|KT962845|1..92751_Proteus_mirabilis_integrative_and_conjugative_element_ICEPmiChn1__complete_sequence__and_peptide_chain_release_factor_3_(prfC)_gene__complete_cds	99.800	1000	2	0	365802	366801	18731	19730	0.0	1836
accn|CP151229	PID|170717968|gi|170717206|ref|NC_010519.1|_c1944967-1943495_Haemophilus_somnus_2336_chromosome__complete_genome	100.000	1473	0	0	384322	385794	1473	1	0.0	2721
accn|CP151229	PID|170717975|gi|170717206|ref|NC_010519.1|_c1950418-1948964_Haemophilus_somnus_2336_chromosome__complete_genome	100.000	1455	0	0	389791	391245	1455	1	0.0	2687
accn|CP151229	resfinderf|tet(H)|3	100.000	1203	0	0	413619	414821	1	1203	0.0	2222
accn|CP151229	resfinderf|tet(H)|4	99.917	1203	1	0	413619	414821	1	1203	0.0	2217
accn|CP151229	resfinderf|tet(H)|1	99.917	1203	1	0	413619	414821	1	1203	0.0	2217
accn|CP151229	ICEberg|1803|ICEPmu2|GenBank|CP038871.1|1998244..2056820_Pasteurella_multocida_strain_FCf15_chromosome__complete_genome	99.751	1204	3	0	365598	366801	48521	49724	0.0	2207
accn|CP151229	ICEberg|1803|ICEPmu2|GenBank|CP038871.1|1998244..2056820_Pasteurella_multocida_strain_FCf15_chromosome__complete_genome	100.000	47	0	0	406843	406889	9185	9139	1.20e-12	87.9
accn|CP151229	resfinderf|tet(H)|2	100.000	1171	0	0	413619	414789	1	1171	0.0	2163
accn|CP151229	VFG043479(gb|AAD53408)_(pomA)_outer_membrane_protein_PomA_[OmpA_(VF1223)_-_Adherence_(VFC0001)]_[Mannheimia_haemolytica_str._89010807N]	100.000	1137	0	0	1440118	1441254	1137	1	0.0	2100
accn|CP151229	ICEberg|1019|ICEPmiChn2|GenBank|KY437726|1..104371_Proteus_mirabilis_integrative_and_conjugative_element_ICEPmiChn2__complete_sequence__and_peptide_chain_release_factor_3_(prfC)_gene__complete_cds	99.908	1091	1	0	365711	366801	16298	17388	0.0	2010
accn|CP151229	ICEberg|1452|ICE_erm42|GenBank|CP060730.1|568141..660867_Salmonella_enterica_subsp._enterica_serovar_Albany_strain_R17.5974_chromosome__complete_genome	99.633	1091	1	1	365711	366801	16584	17671	0.0	1989
accn|CP151229	ICEberg|43|R391|GenBank|AY090559|1..88532_Providencia_rettgeri_conjugative_genomic_island_R391__complete_sequence	99.220	1025	8	0	362757	363781	13819	12795	0.0	1849
accn|CP151229	ICEberg|43|R391|GenBank|AY090559|1..88532_Providencia_rettgeri_conjugative_genomic_island_R391__complete_sequence	98.837	172	2	0	362590	362761	11795	11966	8.47e-79	307
accn|CP151229	ICEberg|1998|Tn6512|GenBank|AY090559.1|1..88532_Providencia_rettgeri_conjugative_genomic_island_R391__complete_sequence	99.220	1025	8	0	362757	363781	13819	12795	0.0	1849
accn|CP151229	ICEberg|1998|Tn6512|GenBank|AY090559.1|1..88532_Providencia_rettgeri_conjugative_genomic_island_R391__complete_sequence	98.837	172	2	0	362590	362761	11795	11966	8.47e-79	307
accn|CP151229	ICEberg|1625|ICECspPOL2|GenBank|CP049298.1|1767025..1883295_Chryseobacterium_sp._POL2_chromosome__complete_genome	99.797	985	2	0	367378	368362	98509	99493	0.0	1808
accn|CP151229	ICEberg|2045|Tn6966|GenBank|CP064830.1|3371703..3442829_Morganella_morganii_subsp._morganii_strain_81703_chromosome__complete_genome	99.896	966	1	0	365711	366676	37157	38122	0.0	1779
accn|CP151229	ICEberg|2045|Tn6966|GenBank|CP064830.1|3371703..3442829_Morganella_morganii_subsp._morganii_strain_81703_chromosome__complete_genome	99.004	904	9	0	362883	363786	45988	46891	0.0	1620
accn|CP151229	ICEberg|2045|Tn6966|GenBank|CP064830.1|3371703..3442829_Morganella_morganii_subsp._morganii_strain_81703_chromosome__complete_genome	99.254	134	1	0	366668	366801	39303	39436	2.42e-59	243
accn|CP151229	ICEberg|1023|ICEPmiChn3|GenBank|KY437727|1..55195_Proteus_mirabilis_integrative_and_conjugative_element_ICEPmiChn3__complete_sequence__and_peptide_chain_release_factor_3_(prfC)_gene__complete_cds	99.896	966	1	0	365711	366676	16308	17273	0.0	1779
accn|CP151229	ICEberg|1023|ICEPmiChn3|GenBank|KY437727|1..55195_Proteus_mirabilis_integrative_and_conjugative_element_ICEPmiChn3__complete_sequence__and_peptide_chain_release_factor_3_(prfC)_gene__complete_cds	99.254	134	1	0	366668	366801	18454	18587	2.42e-59	243
accn|CP151229	PID|170717963|gi|170717206|ref|NC_010519.1|_1938981-1939922_Haemophilus_somnus_2336_chromosome__complete_genome	100.000	942	0	0	379808	380749	1	942	0.0	1740
accn|CP151229	PID|170717976|gi|170717206|ref|NC_010519.1|_c1951314-1950430_Haemophilus_somnus_2336_chromosome__complete_genome	100.000	885	0	0	391257	392141	885	1	0.0	1635
accn|CP151229	ICEberg|1863|ICEShaJpn1|GenBank|BFBQ01000004.1|213376..320508_Shewanella_halifaxensis_6JANF4-E-4_DNA__sequence4__whole_genome_shotgun_sequence	100.000	862	0	0	365776	366637	18185	19046	0.0	1592
accn|CP151229	resfinderf|aph(6)-Id|3	99.881	837	1	0	364035	364871	837	1	0.0	1541
accn|CP151229	resfinderf|aph(6)-Id|1	99.881	837	1	0	364035	364871	837	1	0.0	1541
accn|CP151229	resfinderf|aph(6)-Id|2	99.761	837	2	0	364035	364871	837	1	0.0	1535
accn|CP151229	resfinderf|aph(6)-Id|5	99.761	837	2	0	364035	364871	837	1	0.0	1535
accn|CP151229	resfinderf|aph(6)-Id|4	99.759	831	2	0	364035	364865	831	1	0.0	1524
accn|CP151229	resfinderf|sul2|2	100.000	816	0	0	365843	366658	816	1	0.0	1507
accn|CP151229	resfinderf|sul2|9	100.000	815	0	0	365844	366658	815	1	0.0	1506
accn|CP151229	resfinderf|sul2|9	100.000	38	0	0	365661	365698	852	815	1.21e-07	71.3
accn|CP151229	resfinderf|sul2|20	99.877	816	1	0	365843	366658	816	1	0.0	1502
accn|CP151229	resfinderf|sul2|19	99.877	816	1	0	365843	366658	816	1	0.0	1502
accn|CP151229	resfinderf|sul2|18	99.877	816	1	0	365843	366658	816	1	0.0	1502
accn|CP151229	resfinderf|sul2|17	99.877	816	1	0	365843	366658	816	1	0.0	1502
accn|CP151229	resfinderf|sul2|15	99.877	816	1	0	365843	366658	816	1	0.0	1502
accn|CP151229	resfinderf|sul2|12	99.877	816	1	0	365843	366658	816	1	0.0	1502
accn|CP151229	resfinderf|sul2|11	99.877	816	1	0	365843	366658	816	1	0.0	1502
accn|CP151229	resfinderf|aph(3_)-Ia|3	99.877	816	1	0	362884	363699	816	1	0.0	1502
accn|CP151229	resfinderf|sul2|8	99.877	815	1	0	365844	366658	815	1	0.0	1500
accn|CP151229	resfinderf|sul2|8	100.000	38	0	0	365661	365698	852	815	1.21e-07	71.3
accn|CP151229	resfinderf|sul2|7	99.877	815	1	0	365844	366658	815	1	0.0	1500
accn|CP151229	resfinderf|sul2|7	100.000	38	0	0	365661	365698	852	815	1.21e-07	71.3
accn|CP151229	resfinderf|sul2|13	99.755	816	2	0	365843	366658	816	1	0.0	1496
accn|CP151229	resfinderf|sul2|6	99.755	816	2	0	365843	366658	816	1	0.0	1496
accn|CP151229	resfinderf|sul2|14	100.000	808	0	0	365851	366658	808	1	0.0	1493
accn|CP151229	resfinderf|sul2|10	99.634	819	0	3	365843	366658	819	1	0.0	1493
accn|CP151229	resfinderf|sul2|3	99.632	816	3	0	365843	366658	816	1	0.0	1491
accn|CP151229	resfinderf|sul2|1	99.632	816	3	0	365843	366658	816	1	0.0	1491
accn|CP151229	resfinderf|sul2|21	99.510	816	4	0	365843	366658	816	1	0.0	1485
accn|CP151229	resfinderf|aph(3__)-Ib|2	99.875	803	1	0	364871	365673	804	2	0.0	1478
accn|CP151229	resfinderf|aph(3_)-Ia|10	99.386	814	5	0	362886	363699	814	1	0.0	1476
accn|CP151229	resfinderf|aph(3__)-Ib|5	99.751	804	2	0	364871	365674	804	1	0.0	1474
accn|CP151229	resfinderf|aph(3__)-Ib|4	99.751	804	2	0	364871	365674	804	1	0.0	1474
accn|CP151229	resfinderf|aph(3__)-Ib|3	99.751	804	2	0	364871	365674	804	1	0.0	1474
accn|CP151229	resfinderf|aph(3_)-Ia|1	99.263	814	6	0	362886	363699	814	1	0.0	1471
accn|CP151229	resfinderf|aph(3_)-Ia|9	99.142	816	7	0	362884	363699	816	1	0.0	1469
accn|CP151229	resfinderf|aph(3_)-Ia|7	99.142	816	7	0	362884	363699	816	1	0.0	1469
accn|CP151229	resfinderf|sul2|5	99.020	816	8	0	365843	366658	816	1	0.0	1463
accn|CP151229	resfinderf|aph(3_)-Ia|8	99.020	816	8	0	362884	363699	816	1	0.0	1463
accn|CP151229	resfinderf|aph(3_)-Ia|4	99.017	814	8	0	362886	363699	814	1	0.0	1463
accn|CP151229	resfinderf|aph(3__)-Ib|1	99.502	804	4	0	364871	365674	804	1	0.0	1463
accn|CP151229	resfinderf|aph(3_)-Ia|5	98.775	816	10	0	362884	363699	816	1	0.0	1452
accn|CP151229	resfinderf|aph(3_)-Ia|6	98.526	814	12	0	362886	363699	814	1	0.0	1437
accn|CP151229	PID|170717989|gi|170717206|ref|NC_010519.1|_c1959185-1958412_Haemophilus_somnus_2336_chromosome__complete_genome	100.000	774	0	0	399239	400012	774	1	0.0	1430
accn|CP151229	PID|170717988|gi|170717206|ref|NC_010519.1|_c1958433-1957663_Haemophilus_somnus_2336_chromosome__complete_genome	100.000	771	0	0	398490	399260	771	1	0.0	1424
accn|CP151229	resfinderf|aph(3_)-Ia|2	97.666	814	19	0	362886	363699	814	1	0.0	1399
accn|CP151229	PID|170717983|gi|170717206|ref|NC_010519.1|_c1954610-1953915_Haemophilus_somnus_2336_chromosome__complete_genome	100.000	696	0	0	394742	395437	696	1	0.0	1286
accn|CP151229	PID|170717977|gi|170717206|ref|NC_010519.1|_c1951958-1951314_Haemophilus_somnus_2336_chromosome__complete_genome	100.000	645	0	0	392141	392785	645	1	0.0	1192
accn|CP151229	PID|170717990|gi|170717206|ref|NC_010519.1|_c1959814-1959185_Haemophilus_somnus_2336_chromosome__complete_genome	100.000	630	0	0	400012	400641	630	1	0.0	1164
accn|CP151229	PID|170717987|gi|170717206|ref|NC_010519.1|_c1957660-1957154_Haemophilus_somnus_2336_chromosome__complete_genome	100.000	507	0	0	397981	398487	507	1	0.0	937
accn|CP151229	PID|170717961|gi|170717206|ref|NC_010519.1|_1938541-1938984_Haemophilus_somnus_2336_chromosome__complete_genome	100.000	444	0	0	379368	379811	1	444	0.0	821
accn|CP151229	PID|170717970|gi|170717206|ref|NC_010519.1|_c1945713-1945285_Haemophilus_somnus_2336_chromosome__complete_genome	100.000	429	0	0	386112	386540	429	1	0.0	793
accn|CP151229	PID|170717965|gi|170717206|ref|NC_010519.1|_1941973-1942401_Haemophilus_somnus_2336_chromosome__complete_genome	100.000	429	0	0	382800	383228	1	429	0.0	793
accn|CP151229	PID|170717972|gi|170717206|ref|NC_010519.1|_c1948951-1948553_Haemophilus_somnus_2336_chromosome__complete_genome	100.000	399	0	0	389380	389778	399	1	0.0	737
accn|CP151229	PID|170717979|gi|170717206|ref|NC_010519.1|_c1952739-1952350_Haemophilus_somnus_2336_chromosome__complete_genome	100.000	390	0	0	393177	393566	390	1	0.0	721
accn|CP151229	PID|170717978|gi|170717206|ref|NC_010519.1|_c1952327-1951962_Haemophilus_somnus_2336_chromosome__complete_genome	100.000	366	0	0	392789	393154	366	1	0.0	676
accn|CP151229	PID|170717984|gi|170717206|ref|NC_010519.1|_c1954960-1954607_Haemophilus_somnus_2336_chromosome__complete_genome	100.000	354	0	0	395434	395787	354	1	0.0	654
accn|CP151229	PID|170717967|gi|170717206|ref|NC_010519.1|_1943108-1943449_Haemophilus_somnus_2336_chromosome__complete_genome	100.000	342	0	0	383935	384276	1	342	1.23e-176	632
accn|CP151229	PID|170717981|gi|170717206|ref|NC_010519.1|_c1953313-1952987_Haemophilus_somnus_2336_chromosome__complete_genome	100.000	327	0	0	393814	394140	327	1	2.68e-168	604
accn|CP151229	PID|170717969|gi|170717206|ref|NC_010519.1|_c1945295-1944978_Haemophilus_somnus_2336_chromosome__complete_genome	100.000	318	0	0	385805	386122	318	1	2.70e-163	588
accn|CP151229	ICEberg|1233|ICEKpnFDAARGOS_531-1|GenBank|CP033777.1|2510771..2575351_Klebsiella_pneumoniae_strain_FDAARGOS_531_chromosome__complete_genome	99.213	127	1	0	363803	363929	3663	3537	1.89e-55	230
accn|CP151229	ICEberg|1147|ICEKpnAR_0076-1|GenBank|CP032167.1|1396218..1438248_Klebsiella_pneumoniae_strain_AR_0076_chromosome__complete_genome	99.213	127	1	0	363803	363929	30488	30362	1.89e-55	230
accn|CP151229	ICEberg|1323|ICEKpnKPNIH45-1|GenBank|CP036450.1|4834550..4893663_Klebsiella_pneumoniae_strain_KPNIH45_chromosome__complete_genome	99.206	126	1	0	363804	363929	10441	10566	6.78e-55	228
accn|CP151229	ICEberg|1200|ICEKpnCAV1417-1|GenBank|CP018352.1|4189070..4245078_Klebsiella_pneumoniae_strain_CAV1417_chromosome__complete_genome	100.000	123	0	0	363807	363929	45533	45411	6.78e-55	228
accn|CP151229	ICEberg|1198|ICEKpnCAV1217-1|GenBank|CP018676.1|1870285..1929398_Klebsiella_pneumoniae_strain_CAV1217_chromosome__complete_genome	99.206	126	1	0	363804	363929	10441	10566	6.78e-55	228
accn|CP151229	ICEberg|1179|ICEKpnB12-AN-2|GenBank|CP026155.1|1623163..1861329_Klebsiella_pneumoniae_strain_B12(AN)_chromosome__complete_genome	99.206	126	1	0	363804	363929	145103	145228	6.78e-55	228
accn|CP151229	ICEberg|1165|ICEKpnAR_0146-2|GenBank|CP021685.1|1297863..1356976_Klebsiella_pneumoniae_strain_AR_0146__complete_genome	100.000	123	0	0	363807	363929	25936	25814	6.78e-55	228
accn|CP151229	ICEberg|1118|ICEKpn16_GR_13-2|GenBank|CP027036.1|4684844..4750459_Klebsiella_pneumoniae_strain_16_GR_13_chromosome__complete_genome	99.206	126	1	0	363804	363929	40780	40905	6.78e-55	228
accn|CP151229	ICEberg|1949|ICEVpaChn0574|GenBank|MN199028.1|1..76762_Vibrio_parahaemolyticus_strain_Vb0574_ICEVb0574_mobile_element__complete_sequence	97.710	131	2	1	363799	363929	29527	29656	8.77e-54	224
accn|CP151229	ICEberg|437|ICEKpnHS11286-2|GenBank|CP003200|4502837..4558879_Klebsiella_pneumoniae_subsp._pneumoniae_HS11286__complete_genome	98.413	126	2	0	363804	363929	10655	10780	3.16e-53	222
accn|CP151229	ICEberg|1372|ICEKpnR1701-2|GenBank|CP039968.1|1859451..1969990_Klebsiella_pneumoniae_strain_R1701_chromosome__complete_genome	99.187	123	1	0	363807	363929	24046	23924	3.16e-53	222
accn|CP151229	ICEberg|1318|ICEKpnKPNIH32-1|GenBank|CP009775.1|3429929..3562951_Klebsiella_pneumoniae_subsp._pneumoniae_strain_KPNIH32__complete_genome	99.187	123	1	0	363807	363929	128664	128542	3.16e-53	222
accn|CP151229	ICEberg|1264|ICEKpnKLP268-1|GenBank|CP043047.1|59825..192847_Klebsiella_pneumoniae_strain_KLP268_chromosome__complete_genome	99.187	123	1	0	363807	363929	128664	128542	3.16e-53	222
accn|CP151229	ICEberg|1237|ICEKpnGD4-1|GenBank|CP025951.1|4672706..4729913_Klebsiella_pneumoniae_subsp._pneumoniae_strain_GD4_chromosome__complete_genome	99.187	123	1	0	363807	363929	9833	9711	3.16e-53	222
accn|CP151229	ICEberg|1215|ICEKpnCRKP-I-2|GenBank|CP037927.1|4486964..4546077_Klebsiella_pneumoniae_strain_CRKP_I_chromosome__complete_genome	98.413	126	2	0	363804	363929	10661	10786	3.16e-53	222
accn|CP151229	ICEberg|1702|ICEHin8|GenBank|LS483392.1|192252..244996_Haemophilus_influenzae_strain_NCTC11931_genome_assembly__chromosome__1	96.269	134	2	1	1672916	1673049	131	1	1.47e-51	217
accn|CP151229	ICEberg|1702|ICEHin8|GenBank|LS483392.1|192252..244996_Haemophilus_influenzae_strain_NCTC11931_genome_assembly__chromosome__1	96.269	134	2	1	1672589	1672722	131	1	1.47e-51	217
accn|CP151229	ICEberg|1702|ICEHin8|GenBank|LS483392.1|192252..244996_Haemophilus_influenzae_strain_NCTC11931_genome_assembly__chromosome__1	98.701	77	1	0	633351	633427	1	77	1.18e-27	137
accn|CP151229	ICEberg|1702|ICEHin8|GenBank|LS483392.1|192252..244996_Haemophilus_influenzae_strain_NCTC11931_genome_assembly__chromosome__1	95.000	80	3	1	1672974	1673053	52745	52667	9.15e-24	124
accn|CP151229	ICEberg|1702|ICEHin8|GenBank|LS483392.1|192252..244996_Haemophilus_influenzae_strain_NCTC11931_genome_assembly__chromosome__1	95.000	80	3	1	1672647	1672726	52745	52667	9.15e-24	124
accn|CP151229	ICEberg|1597|ICEApa1|GenBank|CP050316.1|2129122..2199489_Avibacterium_paragallinarum_strain_ESV-135_chromosome__complete_genome	95.349	129	5	1	1672921	1673049	128	1	1.14e-47	204
accn|CP151229	ICEberg|1597|ICEApa1|GenBank|CP050316.1|2129122..2199489_Avibacterium_paragallinarum_strain_ESV-135_chromosome__complete_genome	95.349	129	5	1	1672594	1672722	128	1	1.14e-47	204
accn|CP151229	ICEberg|1597|ICEApa1|GenBank|CP050316.1|2129122..2199489_Avibacterium_paragallinarum_strain_ESV-135_chromosome__complete_genome	96.104	77	3	0	633350	633426	70292	70368	2.55e-24	126
accn|CP151229	ICEberg|1597|ICEApa1|GenBank|CP050316.1|2129122..2199489_Avibacterium_paragallinarum_strain_ESV-135_chromosome__complete_genome	96.053	76	3	0	633351	633426	1	76	9.15e-24	124
accn|CP151229	ICEberg|1597|ICEApa1|GenBank|CP050316.1|2129122..2199489_Avibacterium_paragallinarum_strain_ESV-135_chromosome__complete_genome	96.053	76	3	0	1672974	1673049	70368	70293	9.15e-24	124
accn|CP151229	ICEberg|1597|ICEApa1|GenBank|CP050316.1|2129122..2199489_Avibacterium_paragallinarum_strain_ESV-135_chromosome__complete_genome	96.053	76	3	0	1672647	1672722	70368	70293	9.15e-24	124
accn|CP151229	ICEberg|1256|ICEKpnINF322-1|GenBank|CP024482.1|724820..832256_Klebsiella_pneumoniae_strain_INF322_chromosome__complete_genome	95.122	123	6	0	363807	363929	53052	52930	6.88e-45	195
accn|CP151229	ICEberg|1252|ICEKpnINF249-1|GenBank|CP024489.1|724822..832258_Klebsiella_pneumoniae_strain_INF249_chromosome__complete_genome	95.122	123	6	0	363807	363929	53052	52930	6.88e-45	195
accn|CP151229	ICEberg|1700|ICEHdu1|GenBank|NC_002940.2|718953..768668_[Haemophilus]_ducreyi_35000HP__complete_sequence	98.901	91	1	0	2048736	2048826	49716	49626	1.94e-35	163
accn|CP151229	ICEberg|1700|ICEHdu1|GenBank|NC_002940.2|718953..768668_[Haemophilus]_ducreyi_35000HP__complete_sequence	98.901	91	1	0	2048529	2048619	49716	49626	1.94e-35	163
accn|CP151229	ICEberg|1700|ICEHdu1|GenBank|NC_002940.2|718953..768668_[Haemophilus]_ducreyi_35000HP__complete_sequence	100.000	76	0	0	308093	308168	1	76	9.09e-29	141
accn|CP151229	ICEberg|1700|ICEHdu1|GenBank|NC_002940.2|718953..768668_[Haemophilus]_ducreyi_35000HP__complete_sequence	100.000	76	0	0	2048435	2048510	76	1	9.09e-29	141
accn|CP151229	ICEberg|1700|ICEHdu1|GenBank|NC_002940.2|718953..768668_[Haemophilus]_ducreyi_35000HP__complete_sequence	97.368	76	2	0	1277521	1277596	49576	49501	1.97e-25	130
accn|CP151229	ICEberg|1700|ICEHdu1|GenBank|NC_002940.2|718953..768668_[Haemophilus]_ducreyi_35000HP__complete_sequence	97.368	76	2	0	1277424	1277499	49576	49501	1.97e-25	130
accn|CP151229	ICEberg|1700|ICEHdu1|GenBank|NC_002940.2|718953..768668_[Haemophilus]_ducreyi_35000HP__complete_sequence	96.053	76	3	0	1277326	1277401	49576	49501	9.15e-24	124
accn|CP151229	ICEberg|2010|Tn6783_201330|GenBank|CP054623.1|2596147..2668162_Pseudomonas_aeruginosa_strain_DL201330_chromosome__complete_genome	98.750	80	1	0	308092	308171	66975	66896	2.53e-29	143
accn|CP151229	ICEberg|2010|Tn6783_201330|GenBank|CP054623.1|2596147..2668162_Pseudomonas_aeruginosa_strain_DL201330_chromosome__complete_genome	98.734	79	1	0	2048433	2048511	66897	66975	9.09e-29	141
accn|CP151229	ICEberg|2010|Tn6783_201330|GenBank|CP054623.1|2596147..2668162_Pseudomonas_aeruginosa_strain_DL201330_chromosome__complete_genome	96.471	85	2	1	2048848	2048931	66898	66982	3.27e-28	139
accn|CP151229	ICEberg|2010|Tn6783_201330|GenBank|CP054623.1|2596147..2668162_Pseudomonas_aeruginosa_strain_DL201330_chromosome__complete_genome	98.718	78	1	0	2048641	2048718	66898	66975	3.27e-28	139
accn|CP151229	ICEberg|1586|ICEAac3|GenBank|CP043003.1|2132073..2197982_Aggregatibacter_actinomycetemcomitans_strain_HK_907_chromosome__complete_genome	100.000	77	0	0	2048849	2048925	1	77	2.53e-29	143
accn|CP151229	ICEberg|1586|ICEAac3|GenBank|CP043003.1|2132073..2197982_Aggregatibacter_actinomycetemcomitans_strain_HK_907_chromosome__complete_genome	100.000	77	0	0	308092	308168	77	1	2.53e-29	143
accn|CP151229	ICEberg|1586|ICEAac3|GenBank|CP043003.1|2132073..2197982_Aggregatibacter_actinomycetemcomitans_strain_HK_907_chromosome__complete_genome	97.368	76	2	0	1277424	1277499	217	292	1.97e-25	130
accn|CP151229	ICEberg|1586|ICEAac3|GenBank|CP043003.1|2132073..2197982_Aggregatibacter_actinomycetemcomitans_strain_HK_907_chromosome__complete_genome	97.368	76	2	0	1277521	1277596	217	292	1.97e-25	130
accn|CP151229	ICEberg|1586|ICEAac3|GenBank|CP043003.1|2132073..2197982_Aggregatibacter_actinomycetemcomitans_strain_HK_907_chromosome__complete_genome	96.053	76	3	0	1277326	1277401	217	292	9.15e-24	124
accn|CP151229	ICEberg|1586|ICEAac3|GenBank|CP043003.1|2132073..2197982_Aggregatibacter_actinomycetemcomitans_strain_HK_907_chromosome__complete_genome	98.387	62	1	0	1277438	1277499	64346	64407	2.56e-19	110
accn|CP151229	ICEberg|1586|ICEAac3|GenBank|CP043003.1|2132073..2197982_Aggregatibacter_actinomycetemcomitans_strain_HK_907_chromosome__complete_genome	98.387	62	1	0	1277535	1277596	64346	64407	2.56e-19	110
accn|CP151229	ICEberg|1586|ICEAac3|GenBank|CP043003.1|2132073..2197982_Aggregatibacter_actinomycetemcomitans_strain_HK_907_chromosome__complete_genome	98.333	60	1	0	1277342	1277401	64348	64407	3.32e-18	106
accn|CP151229	ICEberg|1584|ICEAac1|GenBank|CP012959.1|2164508..2181462_Aggregatibacter_actinomycetemcomitans_strain_624__complete_genome	100.000	77	0	0	308092	308168	16879	16955	2.53e-29	143
accn|CP151229	ICEberg|1584|ICEAac1|GenBank|CP012959.1|2164508..2181462_Aggregatibacter_actinomycetemcomitans_strain_624__complete_genome	100.000	77	0	0	2048849	2048925	16955	16879	2.53e-29	143
accn|CP151229	ICEberg|1584|ICEAac1|GenBank|CP012959.1|2164508..2181462_Aggregatibacter_actinomycetemcomitans_strain_624__complete_genome	100.000	77	0	0	2048642	2048718	16955	16879	2.53e-29	143
accn|CP151229	ICEberg|1584|ICEAac1|GenBank|CP012959.1|2164508..2181462_Aggregatibacter_actinomycetemcomitans_strain_624__complete_genome	100.000	77	0	0	2048435	2048511	16955	16879	2.53e-29	143
accn|CP151229	ICEberg|1701|ICEHdu2|GenBank|CP015434.1|162562..211583_[Haemophilus]_ducreyi_strain_GHA9__complete_genome	100.000	76	0	0	2048435	2048510	48947	49022	9.09e-29	141
accn|CP151229	ICEberg|1701|ICEHdu2|GenBank|CP015434.1|162562..211583_[Haemophilus]_ducreyi_strain_GHA9__complete_genome	100.000	76	0	0	308093	308168	49022	48947	9.09e-29	141
accn|CP151229	ICEberg|1701|ICEHdu2|GenBank|CP015434.1|162562..211583_[Haemophilus]_ducreyi_strain_GHA9__complete_genome	97.368	76	2	0	1277424	1277499	2	77	1.97e-25	130
accn|CP151229	ICEberg|1701|ICEHdu2|GenBank|CP015434.1|162562..211583_[Haemophilus]_ducreyi_strain_GHA9__complete_genome	97.368	76	2	0	1277521	1277596	2	77	1.97e-25	130
accn|CP151229	ICEberg|1701|ICEHdu2|GenBank|CP015434.1|162562..211583_[Haemophilus]_ducreyi_strain_GHA9__complete_genome	96.053	76	3	0	1277326	1277401	2	77	9.15e-24	124
accn|CP151229	ICEberg|1581|ICE6660|GenBank|MK497171.1|1..112205_Pseudomonas_aeruginosa_sequence	97.500	80	2	0	308089	308168	112126	112205	1.18e-27	137
accn|CP151229	ICEberg|1581|ICE6660|GenBank|MK497171.1|1..112205_Pseudomonas_aeruginosa_sequence	97.500	80	2	0	2048642	2048721	112205	112126	1.18e-27	137
accn|CP151229	ICEberg|1581|ICE6660|GenBank|MK497171.1|1..112205_Pseudomonas_aeruginosa_sequence	97.500	80	2	0	2048435	2048514	112205	112126	1.18e-27	137
accn|CP151229	ICEberg|1581|ICE6660|GenBank|MK497171.1|1..112205_Pseudomonas_aeruginosa_sequence	98.701	77	1	0	2048849	2048925	112205	112129	1.18e-27	137
accn|CP151229	ICEberg|1718|ICEHso3|GenBank|NC_008309.1|1952153..2005728_Histophilus_somni_129PT__complete_sequence	95.122	82	3	1	633345	633426	179	99	7.08e-25	128
accn|CP151229	ICEberg|960|ICEApl1|GenBank|KU551309|27..56176_Actinobacillus_pleuropneumoniae_strain_MIDG2427_tRNA-Leu_gene__integrative_conjugative_element_ICEApl1_mobile_element__and_tRNA-Gly_gene__complete_sequence	98.485	66	1	0	2048551	2048616	56085	56150	1.53e-21	117
accn|CP151229	ICEberg|960|ICEApl1|GenBank|KU551309|27..56176_Actinobacillus_pleuropneumoniae_strain_MIDG2427_tRNA-Leu_gene__integrative_conjugative_element_ICEApl1_mobile_element__and_tRNA-Gly_gene__complete_sequence	98.485	66	1	0	2048758	2048823	56085	56150	1.53e-21	117
accn|CP151229	ICEberg|960|ICEApl1|GenBank|KU551309|27..56176_Actinobacillus_pleuropneumoniae_strain_MIDG2427_tRNA-Leu_gene__integrative_conjugative_element_ICEApl1_mobile_element__and_tRNA-Gly_gene__complete_sequence	97.015	67	2	0	2048550	2048616	1	67	1.98e-20	113
accn|CP151229	ICEberg|960|ICEApl1|GenBank|KU551309|27..56176_Actinobacillus_pleuropneumoniae_strain_MIDG2427_tRNA-Leu_gene__integrative_conjugative_element_ICEApl1_mobile_element__and_tRNA-Gly_gene__complete_sequence	97.015	67	2	0	2048757	2048823	1	67	1.98e-20	113
accn|CP151229	ICEberg|60|ICEHin1056|GenBank|AJ627386|1..59393_Haemophilus_influenzae_plasmid_ICEhin1056	95.455	66	3	0	2048551	2048616	1	66	3.32e-18	106
accn|CP151229	ICEberg|60|ICEHin1056|GenBank|AJ627386|1..59393_Haemophilus_influenzae_plasmid_ICEhin1056	95.455	66	3	0	2048758	2048823	1	66	3.32e-18	106
accn|CP151229	ICEberg|350|ICEHpaT3T1|GenBank|FQ312002|1153089..1213144_Haemophilus_parainfluenzae_T3T1_genome	95.455	66	3	0	2048761	2048826	60053	59988	3.32e-18	106
accn|CP151229	ICEberg|350|ICEHpaT3T1|GenBank|FQ312002|1153089..1213144_Haemophilus_parainfluenzae_T3T1_genome	95.455	66	3	0	2048554	2048619	60053	59988	3.32e-18	106
accn|CP151229	ICEberg|349|ICEHpa8f|GenBank|AM884335|1..52725_Haemophilus_influenzae_parA_gene_for_chromosome_partitioning_protein__strain_8f	95.455	66	3	0	2048551	2048616	1	66	3.32e-18	106
accn|CP151229	ICEberg|349|ICEHpa8f|GenBank|AM884335|1..52725_Haemophilus_influenzae_parA_gene_for_chromosome_partitioning_protein__strain_8f	95.455	66	3	0	2048758	2048823	1	66	3.32e-18	106
accn|CP151229	ICEberg|348|ICEHin299|GenBank|AM884334|1..53902_Haemophilus_influenzae_parA_gene_for_chromosome_partitioning_protein__strain_299	95.455	66	3	0	2048551	2048616	1	66	3.32e-18	106
accn|CP151229	ICEberg|348|ICEHin299|GenBank|AM884334|1..53902_Haemophilus_influenzae_parA_gene_for_chromosome_partitioning_protein__strain_299	95.455	66	3	0	2048758	2048823	1	66	3.32e-18	106
accn|CP151229	ICEberg|346|ICEHinB|GenBank|FQ312006|87548..143543_Haemophilus_influenzae_10810_genome	95.455	66	3	0	2048551	2048616	1	66	3.32e-18	106
accn|CP151229	ICEberg|346|ICEHinB|GenBank|FQ312006|87548..143543_Haemophilus_influenzae_10810_genome	95.455	66	3	0	2048758	2048823	1	66	3.32e-18	106
accn|CP151229	ICEberg|2046|Tn7100|GenBank|OW736085.1|1..73601_Haemophilus_influenzae_strain_Hi-228_transposon_7100__complete_sequence	95.455	66	3	0	2048551	2048616	1	66	3.32e-18	106
accn|CP151229	ICEberg|2046|Tn7100|GenBank|OW736085.1|1..73601_Haemophilus_influenzae_strain_Hi-228_transposon_7100__complete_sequence	95.455	66	3	0	2048758	2048823	1	66	3.32e-18	106
accn|CP151229	ICEberg|2007|Tn6687|GenBank|MN106412.1|1..68777_Haemophilus_influenzae_strain_0_transposon_Tn6687__complete_sequence	95.455	66	3	0	2048551	2048616	1	66	3.32e-18	106
accn|CP151229	ICEberg|2007|Tn6687|GenBank|MN106412.1|1..68777_Haemophilus_influenzae_strain_0_transposon_Tn6687__complete_sequence	95.455	66	3	0	2048758	2048823	1	66	3.32e-18	106
accn|CP151229	ICEberg|2006|Tn6686|GenBank|MN106411.1|1..64737_Haemophilus_influenzae_strain_G_transposon_Tn6686__complete_sequence	95.455	66	3	0	2048551	2048616	1	66	3.32e-18	106
accn|CP151229	ICEberg|2006|Tn6686|GenBank|MN106411.1|1..64737_Haemophilus_influenzae_strain_G_transposon_Tn6686__complete_sequence	95.455	66	3	0	2048758	2048823	1	66	3.32e-18	106
accn|CP151229	ICEberg|2005|Tn6685|GenBank|MN106410.1|1..52414_Haemophilus_influenzae_strain_E_transposon_Tn6685__complete_sequence	95.455	66	3	0	2048551	2048616	1	66	3.32e-18	106
accn|CP151229	ICEberg|2005|Tn6685|GenBank|MN106410.1|1..52414_Haemophilus_influenzae_strain_E_transposon_Tn6685__complete_sequence	95.455	66	3	0	2048758	2048823	1	66	3.32e-18	106
accn|CP151229	ICEberg|1422|15-184_ICE|GenBank|CP023057.1|951876..999094_Glaesserella_sp._15-184_chromosome__complete_genome	96.667	60	2	0	2430769	2430828	427	368	1.54e-16	100
accn|CP151229	ICEberg|1685|ICEEC8|GenBank|LOGV01000031.1|282800..364210_Escherichia_coli_strain_STEC_2174_STEC2174_contig_26__whole_genome_shotgun_sequence	96.078	51	2	0	1672591	1672641	1	51	1.55e-11	84.2
accn|CP151229	ICEberg|1685|ICEEC8|GenBank|LOGV01000031.1|282800..364210_Escherichia_coli_strain_STEC_2174_STEC2174_contig_26__whole_genome_shotgun_sequence	96.078	51	2	0	1672918	1672968	1	51	1.55e-11	84.2
accn|CP151229	ICEberg|2039|Tn6865|GenBank|CP031123.2|751328..820050_Providencia_huaxiensis_strain_WCHPr000369_chromosome__complete_genome	97.368	38	1	0	2317343	2317380	65651	65614	5.63e-06	65.8
