accn|VAII01000003	ICEberg|987|ICEMh1|GenBank|CP005383|2128248..2190602_Mannheimia_haemolytica_M42548__complete_genome	100.000	247	0	0	1	247	45085	44839	6.48e-128	457
accn|VAII01000003	ICEberg|441|ICEHso2336-1|GenBank|CP000947|1927921..1994529_Haemophilus_somnus_2336__complete_genome	100.000	247	0	0	1	247	39221	38975	6.48e-128	457
accn|VAII01000003	ICEberg|440|ICEPmu1|GenBank|CP003022|273284..355497_Pasteurella_multocida_36950__complete_genome	100.000	247	0	0	1	247	57168	56922	6.48e-128	457
accn|VAII01000003	ICEberg|1734|ICEMh3|GenBank|CP006942.1|959858..1026317_Mannheimia_sp._USDA-ARS-USMARC-1261__complete_genome	100.000	247	0	0	1	247	27324	27570	6.48e-128	457
accn|VAII01000003	ICEberg|1719|ICEHso4|GenBank|CP018803.1|686759..761246_Histophilus_somni_strain_USDA-ARS-USMARC-63255_chromosome__complete_genome	100.000	247	0	0	1	247	17273	17519	6.48e-128	457
accn|VAII01000003	ICEberg|1717|ICEHs1|GenBank|MF136609.1|1..64932_Histophilus_somni_strain_AVI_1_integrative_conjugative_element_ICEHs1__complete_sequence	100.000	247	0	0	1	247	39235	38989	6.48e-128	457
accn|VAII01000003	ICEberg|1716|ICEHs02|GenBank|CP042993.1|687500..760418_Histophilus_somni_strain_UOC-KLM-ATR-014_chromosome__complete_genome	100.000	247	0	0	1	247	17224	17470	6.48e-128	457
accn|VAII01000093	ICEberg|1736|ICEMha2|GenBank|NC_020833.2|1557279..1616347_Mannheimia_haemolytica_USDA-ARS-USMARC-183__complete_sequence	98.780	82	1	0	89185	89266	7303	7222	6.39e-32	147
accn|VAII01000093	ICEberg|1736|ICEMha2|GenBank|NC_020833.2|1557279..1616347_Mannheimia_haemolytica_USDA-ARS-USMARC-183__complete_sequence	97.619	84	2	0	1	84	7222	7305	2.30e-31	145
accn|VAII01000093	ICEberg|1736|ICEMha2|GenBank|NC_020833.2|1557279..1616347_Mannheimia_haemolytica_USDA-ARS-USMARC-183__complete_sequence	100.000	78	0	0	1	78	10399	10476	2.30e-31	145
accn|VAII01000093	ICEberg|1736|ICEMha2|GenBank|NC_020833.2|1557279..1616347_Mannheimia_haemolytica_USDA-ARS-USMARC-183__complete_sequence	100.000	77	0	0	89190	89266	10475	10399	8.27e-31	143
accn|VAII01000092	ICEberg|1736|ICEMha2|GenBank|NC_020833.2|1557279..1616347_Mannheimia_haemolytica_USDA-ARS-USMARC-183__complete_sequence	100.000	78	0	0	89163	89240	10476	10399	2.30e-31	145
accn|VAII01000092	ICEberg|1736|ICEMha2|GenBank|NC_020833.2|1557279..1616347_Mannheimia_haemolytica_USDA-ARS-USMARC-183__complete_sequence	100.000	77	0	0	89164	89240	7298	7222	8.27e-31	143
accn|VAII01000091	ICEberg|1736|ICEMha2|GenBank|NC_020833.2|1557279..1616347_Mannheimia_haemolytica_USDA-ARS-USMARC-183__complete_sequence	100.000	77	0	0	78275	78351	6098	6174	7.26e-31	143
accn|VAII01000091	ICEberg|1736|ICEMha2|GenBank|NC_020833.2|1557279..1616347_Mannheimia_haemolytica_USDA-ARS-USMARC-183__complete_sequence	97.590	83	2	0	78269	78351	9212	9294	7.26e-31	143
accn|VAII01000091	ICEberg|1702|ICEHin8|GenBank|LS483392.1|192252..244996_Haemophilus_influenzae_strain_NCTC11931_genome_assembly__chromosome__1	98.701	77	1	0	53113	53189	1	77	3.38e-29	137
accn|VAII01000091	ICEberg|1718|ICEHso3|GenBank|NC_008309.1|1952153..2005728_Histophilus_somni_129PT__complete_sequence	95.122	82	3	1	53107	53188	179	99	2.03e-26	128
accn|VAII01000091	ICEberg|1807|ICEPmu4|GenBank|CP038875.1|2009809..2087766_Pasteurella_multocida_strain_FCf83_chromosome__complete_genome	96.104	77	3	0	53112	53188	77	1	7.31e-26	126
accn|VAII01000091	ICEberg|1804|ICEPmu3|GenBank|CP038873.1|1026914..1096464_Pasteurella_multocida_strain_FCf45_chromosome__complete_genome	96.104	77	3	0	53112	53188	69475	69551	7.31e-26	126
accn|VAII01000091	ICEberg|1597|ICEApa1|GenBank|CP050316.1|2129122..2199489_Avibacterium_paragallinarum_strain_ESV-135_chromosome__complete_genome	96.104	77	3	0	53112	53188	70292	70368	7.31e-26	126
accn|VAII01000091	ICEberg|1597|ICEApa1|GenBank|CP050316.1|2129122..2199489_Avibacterium_paragallinarum_strain_ESV-135_chromosome__complete_genome	96.053	76	3	0	53113	53188	1	76	2.63e-25	124
accn|VAII01000090	ICEberg|2047|Tn7406|GenBank|CP087379.1|1564187..1622411_Mannheimia_haemolytica_strain_IMT47952_chromosome__complete_genome	97.313	521	14	0	703	1223	57705	58225	0.0	885
accn|VAII01000090	ICEberg|2047|Tn7406|GenBank|CP087379.1|1564187..1622411_Mannheimia_haemolytica_strain_IMT47952_chromosome__complete_genome	96.296	54	2	0	920	973	57868	57921	9.52e-15	89.8
accn|VAII01000090	ICEberg|2047|Tn7406|GenBank|CP087379.1|1564187..1622411_Mannheimia_haemolytica_strain_IMT47952_chromosome__complete_genome	96.296	54	2	0	866	919	57922	57975	9.52e-15	89.8
accn|VAII01000090	ICEberg|1736|ICEMha2|GenBank|NC_020833.2|1557279..1616347_Mannheimia_haemolytica_USDA-ARS-USMARC-183__complete_sequence	97.535	284	7	0	77507	77790	7298	7015	2.89e-134	486
accn|VAII01000090	ICEberg|1736|ICEMha2|GenBank|NC_020833.2|1557279..1616347_Mannheimia_haemolytica_USDA-ARS-USMARC-183__complete_sequence	100.000	163	0	0	1061	1223	4035	3873	1.12e-78	302
accn|VAII01000090	ICEberg|1736|ICEMha2|GenBank|NC_020833.2|1557279..1616347_Mannheimia_haemolytica_USDA-ARS-USMARC-183__complete_sequence	96.610	59	1	1	861	918	6093	6035	5.69e-17	97.1
accn|VAII01000090	ICEberg|2039|Tn6865|GenBank|CP031123.2|751328..820050_Providencia_huaxiensis_strain_WCHPr000369_chromosome__complete_genome	97.368	38	1	0	31007	31044	65651	65614	1.60e-07	65.8
accn|VAII01000089	VFG043479(gb|AAD53408)_(pomA)_outer_membrane_protein_PomA_[OmpA_(VF1223)_-_Adherence_(VFC0001)]_[Mannheimia_haemolytica_str._89010807N]	96.570	1137	21	11	55784	56902	1137	1	0.0	1868
accn|VAII01000089	ICEberg|1736|ICEMha2|GenBank|NC_020833.2|1557279..1616347_Mannheimia_haemolytica_USDA-ARS-USMARC-183__complete_sequence	98.780	82	0	1	69448	69528	7303	7222	1.79e-31	145
accn|VAII01000089	ICEberg|1736|ICEMha2|GenBank|NC_020833.2|1557279..1616347_Mannheimia_haemolytica_USDA-ARS-USMARC-183__complete_sequence	100.000	77	0	0	69452	69528	10475	10399	6.44e-31	143
accn|VAII01000088	ICEberg|1736|ICEMha2|GenBank|NC_020833.2|1557279..1616347_Mannheimia_haemolytica_USDA-ARS-USMARC-183__complete_sequence	95.156	289	12	2	63471	63758	7302	7015	6.68e-125	455
accn|VAII01000087	ICEberg|1736|ICEMha2|GenBank|NC_020833.2|1557279..1616347_Mannheimia_haemolytica_USDA-ARS-USMARC-183__complete_sequence	100.000	77	0	0	1	77	6174	6098	5.68e-31	143
accn|VAII01000087	ICEberg|1736|ICEMha2|GenBank|NC_020833.2|1557279..1616347_Mannheimia_haemolytica_USDA-ARS-USMARC-183__complete_sequence	100.000	77	0	0	61180	61256	6098	6174	5.68e-31	143
accn|VAII01000087	ICEberg|1736|ICEMha2|GenBank|NC_020833.2|1557279..1616347_Mannheimia_haemolytica_USDA-ARS-USMARC-183__complete_sequence	96.386	83	3	0	1	83	9294	9212	2.64e-29	137
accn|VAII01000087	ICEberg|1736|ICEMha2|GenBank|NC_020833.2|1557279..1616347_Mannheimia_haemolytica_USDA-ARS-USMARC-183__complete_sequence	97.436	78	2	0	61179	61256	9217	9294	3.42e-28	134
accn|VAII01000086	ICEberg|1736|ICEMha2|GenBank|NC_020833.2|1557279..1616347_Mannheimia_haemolytica_USDA-ARS-USMARC-183__complete_sequence	95.439	285	12	1	1	285	7015	7298	2.15e-124	453
accn|VAII01000102	ICEberg|1736|ICEMha2|GenBank|NC_020833.2|1557279..1616347_Mannheimia_haemolytica_USDA-ARS-USMARC-183__complete_sequence	99.313	291	2	0	149592	149882	7305	7015	3.28e-146	527
accn|VAII01000083	ICEberg|1736|ICEMha2|GenBank|NC_020833.2|1557279..1616347_Mannheimia_haemolytica_USDA-ARS-USMARC-183__complete_sequence	100.000	72	0	0	1	72	7227	7298	2.58e-28	134
accn|VAII01000083	ICEberg|1736|ICEMha2|GenBank|NC_020833.2|1557279..1616347_Mannheimia_haemolytica_USDA-ARS-USMARC-183__complete_sequence	100.000	72	0	0	1	72	10404	10475	2.58e-28	134
accn|VAII01000081	ICEberg|1736|ICEMha2|GenBank|NC_020833.2|1557279..1616347_Mannheimia_haemolytica_USDA-ARS-USMARC-183__complete_sequence	100.000	77	0	0	1	77	6174	6098	4.06e-31	143
accn|VAII01000081	ICEberg|1736|ICEMha2|GenBank|NC_020833.2|1557279..1616347_Mannheimia_haemolytica_USDA-ARS-USMARC-183__complete_sequence	100.000	77	0	0	43752	43828	6098	6174	4.06e-31	143
accn|VAII01000081	ICEberg|1736|ICEMha2|GenBank|NC_020833.2|1557279..1616347_Mannheimia_haemolytica_USDA-ARS-USMARC-183__complete_sequence	97.468	79	2	0	1	79	9294	9216	6.79e-29	135
accn|VAII01000081	ICEberg|1736|ICEMha2|GenBank|NC_020833.2|1557279..1616347_Mannheimia_haemolytica_USDA-ARS-USMARC-183__complete_sequence	97.403	77	2	0	43752	43828	9218	9294	8.79e-28	132
accn|VAII01000080	ICEberg|1698|ICEGpa3|GenBank|CP018032.1|1710663..1776472_Glaesserella_parasuis_D74__complete_sequence	96.347	438	16	0	16623	17060	49464	49901	0.0	721
accn|VAII01000080	ICEberg|1736|ICEMha2|GenBank|NC_020833.2|1557279..1616347_Mannheimia_haemolytica_USDA-ARS-USMARC-183__complete_sequence	100.000	79	0	0	1	79	7222	7300	2.47e-32	147
accn|VAII01000080	ICEberg|1736|ICEMha2|GenBank|NC_020833.2|1557279..1616347_Mannheimia_haemolytica_USDA-ARS-USMARC-183__complete_sequence	100.000	77	0	0	34478	34554	6098	6174	3.20e-31	143
accn|VAII01000080	ICEberg|1736|ICEMha2|GenBank|NC_020833.2|1557279..1616347_Mannheimia_haemolytica_USDA-ARS-USMARC-183__complete_sequence	100.000	77	0	0	1	77	10399	10475	3.20e-31	143
accn|VAII01000080	ICEberg|1736|ICEMha2|GenBank|NC_020833.2|1557279..1616347_Mannheimia_haemolytica_USDA-ARS-USMARC-183__complete_sequence	97.561	82	2	0	34473	34554	9213	9294	1.15e-30	141
accn|VAII01000079	ICEberg|1736|ICEMha2|GenBank|NC_020833.2|1557279..1616347_Mannheimia_haemolytica_USDA-ARS-USMARC-183__complete_sequence	100.000	77	0	0	1	77	6174	6098	3.00e-31	143
accn|VAII01000079	ICEberg|1736|ICEMha2|GenBank|NC_020833.2|1557279..1616347_Mannheimia_haemolytica_USDA-ARS-USMARC-183__complete_sequence	97.403	77	2	0	1	77	9294	9218	6.50e-28	132
accn|VAII01000077	ICEberg|1736|ICEMha2|GenBank|NC_020833.2|1557279..1616347_Mannheimia_haemolytica_USDA-ARS-USMARC-183__complete_sequence	99.433	6173	10	2	1	6148	6173	1	0.0	11182
accn|VAII01000077	ICEberg|1736|ICEMha2|GenBank|NC_020833.2|1557279..1616347_Mannheimia_haemolytica_USDA-ARS-USMARC-183__complete_sequence	97.368	76	2	0	1	76	9293	9218	2.17e-27	130
accn|VAII01000077	ICEberg|1701|ICEHdu2|GenBank|CP015434.1|162562..211583_[Haemophilus]_ducreyi_strain_GHA9__complete_genome	97.674	86	1	1	25918	26002	48937	49022	2.15e-32	147
accn|VAII01000077	ICEberg|1700|ICEHdu1|GenBank|NC_002940.2|718953..768668_[Haemophilus]_ducreyi_35000HP__complete_sequence	97.674	86	1	1	25918	26002	86	1	2.15e-32	147
accn|VAII01000077	ICEberg|1586|ICEAac3|GenBank|CP043003.1|2132073..2197982_Aggregatibacter_actinomycetemcomitans_strain_HK_907_chromosome__complete_genome	100.000	77	0	0	25927	26003	1	77	2.79e-31	143
accn|VAII01000077	ICEberg|1584|ICEAac1|GenBank|CP012959.1|2164508..2181462_Aggregatibacter_actinomycetemcomitans_strain_624__complete_genome	100.000	77	0	0	25927	26003	16955	16879	2.79e-31	143
accn|VAII01000077	ICEberg|2010|Tn6783_201330|GenBank|CP054623.1|2596147..2668162_Pseudomonas_aeruginosa_strain_DL201330_chromosome__complete_genome	98.734	79	1	0	25925	26003	66897	66975	1.00e-30	141
accn|VAII01000077	ICEberg|1581|ICE6660|GenBank|MK497171.1|1..112205_Pseudomonas_aeruginosa_sequence	97.500	80	2	0	25927	26006	112205	112126	1.30e-29	137
accn|VAII01000077	ICEberg|1697|ICEGpa2|GenBank|CP049090.1|1351751..1421790_Glaesserella_parasuis_strain_aHPS7_chromosome__complete_genome	100.000	54	0	0	2275	2328	1533	1480	1.70e-18	100
accn|VAII01000077	ICEberg|1713|ICEHpa1|GenBank|CP054198.1|1511383..1580304_Glaesserella_parasuis_strain_YHP170504_chromosome__complete_genome	98.148	54	0	1	2275	2328	55	3	2.85e-16	93.5
accn|VAII01000077	ICEberg|1698|ICEGpa3|GenBank|CP018032.1|1710663..1776472_Glaesserella_parasuis_D74__complete_sequence	97.959	49	1	0	267	315	44559	44607	4.76e-14	86.1
accn|VAII01000077	ICEberg|441|ICEHso2336-1|GenBank|CP000947|1927921..1994529_Haemophilus_somnus_2336__complete_genome	95.918	49	2	0	267	315	379	331	2.22e-12	80.5
accn|VAII01000077	ICEberg|440|ICEPmu1|GenBank|CP003022|273284..355497_Pasteurella_multocida_36950__complete_genome	95.918	49	2	0	267	315	379	331	2.22e-12	80.5
accn|VAII01000077	ICEberg|1719|ICEHso4|GenBank|CP018803.1|686759..761246_Histophilus_somni_strain_USDA-ARS-USMARC-63255_chromosome__complete_genome	95.918	49	2	0	267	315	72535	72583	2.22e-12	80.5
accn|VAII01000077	ICEberg|1717|ICEHs1|GenBank|MF136609.1|1..64932_Histophilus_somni_strain_AVI_1_integrative_conjugative_element_ICEHs1__complete_sequence	95.918	49	2	0	267	315	392	344	2.22e-12	80.5
accn|VAII01000077	ICEberg|1716|ICEHs02|GenBank|CP042993.1|687500..760418_Histophilus_somni_strain_UOC-KLM-ATR-014_chromosome__complete_genome	95.918	49	2	0	267	315	72487	72535	2.22e-12	80.5
accn|VAII01000076	ICEberg|1736|ICEMha2|GenBank|NC_020833.2|1557279..1616347_Mannheimia_haemolytica_USDA-ARS-USMARC-183__complete_sequence	100.000	79	0	0	1	79	10399	10477	2.08e-32	147
accn|VAII01000076	ICEberg|1736|ICEMha2|GenBank|NC_020833.2|1557279..1616347_Mannheimia_haemolytica_USDA-ARS-USMARC-183__complete_sequence	100.000	77	0	0	1	77	7222	7298	2.70e-31	143
accn|VAII01000075	ICEberg|1736|ICEMha2|GenBank|NC_020833.2|1557279..1616347_Mannheimia_haemolytica_USDA-ARS-USMARC-183__complete_sequence	100.000	76	0	0	1	76	7223	7298	8.32e-31	141
accn|VAII01000075	ICEberg|1736|ICEMha2|GenBank|NC_020833.2|1557279..1616347_Mannheimia_haemolytica_USDA-ARS-USMARC-183__complete_sequence	100.000	76	0	0	1	76	10400	10475	8.32e-31	141
accn|VAII01000075	ICEberg|1736|ICEMha2|GenBank|NC_020833.2|1557279..1616347_Mannheimia_haemolytica_USDA-ARS-USMARC-183__complete_sequence	100.000	72	0	0	24917	24988	6098	6169	1.39e-28	134
accn|VAII01000075	ICEberg|1736|ICEMha2|GenBank|NC_020833.2|1557279..1616347_Mannheimia_haemolytica_USDA-ARS-USMARC-183__complete_sequence	96.000	75	3	0	24914	24988	9215	9289	3.02e-25	122
accn|VAII01000074	ICEberg|1736|ICEMha2|GenBank|NC_020833.2|1557279..1616347_Mannheimia_haemolytica_USDA-ARS-USMARC-183__complete_sequence	98.765	81	0	1	24540	24619	7303	7223	2.28e-31	143
accn|VAII01000074	ICEberg|1736|ICEMha2|GenBank|NC_020833.2|1557279..1616347_Mannheimia_haemolytica_USDA-ARS-USMARC-183__complete_sequence	100.000	76	0	0	24544	24619	10475	10400	8.20e-31	141
accn|VAII01000101	ICEberg|1736|ICEMha2|GenBank|NC_020833.2|1557279..1616347_Mannheimia_haemolytica_USDA-ARS-USMARC-183__complete_sequence	96.994	499	15	0	140896	141394	6098	6596	0.0	839
accn|VAII01000072	ICEberg|1736|ICEMha2|GenBank|NC_020833.2|1557279..1616347_Mannheimia_haemolytica_USDA-ARS-USMARC-183__complete_sequence	100.000	77	0	0	23566	23642	6098	6174	2.19e-31	143
accn|VAII01000072	ICEberg|1736|ICEMha2|GenBank|NC_020833.2|1557279..1616347_Mannheimia_haemolytica_USDA-ARS-USMARC-183__complete_sequence	97.468	79	2	0	23564	23642	9216	9294	3.66e-29	135
accn|VAII01000072	ICEberg|1713|ICEHpa1|GenBank|CP054198.1|1511383..1580304_Glaesserella_parasuis_strain_YHP170504_chromosome__complete_genome	100.000	32	0	0	17842	17873	68897	68866	2.27e-06	60.2
accn|VAII01000071	ICEberg|1736|ICEMha2|GenBank|NC_020833.2|1557279..1616347_Mannheimia_haemolytica_USDA-ARS-USMARC-183__complete_sequence	100.000	78	0	0	1	78	10399	10476	6.00e-32	145
accn|VAII01000071	ICEberg|1736|ICEMha2|GenBank|NC_020833.2|1557279..1616347_Mannheimia_haemolytica_USDA-ARS-USMARC-183__complete_sequence	100.000	77	0	0	1	77	7222	7298	2.16e-31	143
accn|VAII01000071	ICEberg|1736|ICEMha2|GenBank|NC_020833.2|1557279..1616347_Mannheimia_haemolytica_USDA-ARS-USMARC-183__complete_sequence	98.750	80	0	1	23213	23291	7302	7223	7.76e-31	141
accn|VAII01000071	ICEberg|1736|ICEMha2|GenBank|NC_020833.2|1557279..1616347_Mannheimia_haemolytica_USDA-ARS-USMARC-183__complete_sequence	100.000	76	0	0	23216	23291	10475	10400	7.76e-31	141
accn|VAII01000070	ICEberg|1736|ICEMha2|GenBank|NC_020833.2|1557279..1616347_Mannheimia_haemolytica_USDA-ARS-USMARC-183__complete_sequence	100.000	73	0	0	1	73	7226	7298	3.46e-29	135
accn|VAII01000070	ICEberg|1736|ICEMha2|GenBank|NC_020833.2|1557279..1616347_Mannheimia_haemolytica_USDA-ARS-USMARC-183__complete_sequence	100.000	73	0	0	1	73	10403	10475	3.46e-29	135
accn|VAII01000067	ICEberg|1736|ICEMha2|GenBank|NC_020833.2|1557279..1616347_Mannheimia_haemolytica_USDA-ARS-USMARC-183__complete_sequence	100.000	77	0	0	1	77	6174	6098	1.70e-31	143
accn|VAII01000067	ICEberg|1736|ICEMha2|GenBank|NC_020833.2|1557279..1616347_Mannheimia_haemolytica_USDA-ARS-USMARC-183__complete_sequence	96.471	85	3	0	1	85	9294	9210	6.11e-31	141
accn|VAII01000066	ICEberg|1736|ICEMha2|GenBank|NC_020833.2|1557279..1616347_Mannheimia_haemolytica_USDA-ARS-USMARC-183__complete_sequence	100.000	78	0	0	1	78	6174	6097	4.72e-32	145
accn|VAII01000066	ICEberg|1736|ICEMha2|GenBank|NC_020833.2|1557279..1616347_Mannheimia_haemolytica_USDA-ARS-USMARC-183__complete_sequence	96.250	80	3	0	1	80	9294	9215	3.68e-28	132
accn|VAII01000065	ICEberg|1736|ICEMha2|GenBank|NC_020833.2|1557279..1616347_Mannheimia_haemolytica_USDA-ARS-USMARC-183__complete_sequence	98.734	79	1	0	1	79	7225	7303	5.83e-31	141
accn|VAII01000065	ICEberg|1736|ICEMha2|GenBank|NC_020833.2|1557279..1616347_Mannheimia_haemolytica_USDA-ARS-USMARC-183__complete_sequence	100.000	76	0	0	1	76	10402	10477	5.83e-31	141
accn|VAII01000064	ICEberg|1736|ICEMha2|GenBank|NC_020833.2|1557279..1616347_Mannheimia_haemolytica_USDA-ARS-USMARC-183__complete_sequence	100.000	77	0	0	1	77	7222	7298	1.58e-31	143
accn|VAII01000064	ICEberg|1736|ICEMha2|GenBank|NC_020833.2|1557279..1616347_Mannheimia_haemolytica_USDA-ARS-USMARC-183__complete_sequence	100.000	77	0	0	1	77	10399	10475	1.58e-31	143
accn|VAII01000100	ICEberg|1736|ICEMha2|GenBank|NC_020833.2|1557279..1616347_Mannheimia_haemolytica_USDA-ARS-USMARC-183__complete_sequence	96.127	284	11	0	139610	139893	7298	7015	2.44e-127	464
accn|VAII01000100	ICEberg|1736|ICEMha2|GenBank|NC_020833.2|1557279..1616347_Mannheimia_haemolytica_USDA-ARS-USMARC-183__complete_sequence	98.780	82	0	1	1	81	7222	7303	3.60e-31	145
accn|VAII01000100	ICEberg|1736|ICEMha2|GenBank|NC_020833.2|1557279..1616347_Mannheimia_haemolytica_USDA-ARS-USMARC-183__complete_sequence	100.000	77	0	0	1	77	10399	10475	1.30e-30	143
accn|VAII01000062	ICEberg|1736|ICEMha2|GenBank|NC_020833.2|1557279..1616347_Mannheimia_haemolytica_USDA-ARS-USMARC-183__complete_sequence	100.000	78	0	0	1	78	7222	7299	4.12e-32	145
accn|VAII01000062	ICEberg|1736|ICEMha2|GenBank|NC_020833.2|1557279..1616347_Mannheimia_haemolytica_USDA-ARS-USMARC-183__complete_sequence	100.000	77	0	0	1	77	10399	10475	1.48e-31	143
accn|VAII01000061	ICEberg|1736|ICEMha2|GenBank|NC_020833.2|1557279..1616347_Mannheimia_haemolytica_USDA-ARS-USMARC-183__complete_sequence	98.795	83	0	1	1	83	6174	6093	1.13e-32	147
accn|VAII01000061	ICEberg|1736|ICEMha2|GenBank|NC_020833.2|1557279..1616347_Mannheimia_haemolytica_USDA-ARS-USMARC-183__complete_sequence	95.181	83	4	0	1	83	9294	9212	3.15e-28	132
accn|VAII01000061	ICEberg|1701|ICEHdu2|GenBank|CP015434.1|162562..211583_[Haemophilus]_ducreyi_strain_GHA9__complete_genome	97.368	76	2	0	9191	9266	2	77	1.13e-27	130
accn|VAII01000061	ICEberg|1701|ICEHdu2|GenBank|CP015434.1|162562..211583_[Haemophilus]_ducreyi_strain_GHA9__complete_genome	96.053	76	3	0	9093	9168	2	77	5.27e-26	124
accn|VAII01000061	ICEberg|1700|ICEHdu1|GenBank|NC_002940.2|718953..768668_[Haemophilus]_ducreyi_35000HP__complete_sequence	97.368	76	2	0	9191	9266	49576	49501	1.13e-27	130
accn|VAII01000061	ICEberg|1700|ICEHdu1|GenBank|NC_002940.2|718953..768668_[Haemophilus]_ducreyi_35000HP__complete_sequence	96.053	76	3	0	9093	9168	49576	49501	5.27e-26	124
accn|VAII01000061	ICEberg|1586|ICEAac3|GenBank|CP043003.1|2132073..2197982_Aggregatibacter_actinomycetemcomitans_strain_HK_907_chromosome__complete_genome	97.368	76	2	0	9191	9266	217	292	1.13e-27	130
accn|VAII01000061	ICEberg|1586|ICEAac3|GenBank|CP043003.1|2132073..2197982_Aggregatibacter_actinomycetemcomitans_strain_HK_907_chromosome__complete_genome	96.053	76	3	0	9093	9168	217	292	5.27e-26	124
accn|VAII01000061	ICEberg|1586|ICEAac3|GenBank|CP043003.1|2132073..2197982_Aggregatibacter_actinomycetemcomitans_strain_HK_907_chromosome__complete_genome	98.387	62	1	0	9205	9266	64346	64407	1.48e-21	110
accn|VAII01000061	ICEberg|1586|ICEAac3|GenBank|CP043003.1|2132073..2197982_Aggregatibacter_actinomycetemcomitans_strain_HK_907_chromosome__complete_genome	98.333	60	1	0	9109	9168	64348	64407	1.91e-20	106
accn|VAII01000058	ICEberg|1736|ICEMha2|GenBank|NC_020833.2|1557279..1616347_Mannheimia_haemolytica_USDA-ARS-USMARC-183__complete_sequence	97.535	284	7	0	13426	13709	7298	7015	5.09e-135	486
accn|VAII01000057	ICEberg|1736|ICEMha2|GenBank|NC_020833.2|1557279..1616347_Mannheimia_haemolytica_USDA-ARS-USMARC-183__complete_sequence	100.000	77	0	0	12643	12719	6098	6174	1.18e-31	143
accn|VAII01000057	ICEberg|1736|ICEMha2|GenBank|NC_020833.2|1557279..1616347_Mannheimia_haemolytica_USDA-ARS-USMARC-183__complete_sequence	97.403	77	2	0	12643	12719	9218	9294	2.55e-28	132
accn|VAII01000055	ICEberg|1736|ICEMha2|GenBank|NC_020833.2|1557279..1616347_Mannheimia_haemolytica_USDA-ARS-USMARC-183__complete_sequence	100.000	75	0	0	10079	10153	6098	6172	1.21e-30	139
accn|VAII01000055	ICEberg|1736|ICEMha2|GenBank|NC_020833.2|1557279..1616347_Mannheimia_haemolytica_USDA-ARS-USMARC-183__complete_sequence	96.203	79	2	1	10075	10153	9215	9292	2.63e-27	128
accn|VAII01000099	ICEberg|1736|ICEMha2|GenBank|NC_020833.2|1557279..1616347_Mannheimia_haemolytica_USDA-ARS-USMARC-183__complete_sequence	98.797	582	7	0	1	582	6717	7298	0.0	1037
accn|VAII01000053	ICEberg|1736|ICEMha2|GenBank|NC_020833.2|1557279..1616347_Mannheimia_haemolytica_USDA-ARS-USMARC-183__complete_sequence	100.000	78	0	0	7664	7741	10476	10399	1.99e-32	145
accn|VAII01000053	ICEberg|1736|ICEMha2|GenBank|NC_020833.2|1557279..1616347_Mannheimia_haemolytica_USDA-ARS-USMARC-183__complete_sequence	98.765	81	0	1	7661	7741	7301	7222	7.15e-32	143
accn|VAII01000050	ICEberg|1736|ICEMha2|GenBank|NC_020833.2|1557279..1616347_Mannheimia_haemolytica_USDA-ARS-USMARC-183__complete_sequence	100.000	73	0	0	1	73	10404	10476	8.68e-30	135
accn|VAII01000050	ICEberg|1736|ICEMha2|GenBank|NC_020833.2|1557279..1616347_Mannheimia_haemolytica_USDA-ARS-USMARC-183__complete_sequence	100.000	72	0	0	1	72	7227	7298	3.12e-29	134
accn|VAII01000047	ICEberg|1736|ICEMha2|GenBank|NC_020833.2|1557279..1616347_Mannheimia_haemolytica_USDA-ARS-USMARC-183__complete_sequence	100.000	76	0	0	1	76	6173	6098	1.76e-31	141
accn|VAII01000047	ICEberg|1736|ICEMha2|GenBank|NC_020833.2|1557279..1616347_Mannheimia_haemolytica_USDA-ARS-USMARC-183__complete_sequence	95.181	83	4	0	1	83	9293	9211	1.06e-28	132
accn|VAII01000098	ICEberg|1736|ICEMha2|GenBank|NC_020833.2|1557279..1616347_Mannheimia_haemolytica_USDA-ARS-USMARC-183__complete_sequence	100.000	80	0	0	75	154	6177	6098	2.19e-32	148
accn|VAII01000098	ICEberg|1736|ICEMha2|GenBank|NC_020833.2|1557279..1616347_Mannheimia_haemolytica_USDA-ARS-USMARC-183__complete_sequence	100.000	75	0	0	1	75	7224	7298	1.32e-29	139
accn|VAII01000098	ICEberg|1736|ICEMha2|GenBank|NC_020833.2|1557279..1616347_Mannheimia_haemolytica_USDA-ARS-USMARC-183__complete_sequence	100.000	75	0	0	1	75	10401	10475	1.32e-29	139
accn|VAII01000098	ICEberg|1736|ICEMha2|GenBank|NC_020833.2|1557279..1616347_Mannheimia_haemolytica_USDA-ARS-USMARC-183__complete_sequence	97.500	80	2	0	75	154	9297	9218	4.74e-29	137
accn|VAII01000043	ICEberg|1736|ICEMha2|GenBank|NC_020833.2|1557279..1616347_Mannheimia_haemolytica_USDA-ARS-USMARC-183__complete_sequence	100.000	77	0	0	4113	4189	6098	6174	3.86e-32	143
accn|VAII01000043	ICEberg|1736|ICEMha2|GenBank|NC_020833.2|1557279..1616347_Mannheimia_haemolytica_USDA-ARS-USMARC-183__complete_sequence	100.000	76	0	0	1	76	6173	6098	1.39e-31	141
accn|VAII01000043	ICEberg|1736|ICEMha2|GenBank|NC_020833.2|1557279..1616347_Mannheimia_haemolytica_USDA-ARS-USMARC-183__complete_sequence	97.468	79	2	0	4111	4189	9216	9294	6.46e-30	135
accn|VAII01000043	ICEberg|1736|ICEMha2|GenBank|NC_020833.2|1557279..1616347_Mannheimia_haemolytica_USDA-ARS-USMARC-183__complete_sequence	97.368	76	2	0	1	76	9293	9218	3.01e-28	130
accn|VAII01000042	ICEberg|1736|ICEMha2|GenBank|NC_020833.2|1557279..1616347_Mannheimia_haemolytica_USDA-ARS-USMARC-183__complete_sequence	100.000	78	0	0	3883	3960	7299	7222	1.01e-32	145
accn|VAII01000042	ICEberg|1736|ICEMha2|GenBank|NC_020833.2|1557279..1616347_Mannheimia_haemolytica_USDA-ARS-USMARC-183__complete_sequence	100.000	77	0	0	3884	3960	10475	10399	3.65e-32	143
accn|VAII01000042	ICEberg|1736|ICEMha2|GenBank|NC_020833.2|1557279..1616347_Mannheimia_haemolytica_USDA-ARS-USMARC-183__complete_sequence	100.000	76	0	0	1	76	6173	6098	1.31e-31	141
accn|VAII01000042	ICEberg|1736|ICEMha2|GenBank|NC_020833.2|1557279..1616347_Mannheimia_haemolytica_USDA-ARS-USMARC-183__complete_sequence	97.368	76	2	0	1	76	9293	9218	2.84e-28	130
accn|VAII01000040	ICEberg|1736|ICEMha2|GenBank|NC_020833.2|1557279..1616347_Mannheimia_haemolytica_USDA-ARS-USMARC-183__complete_sequence	100.000	72	0	0	3463	3534	6098	6169	1.96e-29	134
accn|VAII01000040	ICEberg|1736|ICEMha2|GenBank|NC_020833.2|1557279..1616347_Mannheimia_haemolytica_USDA-ARS-USMARC-183__complete_sequence	96.000	75	3	0	3460	3534	9215	9289	4.24e-26	122
accn|VAII01000039	ICEberg|1736|ICEMha2|GenBank|NC_020833.2|1557279..1616347_Mannheimia_haemolytica_USDA-ARS-USMARC-183__complete_sequence	99.825	2288	4	0	1099	3386	12686	10399	0.0	4204
accn|VAII01000039	ICEberg|1736|ICEMha2|GenBank|NC_020833.2|1557279..1616347_Mannheimia_haemolytica_USDA-ARS-USMARC-183__complete_sequence	100.000	77	0	0	3310	3386	7298	7222	3.12e-32	143
accn|VAII01000038	ICEberg|1736|ICEMha2|GenBank|NC_020833.2|1557279..1616347_Mannheimia_haemolytica_USDA-ARS-USMARC-183__complete_sequence	98.259	3101	16	1	1	3063	10268	7168	0.0	5393
accn|VAII01000038	ICEberg|1736|ICEMha2|GenBank|NC_020833.2|1557279..1616347_Mannheimia_haemolytica_USDA-ARS-USMARC-183__complete_sequence	96.183	131	5	0	2933	3063	10475	10345	5.88e-54	215
accn|VAII01000035	ICEberg|1736|ICEMha2|GenBank|NC_020833.2|1557279..1616347_Mannheimia_haemolytica_USDA-ARS-USMARC-183__complete_sequence	100.000	77	0	0	1	77	6174	6098	1.98e-32	143
accn|VAII01000035	ICEberg|1736|ICEMha2|GenBank|NC_020833.2|1557279..1616347_Mannheimia_haemolytica_USDA-ARS-USMARC-183__complete_sequence	100.000	77	0	0	2084	2160	6098	6174	1.98e-32	143
accn|VAII01000035	ICEberg|1736|ICEMha2|GenBank|NC_020833.2|1557279..1616347_Mannheimia_haemolytica_USDA-ARS-USMARC-183__complete_sequence	97.531	81	2	0	2080	2160	9214	9294	2.56e-31	139
accn|VAII01000035	ICEberg|1736|ICEMha2|GenBank|NC_020833.2|1557279..1616347_Mannheimia_haemolytica_USDA-ARS-USMARC-183__complete_sequence	97.500	80	2	0	1	80	9294	9215	9.21e-31	137
accn|VAII01000097	ICEberg|1702|ICEHin8|GenBank|LS483392.1|192252..244996_Haemophilus_influenzae_strain_NCTC11931_genome_assembly__chromosome__1	96.269	134	2	1	60815	60948	131	1	5.09e-53	217
accn|VAII01000097	ICEberg|1702|ICEHin8|GenBank|LS483392.1|192252..244996_Haemophilus_influenzae_strain_NCTC11931_genome_assembly__chromosome__1	96.269	134	2	1	60488	60621	131	1	5.09e-53	217
accn|VAII01000097	ICEberg|1702|ICEHin8|GenBank|LS483392.1|192252..244996_Haemophilus_influenzae_strain_NCTC11931_genome_assembly__chromosome__1	95.000	80	3	1	60873	60952	52745	52667	3.17e-25	124
accn|VAII01000097	ICEberg|1702|ICEHin8|GenBank|LS483392.1|192252..244996_Haemophilus_influenzae_strain_NCTC11931_genome_assembly__chromosome__1	95.000	80	3	1	60546	60625	52745	52667	3.17e-25	124
accn|VAII01000097	ICEberg|1597|ICEApa1|GenBank|CP050316.1|2129122..2199489_Avibacterium_paragallinarum_strain_ESV-135_chromosome__complete_genome	95.349	129	5	1	60820	60948	128	1	3.96e-49	204
accn|VAII01000097	ICEberg|1597|ICEApa1|GenBank|CP050316.1|2129122..2199489_Avibacterium_paragallinarum_strain_ESV-135_chromosome__complete_genome	95.349	129	5	1	60493	60621	128	1	3.96e-49	204
accn|VAII01000097	ICEberg|1597|ICEApa1|GenBank|CP050316.1|2129122..2199489_Avibacterium_paragallinarum_strain_ESV-135_chromosome__complete_genome	96.053	76	3	0	60873	60948	70368	70293	3.17e-25	124
accn|VAII01000097	ICEberg|1597|ICEApa1|GenBank|CP050316.1|2129122..2199489_Avibacterium_paragallinarum_strain_ESV-135_chromosome__complete_genome	96.053	76	3	0	60546	60621	70368	70293	3.17e-25	124
accn|VAII01000097	ICEberg|1807|ICEPmu4|GenBank|CP038875.1|2009809..2087766_Pasteurella_multocida_strain_FCf83_chromosome__complete_genome	96.053	76	3	0	60546	60621	1	76	3.17e-25	124
accn|VAII01000097	ICEberg|1807|ICEPmu4|GenBank|CP038875.1|2009809..2087766_Pasteurella_multocida_strain_FCf83_chromosome__complete_genome	96.053	76	3	0	60873	60948	1	76	3.17e-25	124
accn|VAII01000097	ICEberg|1804|ICEPmu3|GenBank|CP038873.1|1026914..1096464_Pasteurella_multocida_strain_FCf45_chromosome__complete_genome	96.053	76	3	0	60873	60948	69551	69476	3.17e-25	124
accn|VAII01000097	ICEberg|1804|ICEPmu3|GenBank|CP038873.1|1026914..1096464_Pasteurella_multocida_strain_FCf45_chromosome__complete_genome	96.053	76	3	0	60546	60621	69551	69476	3.17e-25	124
accn|VAII01000097	ICEberg|1685|ICEEC8|GenBank|LOGV01000031.1|282800..364210_Escherichia_coli_strain_STEC_2174_STEC2174_contig_26__whole_genome_shotgun_sequence	96.078	51	2	0	60490	60540	1	51	5.38e-13	84.2
accn|VAII01000097	ICEberg|1685|ICEEC8|GenBank|LOGV01000031.1|282800..364210_Escherichia_coli_strain_STEC_2174_STEC2174_contig_26__whole_genome_shotgun_sequence	96.078	51	2	0	60817	60867	1	51	5.38e-13	84.2
accn|VAII01000033	ICEberg|1736|ICEMha2|GenBank|NC_020833.2|1557279..1616347_Mannheimia_haemolytica_USDA-ARS-USMARC-183__complete_sequence	100.000	78	0	0	1	78	6174	6097	3.74e-33	145
accn|VAII01000033	ICEberg|1736|ICEMha2|GenBank|NC_020833.2|1557279..1616347_Mannheimia_haemolytica_USDA-ARS-USMARC-183__complete_sequence	100.000	78	0	0	1400	1477	6097	6174	3.74e-33	145
accn|VAII01000033	ICEberg|1736|ICEMha2|GenBank|NC_020833.2|1557279..1616347_Mannheimia_haemolytica_USDA-ARS-USMARC-183__complete_sequence	97.403	77	2	0	1	77	9294	9218	2.91e-29	132
accn|VAII01000033	ICEberg|1736|ICEMha2|GenBank|NC_020833.2|1557279..1616347_Mannheimia_haemolytica_USDA-ARS-USMARC-183__complete_sequence	97.403	77	2	0	1401	1477	9218	9294	2.91e-29	132
accn|VAII01000029	ICEberg|1736|ICEMha2|GenBank|NC_020833.2|1557279..1616347_Mannheimia_haemolytica_USDA-ARS-USMARC-183__complete_sequence	100.000	79	0	0	1153	1231	7300	7222	8.64e-34	147
accn|VAII01000029	ICEberg|1736|ICEMha2|GenBank|NC_020833.2|1557279..1616347_Mannheimia_haemolytica_USDA-ARS-USMARC-183__complete_sequence	100.000	77	0	0	1155	1231	10475	10399	1.12e-32	143
accn|VAII01000028	ICEberg|1736|ICEMha2|GenBank|NC_020833.2|1557279..1616347_Mannheimia_haemolytica_USDA-ARS-USMARC-183__complete_sequence	100.000	78	0	0	1	78	10399	10476	2.80e-33	145
accn|VAII01000028	ICEberg|1736|ICEMha2|GenBank|NC_020833.2|1557279..1616347_Mannheimia_haemolytica_USDA-ARS-USMARC-183__complete_sequence	100.000	77	0	0	1	77	7222	7298	1.01e-32	143
accn|VAII01000096	ICEberg|1736|ICEMha2|GenBank|NC_020833.2|1557279..1616347_Mannheimia_haemolytica_USDA-ARS-USMARC-183__complete_sequence	100.000	77	0	0	93863	93939	6098	6174	8.70e-31	143
accn|VAII01000096	ICEberg|1736|ICEMha2|GenBank|NC_020833.2|1557279..1616347_Mannheimia_haemolytica_USDA-ARS-USMARC-183__complete_sequence	97.436	78	2	0	93862	93939	9217	9294	5.24e-28	134
accn|VAII01000095	ICEberg|1700|ICEHdu1|GenBank|NC_002940.2|718953..768668_[Haemophilus]_ducreyi_35000HP__complete_sequence	98.889	90	1	0	31673	31762	49716	49627	2.40e-36	161
accn|VAII01000095	ICEberg|1700|ICEHdu1|GenBank|NC_002940.2|718953..768668_[Haemophilus]_ducreyi_35000HP__complete_sequence	100.000	76	0	0	31579	31654	76	1	3.13e-30	141
accn|VAII01000095	ICEberg|1586|ICEAac3|GenBank|CP043003.1|2132073..2197982_Aggregatibacter_actinomycetemcomitans_strain_HK_907_chromosome__complete_genome	100.000	77	0	0	31781	31857	1	77	8.70e-31	143
accn|VAII01000095	ICEberg|1586|ICEAac3|GenBank|CP043003.1|2132073..2197982_Aggregatibacter_actinomycetemcomitans_strain_HK_907_chromosome__complete_genome	98.485	66	1	0	31698	31763	64245	64310	5.27e-23	117
accn|VAII01000095	ICEberg|1584|ICEAac1|GenBank|CP012959.1|2164508..2181462_Aggregatibacter_actinomycetemcomitans_strain_624__complete_genome	100.000	77	0	0	31781	31857	16955	16879	8.70e-31	143
accn|VAII01000095	ICEberg|1584|ICEAac1|GenBank|CP012959.1|2164508..2181462_Aggregatibacter_actinomycetemcomitans_strain_624__complete_genome	100.000	77	0	0	31579	31655	16955	16879	8.70e-31	143
accn|VAII01000095	ICEberg|2010|Tn6783_201330|GenBank|CP054623.1|2596147..2668162_Pseudomonas_aeruginosa_strain_DL201330_chromosome__complete_genome	96.512	86	2	1	31779	31863	66897	66982	3.13e-30	141
accn|VAII01000095	ICEberg|2010|Tn6783_201330|GenBank|CP054623.1|2596147..2668162_Pseudomonas_aeruginosa_strain_DL201330_chromosome__complete_genome	98.734	79	1	0	31577	31655	66897	66975	3.13e-30	141
accn|VAII01000095	ICEberg|1701|ICEHdu2|GenBank|CP015434.1|162562..211583_[Haemophilus]_ducreyi_strain_GHA9__complete_genome	100.000	76	0	0	31579	31654	48947	49022	3.13e-30	141
accn|VAII01000095	ICEberg|1581|ICE6660|GenBank|MK497171.1|1..112205_Pseudomonas_aeruginosa_sequence	97.500	80	2	0	31579	31658	112205	112126	4.05e-29	137
accn|VAII01000095	ICEberg|1581|ICE6660|GenBank|MK497171.1|1..112205_Pseudomonas_aeruginosa_sequence	98.701	77	1	0	31781	31857	112205	112129	4.05e-29	137
accn|VAII01000095	ICEberg|1736|ICEMha2|GenBank|NC_020833.2|1557279..1616347_Mannheimia_haemolytica_USDA-ARS-USMARC-183__complete_sequence	100.000	72	0	0	93799	93870	6098	6169	5.23e-28	134
accn|VAII01000095	ICEberg|960|ICEApl1|GenBank|KU551309|27..56176_Actinobacillus_pleuropneumoniae_strain_MIDG2427_tRNA-Leu_gene__integrative_conjugative_element_ICEApl1_mobile_element__and_tRNA-Gly_gene__complete_sequence	98.485	66	1	0	31695	31760	56085	56150	5.27e-23	117
accn|VAII01000095	ICEberg|960|ICEApl1|GenBank|KU551309|27..56176_Actinobacillus_pleuropneumoniae_strain_MIDG2427_tRNA-Leu_gene__integrative_conjugative_element_ICEApl1_mobile_element__and_tRNA-Gly_gene__complete_sequence	97.015	67	2	0	31694	31760	1	67	6.82e-22	113
accn|VAII01000095	ICEberg|60|ICEHin1056|GenBank|AJ627386|1..59393_Haemophilus_influenzae_plasmid_ICEhin1056	95.455	66	3	0	31695	31760	1	66	1.14e-19	106
accn|VAII01000095	ICEberg|350|ICEHpaT3T1|GenBank|FQ312002|1153089..1213144_Haemophilus_parainfluenzae_T3T1_genome	96.825	63	2	0	31698	31760	60053	59991	1.14e-19	106
accn|VAII01000095	ICEberg|349|ICEHpa8f|GenBank|AM884335|1..52725_Haemophilus_influenzae_parA_gene_for_chromosome_partitioning_protein__strain_8f	95.455	66	3	0	31695	31760	1	66	1.14e-19	106
accn|VAII01000095	ICEberg|348|ICEHin299|GenBank|AM884334|1..53902_Haemophilus_influenzae_parA_gene_for_chromosome_partitioning_protein__strain_299	95.455	66	3	0	31695	31760	1	66	1.14e-19	106
accn|VAII01000095	ICEberg|346|ICEHinB|GenBank|FQ312006|87548..143543_Haemophilus_influenzae_10810_genome	95.455	66	3	0	31695	31760	1	66	1.14e-19	106
accn|VAII01000095	ICEberg|2046|Tn7100|GenBank|OW736085.1|1..73601_Haemophilus_influenzae_strain_Hi-228_transposon_7100__complete_sequence	95.455	66	3	0	31695	31760	1	66	1.14e-19	106
accn|VAII01000095	ICEberg|2007|Tn6687|GenBank|MN106412.1|1..68777_Haemophilus_influenzae_strain_0_transposon_Tn6687__complete_sequence	95.455	66	3	0	31695	31760	1	66	1.14e-19	106
accn|VAII01000095	ICEberg|2006|Tn6686|GenBank|MN106411.1|1..64737_Haemophilus_influenzae_strain_G_transposon_Tn6686__complete_sequence	95.455	66	3	0	31695	31760	1	66	1.14e-19	106
accn|VAII01000095	ICEberg|2005|Tn6685|GenBank|MN106410.1|1..52414_Haemophilus_influenzae_strain_E_transposon_Tn6685__complete_sequence	95.455	66	3	0	31695	31760	1	66	1.14e-19	106
accn|VAII01000006	ICEberg|1736|ICEMha2|GenBank|NC_020833.2|1557279..1616347_Mannheimia_haemolytica_USDA-ARS-USMARC-183__complete_sequence	100.000	73	0	0	192	264	10476	10404	3.71e-31	135
accn|VAII01000006	ICEberg|1736|ICEMha2|GenBank|NC_020833.2|1557279..1616347_Mannheimia_haemolytica_USDA-ARS-USMARC-183__complete_sequence	100.000	72	0	0	193	264	7298	7227	1.34e-30	134
accn|VAII01000005	ICEberg|1736|ICEMha2|GenBank|NC_020833.2|1557279..1616347_Mannheimia_haemolytica_USDA-ARS-USMARC-183__complete_sequence	98.718	78	1	0	1	78	6172	6095	2.85e-32	139
accn|VAII01000005	ICEberg|1736|ICEMha2|GenBank|NC_020833.2|1557279..1616347_Mannheimia_haemolytica_USDA-ARS-USMARC-183__complete_sequence	96.250	80	2	1	1	80	9292	9214	1.71e-29	130
