accn|JBDJJE010000001	ICEberg|1736|ICEMha2|GenBank|NC_020833.2|1557279..1616347_Mannheimia_haemolytica_USDA-ARS-USMARC-183__complete_sequence	99.828	53033	74	14	331227	384249	1	53026	0.0	97413
accn|JBDJJE010000001	ICEberg|1736|ICEMha2|GenBank|NC_020833.2|1557279..1616347_Mannheimia_haemolytica_USDA-ARS-USMARC-183__complete_sequence	99.424	6600	38	0	383729	390328	52470	59069	0.0	11978
accn|JBDJJE010000001	ICEberg|1736|ICEMha2|GenBank|NC_020833.2|1557279..1616347_Mannheimia_haemolytica_USDA-ARS-USMARC-183__complete_sequence	100.000	3425	0	0	2406589	2410013	3874	7298	0.0	6325
accn|JBDJJE010000001	ICEberg|1736|ICEMha2|GenBank|NC_020833.2|1557279..1616347_Mannheimia_haemolytica_USDA-ARS-USMARC-183__complete_sequence	96.648	2088	59	8	2443649	2445734	45183	43105	0.0	3458
accn|JBDJJE010000001	ICEberg|1736|ICEMha2|GenBank|NC_020833.2|1557279..1616347_Mannheimia_haemolytica_USDA-ARS-USMARC-183__complete_sequence	99.671	1216	2	2	1234735	1235949	7303	6089	0.0	2222
accn|JBDJJE010000001	ICEberg|1736|ICEMha2|GenBank|NC_020833.2|1557279..1616347_Mannheimia_haemolytica_USDA-ARS-USMARC-183__complete_sequence	100.000	1202	0	0	2418818	2420019	6098	7299	0.0	2220
accn|JBDJJE010000001	ICEberg|1736|ICEMha2|GenBank|NC_020833.2|1557279..1616347_Mannheimia_haemolytica_USDA-ARS-USMARC-183__complete_sequence	100.000	1202	0	0	165523	166724	7299	6098	0.0	2220
accn|JBDJJE010000001	ICEberg|1736|ICEMha2|GenBank|NC_020833.2|1557279..1616347_Mannheimia_haemolytica_USDA-ARS-USMARC-183__complete_sequence	99.917	1204	1	0	1828632	1829835	7301	6098	0.0	2218
accn|JBDJJE010000001	ICEberg|1736|ICEMha2|GenBank|NC_020833.2|1557279..1616347_Mannheimia_haemolytica_USDA-ARS-USMARC-183__complete_sequence	100.000	1201	0	0	2423652	2424852	7298	6098	0.0	2218
accn|JBDJJE010000001	ICEberg|1736|ICEMha2|GenBank|NC_020833.2|1557279..1616347_Mannheimia_haemolytica_USDA-ARS-USMARC-183__complete_sequence	100.000	1201	0	0	1750478	1751678	7298	6098	0.0	2218
accn|JBDJJE010000001	ICEberg|1736|ICEMha2|GenBank|NC_020833.2|1557279..1616347_Mannheimia_haemolytica_USDA-ARS-USMARC-183__complete_sequence	100.000	1201	0	0	1419823	1421023	7298	6098	0.0	2218
accn|JBDJJE010000001	ICEberg|1736|ICEMha2|GenBank|NC_020833.2|1557279..1616347_Mannheimia_haemolytica_USDA-ARS-USMARC-183__complete_sequence	100.000	1201	0	0	2621937	2623137	6098	7298	0.0	2218
accn|JBDJJE010000001	ICEberg|1736|ICEMha2|GenBank|NC_020833.2|1557279..1616347_Mannheimia_haemolytica_USDA-ARS-USMARC-183__complete_sequence	99.834	1206	2	0	624970	626175	6098	7303	0.0	2217
accn|JBDJJE010000001	ICEberg|1736|ICEMha2|GenBank|NC_020833.2|1557279..1616347_Mannheimia_haemolytica_USDA-ARS-USMARC-183__complete_sequence	99.834	1206	2	0	2645729	2646934	6098	7303	0.0	2217
accn|JBDJJE010000001	ICEberg|1736|ICEMha2|GenBank|NC_020833.2|1557279..1616347_Mannheimia_haemolytica_USDA-ARS-USMARC-183__complete_sequence	99.917	1202	1	0	3726	4927	7299	6098	0.0	2215
accn|JBDJJE010000001	ICEberg|1736|ICEMha2|GenBank|NC_020833.2|1557279..1616347_Mannheimia_haemolytica_USDA-ARS-USMARC-183__complete_sequence	99.917	1202	0	1	487034	488235	6098	7298	0.0	2213
accn|JBDJJE010000001	ICEberg|1736|ICEMha2|GenBank|NC_020833.2|1557279..1616347_Mannheimia_haemolytica_USDA-ARS-USMARC-183__complete_sequence	99.917	1201	1	0	2741225	2742425	6098	7298	0.0	2213
accn|JBDJJE010000001	ICEberg|1736|ICEMha2|GenBank|NC_020833.2|1557279..1616347_Mannheimia_haemolytica_USDA-ARS-USMARC-183__complete_sequence	99.833	1201	2	0	1280952	1282152	6098	7298	0.0	2207
accn|JBDJJE010000001	ICEberg|1736|ICEMha2|GenBank|NC_020833.2|1557279..1616347_Mannheimia_haemolytica_USDA-ARS-USMARC-183__complete_sequence	99.505	1213	4	2	1286070	1287281	6092	7303	0.0	2206
accn|JBDJJE010000001	ICEberg|1736|ICEMha2|GenBank|NC_020833.2|1557279..1616347_Mannheimia_haemolytica_USDA-ARS-USMARC-183__complete_sequence	99.750	1202	3	0	769464	770665	6097	7298	0.0	2204
accn|JBDJJE010000001	ICEberg|1736|ICEMha2|GenBank|NC_020833.2|1557279..1616347_Mannheimia_haemolytica_USDA-ARS-USMARC-183__complete_sequence	99.481	1157	5	1	2255025	2256180	7254	6098	0.0	2102
accn|JBDJJE010000001	ICEberg|1736|ICEMha2|GenBank|NC_020833.2|1557279..1616347_Mannheimia_haemolytica_USDA-ARS-USMARC-183__complete_sequence	96.181	864	29	4	2429030	2429891	47606	46745	0.0	1410
accn|JBDJJE010000001	ICEberg|1736|ICEMha2|GenBank|NC_020833.2|1557279..1616347_Mannheimia_haemolytica_USDA-ARS-USMARC-183__complete_sequence	100.000	737	0	0	660035	660771	6562	7298	0.0	1362
accn|JBDJJE010000001	ICEberg|1736|ICEMha2|GenBank|NC_020833.2|1557279..1616347_Mannheimia_haemolytica_USDA-ARS-USMARC-183__complete_sequence	100.000	401	0	0	168185	168585	6898	7298	0.0	741
accn|JBDJJE010000001	ICEberg|1736|ICEMha2|GenBank|NC_020833.2|1557279..1616347_Mannheimia_haemolytica_USDA-ARS-USMARC-183__complete_sequence	100.000	286	0	0	264487	264772	7014	7299	1.67e-145	529
accn|JBDJJE010000001	ICEberg|1736|ICEMha2|GenBank|NC_020833.2|1557279..1616347_Mannheimia_haemolytica_USDA-ARS-USMARC-183__complete_sequence	99.593	246	1	0	2448758	2449003	7056	7301	1.34e-121	449
accn|JBDJJE010000001	ICEberg|1736|ICEMha2|GenBank|NC_020833.2|1557279..1616347_Mannheimia_haemolytica_USDA-ARS-USMARC-183__complete_sequence	97.312	186	4	1	2421495	2421680	7298	7114	5.09e-81	315
accn|JBDJJE010000001	ICEberg|1736|ICEMha2|GenBank|NC_020833.2|1557279..1616347_Mannheimia_haemolytica_USDA-ARS-USMARC-183__complete_sequence	95.187	187	8	1	2421494	2421680	10476	10291	6.63e-75	294
accn|JBDJJE010000001	ICEberg|1736|ICEMha2|GenBank|NC_020833.2|1557279..1616347_Mannheimia_haemolytica_USDA-ARS-USMARC-183__complete_sequence	100.000	90	0	0	264399	264488	6098	6187	1.51e-36	167
accn|JBDJJE010000001	ICEberg|1736|ICEMha2|GenBank|NC_020833.2|1557279..1616347_Mannheimia_haemolytica_USDA-ARS-USMARC-183__complete_sequence	100.000	59	0	0	2406486	2406544	3883	3825	2.58e-19	110
accn|JBDJJE010000001	ICEberg|1736|ICEMha2|GenBank|NC_020833.2|1557279..1616347_Mannheimia_haemolytica_USDA-ARS-USMARC-183__complete_sequence	95.745	47	2	0	2445729	2445775	13858	13812	2.62e-09	76.8
accn|JBDJJE010000001	ICEberg|1698|ICEGpa3|GenBank|CP018032.1|1710663..1776472_Glaesserella_parasuis_D74__complete_sequence	95.130	6448	299	14	342691	349129	43884	37443	0.0	10154
accn|JBDJJE010000001	ICEberg|1698|ICEGpa3|GenBank|CP018032.1|1710663..1776472_Glaesserella_parasuis_D74__complete_sequence	98.477	1379	21	0	2441798	2443176	13596	14974	0.0	2431
accn|JBDJJE010000001	ICEberg|1698|ICEGpa3|GenBank|CP018032.1|1710663..1776472_Glaesserella_parasuis_D74__complete_sequence	96.575	438	15	0	107291	107728	49901	49464	0.0	726
accn|JBDJJE010000001	ICEberg|1698|ICEGpa3|GenBank|CP018032.1|1710663..1776472_Glaesserella_parasuis_D74__complete_sequence	100.000	47	0	0	2445729	2445775	41495	41541	1.21e-12	87.9
accn|JBDJJE010000001	ICEberg|1698|ICEGpa3|GenBank|CP018032.1|1710663..1776472_Glaesserella_parasuis_D74__complete_sequence	97.959	49	1	0	2408558	2408606	44607	44559	4.35e-12	86.1
accn|JBDJJE010000001	ICEberg|1698|ICEGpa3|GenBank|CP018032.1|1710663..1776472_Glaesserella_parasuis_D74__complete_sequence	97.959	49	1	0	337067	337115	44607	44559	4.35e-12	86.1
accn|JBDJJE010000001	VFG043479(gb|AAD53408)_(pomA)_outer_membrane_protein_PomA_[OmpA_(VF1223)_-_Adherence_(VFC0001)]_[Mannheimia_haemolytica_str._89010807N]	100.000	1137	0	0	1348781	1349917	1137	1	0.0	2100
accn|JBDJJE010000001	ICEberg|1702|ICEHin8|GenBank|LS483392.1|192252..244996_Haemophilus_influenzae_strain_NCTC11931_genome_assembly__chromosome__1	96.269	134	2	1	1640794	1640927	131	1	1.48e-51	217
accn|JBDJJE010000001	ICEberg|1702|ICEHin8|GenBank|LS483392.1|192252..244996_Haemophilus_influenzae_strain_NCTC11931_genome_assembly__chromosome__1	96.269	134	2	1	1640467	1640600	131	1	1.48e-51	217
accn|JBDJJE010000001	ICEberg|1702|ICEHin8|GenBank|LS483392.1|192252..244996_Haemophilus_influenzae_strain_NCTC11931_genome_assembly__chromosome__1	98.701	77	1	0	599820	599896	1	77	1.18e-27	137
accn|JBDJJE010000001	ICEberg|1702|ICEHin8|GenBank|LS483392.1|192252..244996_Haemophilus_influenzae_strain_NCTC11931_genome_assembly__chromosome__1	95.000	80	3	1	1640852	1640931	52745	52667	9.21e-24	124
accn|JBDJJE010000001	ICEberg|1702|ICEHin8|GenBank|LS483392.1|192252..244996_Haemophilus_influenzae_strain_NCTC11931_genome_assembly__chromosome__1	95.000	80	3	1	1640525	1640604	52745	52667	9.21e-24	124
accn|JBDJJE010000001	ICEberg|2047|Tn7406|GenBank|CP087379.1|1564187..1622411_Mannheimia_haemolytica_strain_IMT47952_chromosome__complete_genome	100.000	113	0	0	347523	347635	37573	37461	2.47e-49	209
accn|JBDJJE010000001	ICEberg|2047|Tn7406|GenBank|CP087379.1|1564187..1622411_Mannheimia_haemolytica_strain_IMT47952_chromosome__complete_genome	96.610	59	1	1	2408750	2408808	57920	57863	2.01e-15	97.1
accn|JBDJJE010000001	ICEberg|2047|Tn7406|GenBank|CP087379.1|1564187..1622411_Mannheimia_haemolytica_strain_IMT47952_chromosome__complete_genome	96.610	59	1	1	337259	337317	57920	57863	2.01e-15	97.1
accn|JBDJJE010000001	ICEberg|2047|Tn7406|GenBank|CP087379.1|1564187..1622411_Mannheimia_haemolytica_strain_IMT47952_chromosome__complete_genome	100.000	36	0	0	2447295	2447330	37573	37538	1.57e-06	67.6
accn|JBDJJE010000001	ICEberg|2047|Tn7406|GenBank|CP087379.1|1564187..1622411_Mannheimia_haemolytica_strain_IMT47952_chromosome__complete_genome	95.238	42	2	0	2445734	2445775	54944	54985	1.57e-06	67.6
accn|JBDJJE010000001	ICEberg|1597|ICEApa1|GenBank|CP050316.1|2129122..2199489_Avibacterium_paragallinarum_strain_ESV-135_chromosome__complete_genome	95.349	129	5	1	1640799	1640927	128	1	1.15e-47	204
accn|JBDJJE010000001	ICEberg|1597|ICEApa1|GenBank|CP050316.1|2129122..2199489_Avibacterium_paragallinarum_strain_ESV-135_chromosome__complete_genome	95.349	129	5	1	1640472	1640600	128	1	1.15e-47	204
accn|JBDJJE010000001	ICEberg|1597|ICEApa1|GenBank|CP050316.1|2129122..2199489_Avibacterium_paragallinarum_strain_ESV-135_chromosome__complete_genome	96.104	77	3	0	599819	599895	70292	70368	2.56e-24	126
accn|JBDJJE010000001	ICEberg|1597|ICEApa1|GenBank|CP050316.1|2129122..2199489_Avibacterium_paragallinarum_strain_ESV-135_chromosome__complete_genome	96.053	76	3	0	599820	599895	1	76	9.21e-24	124
accn|JBDJJE010000001	ICEberg|1597|ICEApa1|GenBank|CP050316.1|2129122..2199489_Avibacterium_paragallinarum_strain_ESV-135_chromosome__complete_genome	96.053	76	3	0	1640852	1640927	70368	70293	9.21e-24	124
accn|JBDJJE010000001	ICEberg|1597|ICEApa1|GenBank|CP050316.1|2129122..2199489_Avibacterium_paragallinarum_strain_ESV-135_chromosome__complete_genome	96.053	76	3	0	1640525	1640600	70368	70293	9.21e-24	124
accn|JBDJJE010000001	ICEberg|1597|ICEApa1|GenBank|CP050316.1|2129122..2199489_Avibacterium_paragallinarum_strain_ESV-135_chromosome__complete_genome	98.113	53	1	0	378063	378115	42304	42356	2.60e-14	93.5
accn|JBDJJE010000001	ICEberg|1700|ICEHdu1|GenBank|NC_002940.2|718953..768668_[Haemophilus]_ducreyi_35000HP__complete_sequence	98.901	91	1	0	2023306	2023396	49716	49626	1.95e-35	163
accn|JBDJJE010000001	ICEberg|1700|ICEHdu1|GenBank|NC_002940.2|718953..768668_[Haemophilus]_ducreyi_35000HP__complete_sequence	100.000	76	0	0	311368	311443	1	76	9.15e-29	141
accn|JBDJJE010000001	ICEberg|1700|ICEHdu1|GenBank|NC_002940.2|718953..768668_[Haemophilus]_ducreyi_35000HP__complete_sequence	100.000	76	0	0	2023212	2023287	76	1	9.15e-29	141
accn|JBDJJE010000001	ICEberg|1700|ICEHdu1|GenBank|NC_002940.2|718953..768668_[Haemophilus]_ducreyi_35000HP__complete_sequence	97.368	76	2	0	1245208	1245283	49576	49501	1.98e-25	130
accn|JBDJJE010000001	ICEberg|1700|ICEHdu1|GenBank|NC_002940.2|718953..768668_[Haemophilus]_ducreyi_35000HP__complete_sequence	97.368	76	2	0	1245111	1245186	49576	49501	1.98e-25	130
accn|JBDJJE010000001	ICEberg|1700|ICEHdu1|GenBank|NC_002940.2|718953..768668_[Haemophilus]_ducreyi_35000HP__complete_sequence	96.053	76	3	0	1245013	1245088	49576	49501	9.21e-24	124
accn|JBDJJE010000001	ICEberg|2010|Tn6783_201330|GenBank|CP054623.1|2596147..2668162_Pseudomonas_aeruginosa_strain_DL201330_chromosome__complete_genome	98.750	80	1	0	311367	311446	66975	66896	2.54e-29	143
accn|JBDJJE010000001	ICEberg|2010|Tn6783_201330|GenBank|CP054623.1|2596147..2668162_Pseudomonas_aeruginosa_strain_DL201330_chromosome__complete_genome	98.734	79	1	0	2023210	2023288	66897	66975	9.15e-29	141
accn|JBDJJE010000001	ICEberg|2010|Tn6783_201330|GenBank|CP054623.1|2596147..2668162_Pseudomonas_aeruginosa_strain_DL201330_chromosome__complete_genome	96.471	85	2	1	2023418	2023501	66898	66982	3.29e-28	139
accn|JBDJJE010000001	ICEberg|1586|ICEAac3|GenBank|CP043003.1|2132073..2197982_Aggregatibacter_actinomycetemcomitans_strain_HK_907_chromosome__complete_genome	100.000	77	0	0	2023419	2023495	1	77	2.54e-29	143
accn|JBDJJE010000001	ICEberg|1586|ICEAac3|GenBank|CP043003.1|2132073..2197982_Aggregatibacter_actinomycetemcomitans_strain_HK_907_chromosome__complete_genome	100.000	77	0	0	311367	311443	77	1	2.54e-29	143
accn|JBDJJE010000001	ICEberg|1586|ICEAac3|GenBank|CP043003.1|2132073..2197982_Aggregatibacter_actinomycetemcomitans_strain_HK_907_chromosome__complete_genome	97.368	76	2	0	1245111	1245186	217	292	1.98e-25	130
accn|JBDJJE010000001	ICEberg|1586|ICEAac3|GenBank|CP043003.1|2132073..2197982_Aggregatibacter_actinomycetemcomitans_strain_HK_907_chromosome__complete_genome	97.368	76	2	0	1245208	1245283	217	292	1.98e-25	130
accn|JBDJJE010000001	ICEberg|1586|ICEAac3|GenBank|CP043003.1|2132073..2197982_Aggregatibacter_actinomycetemcomitans_strain_HK_907_chromosome__complete_genome	96.053	76	3	0	1245013	1245088	217	292	9.21e-24	124
accn|JBDJJE010000001	ICEberg|1586|ICEAac3|GenBank|CP043003.1|2132073..2197982_Aggregatibacter_actinomycetemcomitans_strain_HK_907_chromosome__complete_genome	98.387	62	1	0	1245125	1245186	64346	64407	2.58e-19	110
accn|JBDJJE010000001	ICEberg|1586|ICEAac3|GenBank|CP043003.1|2132073..2197982_Aggregatibacter_actinomycetemcomitans_strain_HK_907_chromosome__complete_genome	98.387	62	1	0	1245222	1245283	64346	64407	2.58e-19	110
accn|JBDJJE010000001	ICEberg|1586|ICEAac3|GenBank|CP043003.1|2132073..2197982_Aggregatibacter_actinomycetemcomitans_strain_HK_907_chromosome__complete_genome	98.333	60	1	0	1245029	1245088	64348	64407	3.34e-18	106
accn|JBDJJE010000001	ICEberg|1584|ICEAac1|GenBank|CP012959.1|2164508..2181462_Aggregatibacter_actinomycetemcomitans_strain_624__complete_genome	100.000	77	0	0	311367	311443	16879	16955	2.54e-29	143
accn|JBDJJE010000001	ICEberg|1584|ICEAac1|GenBank|CP012959.1|2164508..2181462_Aggregatibacter_actinomycetemcomitans_strain_624__complete_genome	100.000	77	0	0	2023419	2023495	16955	16879	2.54e-29	143
accn|JBDJJE010000001	ICEberg|1584|ICEAac1|GenBank|CP012959.1|2164508..2181462_Aggregatibacter_actinomycetemcomitans_strain_624__complete_genome	100.000	77	0	0	2023212	2023288	16955	16879	2.54e-29	143
accn|JBDJJE010000001	ICEberg|1701|ICEHdu2|GenBank|CP015434.1|162562..211583_[Haemophilus]_ducreyi_strain_GHA9__complete_genome	100.000	76	0	0	2023212	2023287	48947	49022	9.15e-29	141
accn|JBDJJE010000001	ICEberg|1701|ICEHdu2|GenBank|CP015434.1|162562..211583_[Haemophilus]_ducreyi_strain_GHA9__complete_genome	100.000	76	0	0	311368	311443	49022	48947	9.15e-29	141
accn|JBDJJE010000001	ICEberg|1701|ICEHdu2|GenBank|CP015434.1|162562..211583_[Haemophilus]_ducreyi_strain_GHA9__complete_genome	97.368	76	2	0	1245111	1245186	2	77	1.98e-25	130
accn|JBDJJE010000001	ICEberg|1701|ICEHdu2|GenBank|CP015434.1|162562..211583_[Haemophilus]_ducreyi_strain_GHA9__complete_genome	97.368	76	2	0	1245208	1245283	2	77	1.98e-25	130
accn|JBDJJE010000001	ICEberg|1701|ICEHdu2|GenBank|CP015434.1|162562..211583_[Haemophilus]_ducreyi_strain_GHA9__complete_genome	96.053	76	3	0	1245013	1245088	2	77	9.21e-24	124
accn|JBDJJE010000001	ICEberg|1581|ICE6660|GenBank|MK497171.1|1..112205_Pseudomonas_aeruginosa_sequence	97.500	80	2	0	311364	311443	112126	112205	1.18e-27	137
accn|JBDJJE010000001	ICEberg|1581|ICE6660|GenBank|MK497171.1|1..112205_Pseudomonas_aeruginosa_sequence	97.500	80	2	0	2023212	2023291	112205	112126	1.18e-27	137
accn|JBDJJE010000001	ICEberg|1581|ICE6660|GenBank|MK497171.1|1..112205_Pseudomonas_aeruginosa_sequence	98.701	77	1	0	2023419	2023495	112205	112129	1.18e-27	137
accn|JBDJJE010000001	ICEberg|1718|ICEHso3|GenBank|NC_008309.1|1952153..2005728_Histophilus_somni_129PT__complete_sequence	95.122	82	3	1	599814	599895	179	99	7.12e-25	128
accn|JBDJJE010000001	ICEberg|1807|ICEPmu4|GenBank|CP038875.1|2009809..2087766_Pasteurella_multocida_strain_FCf83_chromosome__complete_genome	96.104	77	3	0	599819	599895	77	1	2.56e-24	126
accn|JBDJJE010000001	ICEberg|1807|ICEPmu4|GenBank|CP038875.1|2009809..2087766_Pasteurella_multocida_strain_FCf83_chromosome__complete_genome	96.053	76	3	0	1640525	1640600	1	76	9.21e-24	124
accn|JBDJJE010000001	ICEberg|1807|ICEPmu4|GenBank|CP038875.1|2009809..2087766_Pasteurella_multocida_strain_FCf83_chromosome__complete_genome	96.053	76	3	0	1640852	1640927	1	76	9.21e-24	124
accn|JBDJJE010000001	ICEberg|1804|ICEPmu3|GenBank|CP038873.1|1026914..1096464_Pasteurella_multocida_strain_FCf45_chromosome__complete_genome	96.104	77	3	0	599819	599895	69475	69551	2.56e-24	126
accn|JBDJJE010000001	ICEberg|1804|ICEPmu3|GenBank|CP038873.1|1026914..1096464_Pasteurella_multocida_strain_FCf45_chromosome__complete_genome	96.053	76	3	0	1640852	1640927	69551	69476	9.21e-24	124
accn|JBDJJE010000001	ICEberg|1804|ICEPmu3|GenBank|CP038873.1|1026914..1096464_Pasteurella_multocida_strain_FCf45_chromosome__complete_genome	96.053	76	3	0	1640525	1640600	69551	69476	9.21e-24	124
accn|JBDJJE010000001	ICEberg|1804|ICEPmu3|GenBank|CP038873.1|1026914..1096464_Pasteurella_multocida_strain_FCf45_chromosome__complete_genome	98.113	53	1	0	378063	378115	38037	38089	2.60e-14	93.5
accn|JBDJJE010000001	ICEberg|960|ICEApl1|GenBank|KU551309|27..56176_Actinobacillus_pleuropneumoniae_strain_MIDG2427_tRNA-Leu_gene__integrative_conjugative_element_ICEApl1_mobile_element__and_tRNA-Gly_gene__complete_sequence	98.485	66	1	0	2023328	2023393	56085	56150	1.54e-21	117
accn|JBDJJE010000001	ICEberg|960|ICEApl1|GenBank|KU551309|27..56176_Actinobacillus_pleuropneumoniae_strain_MIDG2427_tRNA-Leu_gene__integrative_conjugative_element_ICEApl1_mobile_element__and_tRNA-Gly_gene__complete_sequence	97.015	67	2	0	2023327	2023393	1	67	1.99e-20	113
accn|JBDJJE010000001	ICEberg|60|ICEHin1056|GenBank|AJ627386|1..59393_Haemophilus_influenzae_plasmid_ICEhin1056	95.455	66	3	0	2023328	2023393	1	66	3.34e-18	106
accn|JBDJJE010000001	ICEberg|350|ICEHpaT3T1|GenBank|FQ312002|1153089..1213144_Haemophilus_parainfluenzae_T3T1_genome	95.455	66	3	0	2023331	2023396	60053	59988	3.34e-18	106
accn|JBDJJE010000001	ICEberg|349|ICEHpa8f|GenBank|AM884335|1..52725_Haemophilus_influenzae_parA_gene_for_chromosome_partitioning_protein__strain_8f	95.455	66	3	0	2023328	2023393	1	66	3.34e-18	106
accn|JBDJJE010000001	ICEberg|348|ICEHin299|GenBank|AM884334|1..53902_Haemophilus_influenzae_parA_gene_for_chromosome_partitioning_protein__strain_299	95.455	66	3	0	2023328	2023393	1	66	3.34e-18	106
accn|JBDJJE010000001	ICEberg|346|ICEHinB|GenBank|FQ312006|87548..143543_Haemophilus_influenzae_10810_genome	95.455	66	3	0	2023328	2023393	1	66	3.34e-18	106
accn|JBDJJE010000001	ICEberg|2046|Tn7100|GenBank|OW736085.1|1..73601_Haemophilus_influenzae_strain_Hi-228_transposon_7100__complete_sequence	95.455	66	3	0	2023328	2023393	1	66	3.34e-18	106
accn|JBDJJE010000001	ICEberg|2007|Tn6687|GenBank|MN106412.1|1..68777_Haemophilus_influenzae_strain_0_transposon_Tn6687__complete_sequence	95.455	66	3	0	2023328	2023393	1	66	3.34e-18	106
accn|JBDJJE010000001	ICEberg|2006|Tn6686|GenBank|MN106411.1|1..64737_Haemophilus_influenzae_strain_G_transposon_Tn6686__complete_sequence	95.455	66	3	0	2023328	2023393	1	66	3.34e-18	106
accn|JBDJJE010000001	ICEberg|2005|Tn6685|GenBank|MN106410.1|1..52414_Haemophilus_influenzae_strain_E_transposon_Tn6685__complete_sequence	95.455	66	3	0	2023328	2023393	1	66	3.34e-18	106
accn|JBDJJE010000001	ICEberg|1697|ICEGpa2|GenBank|CP049090.1|1351751..1421790_Glaesserella_parasuis_strain_aHPS7_chromosome__complete_genome	100.000	56	0	0	335054	335109	1478	1533	1.20e-17	104
accn|JBDJJE010000001	ICEberg|1697|ICEGpa2|GenBank|CP049090.1|1351751..1421790_Glaesserella_parasuis_strain_aHPS7_chromosome__complete_genome	100.000	56	0	0	2406486	2406541	1533	1478	1.20e-17	104
accn|JBDJJE010000001	ICEberg|1422|15-184_ICE|GenBank|CP023057.1|951876..999094_Glaesserella_sp._15-184_chromosome__complete_genome	96.667	60	2	0	2406486	2406545	427	368	1.55e-16	100
accn|JBDJJE010000001	ICEberg|1713|ICEHpa1|GenBank|CP054198.1|1511383..1580304_Glaesserella_parasuis_strain_YHP170504_chromosome__complete_genome	98.214	56	0	1	335054	335109	1	55	2.01e-15	97.1
accn|JBDJJE010000001	ICEberg|1713|ICEHpa1|GenBank|CP054198.1|1511383..1580304_Glaesserella_parasuis_strain_YHP170504_chromosome__complete_genome	98.214	56	0	1	2406486	2406541	55	1	2.01e-15	97.1
accn|JBDJJE010000001	ICEberg|1716|ICEHs02|GenBank|CP042993.1|687500..760418_Histophilus_somni_strain_UOC-KLM-ATR-014_chromosome__complete_genome	96.296	54	1	1	2406484	2406536	72866	72919	1.21e-12	87.9
accn|JBDJJE010000001	ICEberg|1716|ICEHs02|GenBank|CP042993.1|687500..760418_Histophilus_somni_strain_UOC-KLM-ATR-014_chromosome__complete_genome	95.918	49	2	0	2408558	2408606	72535	72487	2.02e-10	80.5
accn|JBDJJE010000001	ICEberg|1716|ICEHs02|GenBank|CP042993.1|687500..760418_Histophilus_somni_strain_UOC-KLM-ATR-014_chromosome__complete_genome	95.918	49	2	0	337067	337115	72535	72487	2.02e-10	80.5
accn|JBDJJE010000001	ICEberg|1685|ICEEC8|GenBank|LOGV01000031.1|282800..364210_Escherichia_coli_strain_STEC_2174_STEC2174_contig_26__whole_genome_shotgun_sequence	96.078	51	2	0	1640469	1640519	1	51	1.56e-11	84.2
accn|JBDJJE010000001	ICEberg|1685|ICEEC8|GenBank|LOGV01000031.1|282800..364210_Escherichia_coli_strain_STEC_2174_STEC2174_contig_26__whole_genome_shotgun_sequence	96.078	51	2	0	1640796	1640846	1	51	1.56e-11	84.2
accn|JBDJJE010000001	ICEberg|441|ICEHso2336-1|GenBank|CP000947|1927921..1994529_Haemophilus_somnus_2336__complete_genome	95.918	49	2	0	337067	337115	331	379	2.02e-10	80.5
accn|JBDJJE010000001	ICEberg|441|ICEHso2336-1|GenBank|CP000947|1927921..1994529_Haemophilus_somnus_2336__complete_genome	95.918	49	2	0	2408558	2408606	331	379	2.02e-10	80.5
accn|JBDJJE010000001	ICEberg|440|ICEPmu1|GenBank|CP003022|273284..355497_Pasteurella_multocida_36950__complete_genome	95.918	49	2	0	337067	337115	331	379	2.02e-10	80.5
accn|JBDJJE010000001	ICEberg|440|ICEPmu1|GenBank|CP003022|273284..355497_Pasteurella_multocida_36950__complete_genome	95.918	49	2	0	2408558	2408606	331	379	2.02e-10	80.5
accn|JBDJJE010000001	ICEberg|1719|ICEHso4|GenBank|CP018803.1|686759..761246_Histophilus_somni_strain_USDA-ARS-USMARC-63255_chromosome__complete_genome	95.918	49	2	0	2408558	2408606	72583	72535	2.02e-10	80.5
accn|JBDJJE010000001	ICEberg|1719|ICEHso4|GenBank|CP018803.1|686759..761246_Histophilus_somni_strain_USDA-ARS-USMARC-63255_chromosome__complete_genome	95.918	49	2	0	337067	337115	72583	72535	2.02e-10	80.5
accn|JBDJJE010000001	ICEberg|1717|ICEHs1|GenBank|MF136609.1|1..64932_Histophilus_somni_strain_AVI_1_integrative_conjugative_element_ICEHs1__complete_sequence	95.918	49	2	0	337067	337115	344	392	2.02e-10	80.5
accn|JBDJJE010000001	ICEberg|1717|ICEHs1|GenBank|MF136609.1|1..64932_Histophilus_somni_strain_AVI_1_integrative_conjugative_element_ICEHs1__complete_sequence	95.918	49	2	0	2408558	2408606	344	392	2.02e-10	80.5
accn|JBDJJE010000001	ICEberg|2039|Tn6865|GenBank|CP031123.2|751328..820050_Providencia_huaxiensis_strain_WCHPr000369_chromosome__complete_genome	97.368	38	1	0	2293059	2293096	65651	65614	5.66e-06	65.8
