accn|CP023043	ICEberg|440|ICEPmu1|GenBank|CP003022|273284..355497_Pasteurella_multocida_36950__complete_genome	99.531	48636	203	20	1592420	1641042	33589	82212	0.0	88527
accn|CP023043	ICEberg|440|ICEPmu1|GenBank|CP003022|273284..355497_Pasteurella_multocida_36950__complete_genome	99.787	941	0	2	1628463	1629403	61923	62861	0.0	1725
accn|CP023043	ICEberg|440|ICEPmu1|GenBank|CP003022|273284..355497_Pasteurella_multocida_36950__complete_genome	99.787	941	0	2	1620753	1621691	69633	70573	0.0	1725
accn|CP023043	ICEberg|440|ICEPmu1|GenBank|CP003022|273284..355497_Pasteurella_multocida_36950__complete_genome	99.756	820	2	0	1627625	1628444	65229	66048	0.0	1504
accn|CP023043	ICEberg|440|ICEPmu1|GenBank|CP003022|273284..355497_Pasteurella_multocida_36950__complete_genome	99.756	820	2	0	1624059	1624878	68795	69614	0.0	1504
accn|CP023043	ICEberg|440|ICEPmu1|GenBank|CP003022|273284..355497_Pasteurella_multocida_36950__complete_genome	95.918	49	2	0	1827266	1827314	379	331	2.03e-10	80.5
accn|CP023043	ICEberg|440|ICEPmu1|GenBank|CP003022|273284..355497_Pasteurella_multocida_36950__complete_genome	95.918	49	2	0	1571910	1571958	331	379	2.03e-10	80.5
accn|CP023043	ICEberg|440|ICEPmu1|GenBank|CP003022|273284..355497_Pasteurella_multocida_36950__complete_genome	97.674	43	1	0	1623131	1623173	63445	63487	9.44e-09	75.0
accn|CP023043	ICEberg|440|ICEPmu1|GenBank|CP003022|273284..355497_Pasteurella_multocida_36950__complete_genome	97.674	43	1	0	1622275	1622317	64301	64343	9.44e-09	75.0
accn|CP023043	ICEberg|1736|ICEMha2|GenBank|NC_020833.2|1557279..1616347_Mannheimia_haemolytica_USDA-ARS-USMARC-183__complete_sequence	95.745	42731	1718	73	1566068	1608768	1	42661	0.0	68746
accn|CP023043	ICEberg|1736|ICEMha2|GenBank|NC_020833.2|1557279..1616347_Mannheimia_haemolytica_USDA-ARS-USMARC-183__complete_sequence	99.942	3425	2	0	1825859	1829283	7298	3874	0.0	6314
accn|CP023043	ICEberg|1736|ICEMha2|GenBank|NC_020833.2|1557279..1616347_Mannheimia_haemolytica_USDA-ARS-USMARC-183__complete_sequence	96.648	2088	59	8	1790137	1792222	43105	45183	0.0	3458
accn|CP023043	ICEberg|1736|ICEMha2|GenBank|NC_020833.2|1557279..1616347_Mannheimia_haemolytica_USDA-ARS-USMARC-183__complete_sequence	99.917	1206	1	0	1446351	1447556	7303	6098	0.0	2222
accn|CP023043	ICEberg|1736|ICEMha2|GenBank|NC_020833.2|1557279..1616347_Mannheimia_haemolytica_USDA-ARS-USMARC-183__complete_sequence	99.917	1206	1	0	1044955	1046160	7303	6098	0.0	2222
accn|CP023043	ICEberg|1736|ICEMha2|GenBank|NC_020833.2|1557279..1616347_Mannheimia_haemolytica_USDA-ARS-USMARC-183__complete_sequence	99.917	1202	1	0	1349070	1350271	7299	6098	0.0	2215
accn|CP023043	ICEberg|1736|ICEMha2|GenBank|NC_020833.2|1557279..1616347_Mannheimia_haemolytica_USDA-ARS-USMARC-183__complete_sequence	99.834	1204	2	0	2403942	2405145	6098	7301	0.0	2213
accn|CP023043	ICEberg|1736|ICEMha2|GenBank|NC_020833.2|1557279..1616347_Mannheimia_haemolytica_USDA-ARS-USMARC-183__complete_sequence	99.917	1201	1	0	1364333	1365533	6098	7298	0.0	2213
accn|CP023043	ICEberg|1736|ICEMha2|GenBank|NC_020833.2|1557279..1616347_Mannheimia_haemolytica_USDA-ARS-USMARC-183__complete_sequence	99.917	1201	1	0	2483962	2485162	6098	7298	0.0	2213
accn|CP023043	ICEberg|1736|ICEMha2|GenBank|NC_020833.2|1557279..1616347_Mannheimia_haemolytica_USDA-ARS-USMARC-183__complete_sequence	99.833	1201	2	0	199462	200662	7298	6098	0.0	2207
accn|CP023043	ICEberg|1736|ICEMha2|GenBank|NC_020833.2|1557279..1616347_Mannheimia_haemolytica_USDA-ARS-USMARC-183__complete_sequence	99.584	1202	5	0	709695	710896	7298	6097	0.0	2193
accn|CP023043	ICEberg|1736|ICEMha2|GenBank|NC_020833.2|1557279..1616347_Mannheimia_haemolytica_USDA-ARS-USMARC-183__complete_sequence	99.258	1213	7	2	194333	195544	7303	6092	0.0	2189
accn|CP023043	ICEberg|1736|ICEMha2|GenBank|NC_020833.2|1557279..1616347_Mannheimia_haemolytica_USDA-ARS-USMARC-183__complete_sequence	99.420	1206	7	0	854208	855413	7303	6098	0.0	2189
accn|CP023043	ICEberg|1736|ICEMha2|GenBank|NC_020833.2|1557279..1616347_Mannheimia_haemolytica_USDA-ARS-USMARC-183__complete_sequence	98.668	1201	16	0	60592	61792	6098	7298	0.0	2130
accn|CP023043	ICEberg|1736|ICEMha2|GenBank|NC_020833.2|1557279..1616347_Mannheimia_haemolytica_USDA-ARS-USMARC-183__complete_sequence	98.668	1201	16	0	1811019	1812219	6098	7298	0.0	2130
accn|CP023043	ICEberg|1736|ICEMha2|GenBank|NC_020833.2|1557279..1616347_Mannheimia_haemolytica_USDA-ARS-USMARC-183__complete_sequence	97.005	1202	36	0	1815853	1817054	7299	6098	0.0	2021
accn|CP023043	ICEberg|1736|ICEMha2|GenBank|NC_020833.2|1557279..1616347_Mannheimia_haemolytica_USDA-ARS-USMARC-183__complete_sequence	98.099	1157	21	1	1979689	1980844	6098	7254	0.0	2013
accn|CP023043	ICEberg|1736|ICEMha2|GenBank|NC_020833.2|1557279..1616347_Mannheimia_haemolytica_USDA-ARS-USMARC-183__complete_sequence	96.181	864	29	4	1805980	1806841	46745	47606	0.0	1410
accn|CP023043	ICEberg|1736|ICEMha2|GenBank|NC_020833.2|1557279..1616347_Mannheimia_haemolytica_USDA-ARS-USMARC-183__complete_sequence	99.864	737	1	0	819608	820344	7298	6562	0.0	1356
accn|CP023043	ICEberg|1736|ICEMha2|GenBank|NC_020833.2|1557279..1616347_Mannheimia_haemolytica_USDA-ARS-USMARC-183__complete_sequence	100.000	712	0	0	1068752	1069463	7298	6587	0.0	1315
accn|CP023043	ICEberg|1736|ICEMha2|GenBank|NC_020833.2|1557279..1616347_Mannheimia_haemolytica_USDA-ARS-USMARC-183__complete_sequence	100.000	712	0	0	940506	941217	7298	6587	0.0	1315
accn|CP023043	ICEberg|1736|ICEMha2|GenBank|NC_020833.2|1557279..1616347_Mannheimia_haemolytica_USDA-ARS-USMARC-183__complete_sequence	96.522	460	16	0	1069459	1069918	6557	6098	0.0	761
accn|CP023043	ICEberg|1736|ICEMha2|GenBank|NC_020833.2|1557279..1616347_Mannheimia_haemolytica_USDA-ARS-USMARC-183__complete_sequence	96.522	460	16	0	941213	941672	6557	6098	0.0	761
accn|CP023043	ICEberg|1736|ICEMha2|GenBank|NC_020833.2|1557279..1616347_Mannheimia_haemolytica_USDA-ARS-USMARC-183__complete_sequence	100.000	401	0	0	1351734	1352134	6898	7298	0.0	741
accn|CP023043	ICEberg|1736|ICEMha2|GenBank|NC_020833.2|1557279..1616347_Mannheimia_haemolytica_USDA-ARS-USMARC-183__complete_sequence	99.650	286	1	0	1499328	1499613	7014	7299	7.80e-144	523
accn|CP023043	ICEberg|1736|ICEMha2|GenBank|NC_020833.2|1557279..1616347_Mannheimia_haemolytica_USDA-ARS-USMARC-183__complete_sequence	99.593	246	1	0	1786868	1787113	7301	7056	1.34e-121	449
accn|CP023043	ICEberg|1736|ICEMha2|GenBank|NC_020833.2|1557279..1616347_Mannheimia_haemolytica_USDA-ARS-USMARC-183__complete_sequence	97.312	186	4	1	1814192	1814377	7114	7298	5.11e-81	315
accn|CP023043	ICEberg|1736|ICEMha2|GenBank|NC_020833.2|1557279..1616347_Mannheimia_haemolytica_USDA-ARS-USMARC-183__complete_sequence	95.187	187	8	1	1814192	1814378	10291	10476	6.65e-75	294
accn|CP023043	ICEberg|1736|ICEMha2|GenBank|NC_020833.2|1557279..1616347_Mannheimia_haemolytica_USDA-ARS-USMARC-183__complete_sequence	100.000	90	0	0	1499240	1499329	6098	6187	1.51e-36	167
accn|CP023043	ICEberg|1736|ICEMha2|GenBank|NC_020833.2|1557279..1616347_Mannheimia_haemolytica_USDA-ARS-USMARC-183__complete_sequence	100.000	59	0	0	1829328	1829386	3825	3883	2.59e-19	110
accn|CP023043	ICEberg|1736|ICEMha2|GenBank|NC_020833.2|1557279..1616347_Mannheimia_haemolytica_USDA-ARS-USMARC-183__complete_sequence	95.745	47	2	0	1790096	1790142	13812	13858	2.62e-09	76.8
accn|CP023043	ICEberg|987|ICEMh1|GenBank|CP005383|2128248..2190602_Mannheimia_haemolytica_M42548__complete_genome	99.218	29285	204	20	1592420	1621691	21506	50778	0.0	52787
accn|CP023043	ICEberg|987|ICEMh1|GenBank|CP005383|2128248..2190602_Mannheimia_haemolytica_M42548__complete_genome	99.976	12518	2	1	1628463	1640980	49839	62355	0.0	23099
accn|CP023043	ICEberg|1719|ICEHso4|GenBank|CP018803.1|686759..761246_Histophilus_somni_strain_USDA-ARS-USMARC-63255_chromosome__complete_genome	99.211	29287	204	21	1592420	1621691	40852	11578	0.0	52778
accn|CP023043	ICEberg|1719|ICEHso4|GenBank|CP018803.1|686759..761246_Histophilus_somni_strain_USDA-ARS-USMARC-63255_chromosome__complete_genome	99.976	12518	2	1	1628463	1640980	12517	1	0.0	23099
accn|CP023043	ICEberg|1719|ICEHso4|GenBank|CP018803.1|686759..761246_Histophilus_somni_strain_USDA-ARS-USMARC-63255_chromosome__complete_genome	95.918	49	2	0	1571910	1571958	72583	72535	2.03e-10	80.5
accn|CP023043	ICEberg|1719|ICEHso4|GenBank|CP018803.1|686759..761246_Histophilus_somni_strain_USDA-ARS-USMARC-63255_chromosome__complete_genome	95.918	49	2	0	1827266	1827314	72535	72583	2.03e-10	80.5
accn|CP023043	ICEberg|1716|ICEHs02|GenBank|CP042993.1|687500..760418_Histophilus_somni_strain_UOC-KLM-ATR-014_chromosome__complete_genome	99.180	29286	214	21	1592420	1621691	40803	11530	0.0	52728
accn|CP023043	ICEberg|1716|ICEHs02|GenBank|CP042993.1|687500..760418_Histophilus_somni_strain_UOC-KLM-ATR-014_chromosome__complete_genome	95.758	12470	521	4	1628463	1640925	12469	1	0.0	20116
accn|CP023043	ICEberg|1716|ICEHs02|GenBank|CP042993.1|687500..760418_Histophilus_somni_strain_UOC-KLM-ATR-014_chromosome__complete_genome	96.296	54	1	1	1829336	1829388	72919	72866	1.21e-12	87.9
accn|CP023043	ICEberg|1716|ICEHs02|GenBank|CP042993.1|687500..760418_Histophilus_somni_strain_UOC-KLM-ATR-014_chromosome__complete_genome	95.918	49	2	0	1571910	1571958	72535	72487	2.03e-10	80.5
accn|CP023043	ICEberg|1716|ICEHs02|GenBank|CP042993.1|687500..760418_Histophilus_somni_strain_UOC-KLM-ATR-014_chromosome__complete_genome	95.918	49	2	0	1827266	1827314	72487	72535	2.03e-10	80.5
accn|CP023043	ICEberg|1734|ICEMh3|GenBank|CP006942.1|959858..1026317_Mannheimia_sp._USDA-ARS-USMARC-1261__complete_genome	99.150	28003	212	21	1592420	1620410	50903	22915	0.0	50370
accn|CP023043	ICEberg|1734|ICEMh3|GenBank|CP006942.1|959858..1026317_Mannheimia_sp._USDA-ARS-USMARC-1261__complete_genome	99.675	8308	5	1	1632673	1640980	8286	1	0.0	15173
accn|CP023043	ICEberg|1734|ICEMh3|GenBank|CP006942.1|959858..1026317_Mannheimia_sp._USDA-ARS-USMARC-1261__complete_genome	99.861	2166	2	1	1628463	1630628	15769	13605	0.0	3982
accn|CP023043	ICEberg|1734|ICEMh3|GenBank|CP006942.1|959858..1026317_Mannheimia_sp._USDA-ARS-USMARC-1261__complete_genome	99.497	1592	7	1	1620101	1621691	16421	14830	0.0	2894
accn|CP023043	ICEberg|441|ICEHso2336-1|GenBank|CP000947|1927921..1994529_Haemophilus_somnus_2336__complete_genome	99.157	27992	210	20	1592420	1620397	15642	43621	0.0	50361
accn|CP023043	ICEberg|441|ICEHso2336-1|GenBank|CP000947|1927921..1994529_Haemophilus_somnus_2336__complete_genome	99.677	8370	5	1	1632673	1641042	58262	66609	0.0	15287
accn|CP023043	ICEberg|441|ICEHso2336-1|GenBank|CP000947|1927921..1994529_Haemophilus_somnus_2336__complete_genome	99.908	2166	1	1	1628463	1630628	50779	52943	0.0	3988
accn|CP023043	ICEberg|441|ICEHso2336-1|GenBank|CP000947|1927921..1994529_Haemophilus_somnus_2336__complete_genome	99.561	1595	6	1	1620098	1621691	50124	51718	0.0	2905
accn|CP023043	ICEberg|441|ICEHso2336-1|GenBank|CP000947|1927921..1994529_Haemophilus_somnus_2336__complete_genome	95.918	49	2	0	1827266	1827314	379	331	2.03e-10	80.5
accn|CP023043	ICEberg|441|ICEHso2336-1|GenBank|CP000947|1927921..1994529_Haemophilus_somnus_2336__complete_genome	95.918	49	2	0	1571910	1571958	331	379	2.03e-10	80.5
accn|CP023043	ICEberg|1717|ICEHs1|GenBank|MF136609.1|1..64932_Histophilus_somni_strain_AVI_1_integrative_conjugative_element_ICEHs1__complete_sequence	98.989	28000	244	32	1592420	1620400	15657	43636	0.0	50117
accn|CP023043	ICEberg|1717|ICEHs1|GenBank|MF136609.1|1..64932_Histophilus_somni_strain_AVI_1_integrative_conjugative_element_ICEHs1__complete_sequence	99.861	2166	2	1	1628463	1630628	50071	52235	0.0	3982
accn|CP023043	ICEberg|1717|ICEHs1|GenBank|MF136609.1|1..64932_Histophilus_somni_strain_AVI_1_integrative_conjugative_element_ICEHs1__complete_sequence	98.496	1596	21	3	1620097	1621691	49417	51010	0.0	2811
accn|CP023043	ICEberg|1717|ICEHs1|GenBank|MF136609.1|1..64932_Histophilus_somni_strain_AVI_1_integrative_conjugative_element_ICEHs1__complete_sequence	99.842	1268	2	0	1629361	1630628	44269	45536	0.0	2331
accn|CP023043	ICEberg|1717|ICEHs1|GenBank|MF136609.1|1..64932_Histophilus_somni_strain_AVI_1_integrative_conjugative_element_ICEHs1__complete_sequence	95.918	49	2	0	1827266	1827314	392	344	2.03e-10	80.5
accn|CP023043	ICEberg|1717|ICEHs1|GenBank|MF136609.1|1..64932_Histophilus_somni_strain_AVI_1_integrative_conjugative_element_ICEHs1__complete_sequence	95.918	49	2	0	1571910	1571958	344	392	2.03e-10	80.5
accn|CP023043	ICEberg|1717|ICEHs1|GenBank|MF136609.1|1..64932_Histophilus_somni_strain_AVI_1_integrative_conjugative_element_ICEHs1__complete_sequence	100.000	43	0	0	1621649	1621691	44269	44311	2.03e-10	80.5
accn|CP023043	ICEberg|1717|ICEHs1|GenBank|MF136609.1|1..64932_Histophilus_somni_strain_AVI_1_integrative_conjugative_element_ICEHs1__complete_sequence	100.000	38	0	0	1600397	1600434	23706	23743	1.22e-07	71.3
accn|CP023043	ICEberg|2047|Tn7406|GenBank|CP087379.1|1564187..1622411_Mannheimia_haemolytica_strain_IMT47952_chromosome__complete_genome	96.683	10823	356	1	1599252	1610071	25177	14355	0.0	17994
accn|CP023043	ICEberg|2047|Tn7406|GenBank|CP087379.1|1564187..1622411_Mannheimia_haemolytica_strain_IMT47952_chromosome__complete_genome	96.923	7409	212	2	1633649	1641042	7408	1	0.0	12405
accn|CP023043	ICEberg|2047|Tn7406|GenBank|CP087379.1|1564187..1622411_Mannheimia_haemolytica_strain_IMT47952_chromosome__complete_genome	99.902	2044	2	0	1630629	1632672	37574	39617	0.0	3764
accn|CP023043	ICEberg|2047|Tn7406|GenBank|CP087379.1|1564187..1622411_Mannheimia_haemolytica_strain_IMT47952_chromosome__complete_genome	100.000	113	0	0	1582368	1582480	37573	37461	2.48e-49	209
accn|CP023043	ICEberg|2047|Tn7406|GenBank|CP087379.1|1564187..1622411_Mannheimia_haemolytica_strain_IMT47952_chromosome__complete_genome	96.610	59	1	1	1572102	1572160	57920	57863	2.01e-15	97.1
accn|CP023043	ICEberg|2047|Tn7406|GenBank|CP087379.1|1564187..1622411_Mannheimia_haemolytica_strain_IMT47952_chromosome__complete_genome	96.610	59	1	1	1827064	1827122	57863	57920	2.01e-15	97.1
accn|CP023043	ICEberg|2047|Tn7406|GenBank|CP087379.1|1564187..1622411_Mannheimia_haemolytica_strain_IMT47952_chromosome__complete_genome	100.000	36	0	0	1788541	1788576	37538	37573	1.58e-06	67.6
accn|CP023043	ICEberg|2047|Tn7406|GenBank|CP087379.1|1564187..1622411_Mannheimia_haemolytica_strain_IMT47952_chromosome__complete_genome	95.238	42	2	0	1790096	1790137	54985	54944	1.58e-06	67.6
accn|CP023043	ICEberg|1698|ICEGpa3|GenBank|CP018032.1|1710663..1776472_Glaesserella_parasuis_D74__complete_sequence	95.378	6448	283	14	1577536	1583974	43884	37443	0.0	10242
accn|CP023043	ICEberg|1698|ICEGpa3|GenBank|CP018032.1|1710663..1776472_Glaesserella_parasuis_D74__complete_sequence	98.477	1379	21	0	1792695	1794073	14974	13596	0.0	2431
accn|CP023043	ICEberg|1698|ICEGpa3|GenBank|CP018032.1|1710663..1776472_Glaesserella_parasuis_D74__complete_sequence	96.575	438	15	0	1294171	1294608	49901	49464	0.0	726
accn|CP023043	ICEberg|1698|ICEGpa3|GenBank|CP018032.1|1710663..1776472_Glaesserella_parasuis_D74__complete_sequence	100.000	47	0	0	1790096	1790142	41541	41495	1.21e-12	87.9
accn|CP023043	ICEberg|1698|ICEGpa3|GenBank|CP018032.1|1710663..1776472_Glaesserella_parasuis_D74__complete_sequence	97.959	49	1	0	1571910	1571958	44607	44559	4.36e-12	86.1
accn|CP023043	ICEberg|1698|ICEGpa3|GenBank|CP018032.1|1710663..1776472_Glaesserella_parasuis_D74__complete_sequence	97.959	49	1	0	1827266	1827314	44559	44607	4.36e-12	86.1
accn|CP023043	ICEberg|1603|ICEAsu1|GenBank|CP009159.1|982132..1037894_Actinobacillus_suis_ATCC_33415__complete_genome	99.548	3984	15	3	1616118	1620100	20153	16172	0.0	7254
accn|CP023043	ICEberg|1603|ICEAsu1|GenBank|CP009159.1|982132..1037894_Actinobacillus_suis_ATCC_33415__complete_genome	99.387	163	1	0	1632673	1632835	8207	8045	1.85e-75	296
accn|CP023043	ICEberg|1996|Tn6413|GenBank|CP030075.1|337873..451939_Pseudomonas_aeruginosa_strain_6762_chromosome	99.848	3293	5	0	1625152	1628444	65042	68334	0.0	6054
accn|CP023043	ICEberg|1996|Tn6413|GenBank|CP030075.1|337873..451939_Pseudomonas_aeruginosa_strain_6762_chromosome	99.909	1097	1	0	1624058	1625154	63861	64957	0.0	2021
accn|CP023043	ICEberg|1996|Tn6413|GenBank|CP030075.1|337873..451939_Pseudomonas_aeruginosa_strain_6762_chromosome	99.878	821	1	0	1624059	1624879	67515	68335	0.0	1511
accn|CP023043	ICEberg|1996|Tn6413|GenBank|CP030075.1|337873..451939_Pseudomonas_aeruginosa_strain_6762_chromosome	99.514	823	4	0	1627622	1628444	63859	64681	0.0	1498
accn|CP023043	ICEberg|1996|Tn6413|GenBank|CP030075.1|337873..451939_Pseudomonas_aeruginosa_strain_6762_chromosome	95.283	848	40	0	1622326	1623173	60664	61511	0.0	1345
accn|CP023043	ICEberg|1996|Tn6413|GenBank|CP030075.1|337873..451939_Pseudomonas_aeruginosa_strain_6762_chromosome	96.429	56	1	1	1621690	1621745	71249	71303	9.37e-14	91.6
accn|CP023043	ICEberg|1996|Tn6413|GenBank|CP030075.1|337873..451939_Pseudomonas_aeruginosa_strain_6762_chromosome	98.000	50	0	1	1621690	1621739	60620	60668	4.36e-12	86.1
accn|CP023043	PID|170717971|gi|170717206|ref|NC_010519.1|_c1948550-1945713_Haemophilus_somnus_2336_chromosome__complete_genome	97.710	2838	65	0	1594571	1597408	2838	1	0.0	4881
accn|CP023043	ICEberg|2034|Tn6860|GenBank|CP059298.1|575696..691964_Providencia_rettgeri_strain_PROV275_chromosome__complete_genome	99.960	2471	1	0	1625155	1627625	38835	36365	0.0	4558
accn|CP023043	ICEberg|2034|Tn6860|GenBank|CP059298.1|575696..691964_Providencia_rettgeri_strain_PROV275_chromosome__complete_genome	99.757	823	2	0	1627625	1628447	34663	33841	0.0	1509
accn|CP023043	ICEberg|2034|Tn6860|GenBank|CP059298.1|575696..691964_Providencia_rettgeri_strain_PROV275_chromosome__complete_genome	99.634	820	3	0	1624059	1624878	34663	33844	0.0	1498
accn|CP023043	ICEberg|2034|Tn6860|GenBank|CP059298.1|575696..691964_Providencia_rettgeri_strain_PROV275_chromosome__complete_genome	100.000	245	0	0	1624910	1625154	39167	38923	1.04e-122	453
accn|CP023043	PID|170717986|gi|170717206|ref|NC_010519.1|_c1957154-1954953_Haemophilus_somnus_2336_chromosome__complete_genome	99.955	2202	1	0	1603811	1606012	2202	1	0.0	4061
accn|CP023043	resfinderf|msr(E)|1	100.000	1476	0	0	1625189	1626664	1	1476	0.0	2726
accn|CP023043	PID|170717975|gi|170717206|ref|NC_010519.1|_c1950418-1948964_Haemophilus_somnus_2336_chromosome__complete_genome	100.000	1455	0	0	1597822	1599276	1455	1	0.0	2687
accn|CP023043	resfinderf|tet(H)|3	99.917	1203	1	0	1629361	1630563	1	1203	0.0	2217
accn|CP023043	resfinderf|tet(H)|3	100.000	43	0	0	1621649	1621691	1	43	2.03e-10	80.5
accn|CP023043	resfinderf|tet(H)|4	99.834	1203	2	0	1629361	1630563	1	1203	0.0	2211
accn|CP023043	resfinderf|tet(H)|4	100.000	43	0	0	1621649	1621691	1	43	2.03e-10	80.5
accn|CP023043	resfinderf|tet(H)|1	99.834	1203	2	0	1629361	1630563	1	1203	0.0	2211
accn|CP023043	resfinderf|tet(H)|1	100.000	43	0	0	1621649	1621691	1	43	2.03e-10	80.5
accn|CP023043	resfinderf|tet(H)|2	99.915	1171	1	0	1629361	1630531	1	1171	0.0	2158
accn|CP023043	resfinderf|tet(H)|2	100.000	43	0	0	1621649	1621691	1	43	2.03e-10	80.5
accn|CP023043	VFG043479(gb|AAD53408)_(pomA)_outer_membrane_protein_PomA_[OmpA_(VF1223)_-_Adherence_(VFC0001)]_[Mannheimia_haemolytica_str._89010807N]	100.000	1137	0	0	131697	132833	1	1137	0.0	2100
accn|CP023043	PID|170717976|gi|170717206|ref|NC_010519.1|_c1951314-1950430_Haemophilus_somnus_2336_chromosome__complete_genome	100.000	885	0	0	1599288	1600172	885	1	0.0	1635
accn|CP023043	resfinderf|mph(E)|2	100.000	885	0	0	1626720	1627604	1	885	0.0	1635
accn|CP023043	resfinderf|mph(E)|1	99.887	885	1	0	1626720	1627604	1	885	0.0	1629
accn|CP023043	resfinderf|blaOXA-2|1	100.000	828	0	0	1623204	1624031	1	828	0.0	1530
accn|CP023043	resfinderf|blaOXA-226|1	99.879	828	1	0	1623204	1624031	1	828	0.0	1524
accn|CP023043	resfinderf|blaOXA-210|1	99.879	828	1	0	1623204	1624031	1	828	0.0	1524
accn|CP023043	resfinderf|blaOXA-161|1	99.879	828	1	0	1623204	1624031	1	828	0.0	1524
accn|CP023043	resfinderf|blaOXA-141|1	99.879	828	1	0	1623204	1624031	1	828	0.0	1524
accn|CP023043	resfinderf|blaOXA-15|1	99.879	828	1	0	1623204	1624031	1	828	0.0	1524
accn|CP023043	resfinderf|blaOXA-2|2	99.879	828	1	0	1623204	1624031	1	828	0.0	1524
accn|CP023043	resfinderf|blaOXA-541|1	99.879	828	1	0	1623204	1624031	1	828	0.0	1524
accn|CP023043	resfinderf|blaOXA-540|1	99.879	828	1	0	1623204	1624031	1	828	0.0	1524
accn|CP023043	resfinderf|blaOXA-415|1	99.879	828	1	0	1623204	1624031	1	828	0.0	1524
accn|CP023043	ICEberg|1844|ICEPvuChnBC22|GenBank|MH160822.1|1..148751_Proteus_vulgaris_strain_SCpv22_sequence	99.405	841	3	2	1624058	1624897	64141	64980	0.0	1524
accn|CP023043	ICEberg|1844|ICEPvuChnBC22|GenBank|MH160822.1|1..148751_Proteus_vulgaris_strain_SCpv22_sequence	99.758	826	1	1	1624053	1624878	15065	15889	0.0	1513
accn|CP023043	ICEberg|1844|ICEPvuChnBC22|GenBank|MH160822.1|1..148751_Proteus_vulgaris_strain_SCpv22_sequence	99.758	826	1	1	1624053	1624878	43176	42352	0.0	1513
accn|CP023043	ICEberg|1844|ICEPvuChnBC22|GenBank|MH160822.1|1..148751_Proteus_vulgaris_strain_SCpv22_sequence	99.757	824	2	0	1624055	1624878	73978	74801	0.0	1511
accn|CP023043	ICEberg|1844|ICEPvuChnBC22|GenBank|MH160822.1|1..148751_Proteus_vulgaris_strain_SCpv22_sequence	99.878	820	1	0	1624059	1624878	37026	36207	0.0	1509
accn|CP023043	ICEberg|1844|ICEPvuChnBC22|GenBank|MH160822.1|1..148751_Proteus_vulgaris_strain_SCpv22_sequence	99.878	820	1	0	1624059	1624878	40979	40160	0.0	1509
accn|CP023043	ICEberg|1844|ICEPvuChnBC22|GenBank|MH160822.1|1..148751_Proteus_vulgaris_strain_SCpv22_sequence	99.756	821	2	0	1624059	1624879	35187	34367	0.0	1506
accn|CP023043	ICEberg|1844|ICEPvuChnBC22|GenBank|MH160822.1|1..148751_Proteus_vulgaris_strain_SCpv22_sequence	99.635	822	3	0	1627625	1628446	73982	74803	0.0	1502
accn|CP023043	ICEberg|1844|ICEPvuChnBC22|GenBank|MH160822.1|1..148751_Proteus_vulgaris_strain_SCpv22_sequence	99.635	821	3	0	1627625	1628445	43171	42351	0.0	1500
accn|CP023043	ICEberg|1844|ICEPvuChnBC22|GenBank|MH160822.1|1..148751_Proteus_vulgaris_strain_SCpv22_sequence	99.635	821	3	0	1627625	1628445	64142	64962	0.0	1500
accn|CP023043	ICEberg|1844|ICEPvuChnBC22|GenBank|MH160822.1|1..148751_Proteus_vulgaris_strain_SCpv22_sequence	99.634	820	3	0	1627625	1628444	15070	15889	0.0	1498
accn|CP023043	ICEberg|1844|ICEPvuChnBC22|GenBank|MH160822.1|1..148751_Proteus_vulgaris_strain_SCpv22_sequence	99.634	820	3	0	1627625	1628444	37026	36207	0.0	1498
accn|CP023043	ICEberg|1844|ICEPvuChnBC22|GenBank|MH160822.1|1..148751_Proteus_vulgaris_strain_SCpv22_sequence	99.634	820	3	0	1627625	1628444	40979	40160	0.0	1498
accn|CP023043	ICEberg|1844|ICEPvuChnBC22|GenBank|MH160822.1|1..148751_Proteus_vulgaris_strain_SCpv22_sequence	99.394	825	5	0	1627625	1628449	35187	34363	0.0	1496
accn|CP023043	ICEberg|1844|ICEPvuChnBC22|GenBank|MH160822.1|1..148751_Proteus_vulgaris_strain_SCpv22_sequence	95.088	855	41	1	1622320	1623173	56035	56889	0.0	1345
accn|CP023043	ICEberg|1844|ICEPvuChnBC22|GenBank|MH160822.1|1..148751_Proteus_vulgaris_strain_SCpv22_sequence	100.000	62	0	0	1624817	1624878	60335	60396	5.56e-21	115
accn|CP023043	ICEberg|1844|ICEPvuChnBC22|GenBank|MH160822.1|1..148751_Proteus_vulgaris_strain_SCpv22_sequence	100.000	62	0	0	1628383	1628444	60335	60396	5.56e-21	115
accn|CP023043	ICEberg|1844|ICEPvuChnBC22|GenBank|MH160822.1|1..148751_Proteus_vulgaris_strain_SCpv22_sequence	98.000	50	0	1	1621690	1621739	54015	54063	4.36e-12	86.1
accn|CP023043	ICEberg|1844|ICEPvuChnBC22|GenBank|MH160822.1|1..148751_Proteus_vulgaris_strain_SCpv22_sequence	98.000	50	0	1	1621690	1621739	76246	76198	4.36e-12	86.1
accn|CP023043	ICEberg|1778|ICEPmiChnBCP11|GenBank|MG773277.1|1..141263_Proteus_mirabilis_integrating_conjugative_element_ICEPmiChn-BCP11_sequence	99.879	827	0	1	1627625	1628451	96262	95437	0.0	1520
accn|CP023043	ICEberg|1778|ICEPmiChnBCP11|GenBank|MG773277.1|1..141263_Proteus_mirabilis_integrating_conjugative_element_ICEPmiChn-BCP11_sequence	99.879	825	1	0	1627625	1628449	86878	87702	0.0	1519
accn|CP023043	ICEberg|1778|ICEPmiChnBCP11|GenBank|MG773277.1|1..141263_Proteus_mirabilis_integrating_conjugative_element_ICEPmiChn-BCP11_sequence	100.000	822	0	0	1627625	1628446	92945	92124	0.0	1519
accn|CP023043	ICEberg|1778|ICEPmiChnBCP11|GenBank|MG773277.1|1..141263_Proteus_mirabilis_integrating_conjugative_element_ICEPmiChn-BCP11_sequence	100.000	821	0	0	1627625	1628445	81167	80347	0.0	1517
accn|CP023043	ICEberg|1778|ICEPmiChnBCP11|GenBank|MG773277.1|1..141263_Proteus_mirabilis_integrating_conjugative_element_ICEPmiChn-BCP11_sequence	100.000	820	0	0	1627625	1628444	71673	72492	0.0	1515
accn|CP023043	ICEberg|1778|ICEPmiChnBCP11|GenBank|MG773277.1|1..141263_Proteus_mirabilis_integrating_conjugative_element_ICEPmiChn-BCP11_sequence	99.878	823	1	0	1627622	1628444	74272	75094	0.0	1515
accn|CP023043	ICEberg|1778|ICEPmiChnBCP11|GenBank|MG773277.1|1..141263_Proteus_mirabilis_integrating_conjugative_element_ICEPmiChn-BCP11_sequence	100.000	820	0	0	1627625	1628444	82847	83666	0.0	1515
accn|CP023043	ICEberg|1778|ICEPmiChnBCP11|GenBank|MG773277.1|1..141263_Proteus_mirabilis_integrating_conjugative_element_ICEPmiChn-BCP11_sequence	100.000	820	0	0	1627625	1628444	108744	109563	0.0	1515
accn|CP023043	ICEberg|1778|ICEPmiChnBCP11|GenBank|MG773277.1|1..141263_Proteus_mirabilis_integrating_conjugative_element_ICEPmiChn-BCP11_sequence	99.878	821	1	0	1627625	1628445	84686	85506	0.0	1511
accn|CP023043	ICEberg|1778|ICEPmiChnBCP11|GenBank|MG773277.1|1..141263_Proteus_mirabilis_integrating_conjugative_element_ICEPmiChn-BCP11_sequence	99.637	827	2	1	1624053	1624879	108739	109564	0.0	1509
accn|CP023043	ICEberg|1778|ICEPmiChnBCP11|GenBank|MG773277.1|1..141263_Proteus_mirabilis_integrating_conjugative_element_ICEPmiChn-BCP11_sequence	99.756	821	2	0	1624058	1624878	71672	72492	0.0	1506
accn|CP023043	ICEberg|1778|ICEPmiChnBCP11|GenBank|MG773277.1|1..141263_Proteus_mirabilis_integrating_conjugative_element_ICEPmiChn-BCP11_sequence	99.756	821	2	0	1624058	1624878	74274	75094	0.0	1506
accn|CP023043	ICEberg|1778|ICEPmiChnBCP11|GenBank|MG773277.1|1..141263_Proteus_mirabilis_integrating_conjugative_element_ICEPmiChn-BCP11_sequence	99.636	824	3	0	1624059	1624882	81167	80344	0.0	1506
accn|CP023043	ICEberg|1778|ICEPmiChnBCP11|GenBank|MG773277.1|1..141263_Proteus_mirabilis_integrating_conjugative_element_ICEPmiChn-BCP11_sequence	99.756	821	2	0	1624059	1624879	86878	87698	0.0	1506
accn|CP023043	ICEberg|1778|ICEPmiChnBCP11|GenBank|MG773277.1|1..141263_Proteus_mirabilis_integrating_conjugative_element_ICEPmiChn-BCP11_sequence	99.636	825	2	1	1624059	1624882	96262	95438	0.0	1506
accn|CP023043	ICEberg|1778|ICEPmiChnBCP11|GenBank|MG773277.1|1..141263_Proteus_mirabilis_integrating_conjugative_element_ICEPmiChn-BCP11_sequence	99.636	824	2	1	1624055	1624878	82844	83666	0.0	1504
accn|CP023043	ICEberg|1778|ICEPmiChnBCP11|GenBank|MG773277.1|1..141263_Proteus_mirabilis_integrating_conjugative_element_ICEPmiChn-BCP11_sequence	99.756	820	2	0	1624059	1624878	92945	92126	0.0	1504
accn|CP023043	ICEberg|1778|ICEPmiChnBCP11|GenBank|MG773277.1|1..141263_Proteus_mirabilis_integrating_conjugative_element_ICEPmiChn-BCP11_sequence	99.634	820	3	0	1624059	1624878	84686	85505	0.0	1498
accn|CP023043	ICEberg|1778|ICEPmiChnBCP11|GenBank|MG773277.1|1..141263_Proteus_mirabilis_integrating_conjugative_element_ICEPmiChn-BCP11_sequence	95.088	855	41	1	1622320	1623173	112473	113327	0.0	1345
accn|CP023043	ICEberg|1778|ICEPmiChnBCP11|GenBank|MG773277.1|1..141263_Proteus_mirabilis_integrating_conjugative_element_ICEPmiChn-BCP11_sequence	100.000	62	0	0	1624817	1624878	67866	67927	5.56e-21	115
accn|CP023043	ICEberg|1778|ICEPmiChnBCP11|GenBank|MG773277.1|1..141263_Proteus_mirabilis_integrating_conjugative_element_ICEPmiChn-BCP11_sequence	100.000	62	0	0	1628383	1628444	67866	67927	5.56e-21	115
accn|CP023043	ICEberg|1778|ICEPmiChnBCP11|GenBank|MG773277.1|1..141263_Proteus_mirabilis_integrating_conjugative_element_ICEPmiChn-BCP11_sequence	98.000	50	0	1	1621690	1621739	110453	110501	4.36e-12	86.1
accn|CP023043	resfinderf|blaOXA-32|1	99.758	828	2	0	1623204	1624031	1	828	0.0	1519
accn|CP023043	ICEberg|2045|Tn6966|GenBank|CP064830.1|3371703..3442829_Morganella_morganii_subsp._morganii_strain_81703_chromosome__complete_genome	99.879	826	0	1	1627625	1628450	46892	47716	0.0	1519
accn|CP023043	ICEberg|2045|Tn6966|GenBank|CP064830.1|3371703..3442829_Morganella_morganii_subsp._morganii_strain_81703_chromosome__complete_genome	99.758	826	1	1	1624053	1624878	45027	45851	0.0	1513
accn|CP023043	ICEberg|2045|Tn6966|GenBank|CP064830.1|3371703..3442829_Morganella_morganii_subsp._morganii_strain_81703_chromosome__complete_genome	99.518	830	3	1	1624058	1624887	46891	47719	0.0	1509
accn|CP023043	ICEberg|2045|Tn6966|GenBank|CP064830.1|3371703..3442829_Morganella_morganii_subsp._morganii_strain_81703_chromosome__complete_genome	99.634	820	3	0	1627625	1628444	45032	45851	0.0	1498
accn|CP023043	ICEberg|2045|Tn6966|GenBank|CP064830.1|3371703..3442829_Morganella_morganii_subsp._morganii_strain_81703_chromosome__complete_genome	98.000	50	0	1	1621690	1621739	25049	25001	4.36e-12	86.1
accn|CP023043	ICEberg|2045|Tn6966|GenBank|CP064830.1|3371703..3442829_Morganella_morganii_subsp._morganii_strain_81703_chromosome__complete_genome	98.000	50	0	1	1621690	1621739	52462	52414	4.36e-12	86.1
accn|CP023043	ICEberg|1782|ICEPmiChnJZ57|GenBank|ON553412.1|1..116292_Proteus_mirabilis_strain_JZ57_ICEPmiChn_JZ57_mobile_element__complete_sequence	100.000	822	0	0	1627625	1628446	74173	73352	0.0	1519
accn|CP023043	ICEberg|1782|ICEPmiChnJZ57|GenBank|ON553412.1|1..116292_Proteus_mirabilis_strain_JZ57_ICEPmiChn_JZ57_mobile_element__complete_sequence	100.000	821	0	0	1627625	1628445	80175	79355	0.0	1517
accn|CP023043	ICEberg|1782|ICEPmiChnJZ57|GenBank|ON553412.1|1..116292_Proteus_mirabilis_strain_JZ57_ICEPmiChn_JZ57_mobile_element__complete_sequence	100.000	820	0	0	1624059	1624878	77983	77164	0.0	1515
accn|CP023043	ICEberg|1782|ICEPmiChnJZ57|GenBank|ON553412.1|1..116292_Proteus_mirabilis_strain_JZ57_ICEPmiChn_JZ57_mobile_element__complete_sequence	99.878	822	1	0	1624058	1624879	68105	68926	0.0	1513
accn|CP023043	ICEberg|1782|ICEPmiChnJZ57|GenBank|ON553412.1|1..116292_Proteus_mirabilis_strain_JZ57_ICEPmiChn_JZ57_mobile_element__complete_sequence	99.878	821	1	0	1624059	1624879	81855	82675	0.0	1511
accn|CP023043	ICEberg|1782|ICEPmiChnJZ57|GenBank|ON553412.1|1..116292_Proteus_mirabilis_strain_JZ57_ICEPmiChn_JZ57_mobile_element__complete_sequence	99.756	821	2	0	1624058	1624878	74174	73354	0.0	1506
accn|CP023043	ICEberg|1782|ICEPmiChnJZ57|GenBank|ON553412.1|1..116292_Proteus_mirabilis_strain_JZ57_ICEPmiChn_JZ57_mobile_element__complete_sequence	99.756	820	2	0	1627625	1628444	77983	77164	0.0	1504
accn|CP023043	ICEberg|1782|ICEPmiChnJZ57|GenBank|ON553412.1|1..116292_Proteus_mirabilis_strain_JZ57_ICEPmiChn_JZ57_mobile_element__complete_sequence	99.636	824	2	1	1624055	1624878	80178	79356	0.0	1504
accn|CP023043	ICEberg|1782|ICEPmiChnJZ57|GenBank|ON553412.1|1..116292_Proteus_mirabilis_strain_JZ57_ICEPmiChn_JZ57_mobile_element__complete_sequence	99.515	825	4	0	1627625	1628449	68106	68930	0.0	1502
accn|CP023043	ICEberg|1782|ICEPmiChnJZ57|GenBank|ON553412.1|1..116292_Proteus_mirabilis_strain_JZ57_ICEPmiChn_JZ57_mobile_element__complete_sequence	99.634	820	3	0	1627625	1628444	81855	82674	0.0	1498
accn|CP023043	ICEberg|1782|ICEPmiChnJZ57|GenBank|ON553412.1|1..116292_Proteus_mirabilis_strain_JZ57_ICEPmiChn_JZ57_mobile_element__complete_sequence	95.088	855	41	1	1622320	1623173	85584	86438	0.0	1345
accn|CP023043	ICEberg|1782|ICEPmiChnJZ57|GenBank|ON553412.1|1..116292_Proteus_mirabilis_strain_JZ57_ICEPmiChn_JZ57_mobile_element__complete_sequence	100.000	62	0	0	1624817	1624878	64299	64360	5.56e-21	115
accn|CP023043	ICEberg|1782|ICEPmiChnJZ57|GenBank|ON553412.1|1..116292_Proteus_mirabilis_strain_JZ57_ICEPmiChn_JZ57_mobile_element__complete_sequence	100.000	62	0	0	1628383	1628444	64299	64360	5.56e-21	115
accn|CP023043	ICEberg|1782|ICEPmiChnJZ57|GenBank|ON553412.1|1..116292_Proteus_mirabilis_strain_JZ57_ICEPmiChn_JZ57_mobile_element__complete_sequence	98.000	50	0	1	1621690	1621739	83564	83612	4.36e-12	86.1
accn|CP023043	ICEberg|1779|ICEPmiChnChSC1905|GenBank|CP047929.1|3384696..3471195_Proteus_mirabilis_strain_ChSC1905_chromosome__complete_genome	100.000	822	0	0	1627625	1628446	15867	15046	0.0	1519
accn|CP023043	ICEberg|1779|ICEPmiChnChSC1905|GenBank|CP047929.1|3384696..3471195_Proteus_mirabilis_strain_ChSC1905_chromosome__complete_genome	99.758	827	1	1	1624053	1624879	9795	10620	0.0	1515
accn|CP023043	ICEberg|1779|ICEPmiChnChSC1905|GenBank|CP047929.1|3384696..3471195_Proteus_mirabilis_strain_ChSC1905_chromosome__complete_genome	99.878	821	1	0	1624058	1624878	25554	24734	0.0	1511
accn|CP023043	ICEberg|1779|ICEPmiChnChSC1905|GenBank|CP047929.1|3384696..3471195_Proteus_mirabilis_strain_ChSC1905_chromosome__complete_genome	99.878	820	1	0	1624059	1624878	20397	19578	0.0	1509
accn|CP023043	ICEberg|1779|ICEPmiChnChSC1905|GenBank|CP047929.1|3384696..3471195_Proteus_mirabilis_strain_ChSC1905_chromosome__complete_genome	99.636	825	2	1	1624059	1624882	23714	22890	0.0	1506
accn|CP023043	ICEberg|1779|ICEPmiChnChSC1905|GenBank|CP047929.1|3384696..3471195_Proteus_mirabilis_strain_ChSC1905_chromosome__complete_genome	99.756	820	2	0	1624059	1624878	15867	15048	0.0	1504
accn|CP023043	ICEberg|1779|ICEPmiChnChSC1905|GenBank|CP047929.1|3384696..3471195_Proteus_mirabilis_strain_ChSC1905_chromosome__complete_genome	99.515	825	4	0	1627625	1628449	9800	10624	0.0	1502
accn|CP023043	ICEberg|1779|ICEPmiChnChSC1905|GenBank|CP047929.1|3384696..3471195_Proteus_mirabilis_strain_ChSC1905_chromosome__complete_genome	99.514	823	4	0	1627625	1628447	20397	19575	0.0	1498
accn|CP023043	ICEberg|1779|ICEPmiChnChSC1905|GenBank|CP047929.1|3384696..3471195_Proteus_mirabilis_strain_ChSC1905_chromosome__complete_genome	99.395	827	4	1	1627625	1628451	23714	22889	0.0	1498
accn|CP023043	ICEberg|1779|ICEPmiChnChSC1905|GenBank|CP047929.1|3384696..3471195_Proteus_mirabilis_strain_ChSC1905_chromosome__complete_genome	99.634	820	3	0	1627625	1628444	25553	24734	0.0	1498
accn|CP023043	ICEberg|1779|ICEPmiChnChSC1905|GenBank|CP047929.1|3384696..3471195_Proteus_mirabilis_strain_ChSC1905_chromosome__complete_genome	100.000	62	0	0	1628383	1628444	29360	29299	5.56e-21	115
accn|CP023043	ICEberg|1779|ICEPmiChnChSC1905|GenBank|CP047929.1|3384696..3471195_Proteus_mirabilis_strain_ChSC1905_chromosome__complete_genome	100.000	62	0	0	1624817	1624878	29360	29299	5.56e-21	115
accn|CP023043	ICEberg|1807|ICEPmu4|GenBank|CP038875.1|2009809..2087766_Pasteurella_multocida_strain_FCf83_chromosome__complete_genome	99.879	825	0	1	1624055	1624879	56711	55888	0.0	1517
accn|CP023043	ICEberg|1807|ICEPmu4|GenBank|CP038875.1|2009809..2087766_Pasteurella_multocida_strain_FCf83_chromosome__complete_genome	99.878	821	1	0	1624059	1624879	67001	66181	0.0	1511
accn|CP023043	ICEberg|1807|ICEPmu4|GenBank|CP038875.1|2009809..2087766_Pasteurella_multocida_strain_FCf83_chromosome__complete_genome	99.756	820	2	0	1627625	1628444	56708	55889	0.0	1504
accn|CP023043	ICEberg|1807|ICEPmu4|GenBank|CP038875.1|2009809..2087766_Pasteurella_multocida_strain_FCf83_chromosome__complete_genome	99.634	820	3	0	1627625	1628444	67001	66182	0.0	1498
accn|CP023043	ICEberg|1807|ICEPmu4|GenBank|CP038875.1|2009809..2087766_Pasteurella_multocida_strain_FCf83_chromosome__complete_genome	96.104	77	3	0	880488	880564	1	77	2.57e-24	126
accn|CP023043	ICEberg|1807|ICEPmu4|GenBank|CP038875.1|2009809..2087766_Pasteurella_multocida_strain_FCf83_chromosome__complete_genome	96.053	76	3	0	2594952	2595027	76	1	9.24e-24	124
accn|CP023043	ICEberg|1807|ICEPmu4|GenBank|CP038875.1|2009809..2087766_Pasteurella_multocida_strain_FCf83_chromosome__complete_genome	96.053	76	3	0	2594625	2594700	76	1	9.24e-24	124
accn|CP023043	ICEberg|1807|ICEPmu4|GenBank|CP038875.1|2009809..2087766_Pasteurella_multocida_strain_FCf83_chromosome__complete_genome	96.154	52	1	1	1621690	1621741	65292	65242	1.57e-11	84.2
accn|CP023043	ICEberg|1807|ICEPmu4|GenBank|CP038875.1|2009809..2087766_Pasteurella_multocida_strain_FCf83_chromosome__complete_genome	95.455	44	2	0	1623130	1623173	62929	62886	1.22e-07	71.3
accn|CP023043	ICEberg|1804|ICEPmu3|GenBank|CP038873.1|1026914..1096464_Pasteurella_multocida_strain_FCf45_chromosome__complete_genome	100.000	821	0	0	1624059	1624879	51025	50205	0.0	1517
accn|CP023043	ICEberg|1804|ICEPmu3|GenBank|CP038873.1|1026914..1096464_Pasteurella_multocida_strain_FCf45_chromosome__complete_genome	99.756	820	2	0	1627625	1628444	51025	50206	0.0	1504
accn|CP023043	ICEberg|1804|ICEPmu3|GenBank|CP038873.1|1026914..1096464_Pasteurella_multocida_strain_FCf45_chromosome__complete_genome	96.104	77	3	0	880488	880564	69551	69475	2.57e-24	126
accn|CP023043	ICEberg|1804|ICEPmu3|GenBank|CP038873.1|1026914..1096464_Pasteurella_multocida_strain_FCf45_chromosome__complete_genome	96.053	76	3	0	2594625	2594700	69476	69551	9.24e-24	124
accn|CP023043	ICEberg|1804|ICEPmu3|GenBank|CP038873.1|1026914..1096464_Pasteurella_multocida_strain_FCf45_chromosome__complete_genome	96.053	76	3	0	2594952	2595027	69476	69551	9.24e-24	124
accn|CP023043	resfinderf|blaOXA-539|1	99.639	831	0	1	1623204	1624031	1	831	0.0	1515
accn|CP023043	ICEberg|43|R391|GenBank|AY090559|1..88532_Providencia_rettgeri_conjugative_genomic_island_R391__complete_sequence	100.000	820	0	0	1627625	1628444	11686	10867	0.0	1515
accn|CP023043	ICEberg|43|R391|GenBank|AY090559|1..88532_Providencia_rettgeri_conjugative_genomic_island_R391__complete_sequence	100.000	820	0	0	1627625	1628444	11970	12789	0.0	1515
accn|CP023043	ICEberg|43|R391|GenBank|AY090559|1..88532_Providencia_rettgeri_conjugative_genomic_island_R391__complete_sequence	100.000	820	0	0	1627625	1628444	14639	13820	0.0	1515
accn|CP023043	ICEberg|43|R391|GenBank|AY090559|1..88532_Providencia_rettgeri_conjugative_genomic_island_R391__complete_sequence	99.756	821	2	0	1624058	1624878	11969	12789	0.0	1506
accn|CP023043	ICEberg|43|R391|GenBank|AY090559|1..88532_Providencia_rettgeri_conjugative_genomic_island_R391__complete_sequence	99.635	823	3	0	1624059	1624881	11686	10864	0.0	1504
accn|CP023043	ICEberg|43|R391|GenBank|AY090559|1..88532_Providencia_rettgeri_conjugative_genomic_island_R391__complete_sequence	99.636	824	2	1	1624055	1624878	14642	13820	0.0	1504
accn|CP023043	ICEberg|2036|Tn6862|GenBank|CP059348.1|704853..810761_Providencia_rettgeri_strain_PROV023_chromosome__complete_genome	99.758	826	2	0	1624059	1624884	24981	25806	0.0	1515
accn|CP023043	ICEberg|2036|Tn6862|GenBank|CP059348.1|704853..810761_Providencia_rettgeri_strain_PROV023_chromosome__complete_genome	99.758	826	1	1	1624053	1624878	22749	23573	0.0	1513
accn|CP023043	ICEberg|2036|Tn6862|GenBank|CP059348.1|704853..810761_Providencia_rettgeri_strain_PROV023_chromosome__complete_genome	99.635	821	3	0	1627625	1628445	24981	25801	0.0	1500
accn|CP023043	ICEberg|2036|Tn6862|GenBank|CP059348.1|704853..810761_Providencia_rettgeri_strain_PROV023_chromosome__complete_genome	99.634	820	3	0	1627625	1628444	22754	23573	0.0	1498
accn|CP023043	ICEberg|1998|Tn6512|GenBank|AY090559.1|1..88532_Providencia_rettgeri_conjugative_genomic_island_R391__complete_sequence	100.000	820	0	0	1627625	1628444	11686	10867	0.0	1515
accn|CP023043	ICEberg|1998|Tn6512|GenBank|AY090559.1|1..88532_Providencia_rettgeri_conjugative_genomic_island_R391__complete_sequence	100.000	820	0	0	1627625	1628444	11970	12789	0.0	1515
accn|CP023043	ICEberg|1998|Tn6512|GenBank|AY090559.1|1..88532_Providencia_rettgeri_conjugative_genomic_island_R391__complete_sequence	100.000	820	0	0	1627625	1628444	14639	13820	0.0	1515
accn|CP023043	ICEberg|1998|Tn6512|GenBank|AY090559.1|1..88532_Providencia_rettgeri_conjugative_genomic_island_R391__complete_sequence	99.756	821	2	0	1624058	1624878	11969	12789	0.0	1506
accn|CP023043	ICEberg|1998|Tn6512|GenBank|AY090559.1|1..88532_Providencia_rettgeri_conjugative_genomic_island_R391__complete_sequence	99.635	823	3	0	1624059	1624881	11686	10864	0.0	1504
accn|CP023043	ICEberg|1998|Tn6512|GenBank|AY090559.1|1..88532_Providencia_rettgeri_conjugative_genomic_island_R391__complete_sequence	99.636	824	2	1	1624055	1624878	14642	13820	0.0	1504
accn|CP023043	ICEberg|1803|ICEPmu2|GenBank|CP038871.1|1998244..2056820_Pasteurella_multocida_strain_FCf15_chromosome__complete_genome	100.000	820	0	0	1627625	1628444	19979	20798	0.0	1515
accn|CP023043	ICEberg|1803|ICEPmu2|GenBank|CP038871.1|1998244..2056820_Pasteurella_multocida_strain_FCf15_chromosome__complete_genome	99.756	820	2	0	1624059	1624878	19979	20798	0.0	1504
accn|CP023043	ICEberg|1803|ICEPmu2|GenBank|CP038871.1|1998244..2056820_Pasteurella_multocida_strain_FCf15_chromosome__complete_genome	99.756	821	1	1	1627625	1628445	23040	22221	0.0	1504
accn|CP023043	ICEberg|1803|ICEPmu2|GenBank|CP038871.1|1998244..2056820_Pasteurella_multocida_strain_FCf15_chromosome__complete_genome	99.512	820	3	1	1624059	1624878	23040	22222	0.0	1491
accn|CP023043	ICEberg|1803|ICEPmu2|GenBank|CP038871.1|1998244..2056820_Pasteurella_multocida_strain_FCf15_chromosome__complete_genome	100.000	47	0	0	1614874	1614920	9185	9139	1.21e-12	87.9
accn|CP023043	ICEberg|1785|ICEPmiChnSTP3|GenBank|MT449450.1|1..118916_Proteus_mirabilis_strain_STP3_sequence	100.000	820	0	0	1627625	1628444	36929	37748	0.0	1515
accn|CP023043	ICEberg|1785|ICEPmiChnSTP3|GenBank|MT449450.1|1..118916_Proteus_mirabilis_strain_STP3_sequence	99.878	822	1	0	1627625	1628446	40739	41560	0.0	1513
accn|CP023043	ICEberg|1785|ICEPmiChnSTP3|GenBank|MT449450.1|1..118916_Proteus_mirabilis_strain_STP3_sequence	99.878	821	1	0	1627625	1628445	34737	35557	0.0	1511
accn|CP023043	ICEberg|1785|ICEPmiChnSTP3|GenBank|MT449450.1|1..118916_Proteus_mirabilis_strain_STP3_sequence	99.878	821	1	0	1624058	1624878	48646	47826	0.0	1511
accn|CP023043	ICEberg|1785|ICEPmiChnSTP3|GenBank|MT449450.1|1..118916_Proteus_mirabilis_strain_STP3_sequence	99.756	821	2	0	1624059	1624879	33057	32237	0.0	1506
accn|CP023043	ICEberg|1785|ICEPmiChnSTP3|GenBank|MT449450.1|1..118916_Proteus_mirabilis_strain_STP3_sequence	99.756	821	2	0	1624059	1624879	46806	45986	0.0	1506
accn|CP023043	ICEberg|1785|ICEPmiChnSTP3|GenBank|MT449450.1|1..118916_Proteus_mirabilis_strain_STP3_sequence	99.756	820	2	0	1624059	1624878	36929	37748	0.0	1504
accn|CP023043	ICEberg|1785|ICEPmiChnSTP3|GenBank|MT449450.1|1..118916_Proteus_mirabilis_strain_STP3_sequence	99.515	824	4	0	1624055	1624878	40735	41558	0.0	1500
accn|CP023043	ICEberg|1785|ICEPmiChnSTP3|GenBank|MT449450.1|1..118916_Proteus_mirabilis_strain_STP3_sequence	99.515	824	3	1	1624055	1624878	34734	35556	0.0	1498
accn|CP023043	ICEberg|1785|ICEPmiChnSTP3|GenBank|MT449450.1|1..118916_Proteus_mirabilis_strain_STP3_sequence	99.634	820	3	0	1627625	1628444	48645	47826	0.0	1498
accn|CP023043	ICEberg|1785|ICEPmiChnSTP3|GenBank|MT449450.1|1..118916_Proteus_mirabilis_strain_STP3_sequence	99.394	825	5	0	1627625	1628449	46806	45982	0.0	1496
accn|CP023043	ICEberg|1785|ICEPmiChnSTP3|GenBank|MT449450.1|1..118916_Proteus_mirabilis_strain_STP3_sequence	99.512	820	4	0	1627625	1628444	33057	32238	0.0	1493
accn|CP023043	ICEberg|1785|ICEPmiChnSTP3|GenBank|MT449450.1|1..118916_Proteus_mirabilis_strain_STP3_sequence	100.000	62	0	0	1628383	1628444	52452	52391	5.56e-21	115
accn|CP023043	ICEberg|1785|ICEPmiChnSTP3|GenBank|MT449450.1|1..118916_Proteus_mirabilis_strain_STP3_sequence	100.000	62	0	0	1624817	1624878	52452	52391	5.56e-21	115
accn|CP023043	ICEberg|1785|ICEPmiChnSTP3|GenBank|MT449450.1|1..118916_Proteus_mirabilis_strain_STP3_sequence	98.000	50	0	1	1621690	1621739	31348	31300	4.36e-12	86.1
accn|CP023043	ICEberg|2038|Tn6864|GenBank|MT219827.1|1..108763_Providencia_rettgeri_strain_RF14-2_sequence	99.878	822	1	0	1624058	1624879	76247	77068	0.0	1513
accn|CP023043	ICEberg|2038|Tn6864|GenBank|MT219827.1|1..108763_Providencia_rettgeri_strain_RF14-2_sequence	99.634	820	3	0	1627625	1628444	76248	77067	0.0	1498
accn|CP023043	ICEberg|2038|Tn6864|GenBank|MT219827.1|1..108763_Providencia_rettgeri_strain_RF14-2_sequence	95.088	855	41	1	1622320	1623173	79977	80831	0.0	1345
accn|CP023043	ICEberg|2038|Tn6864|GenBank|MT219827.1|1..108763_Providencia_rettgeri_strain_RF14-2_sequence	100.000	62	0	0	1624817	1624878	72441	72502	5.56e-21	115
accn|CP023043	ICEberg|2038|Tn6864|GenBank|MT219827.1|1..108763_Providencia_rettgeri_strain_RF14-2_sequence	100.000	62	0	0	1628383	1628444	72441	72502	5.56e-21	115
accn|CP023043	ICEberg|2038|Tn6864|GenBank|MT219827.1|1..108763_Providencia_rettgeri_strain_RF14-2_sequence	98.000	50	0	1	1621690	1621739	77957	78005	4.36e-12	86.1
accn|CP023043	ICEberg|2035|Tn6861|GenBank|CP059345.1|727272..869956_Providencia_rettgeri_strain_PROV002_chromosome__complete_genome	99.878	822	1	0	1624058	1624879	40160	40981	0.0	1513
accn|CP023043	ICEberg|2035|Tn6861|GenBank|CP059345.1|727272..869956_Providencia_rettgeri_strain_PROV002_chromosome__complete_genome	99.878	820	1	0	1624059	1624878	35596	36415	0.0	1509
accn|CP023043	ICEberg|2035|Tn6861|GenBank|CP059345.1|727272..869956_Providencia_rettgeri_strain_PROV002_chromosome__complete_genome	99.634	820	3	0	1627625	1628444	35596	36415	0.0	1498
accn|CP023043	ICEberg|2035|Tn6861|GenBank|CP059345.1|727272..869956_Providencia_rettgeri_strain_PROV002_chromosome__complete_genome	99.634	820	3	0	1627625	1628444	40161	40980	0.0	1498
accn|CP023043	ICEberg|2035|Tn6861|GenBank|CP059345.1|727272..869956_Providencia_rettgeri_strain_PROV002_chromosome__complete_genome	98.000	50	0	1	1621690	1621739	41870	41918	4.36e-12	86.1
accn|CP023043	ICEberg|2035|Tn6861|GenBank|CP059345.1|727272..869956_Providencia_rettgeri_strain_PROV002_chromosome__complete_genome	97.959	49	0	1	1621690	1621738	15739	15786	1.57e-11	84.2
accn|CP023043	ICEberg|1763|ICEPgs6Chn1|GenBank|MN507533.1|1..116235_Proteus_genomosp._6_strain_T60_sequence	99.758	826	1	1	1624053	1624878	30502	29678	0.0	1513
accn|CP023043	ICEberg|1763|ICEPgs6Chn1|GenBank|MN507533.1|1..116235_Proteus_genomosp._6_strain_T60_sequence	99.756	820	2	0	1624059	1624878	28270	27451	0.0	1504
accn|CP023043	ICEberg|1763|ICEPgs6Chn1|GenBank|MN507533.1|1..116235_Proteus_genomosp._6_strain_T60_sequence	99.514	823	4	0	1627625	1628447	30497	29675	0.0	1498
accn|CP023043	ICEberg|1763|ICEPgs6Chn1|GenBank|MN507533.1|1..116235_Proteus_genomosp._6_strain_T60_sequence	99.512	820	4	0	1627625	1628444	28270	27451	0.0	1493
accn|CP023043	ICEberg|1762|ICEPflCDM8|GenBank|CP047240.1|950152..1060244_Pseudoalteromonas_sp._M8_chromosome_2__complete_sequence	99.758	826	1	1	1624053	1624878	77254	78078	0.0	1513
accn|CP023043	ICEberg|1762|ICEPflCDM8|GenBank|CP047240.1|950152..1060244_Pseudoalteromonas_sp._M8_chromosome_2__complete_sequence	99.756	821	2	0	1624059	1624879	79098	79918	0.0	1506
accn|CP023043	ICEberg|1762|ICEPflCDM8|GenBank|CP047240.1|950152..1060244_Pseudoalteromonas_sp._M8_chromosome_2__complete_sequence	99.634	820	3	0	1627625	1628444	77259	78078	0.0	1498
accn|CP023043	ICEberg|1762|ICEPflCDM8|GenBank|CP047240.1|950152..1060244_Pseudoalteromonas_sp._M8_chromosome_2__complete_sequence	99.512	820	4	0	1627625	1628444	79098	79917	0.0	1493
accn|CP023043	ICEberg|1762|ICEPflCDM8|GenBank|CP047240.1|950152..1060244_Pseudoalteromonas_sp._M8_chromosome_2__complete_sequence	95.088	855	41	1	1622320	1623173	82827	83681	0.0	1345
accn|CP023043	ICEberg|1762|ICEPflCDM8|GenBank|CP047240.1|950152..1060244_Pseudoalteromonas_sp._M8_chromosome_2__complete_sequence	100.000	62	0	0	1624817	1624878	73242	73303	5.56e-21	115
accn|CP023043	ICEberg|1762|ICEPflCDM8|GenBank|CP047240.1|950152..1060244_Pseudoalteromonas_sp._M8_chromosome_2__complete_sequence	100.000	62	0	0	1628383	1628444	73242	73303	5.56e-21	115
accn|CP023043	ICEberg|1762|ICEPflCDM8|GenBank|CP047240.1|950152..1060244_Pseudoalteromonas_sp._M8_chromosome_2__complete_sequence	98.000	50	0	1	1621690	1621739	80807	80855	4.36e-12	86.1
accn|CP023043	ICEberg|1758|ICEPciChn180|GenBank|CP073356.1|3209019..3335275_Proteus_terrae_subsp._cibarius_strain_SDQ8C180-2T_chromosome__complete_genome	99.758	826	1	1	1624053	1624878	84218	85042	0.0	1513
accn|CP023043	ICEberg|1758|ICEPciChn180|GenBank|CP073356.1|3209019..3335275_Proteus_terrae_subsp._cibarius_strain_SDQ8C180-2T_chromosome__complete_genome	99.756	820	2	0	1624059	1624878	86450	87269	0.0	1504
accn|CP023043	ICEberg|1758|ICEPciChn180|GenBank|CP073356.1|3209019..3335275_Proteus_terrae_subsp._cibarius_strain_SDQ8C180-2T_chromosome__complete_genome	99.634	820	3	0	1627625	1628444	84223	85042	0.0	1498
accn|CP023043	ICEberg|1758|ICEPciChn180|GenBank|CP073356.1|3209019..3335275_Proteus_terrae_subsp._cibarius_strain_SDQ8C180-2T_chromosome__complete_genome	99.512	820	4	0	1627625	1628444	86450	87269	0.0	1493
accn|CP023043	ICEberg|1226|ICEKpnF44-1|GenBank|CP025461.1|4660105..4718979_Klebsiella_pneumoniae_strain_F44_chromosome__complete_genome	99.878	822	1	0	1624057	1624878	15336	16157	0.0	1513
accn|CP023043	ICEberg|1226|ICEKpnF44-1|GenBank|CP025461.1|4660105..4718979_Klebsiella_pneumoniae_strain_F44_chromosome__complete_genome	99.635	821	3	0	1627625	1628445	15338	16158	0.0	1500
accn|CP023043	ICEberg|1023|ICEPmiChn3|GenBank|KY437727|1..55195_Proteus_mirabilis_integrative_and_conjugative_element_ICEPmiChn3__complete_sequence__and_peptide_chain_release_factor_3_(prfC)_gene__complete_cds	99.758	826	1	1	1624053	1624878	24178	25002	0.0	1513
accn|CP023043	ICEberg|1023|ICEPmiChn3|GenBank|KY437727|1..55195_Proteus_mirabilis_integrative_and_conjugative_element_ICEPmiChn3__complete_sequence__and_peptide_chain_release_factor_3_(prfC)_gene__complete_cds	99.635	821	3	0	1627625	1628445	24183	25003	0.0	1500
accn|CP023043	ICEberg|1023|ICEPmiChn3|GenBank|KY437727|1..55195_Proteus_mirabilis_integrative_and_conjugative_element_ICEPmiChn3__complete_sequence__and_peptide_chain_release_factor_3_(prfC)_gene__complete_cds	95.088	855	41	1	1622320	1623173	28223	29077	0.0	1345
accn|CP023043	ICEberg|1023|ICEPmiChn3|GenBank|KY437727|1..55195_Proteus_mirabilis_integrative_and_conjugative_element_ICEPmiChn3__complete_sequence__and_peptide_chain_release_factor_3_(prfC)_gene__complete_cds	100.000	312	0	0	1624568	1624879	25003	25314	5.90e-160	577
accn|CP023043	ICEberg|1023|ICEPmiChn3|GenBank|KY437727|1..55195_Proteus_mirabilis_integrative_and_conjugative_element_ICEPmiChn3__complete_sequence__and_peptide_chain_release_factor_3_(prfC)_gene__complete_cds	99.357	311	2	0	1628134	1628444	25003	25313	4.59e-156	564
accn|CP023043	ICEberg|1023|ICEPmiChn3|GenBank|KY437727|1..55195_Proteus_mirabilis_integrative_and_conjugative_element_ICEPmiChn3__complete_sequence__and_peptide_chain_release_factor_3_(prfC)_gene__complete_cds	98.000	50	0	1	1621690	1621739	26203	26251	4.36e-12	86.1
accn|CP023043	ICEberg|1788|ICEPmiFra1|GenBank|MF490434.1|1..107395_Proteus_mirabilis_sequence	99.878	821	1	0	1624058	1624878	72282	73102	0.0	1511
accn|CP023043	ICEberg|1788|ICEPmiFra1|GenBank|MF490434.1|1..107395_Proteus_mirabilis_sequence	99.756	821	2	0	1624059	1624879	74122	74942	0.0	1506
accn|CP023043	ICEberg|1788|ICEPmiFra1|GenBank|MF490434.1|1..107395_Proteus_mirabilis_sequence	99.634	820	3	0	1627625	1628444	72283	73102	0.0	1498
accn|CP023043	ICEberg|1788|ICEPmiFra1|GenBank|MF490434.1|1..107395_Proteus_mirabilis_sequence	99.512	820	4	0	1627625	1628444	74122	74941	0.0	1493
accn|CP023043	ICEberg|1788|ICEPmiFra1|GenBank|MF490434.1|1..107395_Proteus_mirabilis_sequence	95.088	855	41	1	1622320	1623173	77851	78705	0.0	1345
accn|CP023043	ICEberg|1788|ICEPmiFra1|GenBank|MF490434.1|1..107395_Proteus_mirabilis_sequence	100.000	62	0	0	1624817	1624878	68476	68537	5.56e-21	115
accn|CP023043	ICEberg|1788|ICEPmiFra1|GenBank|MF490434.1|1..107395_Proteus_mirabilis_sequence	100.000	62	0	0	1628383	1628444	68476	68537	5.56e-21	115
accn|CP023043	ICEberg|1788|ICEPmiFra1|GenBank|MF490434.1|1..107395_Proteus_mirabilis_sequence	98.000	50	0	1	1621690	1621739	75831	75879	4.36e-12	86.1
accn|CP023043	ICEberg|1759|ICEPciChn2|GenBank|MW423608.1|1..140916_Proteus_terrae_subsp._cibarius_strain_SH19PTE4_sequence	99.878	821	1	0	1624058	1624878	95659	96479	0.0	1511
accn|CP023043	ICEberg|1759|ICEPciChn2|GenBank|MW423608.1|1..140916_Proteus_terrae_subsp._cibarius_strain_SH19PTE4_sequence	99.756	821	2	0	1624059	1624879	97499	98319	0.0	1506
accn|CP023043	ICEberg|1759|ICEPciChn2|GenBank|MW423608.1|1..140916_Proteus_terrae_subsp._cibarius_strain_SH19PTE4_sequence	99.634	820	3	0	1627625	1628444	95660	96479	0.0	1498
accn|CP023043	ICEberg|1759|ICEPciChn2|GenBank|MW423608.1|1..140916_Proteus_terrae_subsp._cibarius_strain_SH19PTE4_sequence	99.512	820	4	0	1627625	1628444	97499	98318	0.0	1493
accn|CP023043	ICEberg|1759|ICEPciChn2|GenBank|MW423608.1|1..140916_Proteus_terrae_subsp._cibarius_strain_SH19PTE4_sequence	100.000	62	0	0	1624817	1624878	91853	91914	5.56e-21	115
accn|CP023043	ICEberg|1759|ICEPciChn2|GenBank|MW423608.1|1..140916_Proteus_terrae_subsp._cibarius_strain_SH19PTE4_sequence	100.000	62	0	0	1628383	1628444	91853	91914	5.56e-21	115
accn|CP023043	ICEberg|1759|ICEPciChn2|GenBank|MW423608.1|1..140916_Proteus_terrae_subsp._cibarius_strain_SH19PTE4_sequence	98.000	50	0	1	1621690	1621739	99208	99256	4.36e-12	86.1
accn|CP023043	ICEberg|1692|ICEGpa1804|GenBank|CP069308.1|717521..789400_Glaesserella_parasuis_strain_EHP1804_chromosome__complete_genome	99.878	821	1	0	1627625	1628445	46802	45982	0.0	1511
accn|CP023043	ICEberg|1692|ICEGpa1804|GenBank|CP069308.1|717521..789400_Glaesserella_parasuis_strain_EHP1804_chromosome__complete_genome	99.634	820	3	0	1624059	1624878	46802	45983	0.0	1498
accn|CP023043	ICEberg|1407|ICEKpnWCHKP040035-1|GenBank|CP028797.2|744852..812972_Klebsiella_pneumoniae_strain_WCHKP040035_chromosome__complete_genome	99.878	821	1	0	1624058	1624878	33525	32705	0.0	1511
accn|CP023043	ICEberg|1407|ICEKpnWCHKP040035-1|GenBank|CP028797.2|744852..812972_Klebsiella_pneumoniae_strain_WCHKP040035_chromosome__complete_genome	99.878	820	1	0	1624059	1624878	25750	26569	0.0	1509
accn|CP023043	ICEberg|1407|ICEKpnWCHKP040035-1|GenBank|CP028797.2|744852..812972_Klebsiella_pneumoniae_strain_WCHKP040035_chromosome__complete_genome	99.878	820	1	0	1624059	1624878	38101	38920	0.0	1509
accn|CP023043	ICEberg|1407|ICEKpnWCHKP040035-1|GenBank|CP028797.2|744852..812972_Klebsiella_pneumoniae_strain_WCHKP040035_chromosome__complete_genome	99.635	822	3	0	1627625	1628446	38101	38922	0.0	1502
accn|CP023043	ICEberg|1407|ICEKpnWCHKP040035-1|GenBank|CP028797.2|744852..812972_Klebsiella_pneumoniae_strain_WCHKP040035_chromosome__complete_genome	99.635	821	3	0	1627625	1628445	33524	32704	0.0	1500
accn|CP023043	ICEberg|1407|ICEKpnWCHKP040035-1|GenBank|CP028797.2|744852..812972_Klebsiella_pneumoniae_strain_WCHKP040035_chromosome__complete_genome	99.634	820	3	0	1627625	1628444	25750	26569	0.0	1498
accn|CP023043	ICEberg|1364|ICEKpnNY9-1|GenBank|CP015385.1|742492..799462_Klebsiella_pneumoniae_strain_NY9__complete_genome	99.878	821	1	0	1624058	1624878	42063	42883	0.0	1511
accn|CP023043	ICEberg|1364|ICEKpnNY9-1|GenBank|CP015385.1|742492..799462_Klebsiella_pneumoniae_strain_NY9__complete_genome	99.515	824	4	0	1627622	1628445	42061	42884	0.0	1500
accn|CP023043	ICEberg|1253|ICEKpnINF249-2|GenBank|CP024489.1|5079347..5289591_Klebsiella_pneumoniae_strain_INF249_chromosome__complete_genome	99.878	821	1	0	1624058	1624878	195699	196519	0.0	1511
accn|CP023043	ICEberg|1253|ICEKpnINF249-2|GenBank|CP024489.1|5079347..5289591_Klebsiella_pneumoniae_strain_INF249_chromosome__complete_genome	99.636	825	2	1	1624054	1624878	190995	191818	0.0	1506
accn|CP023043	ICEberg|1253|ICEKpnINF249-2|GenBank|CP024489.1|5079347..5289591_Klebsiella_pneumoniae_strain_INF249_chromosome__complete_genome	99.756	820	2	0	1624059	1624878	1083	264	0.0	1504
accn|CP023043	ICEberg|1253|ICEKpnINF249-2|GenBank|CP024489.1|5079347..5289591_Klebsiella_pneumoniae_strain_INF249_chromosome__complete_genome	99.635	821	3	0	1627625	1628445	195700	196520	0.0	1500
accn|CP023043	ICEberg|1253|ICEKpnINF249-2|GenBank|CP024489.1|5079347..5289591_Klebsiella_pneumoniae_strain_INF249_chromosome__complete_genome	99.512	820	4	0	1627625	1628444	1083	264	0.0	1493
accn|CP023043	ICEberg|1253|ICEKpnINF249-2|GenBank|CP024489.1|5079347..5289591_Klebsiella_pneumoniae_strain_INF249_chromosome__complete_genome	99.512	820	4	0	1627625	1628444	190999	191818	0.0	1493
accn|CP023043	ICEberg|1253|ICEKpnINF249-2|GenBank|CP024489.1|5079347..5289591_Klebsiella_pneumoniae_strain_INF249_chromosome__complete_genome	99.620	263	1	0	1624059	1624321	1	263	4.76e-131	481
accn|CP023043	ICEberg|1253|ICEKpnINF249-2|GenBank|CP024489.1|5079347..5289591_Klebsiella_pneumoniae_strain_INF249_chromosome__complete_genome	99.620	263	1	0	1627625	1627887	1	263	4.76e-131	481
accn|CP023043	ICEberg|1253|ICEKpnINF249-2|GenBank|CP024489.1|5079347..5289591_Klebsiella_pneumoniae_strain_INF249_chromosome__complete_genome	100.000	58	0	0	1624058	1624115	210188	210245	9.30e-19	108
accn|CP023043	ICEberg|1253|ICEKpnINF249-2|GenBank|CP024489.1|5079347..5289591_Klebsiella_pneumoniae_strain_INF249_chromosome__complete_genome	100.000	57	0	0	1627625	1627681	210189	210245	3.35e-18	106
accn|CP023043	ICEberg|1110|ICEKpnQD23-1|GenBank|CP042858.1|4831525..5022379_Klebsiella_pneumoniae_strain_QD23_chromosome__complete_genome	99.758	825	1	1	1624055	1624879	50930	51753	0.0	1511
accn|CP023043	ICEberg|1110|ICEKpnQD23-1|GenBank|CP042858.1|4831525..5022379_Klebsiella_pneumoniae_strain_QD23_chromosome__complete_genome	99.757	824	1	1	1624055	1624878	8053	8875	0.0	1509
accn|CP023043	ICEberg|1110|ICEKpnQD23-1|GenBank|CP042858.1|4831525..5022379_Klebsiella_pneumoniae_strain_QD23_chromosome__complete_genome	99.878	820	1	0	1624059	1624878	49597	48778	0.0	1509
accn|CP023043	ICEberg|1110|ICEKpnQD23-1|GenBank|CP042858.1|4831525..5022379_Klebsiella_pneumoniae_strain_QD23_chromosome__complete_genome	99.756	821	1	1	1624059	1624878	28149	27329	0.0	1504
accn|CP023043	ICEberg|1110|ICEKpnQD23-1|GenBank|CP042858.1|4831525..5022379_Klebsiella_pneumoniae_strain_QD23_chromosome__complete_genome	99.635	821	3	0	1627625	1628445	8056	8876	0.0	1500
accn|CP023043	ICEberg|1110|ICEKpnQD23-1|GenBank|CP042858.1|4831525..5022379_Klebsiella_pneumoniae_strain_QD23_chromosome__complete_genome	99.634	820	3	0	1627625	1628444	49597	48778	0.0	1498
accn|CP023043	ICEberg|1110|ICEKpnQD23-1|GenBank|CP042858.1|4831525..5022379_Klebsiella_pneumoniae_strain_QD23_chromosome__complete_genome	99.634	820	3	0	1627625	1628444	50933	51752	0.0	1498
accn|CP023043	ICEberg|1110|ICEKpnQD23-1|GenBank|CP042858.1|4831525..5022379_Klebsiella_pneumoniae_strain_QD23_chromosome__complete_genome	99.513	821	3	1	1627625	1628444	28149	27329	0.0	1493
accn|CP023043	ICEberg|1110|ICEKpnQD23-1|GenBank|CP042858.1|4831525..5022379_Klebsiella_pneumoniae_strain_QD23_chromosome__complete_genome	99.275	828	1	5	1624055	1624878	29498	30324	0.0	1491
accn|CP023043	ICEberg|1110|ICEKpnQD23-1|GenBank|CP042858.1|4831525..5022379_Klebsiella_pneumoniae_strain_QD23_chromosome__complete_genome	99.152	825	3	4	1627625	1628445	29501	30325	0.0	1482
accn|CP023043	ICEberg|1110|ICEKpnQD23-1|GenBank|CP042858.1|4831525..5022379_Klebsiella_pneumoniae_strain_QD23_chromosome__complete_genome	98.000	50	0	1	1621690	1621739	25795	25747	4.36e-12	86.1
accn|CP023043	ICEberg|1110|ICEKpnQD23-1|GenBank|CP042858.1|4831525..5022379_Klebsiella_pneumoniae_strain_QD23_chromosome__complete_genome	98.000	50	0	1	1621690	1621739	47250	47202	4.36e-12	86.1
accn|CP023043	ICEberg|1354|ICEKpnMNCRE78-1|GenBank|CP018428.1|3356625..3500228_Klebsiella_pneumoniae_strain_MNCRE78_chromosome__complete_genome	99.757	824	1	1	1624055	1624878	3413	2591	0.0	1509
accn|CP023043	ICEberg|1354|ICEKpnMNCRE78-1|GenBank|CP018428.1|3356625..3500228_Klebsiella_pneumoniae_strain_MNCRE78_chromosome__complete_genome	99.634	820	3	0	1627625	1628444	3410	2591	0.0	1498
accn|CP023043	ICEberg|1352|ICEKpnMNCRE69-1|GenBank|CP018427.1|3355560..3499147_Klebsiella_pneumoniae_strain_MNCRE69_chromosome__complete_genome	99.757	824	1	1	1624055	1624878	3413	2591	0.0	1509
accn|CP023043	ICEberg|1352|ICEKpnMNCRE69-1|GenBank|CP018427.1|3355560..3499147_Klebsiella_pneumoniae_strain_MNCRE69_chromosome__complete_genome	99.634	820	3	0	1627625	1628444	3410	2591	0.0	1498
accn|CP023043	ICEberg|1350|ICEKpnMNCRE53-1|GenBank|CP018437.1|3393285..3536872_Klebsiella_pneumoniae_strain_MNCRE53_chromosome__complete_genome	99.757	824	1	1	1624055	1624878	3413	2591	0.0	1509
accn|CP023043	ICEberg|1350|ICEKpnMNCRE53-1|GenBank|CP018437.1|3393285..3536872_Klebsiella_pneumoniae_strain_MNCRE53_chromosome__complete_genome	99.634	820	3	0	1627625	1628444	3410	2591	0.0	1498
accn|CP023043	ICEberg|1995|Tn6397|GenBank|CP021851.1|386444..510401_Enterobacter_cloacae_strain_A1137_chromosome__complete_genome	99.398	831	4	1	1624058	1624888	98681	97852	0.0	1506
accn|CP023043	ICEberg|1995|Tn6397|GenBank|CP021851.1|386444..510401_Enterobacter_cloacae_strain_A1137_chromosome__complete_genome	99.512	820	4	0	1627625	1628444	98680	97861	0.0	1493
accn|CP023043	ICEberg|1995|Tn6397|GenBank|CP021851.1|386444..510401_Enterobacter_cloacae_strain_A1137_chromosome__complete_genome	98.000	50	0	1	1621690	1621739	66734	66686	4.36e-12	86.1
accn|CP023043	ICEberg|1786|ICEPmiChn-TQ12|GenBank|ON390822.1|1..147546_Proteus_terrae_subsp._cibarius_strain_TQ12_ICEPmiChn-TQ12_mobile_element__complete_sequence	99.756	820	2	0	1624059	1624878	61349	62168	0.0	1504
accn|CP023043	ICEberg|1786|ICEPmiChn-TQ12|GenBank|ON390822.1|1..147546_Proteus_terrae_subsp._cibarius_strain_TQ12_ICEPmiChn-TQ12_mobile_element__complete_sequence	99.513	821	4	0	1627625	1628445	61349	62169	0.0	1495
accn|CP023043	ICEberg|1786|ICEPmiChn-TQ12|GenBank|ON390822.1|1..147546_Proteus_terrae_subsp._cibarius_strain_TQ12_ICEPmiChn-TQ12_mobile_element__complete_sequence	95.406	849	39	0	1622325	1623173	113737	114585	0.0	1352
accn|CP023043	ICEberg|1786|ICEPmiChn-TQ12|GenBank|ON390822.1|1..147546_Proteus_terrae_subsp._cibarius_strain_TQ12_ICEPmiChn-TQ12_mobile_element__complete_sequence	100.000	246	0	0	1624633	1624878	60084	60329	2.88e-123	455
accn|CP023043	ICEberg|1786|ICEPmiChn-TQ12|GenBank|ON390822.1|1..147546_Proteus_terrae_subsp._cibarius_strain_TQ12_ICEPmiChn-TQ12_mobile_element__complete_sequence	99.187	246	2	0	1628199	1628444	60084	60329	6.24e-120	444
accn|CP023043	PID|170717989|gi|170717206|ref|NC_010519.1|_c1959185-1958412_Haemophilus_somnus_2336_chromosome__complete_genome	100.000	774	0	0	1607270	1608043	774	1	0.0	1430
accn|CP023043	PID|170717988|gi|170717206|ref|NC_010519.1|_c1958433-1957663_Haemophilus_somnus_2336_chromosome__complete_genome	100.000	771	0	0	1606521	1607291	771	1	0.0	1424
accn|CP023043	resfinderf|blaOXA-34|1	99.870	771	1	0	1623204	1623974	1	771	0.0	1419
accn|CP023043	resfinderf|blaOXA-36|1	99.865	739	1	0	1623237	1623975	1	739	0.0	1360
accn|CP023043	ICEberg|1781|ICEPmiChn-JZ35|GenBank|ON390821.1|1..142200_Proteus_terrae_subsp._cibarius_strain_JZ35_ICEPmiChn-JZ35_mobile_element__complete_sequence	95.305	852	40	0	1622325	1623176	35064	34213	0.0	1352
accn|CP023043	ICEberg|1781|ICEPmiChn-JZ35|GenBank|ON390821.1|1..142200_Proteus_terrae_subsp._cibarius_strain_JZ35_ICEPmiChn-JZ35_mobile_element__complete_sequence	95.182	851	41	0	1622326	1623176	28712	27862	0.0	1345
accn|CP023043	ICEberg|1781|ICEPmiChn-JZ35|GenBank|ON390821.1|1..142200_Proteus_terrae_subsp._cibarius_strain_JZ35_ICEPmiChn-JZ35_mobile_element__complete_sequence	98.000	50	0	1	1621690	1621739	28756	28708	4.36e-12	86.1
accn|CP023043	resfinderf|aadA8b|1	97.222	792	22	0	1622336	1623127	1	792	0.0	1341
accn|CP023043	resfinderf|aadA8b|2	97.222	792	22	0	1622336	1623127	1	792	0.0	1341
accn|CP023043	resfinderf|aadA3|1	96.717	792	26	0	1622336	1623127	1	792	0.0	1319
accn|CP023043	resfinderf|aadA8|1	96.465	792	28	0	1622336	1623127	1	792	0.0	1308
accn|CP023043	resfinderf|aadA2|1	95.875	800	33	0	1622326	1623125	18	817	0.0	1295
accn|CP023043	PID|170717983|gi|170717206|ref|NC_010519.1|_c1954610-1953915_Haemophilus_somnus_2336_chromosome__complete_genome	100.000	696	0	0	1602773	1603468	696	1	0.0	1286
accn|CP023043	resfinderf|aadA2|2	95.949	790	32	0	1622336	1623125	1	790	0.0	1282
accn|CP023043	resfinderf|aadA1|2	95.707	792	34	0	1622336	1623127	1	792	0.0	1275
accn|CP023043	resfinderf|aadA22|1	95.581	792	35	0	1622336	1623127	1	792	0.0	1269
accn|CP023043	resfinderf|aadA21|1	95.455	792	36	0	1622336	1623127	1	792	0.0	1264
accn|CP023043	resfinderf|aadA23|1	95.641	780	34	0	1622348	1623127	1	780	0.0	1253
accn|CP023043	resfinderf|aadA2b|1	95.630	778	34	0	1622348	1623125	1	778	0.0	1249
accn|CP023043	resfinderf|aadA24|2	95.000	780	39	0	1622348	1623127	1	780	0.0	1225
accn|CP023043	PID|170717977|gi|170717206|ref|NC_010519.1|_c1951958-1951314_Haemophilus_somnus_2336_chromosome__complete_genome	100.000	645	0	0	1600172	1600816	645	1	0.0	1192
accn|CP023043	ICEberg|2002|Tn6587|GenBank|CP054623.1|4283536..4404385_Pseudomonas_aeruginosa_strain_DL201330_chromosome__complete_genome	99.844	641	0	1	1621690	1622330	78163	78802	0.0	1177
accn|CP023043	ICEberg|2002|Tn6587|GenBank|CP054623.1|4283536..4404385_Pseudomonas_aeruginosa_strain_DL201330_chromosome__complete_genome	97.674	43	1	0	1623131	1623173	78747	78789	9.44e-09	75.0
accn|CP023043	ICEberg|1743|ICEP33|GenBank|CP065412.1|5123334..5334548_Pseudomonas_aeruginosa_isolate_P33_chromosome__complete_genome	99.844	641	0	1	1621690	1622330	143615	144254	0.0	1177
accn|CP023043	ICEberg|1743|ICEP33|GenBank|CP065412.1|5123334..5334548_Pseudomonas_aeruginosa_isolate_P33_chromosome__complete_genome	97.674	43	1	0	1623131	1623173	144199	144241	9.44e-09	75.0
accn|CP023043	ICEberg|2041|Tn6954|GenBank|KY623658.1|1..95872_Alcaligenes_faecalis_strain_GZAF3_prolyl_aminopeptidase_and_tRNA_(guanosine(46)-N7)-methyltransferase_TrmB_genes__complete_cds__tRNA-Gly_gene__complete_sequence__genomic_island_GZAF3_GI_genomic_sequence__and_hypothetical_protein_genes__complete_cds	99.844	640	0	1	1621690	1622329	62977	63615	0.0	1175
accn|CP023043	ICEberg|2041|Tn6954|GenBank|KY623658.1|1..95872_Alcaligenes_faecalis_strain_GZAF3_prolyl_aminopeptidase_and_tRNA_(guanosine(46)-N7)-methyltransferase_TrmB_genes__complete_cds__tRNA-Gly_gene__complete_sequence__genomic_island_GZAF3_GI_genomic_sequence__and_hypothetical_protein_genes__complete_cds	97.674	43	1	0	1623131	1623173	63561	63603	9.44e-09	75.0
accn|CP023043	PID|170717990|gi|170717206|ref|NC_010519.1|_c1959814-1959185_Haemophilus_somnus_2336_chromosome__complete_genome	100.000	630	0	0	1608043	1608672	630	1	0.0	1164
accn|CP023043	resfinderf|ant(2__)-Ia|1	100.000	534	0	0	1621745	1622278	1	534	0.0	987
accn|CP023043	resfinderf|ant(2__)-Ia|16	99.813	534	1	0	1621745	1622278	1	534	0.0	981
accn|CP023043	resfinderf|ant(2__)-Ia|15	99.813	534	1	0	1621745	1622278	1	534	0.0	981
accn|CP023043	resfinderf|ant(2__)-Ia|14	99.813	534	1	0	1621745	1622278	1	534	0.0	981
accn|CP023043	resfinderf|ant(2__)-Ia|12	99.813	534	1	0	1621745	1622278	1	534	0.0	981
accn|CP023043	resfinderf|ant(2__)-Ia|7	99.813	534	1	0	1621745	1622278	1	534	0.0	981
accn|CP023043	resfinderf|ant(2__)-Ia|3	99.813	534	1	0	1621745	1622278	1	534	0.0	981
accn|CP023043	resfinderf|ant(2__)-Ia|8	99.625	534	2	0	1621745	1622278	1	534	0.0	976
accn|CP023043	resfinderf|ant(2__)-Ia|13	99.438	534	3	0	1621745	1622278	1	534	0.0	970
accn|CP023043	resfinderf|ant(2__)-Ia|9	99.438	534	3	0	1621745	1622278	1	534	0.0	970
accn|CP023043	resfinderf|ant(2__)-Ia|6	99.251	534	4	0	1621745	1622278	1	534	0.0	965
accn|CP023043	resfinderf|ant(2__)-Ia|5	99.251	534	4	0	1621745	1622278	1	534	0.0	965
accn|CP023043	resfinderf|ant(2__)-Ia|4	99.251	534	4	0	1621745	1622278	1	534	0.0	965
accn|CP023043	resfinderf|ant(2__)-Ia|19	99.064	534	5	0	1621745	1622278	1	534	0.0	959
accn|CP023043	resfinderf|ant(2__)-Ia|2	99.064	534	5	0	1621745	1622278	1	534	0.0	959
accn|CP023043	resfinderf|ant(2__)-Ia|17	98.876	534	6	0	1621745	1622278	1	534	0.0	953
accn|CP023043	resfinderf|ant(2__)-Ia|11	98.876	534	6	0	1621745	1622278	1	534	0.0	953
accn|CP023043	resfinderf|ant(2__)-Ia|10	98.876	534	6	0	1621745	1622278	1	534	0.0	953
accn|CP023043	resfinderf|ant(2__)-Ia|20	98.689	534	7	0	1621745	1622278	1	534	0.0	948
accn|CP023043	PID|170717987|gi|170717206|ref|NC_010519.1|_c1957660-1957154_Haemophilus_somnus_2336_chromosome__complete_genome	100.000	507	0	0	1606012	1606518	507	1	0.0	937
accn|CP023043	PID|170717970|gi|170717206|ref|NC_010519.1|_c1945713-1945285_Haemophilus_somnus_2336_chromosome__complete_genome	100.000	429	0	0	1594143	1594571	429	1	0.0	793
accn|CP023043	PID|170717972|gi|170717206|ref|NC_010519.1|_c1948951-1948553_Haemophilus_somnus_2336_chromosome__complete_genome	100.000	399	0	0	1597411	1597809	399	1	0.0	737
accn|CP023043	PID|170717979|gi|170717206|ref|NC_010519.1|_c1952739-1952350_Haemophilus_somnus_2336_chromosome__complete_genome	100.000	390	0	0	1601208	1601597	390	1	0.0	721
accn|CP023043	PID|170717978|gi|170717206|ref|NC_010519.1|_c1952327-1951962_Haemophilus_somnus_2336_chromosome__complete_genome	100.000	366	0	0	1600820	1601185	366	1	0.0	676
accn|CP023043	PID|170717984|gi|170717206|ref|NC_010519.1|_c1954960-1954607_Haemophilus_somnus_2336_chromosome__complete_genome	100.000	354	0	0	1603465	1603818	354	1	0.0	654
accn|CP023043	PID|170717981|gi|170717206|ref|NC_010519.1|_c1953313-1952987_Haemophilus_somnus_2336_chromosome__complete_genome	100.000	327	0	0	1601845	1602171	327	1	2.71e-168	604
accn|CP023043	PID|170717969|gi|170717206|ref|NC_010519.1|_c1945295-1944978_Haemophilus_somnus_2336_chromosome__complete_genome	100.000	318	0	0	1593836	1594153	318	1	2.73e-163	588
accn|CP023043	ICEberg|1702|ICEHin8|GenBank|LS483392.1|192252..244996_Haemophilus_influenzae_strain_NCTC11931_genome_assembly__chromosome__1	96.269	134	2	1	2594625	2594758	1	131	1.48e-51	217
accn|CP023043	ICEberg|1702|ICEHin8|GenBank|LS483392.1|192252..244996_Haemophilus_influenzae_strain_NCTC11931_genome_assembly__chromosome__1	96.269	134	2	1	2594952	2595085	1	131	1.48e-51	217
accn|CP023043	ICEberg|1702|ICEHin8|GenBank|LS483392.1|192252..244996_Haemophilus_influenzae_strain_NCTC11931_genome_assembly__chromosome__1	98.701	77	1	0	880487	880563	77	1	1.19e-27	137
accn|CP023043	ICEberg|1702|ICEHin8|GenBank|LS483392.1|192252..244996_Haemophilus_influenzae_strain_NCTC11931_genome_assembly__chromosome__1	95.000	80	3	1	2594621	2594700	52667	52745	9.24e-24	124
accn|CP023043	ICEberg|1702|ICEHin8|GenBank|LS483392.1|192252..244996_Haemophilus_influenzae_strain_NCTC11931_genome_assembly__chromosome__1	95.000	80	3	1	2594948	2595027	52667	52745	9.24e-24	124
accn|CP023043	ICEberg|1597|ICEApa1|GenBank|CP050316.1|2129122..2199489_Avibacterium_paragallinarum_strain_ESV-135_chromosome__complete_genome	95.349	129	5	1	2594625	2594753	1	128	1.15e-47	204
accn|CP023043	ICEberg|1597|ICEApa1|GenBank|CP050316.1|2129122..2199489_Avibacterium_paragallinarum_strain_ESV-135_chromosome__complete_genome	95.349	129	5	1	2594952	2595080	1	128	1.15e-47	204
accn|CP023043	ICEberg|1597|ICEApa1|GenBank|CP050316.1|2129122..2199489_Avibacterium_paragallinarum_strain_ESV-135_chromosome__complete_genome	96.104	77	3	0	880488	880564	70368	70292	2.57e-24	126
accn|CP023043	ICEberg|1597|ICEApa1|GenBank|CP050316.1|2129122..2199489_Avibacterium_paragallinarum_strain_ESV-135_chromosome__complete_genome	96.053	76	3	0	880488	880563	76	1	9.24e-24	124
accn|CP023043	ICEberg|1597|ICEApa1|GenBank|CP050316.1|2129122..2199489_Avibacterium_paragallinarum_strain_ESV-135_chromosome__complete_genome	96.053	76	3	0	2594625	2594700	70293	70368	9.24e-24	124
accn|CP023043	ICEberg|1597|ICEApa1|GenBank|CP050316.1|2129122..2199489_Avibacterium_paragallinarum_strain_ESV-135_chromosome__complete_genome	96.053	76	3	0	2594952	2595027	70293	70368	9.24e-24	124
accn|CP023043	ICEberg|1700|ICEHdu1|GenBank|NC_002940.2|718953..768668_[Haemophilus]_ducreyi_35000HP__complete_sequence	98.901	91	1	0	2211368	2211458	49626	49716	1.96e-35	163
accn|CP023043	ICEberg|1700|ICEHdu1|GenBank|NC_002940.2|718953..768668_[Haemophilus]_ducreyi_35000HP__complete_sequence	98.901	91	1	0	2211575	2211665	49626	49716	1.96e-35	163
accn|CP023043	ICEberg|1700|ICEHdu1|GenBank|NC_002940.2|718953..768668_[Haemophilus]_ducreyi_35000HP__complete_sequence	100.000	76	0	0	1546209	1546284	1	76	9.17e-29	141
accn|CP023043	ICEberg|1700|ICEHdu1|GenBank|NC_002940.2|718953..768668_[Haemophilus]_ducreyi_35000HP__complete_sequence	100.000	76	0	0	2211684	2211759	1	76	9.17e-29	141
accn|CP023043	ICEberg|1700|ICEHdu1|GenBank|NC_002940.2|718953..768668_[Haemophilus]_ducreyi_35000HP__complete_sequence	97.368	76	2	0	236331	236406	49501	49576	1.99e-25	130
accn|CP023043	ICEberg|1700|ICEHdu1|GenBank|NC_002940.2|718953..768668_[Haemophilus]_ducreyi_35000HP__complete_sequence	97.368	76	2	0	236428	236503	49501	49576	1.99e-25	130
accn|CP023043	ICEberg|1700|ICEHdu1|GenBank|NC_002940.2|718953..768668_[Haemophilus]_ducreyi_35000HP__complete_sequence	96.053	76	3	0	236526	236601	49501	49576	9.24e-24	124
accn|CP023043	ICEberg|2010|Tn6783_201330|GenBank|CP054623.1|2596147..2668162_Pseudomonas_aeruginosa_strain_DL201330_chromosome__complete_genome	98.750	80	1	0	1546208	1546287	66975	66896	2.55e-29	143
accn|CP023043	ICEberg|2010|Tn6783_201330|GenBank|CP054623.1|2596147..2668162_Pseudomonas_aeruginosa_strain_DL201330_chromosome__complete_genome	98.734	79	1	0	2211683	2211761	66975	66897	9.17e-29	141
accn|CP023043	ICEberg|2010|Tn6783_201330|GenBank|CP054623.1|2596147..2668162_Pseudomonas_aeruginosa_strain_DL201330_chromosome__complete_genome	96.471	85	2	1	2211263	2211346	66982	66898	3.30e-28	139
accn|CP023043	ICEberg|2010|Tn6783_201330|GenBank|CP054623.1|2596147..2668162_Pseudomonas_aeruginosa_strain_DL201330_chromosome__complete_genome	98.718	78	1	0	2211476	2211553	66975	66898	3.30e-28	139
accn|CP023043	ICEberg|1586|ICEAac3|GenBank|CP043003.1|2132073..2197982_Aggregatibacter_actinomycetemcomitans_strain_HK_907_chromosome__complete_genome	100.000	77	0	0	2211269	2211345	77	1	2.55e-29	143
accn|CP023043	ICEberg|1586|ICEAac3|GenBank|CP043003.1|2132073..2197982_Aggregatibacter_actinomycetemcomitans_strain_HK_907_chromosome__complete_genome	100.000	77	0	0	1546208	1546284	77	1	2.55e-29	143
accn|CP023043	ICEberg|1586|ICEAac3|GenBank|CP043003.1|2132073..2197982_Aggregatibacter_actinomycetemcomitans_strain_HK_907_chromosome__complete_genome	97.368	76	2	0	236428	236503	292	217	1.99e-25	130
accn|CP023043	ICEberg|1586|ICEAac3|GenBank|CP043003.1|2132073..2197982_Aggregatibacter_actinomycetemcomitans_strain_HK_907_chromosome__complete_genome	97.368	76	2	0	236331	236406	292	217	1.99e-25	130
accn|CP023043	ICEberg|1586|ICEAac3|GenBank|CP043003.1|2132073..2197982_Aggregatibacter_actinomycetemcomitans_strain_HK_907_chromosome__complete_genome	96.053	76	3	0	236526	236601	292	217	9.24e-24	124
accn|CP023043	ICEberg|1586|ICEAac3|GenBank|CP043003.1|2132073..2197982_Aggregatibacter_actinomycetemcomitans_strain_HK_907_chromosome__complete_genome	98.387	62	1	0	236428	236489	64407	64346	2.59e-19	110
accn|CP023043	ICEberg|1586|ICEAac3|GenBank|CP043003.1|2132073..2197982_Aggregatibacter_actinomycetemcomitans_strain_HK_907_chromosome__complete_genome	98.387	62	1	0	236331	236392	64407	64346	2.59e-19	110
accn|CP023043	ICEberg|1586|ICEAac3|GenBank|CP043003.1|2132073..2197982_Aggregatibacter_actinomycetemcomitans_strain_HK_907_chromosome__complete_genome	98.333	60	1	0	236526	236585	64407	64348	3.35e-18	106
accn|CP023043	ICEberg|1584|ICEAac1|GenBank|CP012959.1|2164508..2181462_Aggregatibacter_actinomycetemcomitans_strain_624__complete_genome	100.000	77	0	0	1546208	1546284	16879	16955	2.55e-29	143
accn|CP023043	ICEberg|1584|ICEAac1|GenBank|CP012959.1|2164508..2181462_Aggregatibacter_actinomycetemcomitans_strain_624__complete_genome	100.000	77	0	0	2211269	2211345	16879	16955	2.55e-29	143
accn|CP023043	ICEberg|1584|ICEAac1|GenBank|CP012959.1|2164508..2181462_Aggregatibacter_actinomycetemcomitans_strain_624__complete_genome	100.000	77	0	0	2211476	2211552	16879	16955	2.55e-29	143
accn|CP023043	ICEberg|1584|ICEAac1|GenBank|CP012959.1|2164508..2181462_Aggregatibacter_actinomycetemcomitans_strain_624__complete_genome	100.000	77	0	0	2211683	2211759	16879	16955	2.55e-29	143
accn|CP023043	ICEberg|1701|ICEHdu2|GenBank|CP015434.1|162562..211583_[Haemophilus]_ducreyi_strain_GHA9__complete_genome	100.000	76	0	0	2211684	2211759	49022	48947	9.17e-29	141
accn|CP023043	ICEberg|1701|ICEHdu2|GenBank|CP015434.1|162562..211583_[Haemophilus]_ducreyi_strain_GHA9__complete_genome	100.000	76	0	0	1546209	1546284	49022	48947	9.17e-29	141
accn|CP023043	ICEberg|1701|ICEHdu2|GenBank|CP015434.1|162562..211583_[Haemophilus]_ducreyi_strain_GHA9__complete_genome	97.368	76	2	0	236428	236503	77	2	1.99e-25	130
accn|CP023043	ICEberg|1701|ICEHdu2|GenBank|CP015434.1|162562..211583_[Haemophilus]_ducreyi_strain_GHA9__complete_genome	97.368	76	2	0	236331	236406	77	2	1.99e-25	130
accn|CP023043	ICEberg|1701|ICEHdu2|GenBank|CP015434.1|162562..211583_[Haemophilus]_ducreyi_strain_GHA9__complete_genome	96.053	76	3	0	236526	236601	77	2	9.24e-24	124
accn|CP023043	PID|60115589|gi|60115514|ref|NC_006856.1|_58327-60237_Salmonella_enterica_subsp._enterica_serovar_Choleraesuis_str._SC-B67_plasmid_pSC138__complete_sequence	100.000	74	0	0	1624058	1624131	74	1	1.19e-27	137
accn|CP023043	PID|60115589|gi|60115514|ref|NC_006856.1|_58327-60237_Salmonella_enterica_subsp._enterica_serovar_Choleraesuis_str._SC-B67_plasmid_pSC138__complete_sequence	100.000	73	0	0	1627625	1627697	73	1	4.27e-27	135
accn|CP023043	ICEberg|1581|ICE6660|GenBank|MK497171.1|1..112205_Pseudomonas_aeruginosa_sequence	97.500	80	2	0	1546205	1546284	112126	112205	1.19e-27	137
accn|CP023043	ICEberg|1581|ICE6660|GenBank|MK497171.1|1..112205_Pseudomonas_aeruginosa_sequence	97.500	80	2	0	2211473	2211552	112126	112205	1.19e-27	137
accn|CP023043	ICEberg|1581|ICE6660|GenBank|MK497171.1|1..112205_Pseudomonas_aeruginosa_sequence	97.500	80	2	0	2211680	2211759	112126	112205	1.19e-27	137
accn|CP023043	ICEberg|1581|ICE6660|GenBank|MK497171.1|1..112205_Pseudomonas_aeruginosa_sequence	98.701	77	1	0	2211269	2211345	112129	112205	1.19e-27	137
accn|CP023043	ICEberg|1718|ICEHso3|GenBank|NC_008309.1|1952153..2005728_Histophilus_somni_129PT__complete_sequence	95.122	82	3	1	880488	880569	99	179	7.14e-25	128
accn|CP023043	ICEberg|960|ICEApl1|GenBank|KU551309|27..56176_Actinobacillus_pleuropneumoniae_strain_MIDG2427_tRNA-Leu_gene__integrative_conjugative_element_ICEApl1_mobile_element__and_tRNA-Gly_gene__complete_sequence	98.485	66	1	0	2211578	2211643	56150	56085	1.55e-21	117
accn|CP023043	ICEberg|960|ICEApl1|GenBank|KU551309|27..56176_Actinobacillus_pleuropneumoniae_strain_MIDG2427_tRNA-Leu_gene__integrative_conjugative_element_ICEApl1_mobile_element__and_tRNA-Gly_gene__complete_sequence	98.485	66	1	0	2211371	2211436	56150	56085	1.55e-21	117
accn|CP023043	ICEberg|960|ICEApl1|GenBank|KU551309|27..56176_Actinobacillus_pleuropneumoniae_strain_MIDG2427_tRNA-Leu_gene__integrative_conjugative_element_ICEApl1_mobile_element__and_tRNA-Gly_gene__complete_sequence	97.015	67	2	0	2211578	2211644	67	1	2.00e-20	113
accn|CP023043	ICEberg|960|ICEApl1|GenBank|KU551309|27..56176_Actinobacillus_pleuropneumoniae_strain_MIDG2427_tRNA-Leu_gene__integrative_conjugative_element_ICEApl1_mobile_element__and_tRNA-Gly_gene__complete_sequence	97.015	67	2	0	2211371	2211437	67	1	2.00e-20	113
accn|CP023043	ICEberg|1033|ICEPmiCHN905|GenBank|KX243412|1..94956_Proteus_mirabilis_strain_MD20140905_complete_sequence	100.000	62	0	0	1624817	1624878	68124	68185	5.56e-21	115
accn|CP023043	ICEberg|1033|ICEPmiCHN905|GenBank|KX243412|1..94956_Proteus_mirabilis_strain_MD20140905_complete_sequence	100.000	62	0	0	1628383	1628444	68124	68185	5.56e-21	115
accn|CP023043	ICEberg|1032|ICEPmiCHN904|GenBank|KX243411|1..94942_Proteus_mirabilis_strain_MD20140904_complete_sequence	100.000	62	0	0	1624817	1624878	68106	68167	5.56e-21	115
accn|CP023043	ICEberg|1032|ICEPmiCHN904|GenBank|KX243411|1..94942_Proteus_mirabilis_strain_MD20140904_complete_sequence	100.000	62	0	0	1628383	1628444	68106	68167	5.56e-21	115
accn|CP023043	ICEberg|1020|ICEPmiCHN2407|GenBank|KX243405|1..97078_Proteus_mirabilis_strain_09MAS2407_complete_sequence	100.000	62	0	0	1624817	1624878	66788	66849	5.56e-21	115
accn|CP023043	ICEberg|1020|ICEPmiCHN2407|GenBank|KX243405|1..97078_Proteus_mirabilis_strain_09MAS2407_complete_sequence	100.000	62	0	0	1628383	1628444	66788	66849	5.56e-21	115
accn|CP023043	ICEberg|60|ICEHin1056|GenBank|AJ627386|1..59393_Haemophilus_influenzae_plasmid_ICEhin1056	95.455	66	3	0	2211578	2211643	66	1	3.35e-18	106
accn|CP023043	ICEberg|60|ICEHin1056|GenBank|AJ627386|1..59393_Haemophilus_influenzae_plasmid_ICEhin1056	95.455	66	3	0	2211371	2211436	66	1	3.35e-18	106
accn|CP023043	ICEberg|350|ICEHpaT3T1|GenBank|FQ312002|1153089..1213144_Haemophilus_parainfluenzae_T3T1_genome	95.455	66	3	0	2211368	2211433	59988	60053	3.35e-18	106
accn|CP023043	ICEberg|350|ICEHpaT3T1|GenBank|FQ312002|1153089..1213144_Haemophilus_parainfluenzae_T3T1_genome	95.455	66	3	0	2211575	2211640	59988	60053	3.35e-18	106
accn|CP023043	ICEberg|349|ICEHpa8f|GenBank|AM884335|1..52725_Haemophilus_influenzae_parA_gene_for_chromosome_partitioning_protein__strain_8f	95.455	66	3	0	2211578	2211643	66	1	3.35e-18	106
accn|CP023043	ICEberg|349|ICEHpa8f|GenBank|AM884335|1..52725_Haemophilus_influenzae_parA_gene_for_chromosome_partitioning_protein__strain_8f	95.455	66	3	0	2211371	2211436	66	1	3.35e-18	106
accn|CP023043	ICEberg|348|ICEHin299|GenBank|AM884334|1..53902_Haemophilus_influenzae_parA_gene_for_chromosome_partitioning_protein__strain_299	95.455	66	3	0	2211578	2211643	66	1	3.35e-18	106
accn|CP023043	ICEberg|348|ICEHin299|GenBank|AM884334|1..53902_Haemophilus_influenzae_parA_gene_for_chromosome_partitioning_protein__strain_299	95.455	66	3	0	2211371	2211436	66	1	3.35e-18	106
accn|CP023043	ICEberg|346|ICEHinB|GenBank|FQ312006|87548..143543_Haemophilus_influenzae_10810_genome	95.455	66	3	0	2211578	2211643	66	1	3.35e-18	106
accn|CP023043	ICEberg|346|ICEHinB|GenBank|FQ312006|87548..143543_Haemophilus_influenzae_10810_genome	95.455	66	3	0	2211371	2211436	66	1	3.35e-18	106
accn|CP023043	ICEberg|2046|Tn7100|GenBank|OW736085.1|1..73601_Haemophilus_influenzae_strain_Hi-228_transposon_7100__complete_sequence	95.455	66	3	0	2211578	2211643	66	1	3.35e-18	106
accn|CP023043	ICEberg|2046|Tn7100|GenBank|OW736085.1|1..73601_Haemophilus_influenzae_strain_Hi-228_transposon_7100__complete_sequence	95.455	66	3	0	2211371	2211436	66	1	3.35e-18	106
accn|CP023043	ICEberg|2007|Tn6687|GenBank|MN106412.1|1..68777_Haemophilus_influenzae_strain_0_transposon_Tn6687__complete_sequence	95.455	66	3	0	2211578	2211643	66	1	3.35e-18	106
accn|CP023043	ICEberg|2007|Tn6687|GenBank|MN106412.1|1..68777_Haemophilus_influenzae_strain_0_transposon_Tn6687__complete_sequence	95.455	66	3	0	2211371	2211436	66	1	3.35e-18	106
accn|CP023043	ICEberg|2006|Tn6686|GenBank|MN106411.1|1..64737_Haemophilus_influenzae_strain_G_transposon_Tn6686__complete_sequence	95.455	66	3	0	2211578	2211643	66	1	3.35e-18	106
accn|CP023043	ICEberg|2006|Tn6686|GenBank|MN106411.1|1..64737_Haemophilus_influenzae_strain_G_transposon_Tn6686__complete_sequence	95.455	66	3	0	2211371	2211436	66	1	3.35e-18	106
accn|CP023043	ICEberg|2005|Tn6685|GenBank|MN106410.1|1..52414_Haemophilus_influenzae_strain_E_transposon_Tn6685__complete_sequence	95.455	66	3	0	2211578	2211643	66	1	3.35e-18	106
accn|CP023043	ICEberg|2005|Tn6685|GenBank|MN106410.1|1..52414_Haemophilus_influenzae_strain_E_transposon_Tn6685__complete_sequence	95.455	66	3	0	2211371	2211436	66	1	3.35e-18	106
accn|CP023043	ICEberg|1697|ICEGpa2|GenBank|CP049090.1|1351751..1421790_Glaesserella_parasuis_strain_aHPS7_chromosome__complete_genome	100.000	56	0	0	1569895	1569950	1478	1533	1.20e-17	104
accn|CP023043	ICEberg|1697|ICEGpa2|GenBank|CP049090.1|1351751..1421790_Glaesserella_parasuis_strain_aHPS7_chromosome__complete_genome	100.000	56	0	0	1829331	1829386	1478	1533	1.20e-17	104
accn|CP023043	ICEberg|1422|15-184_ICE|GenBank|CP023057.1|951876..999094_Glaesserella_sp._15-184_chromosome__complete_genome	96.667	60	2	0	1829327	1829386	368	427	1.56e-16	100
accn|CP023043	ICEberg|1713|ICEHpa1|GenBank|CP054198.1|1511383..1580304_Glaesserella_parasuis_strain_YHP170504_chromosome__complete_genome	98.214	56	0	1	1569895	1569950	1	55	2.01e-15	97.1
accn|CP023043	ICEberg|1713|ICEHpa1|GenBank|CP054198.1|1511383..1580304_Glaesserella_parasuis_strain_YHP170504_chromosome__complete_genome	98.214	56	0	1	1829331	1829386	1	55	2.01e-15	97.1
accn|CP023043	ICEberg|2042|Tn6956|GenBank|MF168946.1|1..123131_Pseudomonas_aeruginosa_strain_FFUP_PS_CB5_genomic_sequence	96.429	56	1	1	1621690	1621745	93856	93910	9.37e-14	91.6
accn|CP023043	ICEberg|944|ICE6440|GenBank|MF168944|1..83339_Pseudomonas_aeruginosa_tRNA-Gly_gene_and_ICEPae3483_mobile_element__complete_sequence	98.077	52	0	1	1621690	1621741	61949	61999	3.37e-13	89.8
accn|CP023043	resfinderf|aac(3)-Ib|1	98.039	51	0	1	1621690	1621740	10	59	1.21e-12	87.9
accn|CP023043	resfinderf|aac(3)-Ia|1	98.039	51	0	1	1621690	1621740	10	59	1.21e-12	87.9
accn|CP023043	resfinderf|qacH|1	98.000	50	0	1	1621690	1621739	33	81	4.36e-12	86.1
accn|CP023043	resfinderf|qacH|1	97.727	44	1	0	1623130	1623173	536	579	2.62e-09	76.8
accn|CP023043	ICEberg|2001|Tn6586|GenBank|CP060392.1|5210194..5310891_Pseudomonas_aeruginosa_strain_1903031130_chromosome__complete_genome	98.000	50	0	1	1621690	1621739	60180	60228	4.36e-12	86.1
accn|CP023043	ICEberg|2000|Tn6585|GenBank|CP046402.2|5360752..5461449_Pseudomonas_aeruginosa_strain_SE5331_chromosome__complete_genome	98.000	50	0	1	1621690	1621739	60180	60228	4.36e-12	86.1
accn|CP023043	ICEberg|1999|Tn6584|GenBank|CP054843.1|5210218..5310913_Pseudomonas_aeruginosa_strain_SE5352_chromosome__complete_genome	98.000	50	0	1	1621690	1621739	60180	60228	4.36e-12	86.1
accn|CP023043	ICEberg|1010|ICEPae690|GenBank|KY852375|315..86517_Pseudomonas_aeruginosa_tRNA-Glu_and_tRNA-Gly_genes_and_integrative_conjugative_element_mobile_element__complete_sequence	98.000	50	0	1	1621690	1621739	6891	6939	4.36e-12	86.1
accn|CP023043	resfinderf|ARR-3|4	97.959	49	0	1	1621690	1621738	10	57	1.57e-11	84.2
accn|CP023043	resfinderf|ant(3__)-Ia|1	97.959	49	0	1	1621690	1621738	127	174	1.57e-11	84.2
accn|CP023043	ICEberg|1685|ICEEC8|GenBank|LOGV01000031.1|282800..364210_Escherichia_coli_strain_STEC_2174_STEC2174_contig_26__whole_genome_shotgun_sequence	96.078	51	2	0	2595033	2595083	51	1	1.57e-11	84.2
accn|CP023043	ICEberg|1685|ICEEC8|GenBank|LOGV01000031.1|282800..364210_Escherichia_coli_strain_STEC_2174_STEC2174_contig_26__whole_genome_shotgun_sequence	96.078	51	2	0	2594706	2594756	51	1	1.57e-11	84.2
accn|CP023043	resfinderf|aadA6|1	95.455	44	2	0	1622275	1622318	803	846	1.22e-07	71.3
accn|CP023043	ICEberg|2039|Tn6865|GenBank|CP031123.2|751328..820050_Providencia_huaxiensis_strain_WCHPr000369_chromosome__complete_genome	97.368	38	1	0	1942773	1942810	65614	65651	5.68e-06	65.8
