accn|VAHX01000093	ICEberg|1586|ICEAac3|GenBank|CP043003.1|2132073..2197982_Aggregatibacter_actinomycetemcomitans_strain_HK_907_chromosome__complete_genome	100.000	76	0	0	1	76	2	77	3.07e-30	141
accn|VAHX01000093	ICEberg|1584|ICEAac1|GenBank|CP012959.1|2164508..2181462_Aggregatibacter_actinomycetemcomitans_strain_624__complete_genome	100.000	76	0	0	1	76	16954	16879	3.07e-30	141
accn|VAHX01000093	ICEberg|1701|ICEHdu2|GenBank|CP015434.1|162562..211583_[Haemophilus]_ducreyi_strain_GHA9__complete_genome	100.000	75	0	0	1	75	48948	49022	1.10e-29	139
accn|VAHX01000093	ICEberg|1700|ICEHdu1|GenBank|NC_002940.2|718953..768668_[Haemophilus]_ducreyi_35000HP__complete_sequence	100.000	75	0	0	1	75	75	1	1.10e-29	139
accn|VAHX01000093	ICEberg|2010|Tn6783_201330|GenBank|CP054623.1|2596147..2668162_Pseudomonas_aeruginosa_strain_DL201330_chromosome__complete_genome	96.386	83	2	1	1	82	66900	66982	1.43e-28	135
accn|VAHX01000093	ICEberg|1581|ICE6660|GenBank|MK497171.1|1..112205_Pseudomonas_aeruginosa_sequence	98.684	76	1	0	1	76	112204	112129	1.43e-28	135
accn|VAHX01000091	ICEberg|1736|ICEMha2|GenBank|NC_020833.2|1557279..1616347_Mannheimia_haemolytica_USDA-ARS-USMARC-183__complete_sequence	98.081	8440	154	5	75489	83927	26143	17711	0.0	14681
accn|VAHX01000091	ICEberg|1736|ICEMha2|GenBank|NC_020833.2|1557279..1616347_Mannheimia_haemolytica_USDA-ARS-USMARC-183__complete_sequence	97.636	3723	87	1	85083	88805	14121	10400	0.0	6386
accn|VAHX01000091	ICEberg|1736|ICEMha2|GenBank|NC_020833.2|1557279..1616347_Mannheimia_haemolytica_USDA-ARS-USMARC-183__complete_sequence	95.929	2137	60	9	61673	63791	45183	43056	0.0	3439
accn|VAHX01000091	ICEberg|1736|ICEMha2|GenBank|NC_020833.2|1557279..1616347_Mannheimia_haemolytica_USDA-ARS-USMARC-183__complete_sequence	97.948	1754	31	5	46165	47915	48496	46745	0.0	3035
accn|VAHX01000091	ICEberg|1736|ICEMha2|GenBank|NC_020833.2|1557279..1616347_Mannheimia_haemolytica_USDA-ARS-USMARC-183__complete_sequence	100.000	76	0	0	88730	88805	7298	7223	2.96e-30	141
accn|VAHX01000091	ICEberg|1736|ICEMha2|GenBank|NC_020833.2|1557279..1616347_Mannheimia_haemolytica_USDA-ARS-USMARC-183__complete_sequence	100.000	59	0	0	42740	42798	3883	3825	8.35e-21	110
accn|VAHX01000091	ICEberg|1736|ICEMha2|GenBank|NC_020833.2|1557279..1616347_Mannheimia_haemolytica_USDA-ARS-USMARC-183__complete_sequence	95.455	44	1	1	85045	85087	15157	15114	1.42e-08	69.4
accn|VAHX01000091	ICEberg|1698|ICEGpa3|GenBank|CP018032.1|1710663..1776472_Glaesserella_parasuis_D74__complete_sequence	98.477	1379	21	0	59822	61200	13596	14974	0.0	2431
accn|VAHX01000091	PID|170717984|gi|170717206|ref|NC_010519.1|_c1954960-1954607_Haemophilus_somnus_2336_chromosome__complete_genome	95.198	354	17	0	69121	69474	1	354	1.92e-156	560
accn|VAHX01000091	ICEberg|1697|ICEGpa2|GenBank|CP049090.1|1351751..1421790_Glaesserella_parasuis_strain_aHPS7_chromosome__complete_genome	100.000	61	0	0	42735	42795	1538	1478	6.45e-22	113
accn|VAHX01000091	ICEberg|1713|ICEHpa1|GenBank|CP054198.1|1511383..1580304_Glaesserella_parasuis_strain_YHP170504_chromosome__complete_genome	98.361	61	0	1	42735	42795	60	1	1.08e-19	106
accn|VAHX01000091	ICEberg|1422|15-184_ICE|GenBank|CP023057.1|951876..999094_Glaesserella_sp._15-184_chromosome__complete_genome	95.385	65	3	0	42735	42799	432	368	3.88e-19	104
accn|VAHX01000091	ICEberg|1716|ICEHs02|GenBank|CP042993.1|687500..760418_Histophilus_somni_strain_UOC-KLM-ATR-014_chromosome__complete_genome	96.154	52	1	1	42740	42790	72868	72919	5.06e-13	84.2
accn|VAHX01000091	PID|170717969|gi|170717206|ref|NC_010519.1|_c1945295-1944978_Haemophilus_somnus_2336_chromosome__complete_genome	97.561	41	1	0	73841	73881	278	318	3.94e-09	71.3
accn|VAHX01000089	ICEberg|1702|ICEHin8|GenBank|LS483392.1|192252..244996_Haemophilus_influenzae_strain_NCTC11931_genome_assembly__chromosome__1	96.269	134	2	1	53498	53631	131	1	4.70e-53	217
accn|VAHX01000089	ICEberg|1702|ICEHin8|GenBank|LS483392.1|192252..244996_Haemophilus_influenzae_strain_NCTC11931_genome_assembly__chromosome__1	96.269	134	2	1	53171	53304	131	1	4.70e-53	217
accn|VAHX01000089	ICEberg|1702|ICEHin8|GenBank|LS483392.1|192252..244996_Haemophilus_influenzae_strain_NCTC11931_genome_assembly__chromosome__1	95.000	80	3	1	53556	53635	52745	52667	2.93e-25	124
accn|VAHX01000089	ICEberg|1702|ICEHin8|GenBank|LS483392.1|192252..244996_Haemophilus_influenzae_strain_NCTC11931_genome_assembly__chromosome__1	95.000	80	3	1	53229	53308	52745	52667	2.93e-25	124
accn|VAHX01000089	ICEberg|1597|ICEApa1|GenBank|CP050316.1|2129122..2199489_Avibacterium_paragallinarum_strain_ESV-135_chromosome__complete_genome	95.349	129	5	1	53503	53631	128	1	3.66e-49	204
accn|VAHX01000089	ICEberg|1597|ICEApa1|GenBank|CP050316.1|2129122..2199489_Avibacterium_paragallinarum_strain_ESV-135_chromosome__complete_genome	95.349	129	5	1	53176	53304	128	1	3.66e-49	204
accn|VAHX01000089	ICEberg|1597|ICEApa1|GenBank|CP050316.1|2129122..2199489_Avibacterium_paragallinarum_strain_ESV-135_chromosome__complete_genome	96.053	76	3	0	53556	53631	70368	70293	2.93e-25	124
accn|VAHX01000089	ICEberg|1597|ICEApa1|GenBank|CP050316.1|2129122..2199489_Avibacterium_paragallinarum_strain_ESV-135_chromosome__complete_genome	96.053	76	3	0	53229	53304	70368	70293	2.93e-25	124
accn|VAHX01000089	ICEberg|1807|ICEPmu4|GenBank|CP038875.1|2009809..2087766_Pasteurella_multocida_strain_FCf83_chromosome__complete_genome	96.053	76	3	0	53229	53304	1	76	2.93e-25	124
accn|VAHX01000089	ICEberg|1807|ICEPmu4|GenBank|CP038875.1|2009809..2087766_Pasteurella_multocida_strain_FCf83_chromosome__complete_genome	96.053	76	3	0	53556	53631	1	76	2.93e-25	124
accn|VAHX01000089	ICEberg|1804|ICEPmu3|GenBank|CP038873.1|1026914..1096464_Pasteurella_multocida_strain_FCf45_chromosome__complete_genome	96.053	76	3	0	53556	53631	69551	69476	2.93e-25	124
accn|VAHX01000089	ICEberg|1804|ICEPmu3|GenBank|CP038873.1|1026914..1096464_Pasteurella_multocida_strain_FCf45_chromosome__complete_genome	96.053	76	3	0	53229	53304	69551	69476	2.93e-25	124
accn|VAHX01000089	ICEberg|1685|ICEEC8|GenBank|LOGV01000031.1|282800..364210_Escherichia_coli_strain_STEC_2174_STEC2174_contig_26__whole_genome_shotgun_sequence	96.078	51	2	0	53173	53223	1	51	4.97e-13	84.2
accn|VAHX01000089	ICEberg|1685|ICEEC8|GenBank|LOGV01000031.1|282800..364210_Escherichia_coli_strain_STEC_2174_STEC2174_contig_26__whole_genome_shotgun_sequence	96.078	51	2	0	53500	53550	1	51	4.97e-13	84.2
accn|VAHX01000084	ICEberg|1736|ICEMha2|GenBank|NC_020833.2|1557279..1616347_Mannheimia_haemolytica_USDA-ARS-USMARC-183__complete_sequence	98.667	75	1	0	3	77	7224	7298	2.51e-28	134
accn|VAHX01000084	ICEberg|1736|ICEMha2|GenBank|NC_020833.2|1557279..1616347_Mannheimia_haemolytica_USDA-ARS-USMARC-183__complete_sequence	98.667	75	1	0	3	77	10401	10475	2.51e-28	134
accn|VAHX01000084	ICEberg|2039|Tn6865|GenBank|CP031123.2|751328..820050_Providencia_huaxiensis_strain_WCHPr000369_chromosome__complete_genome	97.368	38	1	0	44784	44821	65651	65614	9.28e-08	65.8
accn|VAHX01000102	ICEberg|1736|ICEMha2|GenBank|NC_020833.2|1557279..1616347_Mannheimia_haemolytica_USDA-ARS-USMARC-183__complete_sequence	97.468	79	1	1	214123	214200	7302	7224	1.19e-27	134
accn|VAHX01000102	ICEberg|1736|ICEMha2|GenBank|NC_020833.2|1557279..1616347_Mannheimia_haemolytica_USDA-ARS-USMARC-183__complete_sequence	98.667	75	1	0	214126	214200	10475	10401	1.19e-27	134
accn|VAHX01000080	ICEberg|1736|ICEMha2|GenBank|NC_020833.2|1557279..1616347_Mannheimia_haemolytica_USDA-ARS-USMARC-183__complete_sequence	100.000	77	0	0	1	77	6174	6098	3.56e-31	143
accn|VAHX01000080	ICEberg|1736|ICEMha2|GenBank|NC_020833.2|1557279..1616347_Mannheimia_haemolytica_USDA-ARS-USMARC-183__complete_sequence	96.386	83	3	0	1	83	9294	9212	1.66e-29	137
accn|VAHX01000079	ICEberg|1701|ICEHdu2|GenBank|CP015434.1|162562..211583_[Haemophilus]_ducreyi_strain_GHA9__complete_genome	100.000	76	0	0	31323	31398	48947	49022	1.05e-30	141
accn|VAHX01000079	ICEberg|1700|ICEHdu1|GenBank|NC_002940.2|718953..768668_[Haemophilus]_ducreyi_35000HP__complete_sequence	100.000	76	0	0	31323	31398	76	1	1.05e-30	141
accn|VAHX01000079	ICEberg|1586|ICEAac3|GenBank|CP043003.1|2132073..2197982_Aggregatibacter_actinomycetemcomitans_strain_HK_907_chromosome__complete_genome	100.000	76	0	0	31323	31398	1	76	1.05e-30	141
accn|VAHX01000079	ICEberg|1584|ICEAac1|GenBank|CP012959.1|2164508..2181462_Aggregatibacter_actinomycetemcomitans_strain_624__complete_genome	100.000	76	0	0	31323	31398	16955	16880	1.05e-30	141
accn|VAHX01000079	ICEberg|2010|Tn6783_201330|GenBank|CP054623.1|2596147..2668162_Pseudomonas_aeruginosa_strain_DL201330_chromosome__complete_genome	98.718	78	1	0	31321	31398	66897	66974	3.76e-30	139
accn|VAHX01000079	ICEberg|1581|ICE6660|GenBank|MK497171.1|1..112205_Pseudomonas_aeruginosa_sequence	98.684	76	1	0	31323	31398	112205	112130	4.87e-29	135
accn|VAHX01000078	ICEberg|1736|ICEMha2|GenBank|NC_020833.2|1557279..1616347_Mannheimia_haemolytica_USDA-ARS-USMARC-183__complete_sequence	99.725	6175	7	2	1	6166	6174	1	0.0	11300
accn|VAHX01000078	ICEberg|1736|ICEMha2|GenBank|NC_020833.2|1557279..1616347_Mannheimia_haemolytica_USDA-ARS-USMARC-183__complete_sequence	97.403	77	2	0	1	77	9294	9218	6.03e-28	132
accn|VAHX01000078	ICEberg|2010|Tn6783_201330|GenBank|CP054623.1|2596147..2668162_Pseudomonas_aeruginosa_strain_DL201330_chromosome__complete_genome	98.750	80	1	0	25942	26021	66896	66975	2.79e-31	143
accn|VAHX01000078	ICEberg|1586|ICEAac3|GenBank|CP043003.1|2132073..2197982_Aggregatibacter_actinomycetemcomitans_strain_HK_907_chromosome__complete_genome	100.000	77	0	0	25945	26021	1	77	2.79e-31	143
accn|VAHX01000078	ICEberg|1584|ICEAac1|GenBank|CP012959.1|2164508..2181462_Aggregatibacter_actinomycetemcomitans_strain_624__complete_genome	100.000	77	0	0	25945	26021	16955	16879	2.79e-31	143
accn|VAHX01000078	ICEberg|1701|ICEHdu2|GenBank|CP015434.1|162562..211583_[Haemophilus]_ducreyi_strain_GHA9__complete_genome	100.000	76	0	0	25945	26020	48947	49022	1.00e-30	141
accn|VAHX01000078	ICEberg|1700|ICEHdu1|GenBank|NC_002940.2|718953..768668_[Haemophilus]_ducreyi_35000HP__complete_sequence	100.000	76	0	0	25945	26020	76	1	1.00e-30	141
accn|VAHX01000078	ICEberg|1581|ICE6660|GenBank|MK497171.1|1..112205_Pseudomonas_aeruginosa_sequence	97.500	80	2	0	25945	26024	112205	112126	1.30e-29	137
accn|VAHX01000078	ICEberg|1697|ICEGpa2|GenBank|CP049090.1|1351751..1421790_Glaesserella_parasuis_strain_aHPS7_chromosome__complete_genome	100.000	54	0	0	2293	2346	1533	1480	1.70e-18	100
accn|VAHX01000078	ICEberg|2047|Tn7406|GenBank|CP087379.1|1564187..1622411_Mannheimia_haemolytica_strain_IMT47952_chromosome__complete_genome	96.610	59	1	1	82	140	57863	57920	2.20e-17	97.1
accn|VAHX01000078	ICEberg|1713|ICEHpa1|GenBank|CP054198.1|1511383..1580304_Glaesserella_parasuis_strain_YHP170504_chromosome__complete_genome	98.148	54	0	1	2293	2346	55	3	2.85e-16	93.5
accn|VAHX01000078	ICEberg|1698|ICEGpa3|GenBank|CP018032.1|1710663..1776472_Glaesserella_parasuis_D74__complete_sequence	95.918	49	2	0	284	332	44559	44607	2.22e-12	80.5
accn|VAHX01000077	ICEberg|1701|ICEHdu2|GenBank|CP015434.1|162562..211583_[Haemophilus]_ducreyi_strain_GHA9__complete_genome	97.368	76	2	0	22758	22833	2	77	2.11e-27	130
accn|VAHX01000077	ICEberg|1701|ICEHdu2|GenBank|CP015434.1|162562..211583_[Haemophilus]_ducreyi_strain_GHA9__complete_genome	96.053	76	3	0	22661	22736	2	77	9.82e-26	124
accn|VAHX01000077	ICEberg|1700|ICEHdu1|GenBank|NC_002940.2|718953..768668_[Haemophilus]_ducreyi_35000HP__complete_sequence	97.368	76	2	0	22758	22833	49576	49501	2.11e-27	130
accn|VAHX01000077	ICEberg|1700|ICEHdu1|GenBank|NC_002940.2|718953..768668_[Haemophilus]_ducreyi_35000HP__complete_sequence	96.053	76	3	0	22661	22736	49576	49501	9.82e-26	124
accn|VAHX01000077	ICEberg|1586|ICEAac3|GenBank|CP043003.1|2132073..2197982_Aggregatibacter_actinomycetemcomitans_strain_HK_907_chromosome__complete_genome	97.368	76	2	0	22758	22833	217	292	2.11e-27	130
accn|VAHX01000077	ICEberg|1586|ICEAac3|GenBank|CP043003.1|2132073..2197982_Aggregatibacter_actinomycetemcomitans_strain_HK_907_chromosome__complete_genome	96.053	76	3	0	22661	22736	217	292	9.82e-26	124
accn|VAHX01000077	ICEberg|1586|ICEAac3|GenBank|CP043003.1|2132073..2197982_Aggregatibacter_actinomycetemcomitans_strain_HK_907_chromosome__complete_genome	98.387	62	1	0	22772	22833	64346	64407	2.75e-21	110
accn|VAHX01000077	ICEberg|1586|ICEAac3|GenBank|CP043003.1|2132073..2197982_Aggregatibacter_actinomycetemcomitans_strain_HK_907_chromosome__complete_genome	98.333	60	1	0	22677	22736	64348	64407	3.56e-20	106
accn|VAHX01000074	ICEberg|1736|ICEMha2|GenBank|NC_020833.2|1557279..1616347_Mannheimia_haemolytica_USDA-ARS-USMARC-183__complete_sequence	98.667	75	1	0	3	77	7224	7298	1.32e-28	134
accn|VAHX01000074	ICEberg|1736|ICEMha2|GenBank|NC_020833.2|1557279..1616347_Mannheimia_haemolytica_USDA-ARS-USMARC-183__complete_sequence	98.667	75	1	0	3	77	10401	10475	1.32e-28	134
accn|VAHX01000072	ICEberg|1736|ICEMha2|GenBank|NC_020833.2|1557279..1616347_Mannheimia_haemolytica_USDA-ARS-USMARC-183__complete_sequence	97.468	79	1	1	22255	22332	7302	7224	1.24e-28	134
accn|VAHX01000072	ICEberg|1736|ICEMha2|GenBank|NC_020833.2|1557279..1616347_Mannheimia_haemolytica_USDA-ARS-USMARC-183__complete_sequence	98.667	75	1	0	22258	22332	10475	10401	1.24e-28	134
accn|VAHX01000069	ICEberg|1736|ICEMha2|GenBank|NC_020833.2|1557279..1616347_Mannheimia_haemolytica_USDA-ARS-USMARC-183__complete_sequence	100.000	77	0	0	15112	15188	10476	10400	1.41e-31	143
accn|VAHX01000069	ICEberg|1736|ICEMha2|GenBank|NC_020833.2|1557279..1616347_Mannheimia_haemolytica_USDA-ARS-USMARC-183__complete_sequence	100.000	76	0	0	15113	15188	7298	7223	5.06e-31	141
accn|VAHX01000067	ICEberg|1736|ICEMha2|GenBank|NC_020833.2|1557279..1616347_Mannheimia_haemolytica_USDA-ARS-USMARC-183__complete_sequence	98.701	77	1	0	3	79	10401	10477	5.53e-30	137
accn|VAHX01000067	ICEberg|1736|ICEMha2|GenBank|NC_020833.2|1557279..1616347_Mannheimia_haemolytica_USDA-ARS-USMARC-183__complete_sequence	98.667	75	1	0	12774	12848	7298	7224	7.15e-29	134
accn|VAHX01000067	ICEberg|1736|ICEMha2|GenBank|NC_020833.2|1557279..1616347_Mannheimia_haemolytica_USDA-ARS-USMARC-183__complete_sequence	98.667	75	1	0	3	77	7224	7298	7.15e-29	134
accn|VAHX01000067	ICEberg|1736|ICEMha2|GenBank|NC_020833.2|1557279..1616347_Mannheimia_haemolytica_USDA-ARS-USMARC-183__complete_sequence	98.667	75	1	0	12774	12848	10475	10401	7.15e-29	134
accn|VAHX01000063	ICEberg|1736|ICEMha2|GenBank|NC_020833.2|1557279..1616347_Mannheimia_haemolytica_USDA-ARS-USMARC-183__complete_sequence	98.701	77	1	0	3	79	10401	10477	3.08e-30	137
accn|VAHX01000063	ICEberg|1736|ICEMha2|GenBank|NC_020833.2|1557279..1616347_Mannheimia_haemolytica_USDA-ARS-USMARC-183__complete_sequence	98.667	75	1	0	3	77	7224	7298	3.98e-29	134
accn|VAHX01000099	ICEberg|1736|ICEMha2|GenBank|NC_020833.2|1557279..1616347_Mannheimia_haemolytica_USDA-ARS-USMARC-183__complete_sequence	98.667	75	1	0	3	77	7224	7298	7.31e-28	134
accn|VAHX01000099	ICEberg|1736|ICEMha2|GenBank|NC_020833.2|1557279..1616347_Mannheimia_haemolytica_USDA-ARS-USMARC-183__complete_sequence	98.667	75	1	0	3	77	10401	10475	7.31e-28	134
accn|VAHX01000051	ICEberg|1736|ICEMha2|GenBank|NC_020833.2|1557279..1616347_Mannheimia_haemolytica_USDA-ARS-USMARC-183__complete_sequence	99.667	1201	4	0	2	1202	7298	6098	0.0	2196
accn|VAHX01000050	ICEberg|1736|ICEMha2|GenBank|NC_020833.2|1557279..1616347_Mannheimia_haemolytica_USDA-ARS-USMARC-183__complete_sequence	98.667	75	1	0	1122	1196	7298	7224	6.54e-30	134
accn|VAHX01000050	ICEberg|1736|ICEMha2|GenBank|NC_020833.2|1557279..1616347_Mannheimia_haemolytica_USDA-ARS-USMARC-183__complete_sequence	98.667	75	1	0	1122	1196	10475	10401	6.54e-30	134
accn|VAHX01000047	ICEberg|1736|ICEMha2|GenBank|NC_020833.2|1557279..1616347_Mannheimia_haemolytica_USDA-ARS-USMARC-183__complete_sequence	98.667	75	1	0	667	741	7298	7224	4.00e-30	134
accn|VAHX01000047	ICEberg|1736|ICEMha2|GenBank|NC_020833.2|1557279..1616347_Mannheimia_haemolytica_USDA-ARS-USMARC-183__complete_sequence	98.667	75	1	0	667	741	10475	10401	4.00e-30	134
accn|VAHX01000098	ICEberg|1736|ICEMha2|GenBank|NC_020833.2|1557279..1616347_Mannheimia_haemolytica_USDA-ARS-USMARC-183__complete_sequence	98.684	76	1	0	3	78	7224	7299	2.02e-28	135
accn|VAHX01000098	ICEberg|1736|ICEMha2|GenBank|NC_020833.2|1557279..1616347_Mannheimia_haemolytica_USDA-ARS-USMARC-183__complete_sequence	98.667	75	1	0	3	77	10401	10475	7.28e-28	134
accn|VAHX01000097	VFG043479(gb|AAD53408)_(pomA)_outer_membrane_protein_PomA_[OmpA_(VF1223)_-_Adherence_(VFC0001)]_[Mannheimia_haemolytica_str._89010807N]	97.105	1140	24	5	77386	78519	1137	1	0.0	1914
accn|VAHX01000026	ICEberg|1700|ICEHdu1|GenBank|NC_002940.2|718953..768668_[Haemophilus]_ducreyi_35000HP__complete_sequence	98.901	91	1	0	99	189	49626	49716	1.82e-39	163
accn|VAHX01000026	ICEberg|1700|ICEHdu1|GenBank|NC_002940.2|718953..768668_[Haemophilus]_ducreyi_35000HP__complete_sequence	100.000	75	0	0	207	281	1	75	3.07e-32	139
accn|VAHX01000026	ICEberg|1586|ICEAac3|GenBank|CP043003.1|2132073..2197982_Aggregatibacter_actinomycetemcomitans_strain_HK_907_chromosome__complete_genome	100.000	76	0	0	1	76	76	1	8.55e-33	141
accn|VAHX01000026	ICEberg|1584|ICEAac1|GenBank|CP012959.1|2164508..2181462_Aggregatibacter_actinomycetemcomitans_strain_624__complete_genome	100.000	76	0	0	206	281	16879	16954	8.55e-33	141
accn|VAHX01000026	ICEberg|1584|ICEAac1|GenBank|CP012959.1|2164508..2181462_Aggregatibacter_actinomycetemcomitans_strain_624__complete_genome	100.000	76	0	0	1	76	16880	16955	8.55e-33	141
accn|VAHX01000026	ICEberg|1701|ICEHdu2|GenBank|CP015434.1|162562..211583_[Haemophilus]_ducreyi_strain_GHA9__complete_genome	100.000	75	0	0	207	281	49022	48948	3.07e-32	139
accn|VAHX01000026	ICEberg|2010|Tn6783_201330|GenBank|CP054623.1|2596147..2668162_Pseudomonas_aeruginosa_strain_DL201330_chromosome__complete_genome	98.701	77	1	0	1	77	66974	66898	1.11e-31	137
accn|VAHX01000026	ICEberg|2010|Tn6783_201330|GenBank|CP054623.1|2596147..2668162_Pseudomonas_aeruginosa_strain_DL201330_chromosome__complete_genome	98.684	76	1	0	206	281	66975	66900	3.98e-31	135
accn|VAHX01000026	ICEberg|1581|ICE6660|GenBank|MK497171.1|1..112205_Pseudomonas_aeruginosa_sequence	97.468	79	2	0	203	281	112126	112204	3.98e-31	135
accn|VAHX01000026	ICEberg|1581|ICE6660|GenBank|MK497171.1|1..112205_Pseudomonas_aeruginosa_sequence	98.684	76	1	0	1	76	112130	112205	3.98e-31	135
accn|VAHX01000026	ICEberg|960|ICEApl1|GenBank|KU551309|27..56176_Actinobacillus_pleuropneumoniae_strain_MIDG2427_tRNA-Leu_gene__integrative_conjugative_element_ICEApl1_mobile_element__and_tRNA-Gly_gene__complete_sequence	98.485	66	1	0	102	167	56150	56085	1.44e-25	117
accn|VAHX01000026	ICEberg|960|ICEApl1|GenBank|KU551309|27..56176_Actinobacillus_pleuropneumoniae_strain_MIDG2427_tRNA-Leu_gene__integrative_conjugative_element_ICEApl1_mobile_element__and_tRNA-Gly_gene__complete_sequence	97.015	67	2	0	102	168	67	1	1.86e-24	113
accn|VAHX01000026	ICEberg|60|ICEHin1056|GenBank|AJ627386|1..59393_Haemophilus_influenzae_plasmid_ICEhin1056	95.455	66	3	0	102	167	66	1	3.12e-22	106
accn|VAHX01000026	ICEberg|350|ICEHpaT3T1|GenBank|FQ312002|1153089..1213144_Haemophilus_parainfluenzae_T3T1_genome	95.455	66	3	0	99	164	59988	60053	3.12e-22	106
accn|VAHX01000026	ICEberg|349|ICEHpa8f|GenBank|AM884335|1..52725_Haemophilus_influenzae_parA_gene_for_chromosome_partitioning_protein__strain_8f	95.455	66	3	0	102	167	66	1	3.12e-22	106
accn|VAHX01000026	ICEberg|348|ICEHin299|GenBank|AM884334|1..53902_Haemophilus_influenzae_parA_gene_for_chromosome_partitioning_protein__strain_299	95.455	66	3	0	102	167	66	1	3.12e-22	106
accn|VAHX01000026	ICEberg|346|ICEHinB|GenBank|FQ312006|87548..143543_Haemophilus_influenzae_10810_genome	95.455	66	3	0	102	167	66	1	3.12e-22	106
accn|VAHX01000026	ICEberg|2046|Tn7100|GenBank|OW736085.1|1..73601_Haemophilus_influenzae_strain_Hi-228_transposon_7100__complete_sequence	95.455	66	3	0	102	167	66	1	3.12e-22	106
accn|VAHX01000026	ICEberg|2007|Tn6687|GenBank|MN106412.1|1..68777_Haemophilus_influenzae_strain_0_transposon_Tn6687__complete_sequence	95.455	66	3	0	102	167	66	1	3.12e-22	106
accn|VAHX01000026	ICEberg|2006|Tn6686|GenBank|MN106411.1|1..64737_Haemophilus_influenzae_strain_G_transposon_Tn6686__complete_sequence	95.455	66	3	0	102	167	66	1	3.12e-22	106
accn|VAHX01000026	ICEberg|2005|Tn6685|GenBank|MN106410.1|1..52414_Haemophilus_influenzae_strain_E_transposon_Tn6685__complete_sequence	95.455	66	3	0	102	167	66	1	3.12e-22	106
accn|VAHX01000095	ICEberg|1702|ICEHin8|GenBank|LS483392.1|192252..244996_Haemophilus_influenzae_strain_NCTC11931_genome_assembly__chromosome__1	98.701	77	1	0	36669	36745	1	77	4.45e-29	137
accn|VAHX01000095	ICEberg|1736|ICEMha2|GenBank|NC_020833.2|1557279..1616347_Mannheimia_haemolytica_USDA-ARS-USMARC-183__complete_sequence	98.667	75	1	0	103157	103231	7298	7224	5.76e-28	134
accn|VAHX01000095	ICEberg|1736|ICEMha2|GenBank|NC_020833.2|1557279..1616347_Mannheimia_haemolytica_USDA-ARS-USMARC-183__complete_sequence	98.667	75	1	0	3	77	7224	7298	5.76e-28	134
accn|VAHX01000095	ICEberg|1736|ICEMha2|GenBank|NC_020833.2|1557279..1616347_Mannheimia_haemolytica_USDA-ARS-USMARC-183__complete_sequence	98.667	75	1	0	103157	103231	10475	10401	5.76e-28	134
accn|VAHX01000095	ICEberg|1736|ICEMha2|GenBank|NC_020833.2|1557279..1616347_Mannheimia_haemolytica_USDA-ARS-USMARC-183__complete_sequence	98.667	75	1	0	3	77	10401	10475	5.76e-28	134
accn|VAHX01000095	ICEberg|1718|ICEHso3|GenBank|NC_008309.1|1952153..2005728_Histophilus_somni_129PT__complete_sequence	95.122	82	3	1	36663	36744	179	99	2.68e-26	128
accn|VAHX01000095	ICEberg|1807|ICEPmu4|GenBank|CP038875.1|2009809..2087766_Pasteurella_multocida_strain_FCf83_chromosome__complete_genome	96.104	77	3	0	36668	36744	77	1	9.63e-26	126
accn|VAHX01000095	ICEberg|1804|ICEPmu3|GenBank|CP038873.1|1026914..1096464_Pasteurella_multocida_strain_FCf45_chromosome__complete_genome	96.104	77	3	0	36668	36744	69475	69551	9.63e-26	126
accn|VAHX01000095	ICEberg|1597|ICEApa1|GenBank|CP050316.1|2129122..2199489_Avibacterium_paragallinarum_strain_ESV-135_chromosome__complete_genome	96.104	77	3	0	36668	36744	70292	70368	9.63e-26	126
accn|VAHX01000095	ICEberg|1597|ICEApa1|GenBank|CP050316.1|2129122..2199489_Avibacterium_paragallinarum_strain_ESV-135_chromosome__complete_genome	96.053	76	3	0	36669	36744	1	76	3.46e-25	124
accn|VAHX01000094	ICEberg|1736|ICEMha2|GenBank|NC_020833.2|1557279..1616347_Mannheimia_haemolytica_USDA-ARS-USMARC-183__complete_sequence	97.531	81	2	0	99141	99221	7304	7224	1.19e-29	139
accn|VAHX01000094	ICEberg|1736|ICEMha2|GenBank|NC_020833.2|1557279..1616347_Mannheimia_haemolytica_USDA-ARS-USMARC-183__complete_sequence	98.667	75	1	0	99147	99221	10475	10401	5.53e-28	134
