accn|CP017551	ICEberg|987|ICEMh1|GenBank|CP005383|2128248..2190602_Mannheimia_haemolytica_M42548__complete_genome	100.000	52003	0	0	1631458	1683460	1	52003	0.0	96032
accn|CP017551	ICEberg|987|ICEMh1|GenBank|CP005383|2128248..2190602_Mannheimia_haemolytica_M42548__complete_genome	100.000	11761	0	0	1688834	1700594	50595	62355	0.0	21719
accn|CP017551	ICEberg|987|ICEMh1|GenBank|CP005383|2128248..2190602_Mannheimia_haemolytica_M42548__complete_genome	99.758	2063	4	1	158141	160203	51986	54047	0.0	3781
accn|CP017551	ICEberg|987|ICEMh1|GenBank|CP005383|2128248..2190602_Mannheimia_haemolytica_M42548__complete_genome	100.000	309	0	0	1638259	1638567	3986	4294	2.74e-158	571
accn|CP017551	ICEberg|987|ICEMh1|GenBank|CP005383|2128248..2190602_Mannheimia_haemolytica_M42548__complete_genome	100.000	309	0	0	1635443	1635751	6802	7110	2.74e-158	571
accn|CP017551	ICEberg|987|ICEMh1|GenBank|CP005383|2128248..2190602_Mannheimia_haemolytica_M42548__complete_genome	97.436	117	3	0	1637213	1637329	4297	4413	1.49e-46	200
accn|CP017551	ICEberg|987|ICEMh1|GenBank|CP005383|2128248..2190602_Mannheimia_haemolytica_M42548__complete_genome	97.436	117	3	0	1635754	1635870	5756	5872	1.49e-46	200
accn|CP017551	ICEberg|987|ICEMh1|GenBank|CP005383|2128248..2190602_Mannheimia_haemolytica_M42548__complete_genome	96.000	50	2	0	1651922	1651971	20410	20459	5.63e-11	82.4
accn|CP017551	ICEberg|987|ICEMh1|GenBank|CP005383|2128248..2190602_Mannheimia_haemolytica_M42548__complete_genome	96.000	50	2	0	1651867	1651916	20465	20514	5.63e-11	82.4
accn|CP017551	ICEberg|1719|ICEHso4|GenBank|CP018803.1|686759..761246_Histophilus_somni_strain_USDA-ARS-USMARC-63255_chromosome__complete_genome	99.993	45527	1	1	1637936	1683460	55879	10353	0.0	84055
accn|CP017551	ICEberg|1719|ICEHso4|GenBank|CP018803.1|686759..761246_Histophilus_somni_strain_USDA-ARS-USMARC-63255_chromosome__complete_genome	100.000	11761	0	0	1688834	1700594	11761	1	0.0	21719
accn|CP017551	ICEberg|1719|ICEHso4|GenBank|CP018803.1|686759..761246_Histophilus_somni_strain_USDA-ARS-USMARC-63255_chromosome__complete_genome	99.961	5174	2	0	1630056	1635229	67822	62649	0.0	9544
accn|CP017551	ICEberg|1719|ICEHso4|GenBank|CP018803.1|686759..761246_Histophilus_somni_strain_USDA-ARS-USMARC-63255_chromosome__complete_genome	99.758	2063	4	1	158141	160203	10370	8309	0.0	3781
accn|CP017551	ICEberg|1719|ICEHso4|GenBank|CP018803.1|686759..761246_Histophilus_somni_strain_USDA-ARS-USMARC-63255_chromosome__complete_genome	99.813	1070	2	0	1637498	1638567	69431	68362	0.0	1965
accn|CP017551	ICEberg|1719|ICEHso4|GenBank|CP018803.1|686759..761246_Histophilus_somni_strain_USDA-ARS-USMARC-63255_chromosome__complete_genome	100.000	310	0	0	1635443	1635752	68670	68361	7.62e-159	573
accn|CP017551	ICEberg|1719|ICEHso4|GenBank|CP018803.1|686759..761246_Histophilus_somni_strain_USDA-ARS-USMARC-63255_chromosome__complete_genome	99.365	315	2	0	1635443	1635757	55556	55242	2.74e-158	571
accn|CP017551	ICEberg|1719|ICEHso4|GenBank|CP018803.1|686759..761246_Histophilus_somni_strain_USDA-ARS-USMARC-63255_chromosome__complete_genome	96.000	50	2	0	1651867	1651916	41893	41844	5.63e-11	82.4
accn|CP017551	ICEberg|1719|ICEHso4|GenBank|CP018803.1|686759..761246_Histophilus_somni_strain_USDA-ARS-USMARC-63255_chromosome__complete_genome	96.000	50	2	0	1651922	1651971	41948	41899	5.63e-11	82.4
accn|CP017551	ICEberg|1719|ICEHso4|GenBank|CP018803.1|686759..761246_Histophilus_somni_strain_USDA-ARS-USMARC-63255_chromosome__complete_genome	95.918	49	2	0	1603576	1603624	72583	72535	2.03e-10	80.5
accn|CP017551	ICEberg|1719|ICEHso4|GenBank|CP018803.1|686759..761246_Histophilus_somni_strain_USDA-ARS-USMARC-63255_chromosome__complete_genome	95.918	49	2	0	917142	917190	72583	72535	2.03e-10	80.5
accn|CP017551	ICEberg|1716|ICEHs02|GenBank|CP042993.1|687500..760418_Histophilus_somni_strain_UOC-KLM-ATR-014_chromosome__complete_genome	99.969	45530	13	1	1637936	1683464	55830	10301	0.0	83999
accn|CP017551	ICEberg|1716|ICEHs02|GenBank|CP042993.1|687500..760418_Histophilus_somni_strain_UOC-KLM-ATR-014_chromosome__complete_genome	95.492	11713	521	3	1688834	1700539	11713	1	0.0	18724
accn|CP017551	ICEberg|1716|ICEHs02|GenBank|CP042993.1|687500..760418_Histophilus_somni_strain_UOC-KLM-ATR-014_chromosome__complete_genome	99.961	5174	2	0	1630056	1635229	67773	62600	0.0	9544
accn|CP017551	ICEberg|1716|ICEHs02|GenBank|CP042993.1|687500..760418_Histophilus_somni_strain_UOC-KLM-ATR-014_chromosome__complete_genome	100.000	2002	0	0	158183	160184	10281	8280	0.0	3698
accn|CP017551	ICEberg|1716|ICEHs02|GenBank|CP042993.1|687500..760418_Histophilus_somni_strain_UOC-KLM-ATR-014_chromosome__complete_genome	99.813	1070	2	0	1637498	1638567	69382	68313	0.0	1965
accn|CP017551	ICEberg|1716|ICEHs02|GenBank|CP042993.1|687500..760418_Histophilus_somni_strain_UOC-KLM-ATR-014_chromosome__complete_genome	100.000	310	0	0	1635443	1635752	68621	68312	7.62e-159	573
accn|CP017551	ICEberg|1716|ICEHs02|GenBank|CP042993.1|687500..760418_Histophilus_somni_strain_UOC-KLM-ATR-014_chromosome__complete_genome	99.365	315	2	0	1635443	1635757	55507	55193	2.74e-158	571
accn|CP017551	ICEberg|1716|ICEHs02|GenBank|CP042993.1|687500..760418_Histophilus_somni_strain_UOC-KLM-ATR-014_chromosome__complete_genome	96.296	54	1	1	915068	915120	72866	72919	1.21e-12	87.9
accn|CP017551	ICEberg|1716|ICEHs02|GenBank|CP042993.1|687500..760418_Histophilus_somni_strain_UOC-KLM-ATR-014_chromosome__complete_genome	96.000	50	2	0	1651867	1651916	41844	41795	5.63e-11	82.4
accn|CP017551	ICEberg|1716|ICEHs02|GenBank|CP042993.1|687500..760418_Histophilus_somni_strain_UOC-KLM-ATR-014_chromosome__complete_genome	96.000	50	2	0	1651922	1651971	41899	41850	5.63e-11	82.4
accn|CP017551	ICEberg|1716|ICEHs02|GenBank|CP042993.1|687500..760418_Histophilus_somni_strain_UOC-KLM-ATR-014_chromosome__complete_genome	95.918	49	2	0	1603576	1603624	72535	72487	2.03e-10	80.5
accn|CP017551	ICEberg|1716|ICEHs02|GenBank|CP042993.1|687500..760418_Histophilus_somni_strain_UOC-KLM-ATR-014_chromosome__complete_genome	95.918	49	2	0	917142	917190	72535	72487	2.03e-10	80.5
accn|CP017551	ICEberg|440|ICEPmu1|GenBank|CP003022|273284..355497_Pasteurella_multocida_36950__complete_genome	99.993	44739	1	2	1637498	1682235	18124	62861	0.0	82599
accn|CP017551	ICEberg|440|ICEPmu1|GenBank|CP003022|273284..355497_Pasteurella_multocida_36950__complete_genome	99.983	11823	2	0	1688834	1700656	70390	82212	0.0	21822
accn|CP017551	ICEberg|440|ICEPmu1|GenBank|CP003022|273284..355497_Pasteurella_multocida_36950__complete_genome	99.942	5174	2	1	1630056	1635229	5092	10264	0.0	9537
accn|CP017551	ICEberg|440|ICEPmu1|GenBank|CP003022|273284..355497_Pasteurella_multocida_36950__complete_genome	99.861	2166	2	1	1681296	1683460	69633	71798	0.0	3982
accn|CP017551	ICEberg|440|ICEPmu1|GenBank|CP003022|273284..355497_Pasteurella_multocida_36950__complete_genome	99.758	2063	4	1	158141	160203	71781	73842	0.0	3781
accn|CP017551	ICEberg|440|ICEPmu1|GenBank|CP003022|273284..355497_Pasteurella_multocida_36950__complete_genome	99.346	1070	7	0	1637498	1638567	3483	4552	0.0	1938
accn|CP017551	ICEberg|440|ICEPmu1|GenBank|CP003022|273284..355497_Pasteurella_multocida_36950__complete_genome	100.000	310	0	0	1635443	1635752	4244	4553	7.62e-159	573
accn|CP017551	ICEberg|440|ICEPmu1|GenBank|CP003022|273284..355497_Pasteurella_multocida_36950__complete_genome	100.000	309	0	0	1635443	1635751	18885	19193	2.74e-158	571
accn|CP017551	ICEberg|440|ICEPmu1|GenBank|CP003022|273284..355497_Pasteurella_multocida_36950__complete_genome	98.913	184	1	1	1688834	1689017	62679	62861	6.55e-85	327
accn|CP017551	ICEberg|440|ICEPmu1|GenBank|CP003022|273284..355497_Pasteurella_multocida_36950__complete_genome	96.000	50	2	0	1651922	1651971	32493	32542	5.63e-11	82.4
accn|CP017551	ICEberg|440|ICEPmu1|GenBank|CP003022|273284..355497_Pasteurella_multocida_36950__complete_genome	96.000	50	2	0	1651867	1651916	32548	32597	5.63e-11	82.4
accn|CP017551	ICEberg|440|ICEPmu1|GenBank|CP003022|273284..355497_Pasteurella_multocida_36950__complete_genome	95.918	49	2	0	917142	917190	331	379	2.03e-10	80.5
accn|CP017551	ICEberg|440|ICEPmu1|GenBank|CP003022|273284..355497_Pasteurella_multocida_36950__complete_genome	95.918	49	2	0	1603576	1603624	331	379	2.03e-10	80.5
accn|CP017551	ICEberg|1734|ICEMh3|GenBank|CP006942.1|959858..1026317_Mannheimia_sp._USDA-ARS-USMARC-1261__complete_genome	99.965	42386	13	2	1638568	1680953	65298	22915	0.0	78188
accn|CP017551	ICEberg|1734|ICEMh3|GenBank|CP006942.1|959858..1026317_Mannheimia_sp._USDA-ARS-USMARC-1261__complete_genome	99.675	8308	5	1	1692287	1700594	8286	1	0.0	15173
accn|CP017551	ICEberg|1734|ICEMh3|GenBank|CP006942.1|959858..1026317_Mannheimia_sp._USDA-ARS-USMARC-1261__complete_genome	99.717	2824	8	0	1680644	1683467	16421	13598	0.0	5171
accn|CP017551	ICEberg|1734|ICEMh3|GenBank|CP006942.1|959858..1026317_Mannheimia_sp._USDA-ARS-USMARC-1261__complete_genome	99.858	1409	2	0	1688834	1690242	15013	13605	0.0	2591
accn|CP017551	ICEberg|1734|ICEMh3|GenBank|CP006942.1|959858..1026317_Mannheimia_sp._USDA-ARS-USMARC-1261__complete_genome	96.000	50	2	0	1651867	1651916	51944	51895	5.63e-11	82.4
accn|CP017551	ICEberg|1734|ICEMh3|GenBank|CP006942.1|959858..1026317_Mannheimia_sp._USDA-ARS-USMARC-1261__complete_genome	96.000	50	2	0	1651922	1651971	51999	51950	5.63e-11	82.4
accn|CP017551	ICEberg|441|ICEHso2336-1|GenBank|CP000947|1927921..1994529_Haemophilus_somnus_2336__complete_genome	99.972	39020	9	1	1641923	1680940	4602	43621	0.0	71994
accn|CP017551	ICEberg|441|ICEHso2336-1|GenBank|CP000947|1927921..1994529_Haemophilus_somnus_2336__complete_genome	99.677	8370	5	1	1692287	1700656	58262	66609	0.0	15287
accn|CP017551	ICEberg|441|ICEHso2336-1|GenBank|CP000947|1927921..1994529_Haemophilus_somnus_2336__complete_genome	99.752	2827	7	0	1680641	1683467	50124	52950	0.0	5182
accn|CP017551	ICEberg|441|ICEHso2336-1|GenBank|CP000947|1927921..1994529_Haemophilus_somnus_2336__complete_genome	99.929	1409	1	0	1688834	1690242	51535	52943	0.0	2597
accn|CP017551	ICEberg|441|ICEHso2336-1|GenBank|CP000947|1927921..1994529_Haemophilus_somnus_2336__complete_genome	99.077	1084	9	1	1637491	1638574	4607	3525	0.0	1945
accn|CP017551	ICEberg|441|ICEHso2336-1|GenBank|CP000947|1927921..1994529_Haemophilus_somnus_2336__complete_genome	99.365	315	2	0	1635443	1635757	3840	3526	2.74e-158	571
accn|CP017551	ICEberg|441|ICEHso2336-1|GenBank|CP000947|1927921..1994529_Haemophilus_somnus_2336__complete_genome	100.000	50	0	0	1638568	1638617	3482	3531	2.60e-14	93.5
accn|CP017551	ICEberg|441|ICEHso2336-1|GenBank|CP000947|1927921..1994529_Haemophilus_somnus_2336__complete_genome	96.000	50	2	0	1651922	1651971	14546	14595	5.63e-11	82.4
accn|CP017551	ICEberg|441|ICEHso2336-1|GenBank|CP000947|1927921..1994529_Haemophilus_somnus_2336__complete_genome	96.000	50	2	0	1651867	1651916	14601	14650	5.63e-11	82.4
accn|CP017551	ICEberg|441|ICEHso2336-1|GenBank|CP000947|1927921..1994529_Haemophilus_somnus_2336__complete_genome	95.918	49	2	0	917142	917190	331	379	2.03e-10	80.5
accn|CP017551	ICEberg|441|ICEHso2336-1|GenBank|CP000947|1927921..1994529_Haemophilus_somnus_2336__complete_genome	95.918	49	2	0	1603576	1603624	331	379	2.03e-10	80.5
accn|CP017551	ICEberg|1717|ICEHs1|GenBank|MF136609.1|1..64932_Histophilus_somni_strain_AVI_1_integrative_conjugative_element_ICEHs1__complete_sequence	99.831	39028	51	13	1641923	1680943	4617	43636	0.0	71712
accn|CP017551	ICEberg|1717|ICEHs1|GenBank|MF136609.1|1..64932_Histophilus_somni_strain_AVI_1_integrative_conjugative_element_ICEHs1__complete_sequence	99.977	4345	1	0	1682193	1686537	44269	48613	0.0	8019
accn|CP017551	ICEberg|1717|ICEHs1|GenBank|MF136609.1|1..64932_Histophilus_somni_strain_AVI_1_integrative_conjugative_element_ICEHs1__complete_sequence	99.151	2828	22	2	1680640	1683467	49417	52242	0.0	5088
accn|CP017551	ICEberg|1717|ICEHs1|GenBank|MF136609.1|1..64932_Histophilus_somni_strain_AVI_1_integrative_conjugative_element_ICEHs1__complete_sequence	99.858	1409	2	0	1688834	1690242	50827	52235	0.0	2591
accn|CP017551	ICEberg|1717|ICEHs1|GenBank|MF136609.1|1..64932_Histophilus_somni_strain_AVI_1_integrative_conjugative_element_ICEHs1__complete_sequence	99.921	1268	1	0	1688975	1690242	44269	45536	0.0	2337
accn|CP017551	ICEberg|1717|ICEHs1|GenBank|MF136609.1|1..64932_Histophilus_somni_strain_AVI_1_integrative_conjugative_element_ICEHs1__complete_sequence	99.091	1100	9	1	1637491	1638590	4622	3524	0.0	1977
accn|CP017551	ICEberg|1717|ICEHs1|GenBank|MF136609.1|1..64932_Histophilus_somni_strain_AVI_1_integrative_conjugative_element_ICEHs1__complete_sequence	99.365	315	2	0	1635443	1635757	3855	3541	2.74e-158	571
accn|CP017551	ICEberg|1717|ICEHs1|GenBank|MF136609.1|1..64932_Histophilus_somni_strain_AVI_1_integrative_conjugative_element_ICEHs1__complete_sequence	96.000	50	2	0	1651922	1651971	14561	14610	5.63e-11	82.4
accn|CP017551	ICEberg|1717|ICEHs1|GenBank|MF136609.1|1..64932_Histophilus_somni_strain_AVI_1_integrative_conjugative_element_ICEHs1__complete_sequence	96.000	50	2	0	1651867	1651916	14616	14665	5.63e-11	82.4
accn|CP017551	ICEberg|1717|ICEHs1|GenBank|MF136609.1|1..64932_Histophilus_somni_strain_AVI_1_integrative_conjugative_element_ICEHs1__complete_sequence	95.918	49	2	0	917142	917190	344	392	2.03e-10	80.5
accn|CP017551	ICEberg|1717|ICEHs1|GenBank|MF136609.1|1..64932_Histophilus_somni_strain_AVI_1_integrative_conjugative_element_ICEHs1__complete_sequence	95.918	49	2	0	1603576	1603624	344	392	2.03e-10	80.5
accn|CP017551	ICEberg|1717|ICEHs1|GenBank|MF136609.1|1..64932_Histophilus_somni_strain_AVI_1_integrative_conjugative_element_ICEHs1__complete_sequence	100.000	38	0	0	1660940	1660977	23706	23743	1.22e-07	71.3
accn|CP017551	ICEberg|1736|ICEMha2|GenBank|NC_020833.2|1557279..1616347_Mannheimia_haemolytica_USDA-ARS-USMARC-183__complete_sequence	99.991	32323	3	0	1597734	1630056	1	32323	0.0	59673
accn|CP017551	ICEberg|1736|ICEMha2|GenBank|NC_020833.2|1557279..1616347_Mannheimia_haemolytica_USDA-ARS-USMARC-183__complete_sequence	99.971	3425	1	0	915173	918597	3874	7298	0.0	6320
accn|CP017551	ICEberg|1736|ICEMha2|GenBank|NC_020833.2|1557279..1616347_Mannheimia_haemolytica_USDA-ARS-USMARC-183__complete_sequence	96.648	2088	59	8	952234	954319	45183	43105	0.0	3458
accn|CP017551	ICEberg|1736|ICEMha2|GenBank|NC_020833.2|1557279..1616347_Mannheimia_haemolytica_USDA-ARS-USMARC-183__complete_sequence	99.917	1206	1	0	1490718	1491923	7303	6098	0.0	2222
accn|CP017551	ICEberg|1736|ICEMha2|GenBank|NC_020833.2|1557279..1616347_Mannheimia_haemolytica_USDA-ARS-USMARC-183__complete_sequence	99.834	1204	2	0	339669	340872	7301	6098	0.0	2213
accn|CP017551	ICEberg|1736|ICEMha2|GenBank|NC_020833.2|1557279..1616347_Mannheimia_haemolytica_USDA-ARS-USMARC-183__complete_sequence	99.917	1201	1	0	1408690	1409890	6098	7298	0.0	2213
accn|CP017551	ICEberg|1736|ICEMha2|GenBank|NC_020833.2|1557279..1616347_Mannheimia_haemolytica_USDA-ARS-USMARC-183__complete_sequence	99.917	1201	1	0	932237	933437	7298	6098	0.0	2213
accn|CP017551	ICEberg|1736|ICEMha2|GenBank|NC_020833.2|1557279..1616347_Mannheimia_haemolytica_USDA-ARS-USMARC-183__complete_sequence	99.917	1201	1	0	259658	260858	7298	6098	0.0	2213
accn|CP017551	ICEberg|1736|ICEMha2|GenBank|NC_020833.2|1557279..1616347_Mannheimia_haemolytica_USDA-ARS-USMARC-183__complete_sequence	99.834	1202	2	0	1393426	1394627	7299	6098	0.0	2209
accn|CP017551	ICEberg|1736|ICEMha2|GenBank|NC_020833.2|1557279..1616347_Mannheimia_haemolytica_USDA-ARS-USMARC-183__complete_sequence	99.833	1201	2	0	2538196	2539396	6098	7298	0.0	2207
accn|CP017551	ICEberg|1736|ICEMha2|GenBank|NC_020833.2|1557279..1616347_Mannheimia_haemolytica_USDA-ARS-USMARC-183__complete_sequence	99.584	1202	5	0	2027982	2029183	6097	7298	0.0	2193
accn|CP017551	ICEberg|1736|ICEMha2|GenBank|NC_020833.2|1557279..1616347_Mannheimia_haemolytica_USDA-ARS-USMARC-183__complete_sequence	99.258	1213	7	2	2543314	2544525	6092	7303	0.0	2189
accn|CP017551	ICEberg|1736|ICEMha2|GenBank|NC_020833.2|1557279..1616347_Mannheimia_haemolytica_USDA-ARS-USMARC-183__complete_sequence	99.420	1206	7	0	1883466	1884671	6098	7303	0.0	2189
accn|CP017551	ICEberg|1736|ICEMha2|GenBank|NC_020833.2|1557279..1616347_Mannheimia_haemolytica_USDA-ARS-USMARC-183__complete_sequence	98.751	1201	15	0	2677067	2678267	7298	6098	0.0	2135
accn|CP017551	ICEberg|1736|ICEMha2|GenBank|NC_020833.2|1557279..1616347_Mannheimia_haemolytica_USDA-ARS-USMARC-183__complete_sequence	96.922	1202	37	0	927402	928603	6098	7299	0.0	2015
accn|CP017551	ICEberg|1736|ICEMha2|GenBank|NC_020833.2|1557279..1616347_Mannheimia_haemolytica_USDA-ARS-USMARC-183__complete_sequence	98.099	1157	21	1	763611	764766	7254	6098	0.0	2013
accn|CP017551	ICEberg|1736|ICEMha2|GenBank|NC_020833.2|1557279..1616347_Mannheimia_haemolytica_USDA-ARS-USMARC-183__complete_sequence	96.181	864	29	4	937615	938476	47606	46745	0.0	1410
accn|CP017551	ICEberg|1736|ICEMha2|GenBank|NC_020833.2|1557279..1616347_Mannheimia_haemolytica_USDA-ARS-USMARC-183__complete_sequence	99.864	737	1	0	1918535	1919271	6562	7298	0.0	1356
accn|CP017551	ICEberg|1736|ICEMha2|GenBank|NC_020833.2|1557279..1616347_Mannheimia_haemolytica_USDA-ARS-USMARC-183__complete_sequence	100.000	712	0	0	1130979	1131690	6587	7298	0.0	1315
accn|CP017551	ICEberg|1736|ICEMha2|GenBank|NC_020833.2|1557279..1616347_Mannheimia_haemolytica_USDA-ARS-USMARC-183__complete_sequence	99.860	712	1	0	1797771	1798482	6587	7298	0.0	1310
accn|CP017551	ICEberg|1736|ICEMha2|GenBank|NC_020833.2|1557279..1616347_Mannheimia_haemolytica_USDA-ARS-USMARC-183__complete_sequence	96.522	460	16	0	1130524	1130983	6098	6557	0.0	761
accn|CP017551	ICEberg|1736|ICEMha2|GenBank|NC_020833.2|1557279..1616347_Mannheimia_haemolytica_USDA-ARS-USMARC-183__complete_sequence	96.522	460	16	0	1797316	1797775	6098	6557	0.0	761
accn|CP017551	ICEberg|1736|ICEMha2|GenBank|NC_020833.2|1557279..1616347_Mannheimia_haemolytica_USDA-ARS-USMARC-183__complete_sequence	100.000	401	0	0	1396090	1396490	6898	7298	0.0	741
accn|CP017551	ICEberg|1736|ICEMha2|GenBank|NC_020833.2|1557279..1616347_Mannheimia_haemolytica_USDA-ARS-USMARC-183__complete_sequence	99.650	286	1	0	1530994	1531279	7014	7299	7.78e-144	523
accn|CP017551	ICEberg|1736|ICEMha2|GenBank|NC_020833.2|1557279..1616347_Mannheimia_haemolytica_USDA-ARS-USMARC-183__complete_sequence	99.593	246	1	0	957343	957588	7056	7301	1.34e-121	449
accn|CP017551	ICEberg|1736|ICEMha2|GenBank|NC_020833.2|1557279..1616347_Mannheimia_haemolytica_USDA-ARS-USMARC-183__complete_sequence	97.312	186	4	1	930079	930264	7298	7114	5.10e-81	315
accn|CP017551	ICEberg|1736|ICEMha2|GenBank|NC_020833.2|1557279..1616347_Mannheimia_haemolytica_USDA-ARS-USMARC-183__complete_sequence	95.187	187	8	1	930078	930264	10476	10291	6.64e-75	294
accn|CP017551	ICEberg|1736|ICEMha2|GenBank|NC_020833.2|1557279..1616347_Mannheimia_haemolytica_USDA-ARS-USMARC-183__complete_sequence	100.000	90	0	0	1530906	1530995	6098	6187	1.51e-36	167
accn|CP017551	ICEberg|1736|ICEMha2|GenBank|NC_020833.2|1557279..1616347_Mannheimia_haemolytica_USDA-ARS-USMARC-183__complete_sequence	100.000	59	0	0	915070	915128	3883	3825	2.58e-19	110
accn|CP017551	ICEberg|1736|ICEMha2|GenBank|NC_020833.2|1557279..1616347_Mannheimia_haemolytica_USDA-ARS-USMARC-183__complete_sequence	95.745	47	2	0	954314	954360	13858	13812	2.62e-09	76.8
accn|CP017551	ICEberg|2047|Tn7406|GenBank|CP087379.1|1564187..1622411_Mannheimia_haemolytica_strain_IMT47952_chromosome__complete_genome	96.683	10823	356	1	1659795	1670614	25177	14355	0.0	17994
accn|CP017551	ICEberg|2047|Tn7406|GenBank|CP087379.1|1564187..1622411_Mannheimia_haemolytica_strain_IMT47952_chromosome__complete_genome	96.923	7409	212	2	1693263	1700656	7408	1	0.0	12405
accn|CP017551	ICEberg|2047|Tn7406|GenBank|CP087379.1|1564187..1622411_Mannheimia_haemolytica_strain_IMT47952_chromosome__complete_genome	99.805	2054	2	2	158160	160211	37574	39627	0.0	3770
accn|CP017551	ICEberg|2047|Tn7406|GenBank|CP087379.1|1564187..1622411_Mannheimia_haemolytica_strain_IMT47952_chromosome__complete_genome	99.902	2044	2	0	1690243	1692286	37574	39617	0.0	3764
accn|CP017551	ICEberg|2047|Tn7406|GenBank|CP087379.1|1564187..1622411_Mannheimia_haemolytica_strain_IMT47952_chromosome__complete_genome	99.944	1773	1	0	1632503	1634275	41844	43616	0.0	3269
accn|CP017551	ICEberg|2047|Tn7406|GenBank|CP087379.1|1564187..1622411_Mannheimia_haemolytica_strain_IMT47952_chromosome__complete_genome	99.903	1026	1	0	1634350	1635375	51537	52562	0.0	1890
accn|CP017551	ICEberg|2047|Tn7406|GenBank|CP087379.1|1564187..1622411_Mannheimia_haemolytica_strain_IMT47952_chromosome__complete_genome	99.529	637	3	0	1634376	1635012	44326	44962	0.0	1160
accn|CP017551	ICEberg|2047|Tn7406|GenBank|CP087379.1|1564187..1622411_Mannheimia_haemolytica_strain_IMT47952_chromosome__complete_genome	100.000	113	0	0	1614034	1614146	37573	37461	2.48e-49	209
accn|CP017551	ICEberg|2047|Tn7406|GenBank|CP087379.1|1564187..1622411_Mannheimia_haemolytica_strain_IMT47952_chromosome__complete_genome	96.610	59	1	1	1603768	1603826	57920	57863	2.01e-15	97.1
accn|CP017551	ICEberg|2047|Tn7406|GenBank|CP087379.1|1564187..1622411_Mannheimia_haemolytica_strain_IMT47952_chromosome__complete_genome	96.610	59	1	1	917334	917392	57920	57863	2.01e-15	97.1
accn|CP017551	ICEberg|2047|Tn7406|GenBank|CP087379.1|1564187..1622411_Mannheimia_haemolytica_strain_IMT47952_chromosome__complete_genome	100.000	36	0	0	955880	955915	37573	37538	1.58e-06	67.6
accn|CP017551	ICEberg|2047|Tn7406|GenBank|CP087379.1|1564187..1622411_Mannheimia_haemolytica_strain_IMT47952_chromosome__complete_genome	95.238	42	2	0	954319	954360	54944	54985	1.58e-06	67.6
accn|CP017551	ICEberg|1698|ICEGpa3|GenBank|CP018032.1|1710663..1776472_Glaesserella_parasuis_D74__complete_sequence	95.394	6448	282	14	1609202	1615640	43884	37443	0.0	10248
accn|CP017551	ICEberg|1698|ICEGpa3|GenBank|CP018032.1|1710663..1776472_Glaesserella_parasuis_D74__complete_sequence	95.683	4911	196	11	1646897	1651802	37295	32396	0.0	7880
accn|CP017551	ICEberg|1698|ICEGpa3|GenBank|CP018032.1|1710663..1776472_Glaesserella_parasuis_D74__complete_sequence	98.477	1379	21	0	950383	951761	13596	14974	0.0	2431
accn|CP017551	ICEberg|1698|ICEGpa3|GenBank|CP018032.1|1710663..1776472_Glaesserella_parasuis_D74__complete_sequence	96.575	438	15	0	1338507	1338944	49901	49464	0.0	726
accn|CP017551	ICEberg|1698|ICEGpa3|GenBank|CP018032.1|1710663..1776472_Glaesserella_parasuis_D74__complete_sequence	100.000	47	0	0	954314	954360	41495	41541	1.21e-12	87.9
accn|CP017551	ICEberg|1698|ICEGpa3|GenBank|CP018032.1|1710663..1776472_Glaesserella_parasuis_D74__complete_sequence	97.959	49	1	0	1603576	1603624	44607	44559	4.35e-12	86.1
accn|CP017551	ICEberg|1698|ICEGpa3|GenBank|CP018032.1|1710663..1776472_Glaesserella_parasuis_D74__complete_sequence	97.959	49	1	0	917142	917190	44607	44559	4.35e-12	86.1
accn|CP017551	ICEberg|1692|ICEGpa1804|GenBank|CP069308.1|717521..789400_Glaesserella_parasuis_strain_EHP1804_chromosome__complete_genome	99.929	4220	3	0	1630056	1634275	64311	60092	0.0	7777
accn|CP017551	ICEberg|1692|ICEGpa1804|GenBank|CP069308.1|717521..789400_Glaesserella_parasuis_strain_EHP1804_chromosome__complete_genome	99.567	1387	4	2	1634376	1635761	59382	57997	0.0	2527
accn|CP017551	ICEberg|1692|ICEGpa1804|GenBank|CP069308.1|717521..789400_Glaesserella_parasuis_strain_EHP1804_chromosome__complete_genome	98.890	1081	11	1	1637497	1638576	55977	54897	0.0	1929
accn|CP017551	ICEberg|1692|ICEGpa1804|GenBank|CP069308.1|717521..789400_Glaesserella_parasuis_strain_EHP1804_chromosome__complete_genome	99.066	1071	10	0	1637497	1638567	66001	64931	0.0	1923
accn|CP017551	ICEberg|1692|ICEGpa1804|GenBank|CP069308.1|717521..789400_Glaesserella_parasuis_strain_EHP1804_chromosome__complete_genome	100.000	309	0	0	1635443	1635751	55215	54907	2.74e-158	571
accn|CP017551	ICEberg|1692|ICEGpa1804|GenBank|CP069308.1|717521..789400_Glaesserella_parasuis_strain_EHP1804_chromosome__complete_genome	100.000	309	0	0	1638259	1638567	58315	58007	2.74e-158	571
accn|CP017551	ICEberg|1692|ICEGpa1804|GenBank|CP069308.1|717521..789400_Glaesserella_parasuis_strain_EHP1804_chromosome__complete_genome	97.892	332	4	3	1635443	1635773	65239	64910	2.74e-158	571
accn|CP017551	ICEberg|1603|ICEAsu1|GenBank|CP009159.1|982132..1037894_Actinobacillus_suis_ATCC_33415__complete_genome	99.548	3984	15	3	1676661	1680643	20153	16172	0.0	7254
accn|CP017551	ICEberg|1603|ICEAsu1|GenBank|CP009159.1|982132..1037894_Actinobacillus_suis_ATCC_33415__complete_genome	99.387	163	1	0	1692287	1692449	8207	8045	1.85e-75	296
accn|CP017551	ICEberg|1713|ICEHpa1|GenBank|CP054198.1|1511383..1580304_Glaesserella_parasuis_strain_YHP170504_chromosome__complete_genome	99.712	3125	9	0	1635443	1638567	6686	9810	0.0	5722
accn|CP017551	ICEberg|1713|ICEHpa1|GenBank|CP054198.1|1511383..1580304_Glaesserella_parasuis_strain_YHP170504_chromosome__complete_genome	99.801	3017	6	0	1631256	1634272	13916	10900	0.0	5539
accn|CP017551	ICEberg|1713|ICEHpa1|GenBank|CP054198.1|1511383..1580304_Glaesserella_parasuis_strain_YHP170504_chromosome__complete_genome	99.162	1074	9	0	1637494	1638567	5921	6994	0.0	1934
accn|CP017551	ICEberg|1713|ICEHpa1|GenBank|CP054198.1|1511383..1580304_Glaesserella_parasuis_strain_YHP170504_chromosome__complete_genome	96.459	1073	38	0	1637495	1638567	13914	14986	0.0	1772
accn|CP017551	ICEberg|1713|ICEHpa1|GenBank|CP054198.1|1511383..1580304_Glaesserella_parasuis_strain_YHP170504_chromosome__complete_genome	100.000	831	0	0	1634418	1635248	10900	10070	0.0	1535
accn|CP017551	ICEberg|1713|ICEHpa1|GenBank|CP054198.1|1511383..1580304_Glaesserella_parasuis_strain_YHP170504_chromosome__complete_genome	99.355	310	2	0	1635443	1635752	9502	9811	1.65e-155	562
accn|CP017551	ICEberg|1713|ICEHpa1|GenBank|CP054198.1|1511383..1580304_Glaesserella_parasuis_strain_YHP170504_chromosome__complete_genome	98.706	309	4	0	1635443	1635751	14678	14986	1.28e-151	549
accn|CP017551	ICEberg|1713|ICEHpa1|GenBank|CP054198.1|1511383..1580304_Glaesserella_parasuis_strain_YHP170504_chromosome__complete_genome	97.436	117	3	0	1637213	1637329	6997	7113	1.49e-46	200
accn|CP017551	ICEberg|1713|ICEHpa1|GenBank|CP054198.1|1511383..1580304_Glaesserella_parasuis_strain_YHP170504_chromosome__complete_genome	97.436	117	3	0	1635754	1635870	8456	8572	1.49e-46	200
accn|CP017551	ICEberg|1713|ICEHpa1|GenBank|CP054198.1|1511383..1580304_Glaesserella_parasuis_strain_YHP170504_chromosome__complete_genome	98.214	56	0	1	1601561	1601616	1	55	2.01e-15	97.1
accn|CP017551	ICEberg|1713|ICEHpa1|GenBank|CP054198.1|1511383..1580304_Glaesserella_parasuis_strain_YHP170504_chromosome__complete_genome	98.214	56	0	1	915070	915125	55	1	2.01e-15	97.1
accn|CP017551	ICEberg|1697|ICEGpa2|GenBank|CP049090.1|1351751..1421790_Glaesserella_parasuis_strain_aHPS7_chromosome__complete_genome	99.329	3131	15	1	1635443	1638567	8164	11294	0.0	5661
accn|CP017551	ICEberg|1697|ICEGpa2|GenBank|CP049090.1|1351751..1421790_Glaesserella_parasuis_strain_aHPS7_chromosome__complete_genome	99.801	3017	6	0	1631256	1634272	15343	12327	0.0	5539
accn|CP017551	ICEberg|1697|ICEGpa2|GenBank|CP049090.1|1351751..1421790_Glaesserella_parasuis_strain_aHPS7_chromosome__complete_genome	98.510	1074	16	0	1637494	1638567	7399	8472	0.0	1895
accn|CP017551	ICEberg|1697|ICEGpa2|GenBank|CP049090.1|1351751..1421790_Glaesserella_parasuis_strain_aHPS7_chromosome__complete_genome	96.552	1073	37	0	1637495	1638567	15341	16413	0.0	1777
accn|CP017551	ICEberg|1697|ICEGpa2|GenBank|CP049090.1|1351751..1421790_Glaesserella_parasuis_strain_aHPS7_chromosome__complete_genome	100.000	831	0	0	1634418	1635248	12327	11497	0.0	1535
accn|CP017551	ICEberg|1697|ICEGpa2|GenBank|CP049090.1|1351751..1421790_Glaesserella_parasuis_strain_aHPS7_chromosome__complete_genome	99.677	310	1	0	1635443	1635752	10986	11295	3.55e-157	568
accn|CP017551	ICEberg|1697|ICEGpa2|GenBank|CP049090.1|1351751..1421790_Glaesserella_parasuis_strain_aHPS7_chromosome__complete_genome	97.188	320	7	2	1635443	1635761	16105	16423	7.73e-149	540
accn|CP017551	ICEberg|1697|ICEGpa2|GenBank|CP049090.1|1351751..1421790_Glaesserella_parasuis_strain_aHPS7_chromosome__complete_genome	97.436	117	3	0	1637213	1637329	8475	8591	1.49e-46	200
accn|CP017551	ICEberg|1697|ICEGpa2|GenBank|CP049090.1|1351751..1421790_Glaesserella_parasuis_strain_aHPS7_chromosome__complete_genome	97.436	117	3	0	1635754	1635870	9940	10056	1.49e-46	200
accn|CP017551	ICEberg|1697|ICEGpa2|GenBank|CP049090.1|1351751..1421790_Glaesserella_parasuis_strain_aHPS7_chromosome__complete_genome	100.000	56	0	0	1601561	1601616	1478	1533	1.20e-17	104
accn|CP017551	ICEberg|1697|ICEGpa2|GenBank|CP049090.1|1351751..1421790_Glaesserella_parasuis_strain_aHPS7_chromosome__complete_genome	100.000	56	0	0	915070	915125	1533	1478	1.20e-17	104
accn|CP017551	PID|170717971|gi|170717206|ref|NC_010519.1|_c1948550-1945713_Haemophilus_somnus_2336_chromosome__complete_genome	99.965	2838	1	0	1655114	1657951	2838	1	0.0	5236
accn|CP017551	ICEberg|1741|ICEnahCSV86|GenBank|AMWJ02000001.1|274076..379297_Pseudomonas_bharatica_CSV86_tig0000001__whole_genome_shotgun_sequence	97.355	2987	77	2	1683723	1686708	42821	39836	0.0	5077
accn|CP017551	ICEberg|1741|ICEnahCSV86|GenBank|AMWJ02000001.1|274076..379297_Pseudomonas_bharatica_CSV86_tig0000001__whole_genome_shotgun_sequence	97.355	2987	77	2	1683723	1686708	93425	90440	0.0	5077
accn|CP017551	ICEberg|194|ICE(Tn4371)6035|GenBank|NZ_AAOA01000008|133371..184030_Congregibacter_litoralis_KT71_1097664134142__whole_genome_shotgun_sequence	97.160	2993	83	2	1683717	1686708	26742	29733	0.0	5055
accn|CP017551	ICEberg|1602|ICEAsp1|GenBank|MW030510.1|1..72978_Actinobacillus_sp._ICEAsp1_mobile_element__complete_sequence	99.777	2243	5	0	1631256	1633498	55130	57372	0.0	4115
accn|CP017551	ICEberg|1602|ICEAsp1|GenBank|MW030510.1|1..72978_Actinobacillus_sp._ICEAsp1_mobile_element__complete_sequence	99.066	1071	10	0	1637497	1638567	67053	65983	0.0	1923
accn|CP017551	ICEberg|1602|ICEAsp1|GenBank|MW030510.1|1..72978_Actinobacillus_sp._ICEAsp1_mobile_element__complete_sequence	98.879	1070	12	0	1637498	1638567	60628	59559	0.0	1910
accn|CP017551	ICEberg|1602|ICEAsp1|GenBank|MW030510.1|1..72978_Actinobacillus_sp._ICEAsp1_mobile_element__complete_sequence	98.242	1081	17	1	1637487	1638567	63382	62304	0.0	1890
accn|CP017551	ICEberg|1602|ICEAsp1|GenBank|MW030510.1|1..72978_Actinobacillus_sp._ICEAsp1_mobile_element__complete_sequence	96.449	1070	37	1	1637498	1638567	55129	54061	0.0	1764
accn|CP017551	ICEberg|1602|ICEAsp1|GenBank|MW030510.1|1..72978_Actinobacillus_sp._ICEAsp1_mobile_element__complete_sequence	100.000	831	0	0	1634418	1635248	58526	59356	0.0	1535
accn|CP017551	ICEberg|1602|ICEAsp1|GenBank|MW030510.1|1..72978_Actinobacillus_sp._ICEAsp1_mobile_element__complete_sequence	100.000	309	0	0	1635443	1635751	66291	65983	2.74e-158	571
accn|CP017551	ICEberg|1602|ICEAsp1|GenBank|MW030510.1|1..72978_Actinobacillus_sp._ICEAsp1_mobile_element__complete_sequence	99.677	310	1	0	1635443	1635752	59867	59558	3.55e-157	568
accn|CP017551	ICEberg|1602|ICEAsp1|GenBank|MW030510.1|1..72978_Actinobacillus_sp._ICEAsp1_mobile_element__complete_sequence	99.032	310	3	0	1635443	1635752	62612	62303	7.68e-154	556
accn|CP017551	ICEberg|1602|ICEAsp1|GenBank|MW030510.1|1..72978_Actinobacillus_sp._ICEAsp1_mobile_element__complete_sequence	98.382	309	4	1	1635443	1635751	54368	54061	2.15e-149	542
accn|CP017551	ICEberg|1602|ICEAsp1|GenBank|MW030510.1|1..72978_Actinobacillus_sp._ICEAsp1_mobile_element__complete_sequence	100.000	64	0	0	1632609	1632672	58463	58526	4.29e-22	119
accn|CP017551	PID|170717986|gi|170717206|ref|NC_010519.1|_c1957154-1954953_Haemophilus_somnus_2336_chromosome__complete_genome	99.955	2202	1	0	1664354	1666555	2202	1	0.0	4061
accn|CP017551	PID|170717964|gi|170717206|ref|NC_010519.1|_1939940-1941952_Haemophilus_somnus_2336_chromosome__complete_genome	99.950	2013	1	0	1649341	1651353	1	2013	0.0	3712
accn|CP017551	ICEberg|50|ICEXcaVe85-1|GenBank|AM039952|2631723..2740954_Xanthomonas_campestris_pv._vesicatoria_complete_genome	99.832	1787	3	0	1632503	1634289	24753	26539	0.0	3284
accn|CP017551	ICEberg|1763|ICEPgs6Chn1|GenBank|MN507533.1|1..116235_Proteus_genomosp._6_strain_T60_sequence	99.832	1784	3	0	1632503	1634286	22557	24340	0.0	3278
accn|CP017551	ICEberg|1763|ICEPgs6Chn1|GenBank|MN507533.1|1..116235_Proteus_genomosp._6_strain_T60_sequence	99.908	1091	1	0	1634285	1635375	40707	41797	0.0	2010
accn|CP017551	ICEberg|1763|ICEPgs6Chn1|GenBank|MN507533.1|1..116235_Proteus_genomosp._6_strain_T60_sequence	99.318	880	6	0	1631460	1632339	29150	28271	0.0	1592
accn|CP017551	ICEberg|1758|ICEPciChn180|GenBank|CP073356.1|3209019..3335275_Proteus_terrae_subsp._cibarius_strain_SDQ8C180-2T_chromosome__complete_genome	99.832	1784	3	0	1632503	1634286	92163	90380	0.0	3278
accn|CP017551	ICEberg|1758|ICEPciChn180|GenBank|CP073356.1|3209019..3335275_Proteus_terrae_subsp._cibarius_strain_SDQ8C180-2T_chromosome__complete_genome	99.908	1091	1	0	1634285	1635375	74013	72923	0.0	2010
accn|CP017551	ICEberg|1758|ICEPciChn180|GenBank|CP073356.1|3209019..3335275_Proteus_terrae_subsp._cibarius_strain_SDQ8C180-2T_chromosome__complete_genome	99.207	883	7	0	1631457	1632339	85567	86449	0.0	1592
accn|CP017551	ICEberg|1935|ICEVchChn1307|GenBank|KJ817376.1|1..104025_Vibrio_cholerae_O1_strain_ICDC-1307_SXT_element__complete_sequence	99.831	1779	3	0	1632502	1634280	81050	79272	0.0	3269
accn|CP017551	ICEberg|1935|ICEVchChn1307|GenBank|KJ817376.1|1..104025_Vibrio_cholerae_O1_strain_ICDC-1307_SXT_element__complete_sequence	99.700	1000	3	0	1634376	1635375	79284	78285	0.0	1831
accn|CP017551	ICEberg|1935|ICEVchChn1307|GenBank|KJ817376.1|1..104025_Vibrio_cholerae_O1_strain_ICDC-1307_SXT_element__complete_sequence	99.043	940	8	1	1632503	1633442	85003	84065	0.0	1685
accn|CP017551	ICEberg|1933|ICEVchChn0956|GenBank|KT151655.1|1..109322_Vibrio_cholerae_strain_ICDC-956_sequence	99.831	1779	3	0	1632502	1634280	79523	77745	0.0	3269
accn|CP017551	ICEberg|1933|ICEVchChn0956|GenBank|KT151655.1|1..109322_Vibrio_cholerae_strain_ICDC-956_sequence	99.700	1000	3	0	1634376	1635375	77757	76758	0.0	1831
accn|CP017551	ICEberg|1933|ICEVchChn0956|GenBank|KT151655.1|1..109322_Vibrio_cholerae_strain_ICDC-956_sequence	99.149	940	8	0	1632503	1633442	83477	82538	0.0	1692
accn|CP017551	ICEberg|1063|ICEVchCHN956|GenBank|KT151655|1..109322_Vibrio_cholerae_strain_ICDC-956_SXT_element_genomic_sequence	99.831	1779	3	0	1632502	1634280	79523	77745	0.0	3269
accn|CP017551	ICEberg|1063|ICEVchCHN956|GenBank|KT151655|1..109322_Vibrio_cholerae_strain_ICDC-956_SXT_element_genomic_sequence	99.700	1000	3	0	1634376	1635375	77757	76758	0.0	1831
accn|CP017551	ICEberg|1063|ICEVchCHN956|GenBank|KT151655|1..109322_Vibrio_cholerae_strain_ICDC-956_SXT_element_genomic_sequence	99.149	940	8	0	1632503	1633442	83477	82538	0.0	1692
accn|CP017551	ICEberg|1059|ICEVchCHN4210|GenBank|KT151662|1..110349_Vibrio_cholerae_strain_ICDC-4210_SXT_element_genomic_sequence	99.831	1779	3	0	1632502	1634280	79523	77745	0.0	3269
accn|CP017551	ICEberg|1059|ICEVchCHN4210|GenBank|KT151662|1..110349_Vibrio_cholerae_strain_ICDC-4210_SXT_element_genomic_sequence	99.700	1000	3	0	1634376	1635375	77757	76758	0.0	1831
accn|CP017551	ICEberg|1059|ICEVchCHN4210|GenBank|KT151662|1..110349_Vibrio_cholerae_strain_ICDC-4210_SXT_element_genomic_sequence	99.255	940	7	0	1632503	1633442	83477	82538	0.0	1698
accn|CP017551	ICEberg|1051|ICEVchCHN1627|GenBank|KT151657|1..102413_Vibrio_cholerae_strain_ICDC-1627_SXT_element_genomic_sequence	99.831	1779	3	0	1632502	1634280	79523	77745	0.0	3269
accn|CP017551	ICEberg|1051|ICEVchCHN1627|GenBank|KT151657|1..102413_Vibrio_cholerae_strain_ICDC-1627_SXT_element_genomic_sequence	99.700	1000	3	0	1634376	1635375	77757	76758	0.0	1831
accn|CP017551	ICEberg|1051|ICEVchCHN1627|GenBank|KT151657|1..102413_Vibrio_cholerae_strain_ICDC-1627_SXT_element_genomic_sequence	99.149	940	8	0	1632503	1633442	83477	82538	0.0	1692
accn|CP017551	ICEberg|1804|ICEPmu3|GenBank|CP038873.1|1026914..1096464_Pasteurella_multocida_strain_FCf45_chromosome__complete_genome	99.887	1775	2	0	1632501	1634275	56245	54471	0.0	3267
accn|CP017551	ICEberg|1804|ICEPmu3|GenBank|CP038873.1|1026914..1096464_Pasteurella_multocida_strain_FCf45_chromosome__complete_genome	99.265	1088	8	0	1631268	1632355	52118	51031	0.0	1965
accn|CP017551	ICEberg|1804|ICEPmu3|GenBank|CP038873.1|1026914..1096464_Pasteurella_multocida_strain_FCf45_chromosome__complete_genome	99.500	1000	5	0	1634376	1635375	53761	52762	0.0	1820
accn|CP017551	ICEberg|1804|ICEPmu3|GenBank|CP038873.1|1026914..1096464_Pasteurella_multocida_strain_FCf45_chromosome__complete_genome	96.104	77	3	0	1858315	1858391	69475	69551	2.56e-24	126
accn|CP017551	ICEberg|1804|ICEPmu3|GenBank|CP038873.1|1026914..1096464_Pasteurella_multocida_strain_FCf45_chromosome__complete_genome	96.053	76	3	0	148067	148142	69551	69476	9.23e-24	124
accn|CP017551	ICEberg|1804|ICEPmu3|GenBank|CP038873.1|1026914..1096464_Pasteurella_multocida_strain_FCf45_chromosome__complete_genome	96.053	76	3	0	147740	147815	69551	69476	9.23e-24	124
accn|CP017551	ICEberg|35|ICEVchVie1|GenBank|AB114188|1..23402_Vibrio_cholerae_DNA__integrating_antibiotic_resistance_gene_element	99.775	1779	4	0	1632502	1634280	17624	19402	0.0	3264
accn|CP017551	ICEberg|35|ICEVchVie1|GenBank|AB114188|1..23402_Vibrio_cholerae_DNA__integrating_antibiotic_resistance_gene_element	99.700	1000	3	0	1634376	1635375	19390	20389	0.0	1831
accn|CP017551	ICEberg|35|ICEVchVie1|GenBank|AB114188|1..23402_Vibrio_cholerae_DNA__integrating_antibiotic_resistance_gene_element	99.149	940	8	0	1632503	1633442	13669	14608	0.0	1692
accn|CP017551	ICEberg|1807|ICEPmu4|GenBank|CP038875.1|2009809..2087766_Pasteurella_multocida_strain_FCf83_chromosome__complete_genome	99.887	1772	2	0	1632501	1634272	71466	69695	0.0	3262
accn|CP017551	ICEberg|1807|ICEPmu4|GenBank|CP038875.1|2009809..2087766_Pasteurella_multocida_strain_FCf83_chromosome__complete_genome	100.000	1088	0	0	1631268	1632355	68094	67007	0.0	2010
accn|CP017551	ICEberg|1807|ICEPmu4|GenBank|CP038875.1|2009809..2087766_Pasteurella_multocida_strain_FCf83_chromosome__complete_genome	99.896	958	1	0	1634418	1635375	69695	68738	0.0	1764
accn|CP017551	ICEberg|1807|ICEPmu4|GenBank|CP038875.1|2009809..2087766_Pasteurella_multocida_strain_FCf83_chromosome__complete_genome	96.104	77	3	0	1858315	1858391	77	1	2.56e-24	126
accn|CP017551	ICEberg|1807|ICEPmu4|GenBank|CP038875.1|2009809..2087766_Pasteurella_multocida_strain_FCf83_chromosome__complete_genome	96.053	76	3	0	147740	147815	1	76	9.23e-24	124
accn|CP017551	ICEberg|1807|ICEPmu4|GenBank|CP038875.1|2009809..2087766_Pasteurella_multocida_strain_FCf83_chromosome__complete_genome	96.053	76	3	0	148067	148142	1	76	9.23e-24	124
accn|CP017551	ICEberg|1598|ICEAplChn1|GenBank|KX196444.1|1..100848_Actinobacillus_pleuropneumoniae_sequence	99.775	1778	4	0	1632503	1634280	24980	26757	0.0	3262
accn|CP017551	ICEberg|1598|ICEAplChn1|GenBank|KX196444.1|1..100848_Actinobacillus_pleuropneumoniae_sequence	99.500	1000	2	1	1634376	1635375	26745	27741	0.0	1816
accn|CP017551	ICEberg|1598|ICEAplChn1|GenBank|KX196444.1|1..100848_Actinobacillus_pleuropneumoniae_sequence	99.797	987	2	0	1632587	1633573	22732	23718	0.0	1812
accn|CP017551	ICEberg|976|ICEKkKWG1|GenBank|LN869922|850916..923591_Kingella_kingae_genome_assembly_KKKWG1__chromosome___I	99.663	1783	6	0	1632498	1634280	19209	20991	0.0	3260
accn|CP017551	ICEberg|976|ICEKkKWG1|GenBank|LN869922|850916..923591_Kingella_kingae_genome_assembly_KKKWG1__chromosome___I	99.496	1787	9	0	1632503	1634289	29633	31419	0.0	3251
accn|CP017551	ICEberg|976|ICEKkKWG1|GenBank|LN869922|850916..923591_Kingella_kingae_genome_assembly_KKKWG1__chromosome___I	99.800	1000	2	0	1634376	1635375	20979	21978	0.0	1836
accn|CP017551	ICEberg|1781|ICEPmiChn-JZ35|GenBank|ON390821.1|1..142200_Proteus_terrae_subsp._cibarius_strain_JZ35_ICEPmiChn-JZ35_mobile_element__complete_sequence	99.606	1778	5	2	1632503	1634280	86020	84245	0.0	3243
accn|CP017551	ICEberg|1781|ICEPmiChn-JZ35|GenBank|ON390821.1|1..142200_Proteus_terrae_subsp._cibarius_strain_JZ35_ICEPmiChn-JZ35_mobile_element__complete_sequence	99.346	1071	7	0	1632503	1633573	88348	87278	0.0	1940
accn|CP017551	ICEberg|1781|ICEPmiChn-JZ35|GenBank|ON390821.1|1..142200_Proteus_terrae_subsp._cibarius_strain_JZ35_ICEPmiChn-JZ35_mobile_element__complete_sequence	99.500	1000	2	3	1634376	1635375	84257	83261	0.0	1816
accn|CP017551	ICEberg|1056|ICEVchCHN2605|GenBank|KT151661|1..98458_Vibrio_cholerae_strain_ICDC-2605_SXT_element_genomic_sequence	99.550	1778	8	0	1632503	1634280	79522	77745	0.0	3240
accn|CP017551	ICEberg|1056|ICEVchCHN2605|GenBank|KT151661|1..98458_Vibrio_cholerae_strain_ICDC-2605_SXT_element_genomic_sequence	99.700	1000	3	0	1634376	1635375	77757	76758	0.0	1831
accn|CP017551	ICEberg|1053|ICEVchCHN1944|GenBank|KT151659|1..100703_Vibrio_cholerae_strain_ICDC-1944_SXT_element_genomic_sequence	99.550	1778	8	0	1632503	1634280	79486	77709	0.0	3240
accn|CP017551	ICEberg|1053|ICEVchCHN1944|GenBank|KT151659|1..100703_Vibrio_cholerae_strain_ICDC-1944_SXT_element_genomic_sequence	99.700	1000	3	0	1634376	1635375	77721	76722	0.0	1831
accn|CP017551	ICEberg|1052|ICEVchCHN1909|GenBank|KT151658|1..108995_Vibrio_cholerae_strain_ICDC-1909_SXT_element_genomic_sequence	99.550	1778	8	0	1632503	1634280	79494	77717	0.0	3240
accn|CP017551	ICEberg|1052|ICEVchCHN1909|GenBank|KT151658|1..108995_Vibrio_cholerae_strain_ICDC-1909_SXT_element_genomic_sequence	99.700	1000	3	0	1634376	1635375	77729	76730	0.0	1831
accn|CP017551	ICEberg|1050|ICEVchCHN1605|GenBank|KT151656|1..98419_Vibrio_cholerae_strain_ICDC-1605_SXT_element_genomic_sequence	99.550	1778	8	0	1632503	1634280	79522	77745	0.0	3240
accn|CP017551	ICEberg|1050|ICEVchCHN1605|GenBank|KT151656|1..98419_Vibrio_cholerae_strain_ICDC-1605_SXT_element_genomic_sequence	99.700	1000	3	0	1634376	1635375	77757	76758	0.0	1831
accn|CP017551	ICEberg|1049|ICEVchCHN143|GenBank|KT151654|1..98459_Vibrio_cholerae_strain_ICDC-143_SXT_element_genomic_sequence	99.550	1778	8	0	1632503	1634280	79522	77745	0.0	3240
accn|CP017551	ICEberg|1049|ICEVchCHN143|GenBank|KT151654|1..98459_Vibrio_cholerae_strain_ICDC-143_SXT_element_genomic_sequence	99.700	1000	3	0	1634376	1635375	77757	76758	0.0	1831
accn|CP017551	ICEberg|1035|ICEPvuCHN2213|GenBank|KX243403|1..94340_Proteus_vulgaris_strain_08MAS2213_complete_sequence	99.550	1778	8	0	1632503	1634280	18931	20708	0.0	3240
accn|CP017551	ICEberg|1035|ICEPvuCHN2213|GenBank|KX243403|1..94340_Proteus_vulgaris_strain_08MAS2213_complete_sequence	99.700	1000	3	0	1634376	1635375	20696	21695	0.0	1831
accn|CP017551	ICEberg|1031|ICEPmiCHN903|GenBank|KX243410|1..89644_Proteus_mirabilis_strain_MD20140903_complete_sequence	99.550	1778	8	0	1632503	1634280	16800	18577	0.0	3240
accn|CP017551	ICEberg|1031|ICEPmiCHN903|GenBank|KX243410|1..89644_Proteus_mirabilis_strain_MD20140903_complete_sequence	99.700	1000	3	0	1634376	1635375	18565	19564	0.0	1831
accn|CP017551	ICEberg|1031|ICEPmiCHN903|GenBank|KX243410|1..89644_Proteus_mirabilis_strain_MD20140903_complete_sequence	96.014	577	23	0	1683724	1684300	65817	66393	0.0	939
accn|CP017551	ICEberg|1030|ICEPmiCHN902|GenBank|KX243409|1..89096_Proteus_mirabilis_strain_MD20140902__complete_sequence	99.550	1778	8	0	1632503	1634280	16800	18577	0.0	3240
accn|CP017551	ICEberg|1030|ICEPmiCHN902|GenBank|KX243409|1..89096_Proteus_mirabilis_strain_MD20140902__complete_sequence	99.700	1000	3	0	1634376	1635375	18565	19564	0.0	1831
accn|CP017551	ICEberg|1030|ICEPmiCHN902|GenBank|KX243409|1..89096_Proteus_mirabilis_strain_MD20140902__complete_sequence	95.000	80	4	0	1683724	1683803	65817	65896	2.56e-24	126
accn|CP017551	ICEberg|1029|ICEPmiCHN901|GenBank|KX243408|1..89493_Proteus_mirabilis_strain_MD20140901_complete_sequence	99.550	1778	8	0	1632503	1634280	16800	18577	0.0	3240
accn|CP017551	ICEberg|1029|ICEPmiCHN901|GenBank|KX243408|1..89493_Proteus_mirabilis_strain_MD20140901_complete_sequence	99.700	1000	3	0	1634376	1635375	18565	19564	0.0	1831
accn|CP017551	ICEberg|1029|ICEPmiCHN901|GenBank|KX243408|1..89493_Proteus_mirabilis_strain_MD20140901_complete_sequence	96.014	577	23	0	1683724	1684300	65891	66467	0.0	939
accn|CP017551	ICEberg|1026|ICEPmiCHN3300|GenBank|KX243415|1..108335_Proteus_mirabilis_strain_TJ3300_complete_sequence	99.550	1778	8	0	1632503	1634280	18928	20705	0.0	3240
accn|CP017551	ICEberg|1026|ICEPmiCHN3300|GenBank|KX243415|1..108335_Proteus_mirabilis_strain_TJ3300_complete_sequence	99.700	1000	3	0	1634376	1635375	20693	21692	0.0	1831
accn|CP017551	ICEberg|1017|ICEPmiCHN1586|GenBank|KX243404|1..99355_Proteus_mirabilis_strain_08MAS1586_complete_sequence	99.550	1778	8	0	1632503	1634280	18999	20776	0.0	3240
accn|CP017551	ICEberg|1017|ICEPmiCHN1586|GenBank|KX243404|1..99355_Proteus_mirabilis_strain_08MAS1586_complete_sequence	99.700	1000	3	0	1634376	1635375	20764	21763	0.0	1831
accn|CP017551	ICEberg|1937|ICEVchMJ1236|GenBank|CP001485.1|2958350..3066043_Vibrio_cholerae_MJ-1236_chromosome_1__complete_sequence	99.494	1779	9	0	1632502	1634280	86719	84941	0.0	3236
accn|CP017551	ICEberg|1937|ICEVchMJ1236|GenBank|CP001485.1|2958350..3066043_Vibrio_cholerae_MJ-1236_chromosome_1__complete_sequence	99.800	1000	2	0	1634376	1635375	84953	83954	0.0	1836
accn|CP017551	ICEberg|1937|ICEVchMJ1236|GenBank|CP001485.1|2958350..3066043_Vibrio_cholerae_MJ-1236_chromosome_1__complete_sequence	100.000	169	0	0	1633554	1633722	89166	88998	1.83e-80	313
accn|CP017551	ICEberg|16|ICEVchBan9|GenBank|CP001485|2958347..3066049_Vibrio_cholerae_MJ-1236_chromosome_1__complete_sequence	99.494	1779	9	0	1632502	1634280	86722	84944	0.0	3236
accn|CP017551	ICEberg|16|ICEVchBan9|GenBank|CP001485|2958347..3066049_Vibrio_cholerae_MJ-1236_chromosome_1__complete_sequence	99.800	1000	2	0	1634376	1635375	84956	83957	0.0	1836
accn|CP017551	ICEberg|16|ICEVchBan9|GenBank|CP001485|2958347..3066049_Vibrio_cholerae_MJ-1236_chromosome_1__complete_sequence	100.000	169	0	0	1633554	1633722	89169	89001	1.83e-80	313
accn|CP017551	ICEberg|961|ICEApl2|GenBank|MF187965|1..92660_Actinobacillus_pleuropneumoniae_strain_MIDG3553_YhaH_(yhaH)_gene__complete_cds__ICEApl2_mobile_element__complete_sequence__and_PrfC_(prfC)_gene__complete_cds	99.494	1778	9	0	1632503	1634280	17312	19089	0.0	3234
accn|CP017551	ICEberg|961|ICEApl2|GenBank|MF187965|1..92660_Actinobacillus_pleuropneumoniae_strain_MIDG3553_YhaH_(yhaH)_gene__complete_cds__ICEApl2_mobile_element__complete_sequence__and_PrfC_(prfC)_gene__complete_cds	99.800	1000	2	0	1634376	1635375	19077	20076	0.0	1836
accn|CP017551	ICEberg|44|SXT(MO10)|GenBank|AY055428|1..99483_Vibrio_cholerae_STX_transposon-like_element_and_pilus_assembly_region__complete_sequence	99.494	1778	9	0	1632503	1634280	18463	20240	0.0	3234
accn|CP017551	ICEberg|44|SXT(MO10)|GenBank|AY055428|1..99483_Vibrio_cholerae_STX_transposon-like_element_and_pilus_assembly_region__complete_sequence	99.800	1000	2	0	1634376	1635375	20228	21227	0.0	1836
accn|CP017551	ICEberg|37|ICEPalBan1|GenBank|GQ463139|1..96676_Providencia_alcalifaciens_Ban1_integrating_conjugative_element_ICEPalban1__complete_sequence	99.494	1778	9	0	1632503	1634280	16701	18478	0.0	3234
accn|CP017551	ICEberg|37|ICEPalBan1|GenBank|GQ463139|1..96676_Providencia_alcalifaciens_Ban1_integrating_conjugative_element_ICEPalban1__complete_sequence	99.800	1000	2	0	1634376	1635375	18466	19465	0.0	1836
accn|CP017551	ICEberg|21|ICEVchInd4|GenBank|GQ463141|1..95326_Vibrio_cholerae_Ind4_integrating_conjugative_element_ICEVchind4__complete_sequence	99.494	1778	9	0	1632503	1634280	14286	16063	0.0	3234
accn|CP017551	ICEberg|21|ICEVchInd4|GenBank|GQ463141|1..95326_Vibrio_cholerae_Ind4_integrating_conjugative_element_ICEVchind4__complete_sequence	99.800	1000	2	0	1634376	1635375	16051	17050	0.0	1836
accn|CP017551	ICEberg|2038|Tn6864|GenBank|MT219827.1|1..108763_Providencia_rettgeri_strain_RF14-2_sequence	99.494	1778	9	0	1632503	1634280	18540	20317	0.0	3234
accn|CP017551	ICEberg|2038|Tn6864|GenBank|MT219827.1|1..108763_Providencia_rettgeri_strain_RF14-2_sequence	99.800	1000	2	0	1634376	1635375	20305	21304	0.0	1836
accn|CP017551	ICEberg|2036|Tn6862|GenBank|CP059348.1|704853..810761_Providencia_rettgeri_strain_PROV023_chromosome__complete_genome	99.494	1778	9	0	1632503	1634280	32131	33908	0.0	3234
accn|CP017551	ICEberg|2036|Tn6862|GenBank|CP059348.1|704853..810761_Providencia_rettgeri_strain_PROV023_chromosome__complete_genome	99.800	1000	2	0	1634376	1635375	33896	34895	0.0	1836
accn|CP017551	ICEberg|2036|Tn6862|GenBank|CP059348.1|704853..810761_Providencia_rettgeri_strain_PROV023_chromosome__complete_genome	99.320	883	6	0	1631457	1632339	24098	24980	0.0	1598
accn|CP017551	ICEberg|1940|ICEVchThd1|GenBank|CP007653.1|579719..680801_Vibrio_cholerae_strain_TSY216_chromosome_1__complete_sequence	99.494	1778	9	0	1632503	1634280	25086	26863	0.0	3234
accn|CP017551	ICEberg|1940|ICEVchThd1|GenBank|CP007653.1|579719..680801_Vibrio_cholerae_strain_TSY216_chromosome_1__complete_sequence	99.800	1000	2	0	1634376	1635375	26851	27850	0.0	1836
accn|CP017551	ICEberg|1923|ICEValZJT1|GenBank|CP016224.1|2476706..2564476_Vibrio_alginolyticus_strain_ZJ-T_chromosome_1__complete_sequence	99.494	1778	9	0	1632503	1634280	72136	70359	0.0	3234
accn|CP017551	ICEberg|1923|ICEValZJT1|GenBank|CP016224.1|2476706..2564476_Vibrio_alginolyticus_strain_ZJ-T_chromosome_1__complete_sequence	99.800	1000	2	0	1634376	1635375	70371	69372	0.0	1836
accn|CP017551	ICEberg|1915|ICETET|GenBank|MK165649.1|1..91463_Vibrio_cholerae_strain_IDH_1986_sequence	99.494	1778	9	0	1632503	1634280	15466	17243	0.0	3234
accn|CP017551	ICEberg|1915|ICETET|GenBank|MK165649.1|1..91463_Vibrio_cholerae_strain_IDH_1986_sequence	99.800	1000	2	0	1634376	1635375	17231	18230	0.0	1836
accn|CP017551	ICEberg|1914|ICESupCHN110003|GenBank|MG014393.1|1..91669_Shewanella_algae_strain_110003_sequence	99.494	1778	9	0	1632503	1634280	16619	18396	0.0	3234
accn|CP017551	ICEberg|1914|ICESupCHN110003|GenBank|MG014393.1|1..91669_Shewanella_algae_strain_110003_sequence	99.800	1000	2	0	1634376	1635375	18384	19383	0.0	1836
accn|CP017551	ICEberg|1857|ICERspD18B|GenBank|CP037745.1|2629186..2657721_Rheinheimera_sp._D18_chromosome__complete_genome	99.494	1778	9	0	1632503	1634280	2931	1154	0.0	3234
accn|CP017551	ICEberg|1857|ICERspD18B|GenBank|CP037745.1|2629186..2657721_Rheinheimera_sp._D18_chromosome__complete_genome	99.800	1000	2	0	1634376	1635375	1166	167	0.0	1836
accn|CP017551	ICEberg|1844|ICEPvuChnBC22|GenBank|MH160822.1|1..148751_Proteus_vulgaris_strain_SCpv22_sequence	99.494	1778	9	0	1632503	1634280	86813	88590	0.0	3234
accn|CP017551	ICEberg|1844|ICEPvuChnBC22|GenBank|MH160822.1|1..148751_Proteus_vulgaris_strain_SCpv22_sequence	99.800	1000	2	0	1634376	1635375	88578	89577	0.0	1836
accn|CP017551	ICEberg|1844|ICEPvuChnBC22|GenBank|MH160822.1|1..148751_Proteus_vulgaris_strain_SCpv22_sequence	99.318	880	6	0	1631460	1632339	36067	35188	0.0	1592
accn|CP017551	ICEberg|1788|ICEPmiFra1|GenBank|MF490434.1|1..107395_Proteus_mirabilis_sequence	99.494	1778	9	0	1632503	1634280	15363	17140	0.0	3234
accn|CP017551	ICEberg|1788|ICEPmiFra1|GenBank|MF490434.1|1..107395_Proteus_mirabilis_sequence	99.800	1000	2	0	1634376	1635375	17128	18127	0.0	1836
accn|CP017551	ICEberg|1788|ICEPmiFra1|GenBank|MF490434.1|1..107395_Proteus_mirabilis_sequence	99.207	883	7	0	1631457	1632339	73239	74121	0.0	1592
accn|CP017551	ICEberg|1786|ICEPmiChn-TQ12|GenBank|ON390822.1|1..147546_Proteus_terrae_subsp._cibarius_strain_TQ12_ICEPmiChn-TQ12_mobile_element__complete_sequence	99.494	1778	9	0	1632503	1634280	53919	55696	0.0	3234
accn|CP017551	ICEberg|1786|ICEPmiChn-TQ12|GenBank|ON390822.1|1..147546_Proteus_terrae_subsp._cibarius_strain_TQ12_ICEPmiChn-TQ12_mobile_element__complete_sequence	99.700	1000	3	0	1634376	1635375	55684	56683	0.0	1831
accn|CP017551	ICEberg|1786|ICEPmiChn-TQ12|GenBank|ON390822.1|1..147546_Proteus_terrae_subsp._cibarius_strain_TQ12_ICEPmiChn-TQ12_mobile_element__complete_sequence	99.207	883	7	0	1631457	1632339	60466	61348	0.0	1592
accn|CP017551	ICEberg|1785|ICEPmiChnSTP3|GenBank|MT449450.1|1..118916_Proteus_mirabilis_strain_STP3_sequence	99.494	1778	9	0	1632503	1634280	103796	102019	0.0	3234
accn|CP017551	ICEberg|1785|ICEPmiChnSTP3|GenBank|MT449450.1|1..118916_Proteus_mirabilis_strain_STP3_sequence	99.674	920	3	0	1634376	1635295	102031	101112	0.0	1683
accn|CP017551	ICEberg|1785|ICEPmiChnSTP3|GenBank|MT449450.1|1..118916_Proteus_mirabilis_strain_STP3_sequence	99.318	880	6	0	1631460	1632339	47686	46807	0.0	1592
accn|CP017551	ICEberg|1782|ICEPmiChnJZ57|GenBank|ON553412.1|1..116292_Proteus_mirabilis_strain_JZ57_ICEPmiChn_JZ57_mobile_element__complete_sequence	99.494	1778	9	0	1632503	1634280	12077	13854	0.0	3234
accn|CP017551	ICEberg|1782|ICEPmiChnJZ57|GenBank|ON553412.1|1..116292_Proteus_mirabilis_strain_JZ57_ICEPmiChn_JZ57_mobile_element__complete_sequence	99.800	1000	2	0	1634376	1635375	13842	14841	0.0	1836
accn|CP017551	ICEberg|1779|ICEPmiChnChSC1905|GenBank|CP047929.1|3384696..3471195_Proteus_mirabilis_strain_ChSC1905_chromosome__complete_genome	99.494	1778	9	0	1632503	1634280	82472	80695	0.0	3234
accn|CP017551	ICEberg|1779|ICEPmiChnChSC1905|GenBank|CP047929.1|3384696..3471195_Proteus_mirabilis_strain_ChSC1905_chromosome__complete_genome	99.800	1000	2	0	1634376	1635375	80707	79708	0.0	1836
accn|CP017551	ICEberg|1779|ICEPmiChnChSC1905|GenBank|CP047929.1|3384696..3471195_Proteus_mirabilis_strain_ChSC1905_chromosome__complete_genome	99.896	966	1	0	1634285	1635250	1925	2890	0.0	1779
accn|CP017551	ICEberg|1779|ICEPmiChnChSC1905|GenBank|CP047929.1|3384696..3471195_Proteus_mirabilis_strain_ChSC1905_chromosome__complete_genome	99.318	880	6	0	1631460	1632339	24594	23715	0.0	1592
accn|CP017551	ICEberg|1779|ICEPmiChnChSC1905|GenBank|CP047929.1|3384696..3471195_Proteus_mirabilis_strain_ChSC1905_chromosome__complete_genome	99.254	134	1	0	1635242	1635375	4071	4204	2.44e-59	243
accn|CP017551	ICEberg|1779|ICEPmiChnChSC1905|GenBank|CP047929.1|3384696..3471195_Proteus_mirabilis_strain_ChSC1905_chromosome__complete_genome	97.710	131	2	1	1632373	1632503	16875	17004	8.84e-54	224
accn|CP017551	ICEberg|1778|ICEPmiChnBCP11|GenBank|MG773277.1|1..141263_Proteus_mirabilis_integrating_conjugative_element_ICEPmiChn-BCP11_sequence	99.494	1778	9	0	1632503	1634280	14751	16528	0.0	3234
accn|CP017551	ICEberg|1778|ICEPmiChnBCP11|GenBank|MG773277.1|1..141263_Proteus_mirabilis_integrating_conjugative_element_ICEPmiChn-BCP11_sequence	99.817	1091	2	0	1634285	1635375	102058	103148	0.0	2004
accn|CP017551	ICEberg|1778|ICEPmiChnBCP11|GenBank|MG773277.1|1..141263_Proteus_mirabilis_integrating_conjugative_element_ICEPmiChn-BCP11_sequence	99.700	1000	3	0	1634376	1635375	16516	17515	0.0	1831
accn|CP017551	ICEberg|1778|ICEPmiChnBCP11|GenBank|MG773277.1|1..141263_Proteus_mirabilis_integrating_conjugative_element_ICEPmiChn-BCP11_sequence	99.207	883	7	0	1631457	1632339	83803	84685	0.0	1592
accn|CP017551	ICEberg|1778|ICEPmiChnBCP11|GenBank|MG773277.1|1..141263_Proteus_mirabilis_integrating_conjugative_element_ICEPmiChn-BCP11_sequence	97.710	131	2	1	1632373	1632503	77797	77668	8.84e-54	224
accn|CP017551	ICEberg|1762|ICEPflCDM8|GenBank|CP047240.1|950152..1060244_Pseudoalteromonas_sp._M8_chromosome_2__complete_sequence	99.494	1778	9	0	1632503	1634280	24685	26462	0.0	3234
accn|CP017551	ICEberg|1762|ICEPflCDM8|GenBank|CP047240.1|950152..1060244_Pseudoalteromonas_sp._M8_chromosome_2__complete_sequence	99.800	1000	2	0	1634376	1635375	26450	27449	0.0	1836
accn|CP017551	ICEberg|1762|ICEPflCDM8|GenBank|CP047240.1|950152..1060244_Pseudoalteromonas_sp._M8_chromosome_2__complete_sequence	99.207	883	7	0	1631457	1632339	78215	79097	0.0	1592
accn|CP017551	ICEberg|1759|ICEPciChn2|GenBank|MW423608.1|1..140916_Proteus_terrae_subsp._cibarius_strain_SH19PTE4_sequence	99.494	1778	9	0	1632503	1634280	31458	33235	0.0	3234
accn|CP017551	ICEberg|1759|ICEPciChn2|GenBank|MW423608.1|1..140916_Proteus_terrae_subsp._cibarius_strain_SH19PTE4_sequence	99.700	1000	3	0	1634376	1635375	33223	34222	0.0	1831
accn|CP017551	ICEberg|1759|ICEPciChn2|GenBank|MW423608.1|1..140916_Proteus_terrae_subsp._cibarius_strain_SH19PTE4_sequence	99.207	883	7	0	1631457	1632339	96616	97498	0.0	1592
accn|CP017551	ICEberg|1253|ICEKpnINF249-2|GenBank|CP024489.1|5079347..5289591_Klebsiella_pneumoniae_strain_INF249_chromosome__complete_genome	99.494	1778	9	0	1632503	1634280	202379	200602	0.0	3234
accn|CP017551	ICEberg|1253|ICEKpnINF249-2|GenBank|CP024489.1|5079347..5289591_Klebsiella_pneumoniae_strain_INF249_chromosome__complete_genome	99.700	1000	3	0	1634376	1635375	200614	199615	0.0	1831
accn|CP017551	ICEberg|1253|ICEKpnINF249-2|GenBank|CP024489.1|5079347..5289591_Klebsiella_pneumoniae_strain_INF249_chromosome__complete_genome	98.425	127	2	0	1632377	1632503	70766	70892	8.84e-54	224
accn|CP017551	ICEberg|1253|ICEKpnINF249-2|GenBank|CP024489.1|5079347..5289591_Klebsiella_pneumoniae_strain_INF249_chromosome__complete_genome	98.413	126	2	0	1632378	1632503	184387	184512	3.18e-53	222
accn|CP017551	ICEberg|1253|ICEKpnINF249-2|GenBank|CP024489.1|5079347..5289591_Klebsiella_pneumoniae_strain_INF249_chromosome__complete_genome	97.561	123	3	0	1632381	1632503	143863	143741	6.88e-50	211
accn|CP017551	ICEberg|1110|ICEKpnQD23-1|GenBank|CP042858.1|4831525..5022379_Klebsiella_pneumoniae_strain_QD23_chromosome__complete_genome	99.494	1778	9	0	1632503	1634280	173707	171930	0.0	3234
accn|CP017551	ICEberg|1110|ICEKpnQD23-1|GenBank|CP042858.1|4831525..5022379_Klebsiella_pneumoniae_strain_QD23_chromosome__complete_genome	99.800	1000	2	0	1634376	1635375	171942	170943	0.0	1836
accn|CP017551	ICEberg|1064|ICEVchChnAHV1003|GenBank|KT151663|1..101856_Vibrio_cholerae_strain_AHV1003_SXT_element_genomic_sequence	99.494	1778	9	0	1632503	1634280	76322	74545	0.0	3234
accn|CP017551	ICEberg|1064|ICEVchChnAHV1003|GenBank|KT151663|1..101856_Vibrio_cholerae_strain_AHV1003_SXT_element_genomic_sequence	99.800	1000	2	0	1634376	1635375	74557	73558	0.0	1836
accn|CP017551	ICEberg|1055|ICEVchChn2255|GenBank|KT151660|1..92592_Vibrio_cholerae_strain_ICDC-2255_SXT_element_genomic_sequence	99.494	1778	9	0	1632503	1634280	76322	74545	0.0	3234
accn|CP017551	ICEberg|1055|ICEVchChn2255|GenBank|KT151660|1..92592_Vibrio_cholerae_strain_ICDC-2255_SXT_element_genomic_sequence	99.800	1000	2	0	1634376	1635375	74557	73558	0.0	1836
accn|CP017551	ICEberg|1040|ICEValA056-1|GenBank|KR231688|1..89004_Vibrio_alginolyticus_strain_A056_transposon_ICEValA056-1__complete_sequence	99.494	1778	9	0	1632503	1634280	11237	13014	0.0	3234
accn|CP017551	ICEberg|1040|ICEValA056-1|GenBank|KR231688|1..89004_Vibrio_alginolyticus_strain_A056_transposon_ICEValA056-1__complete_sequence	99.800	1000	2	0	1634376	1635375	13002	14001	0.0	1836
accn|CP017551	ICEberg|1028|ICEPmiChn4|GenBank|KY437728|1..90566_Proteus_mirabilis_integrative_and_conjugative_element_ICEPmiChn4__complete_sequence__and_peptide_chain_release_factor_3_(prfC)_gene__complete_cds	99.494	1778	9	0	1632503	1634280	14787	16564	0.0	3234
accn|CP017551	ICEberg|1028|ICEPmiChn4|GenBank|KY437728|1..90566_Proteus_mirabilis_integrative_and_conjugative_element_ICEPmiChn4__complete_sequence__and_peptide_chain_release_factor_3_(prfC)_gene__complete_cds	99.500	1000	5	0	1634376	1635375	16552	17551	0.0	1820
accn|CP017551	ICEberg|36|ICEVflInd1|GenBank|GQ463144|1..114195_Vibrio_fluvialis_Ind1_integrating_conjugative_element_ICEVflInd1__complete_sequence	99.438	1778	10	0	1632503	1634280	35890	37667	0.0	3229
accn|CP017551	ICEberg|36|ICEVflInd1|GenBank|GQ463144|1..114195_Vibrio_fluvialis_Ind1_integrating_conjugative_element_ICEVflInd1__complete_sequence	99.700	1000	3	0	1634376	1635375	37655	38654	0.0	1831
accn|CP017551	ICEberg|287|ICEEcoJ53|GenBank|FJ968160|1..22687_Escherichia_coli_strain_J53_transposon_SXT__partial_sequence	99.438	1778	10	0	1632503	1634280	16910	18687	0.0	3229
accn|CP017551	ICEberg|287|ICEEcoJ53|GenBank|FJ968160|1..22687_Escherichia_coli_strain_J53_transposon_SXT__partial_sequence	99.700	1000	3	0	1634376	1635375	18675	19674	0.0	1831
accn|CP017551	ICEberg|273|SXT(KN14)|GenBank|AB535680|1..20747_Vibrio_cholerae_O1_biovar_El_Tor_SXT_conjugative_element_gene_cluster__complete_sequence__strain__KN14	99.438	1778	10	0	1632503	1634280	13657	15434	0.0	3229
accn|CP017551	ICEberg|273|SXT(KN14)|GenBank|AB535680|1..20747_Vibrio_cholerae_O1_biovar_El_Tor_SXT_conjugative_element_gene_cluster__complete_sequence__strain__KN14	99.800	1000	2	0	1634376	1635375	15422	16421	0.0	1836
accn|CP017551	ICEberg|22|ICEVchInd5|GenBank|GQ463142|1..97952_Vibrio_cholerae_Ind5_integrating_conjugative_element_ICEVchind5__complete_sequence	99.438	1778	10	0	1632503	1634280	16703	18480	0.0	3229
accn|CP017551	ICEberg|22|ICEVchInd5|GenBank|GQ463142|1..97952_Vibrio_cholerae_Ind5_integrating_conjugative_element_ICEVchind5__complete_sequence	99.800	1000	2	0	1634376	1635375	18468	19467	0.0	1836
accn|CP017551	ICEberg|1939|ICEVchRua2|GenBank|KY382506.1|1..97915_Vibrio_cholerae_O1_biovar_El_Tor_str._Inaba_RND18826_ICE_element_genomic_sequence	99.438	1778	10	0	1632503	1634280	14677	16454	0.0	3229
accn|CP017551	ICEberg|1939|ICEVchRua2|GenBank|KY382506.1|1..97915_Vibrio_cholerae_O1_biovar_El_Tor_str._Inaba_RND18826_ICE_element_genomic_sequence	99.800	1000	2	0	1634376	1635375	16442	17441	0.0	1836
accn|CP017551	ICEberg|1938|ICEVchRua1|GenBank|KY382507.1|1..97915_Vibrio_cholerae_O1_biovar_El_Tor_str._Ogawa_RND6878_ICE_element_genomic_sequence	99.438	1778	10	0	1632503	1634280	81250	79473	0.0	3229
accn|CP017551	ICEberg|1938|ICEVchRua1|GenBank|KY382507.1|1..97915_Vibrio_cholerae_O1_biovar_El_Tor_str._Ogawa_RND6878_ICE_element_genomic_sequence	99.800	1000	2	0	1634376	1635375	79485	78486	0.0	1836
accn|CP017551	ICEberg|1925|ICEVch2010_EL-1786|GenBank|CP003069.1|83542..182958_Vibrio_cholerae_O1_str._2010EL-1786_chromosome_1__complete_sequence	99.438	1778	10	0	1632503	1634280	16670	18447	0.0	3229
accn|CP017551	ICEberg|1925|ICEVch2010_EL-1786|GenBank|CP003069.1|83542..182958_Vibrio_cholerae_O1_str._2010EL-1786_chromosome_1__complete_sequence	99.800	1000	2	0	1634376	1635375	18435	19434	0.0	1836
accn|CP017551	ICEberg|1691|ICEGEN|GenBank|MK165650.1|1..96718_Vibrio_cholerae_strain_IDH_4268_sequence	99.438	1778	10	0	1632503	1634280	15814	17591	0.0	3229
accn|CP017551	ICEberg|1691|ICEGEN|GenBank|MK165650.1|1..96718_Vibrio_cholerae_strain_IDH_4268_sequence	99.800	1000	2	0	1634376	1635375	17579	18578	0.0	1836
accn|CP017551	ICEberg|149|ICEVflH-08942|GenBank|KM213605.1|1..102878_Vibrio_fluvialis_strain_H08942_ICEVflInd1_integrating_conjugative_element_genomic_sequence	99.438	1778	10	0	1632503	1634280	20570	22347	0.0	3229
accn|CP017551	ICEberg|149|ICEVflH-08942|GenBank|KM213605.1|1..102878_Vibrio_fluvialis_strain_H08942_ICEVflInd1_integrating_conjugative_element_genomic_sequence	99.700	1000	3	0	1634376	1635375	22335	23334	0.0	1831
accn|CP017551	ICEberg|148|SXT(HN1)|GenBank|AB450045|1..19086_Vibrio_cholerae_O1_biovar_El_tor_SXT_conjugative_element_gene_cluster__complete_sequence__strain__HN1	99.438	1778	10	0	1632503	1634280	13309	15086	0.0	3229
accn|CP017551	ICEberg|148|SXT(HN1)|GenBank|AB450045|1..19086_Vibrio_cholerae_O1_biovar_El_tor_SXT_conjugative_element_gene_cluster__complete_sequence__strain__HN1	99.700	1000	3	0	1634376	1635375	15074	16073	0.0	1831
accn|CP017551	ICEberg|12|ICEVchBan5|GenBank|GQ463140|1..102122_Vibrio_cholerae_Ban5_integrating_conjugative_element_ICEVchban5__complete_sequence	99.438	1778	10	0	1632503	1634280	20837	22614	0.0	3229
accn|CP017551	ICEberg|12|ICEVchBan5|GenBank|GQ463140|1..102122_Vibrio_cholerae_Ban5_integrating_conjugative_element_ICEVchban5__complete_sequence	99.800	1000	2	0	1634376	1635375	22602	23601	0.0	1836
accn|CP017551	ICEberg|1069|ICEVchNig1|GenBank|KC886258|528..97570_Vibrio_cholerae_VC833_ICE_element_genomic_sequence	99.438	1778	10	0	1632503	1634280	16139	17916	0.0	3229
accn|CP017551	ICEberg|1069|ICEVchNig1|GenBank|KC886258|528..97570_Vibrio_cholerae_VC833_ICE_element_genomic_sequence	99.800	1000	2	0	1634376	1635375	17904	18903	0.0	1836
accn|CP017551	ICEberg|1068|ICEVchNep1|GenBank|KC886257|528..97877_Vibrio_cholerae_strain_VC504_ICE_element_genomic_sequence	99.438	1778	10	0	1632503	1634280	16139	17916	0.0	3229
accn|CP017551	ICEberg|1068|ICEVchNep1|GenBank|KC886257|528..97877_Vibrio_cholerae_strain_VC504_ICE_element_genomic_sequence	99.800	1000	2	0	1634376	1635375	17904	18903	0.0	1836
accn|CP017551	ICEberg|1061|ICEVchCHN57|GenBank|KT151664.1|1..96186_Vibrio_cholerae_strain_wujiang-2_sequence	99.438	1778	10	0	1632503	1634280	79916	78139	0.0	3229
accn|CP017551	ICEberg|1061|ICEVchCHN57|GenBank|KT151664.1|1..96186_Vibrio_cholerae_strain_wujiang-2_sequence	99.800	1000	2	0	1634376	1635375	78151	77152	0.0	1836
accn|CP017551	ICEberg|1033|ICEPmiCHN905|GenBank|KX243412|1..94956_Proteus_mirabilis_strain_MD20140905_complete_sequence	99.438	1778	10	0	1632503	1634280	14482	16259	0.0	3229
accn|CP017551	ICEberg|1033|ICEPmiCHN905|GenBank|KX243412|1..94956_Proteus_mirabilis_strain_MD20140905_complete_sequence	99.800	1000	2	0	1634376	1635375	16247	17246	0.0	1836
accn|CP017551	ICEberg|1033|ICEPmiCHN905|GenBank|KX243412|1..94956_Proteus_mirabilis_strain_MD20140905_complete_sequence	95.032	624	31	0	1683724	1684347	64811	65434	0.0	981
accn|CP017551	ICEberg|1032|ICEPmiCHN904|GenBank|KX243411|1..94942_Proteus_mirabilis_strain_MD20140904_complete_sequence	99.438	1778	10	0	1632503	1634280	11653	13430	0.0	3229
accn|CP017551	ICEberg|1032|ICEPmiCHN904|GenBank|KX243411|1..94942_Proteus_mirabilis_strain_MD20140904_complete_sequence	99.800	1000	2	0	1634376	1635375	13418	14417	0.0	1836
accn|CP017551	ICEberg|1032|ICEPmiCHN904|GenBank|KX243411|1..94942_Proteus_mirabilis_strain_MD20140904_complete_sequence	95.032	624	31	0	1683724	1684347	64811	65434	0.0	981
accn|CP017551	ICEberg|1027|ICEPmiCHN3335|GenBank|KX243416|1..89996_Proteus_mirabilis_strain_TJ3335_complete_sequence	99.382	1779	11	0	1632502	1634280	16660	18438	0.0	3225
accn|CP017551	ICEberg|1027|ICEPmiCHN3335|GenBank|KX243416|1..89996_Proteus_mirabilis_strain_TJ3335_complete_sequence	99.800	1000	2	0	1634376	1635375	18426	19425	0.0	1836
accn|CP017551	ICEberg|1027|ICEPmiCHN3335|GenBank|KX243416|1..89996_Proteus_mirabilis_strain_TJ3335_complete_sequence	95.979	572	23	0	1683724	1684295	66404	66975	0.0	929
accn|CP017551	ICEberg|1016|ICEPmiChn1|GenBank|KT962845|1..92751_Proteus_mirabilis_integrative_and_conjugative_element_ICEPmiChn1__complete_sequence__and_peptide_chain_release_factor_3_(prfC)_gene__complete_cds	99.382	1779	11	0	1632502	1634280	16965	18743	0.0	3225
accn|CP017551	ICEberg|1016|ICEPmiChn1|GenBank|KT962845|1..92751_Proteus_mirabilis_integrative_and_conjugative_element_ICEPmiChn1__complete_sequence__and_peptide_chain_release_factor_3_(prfC)_gene__complete_cds	99.800	1000	2	0	1634376	1635375	18731	19730	0.0	1836
accn|CP017551	PID|170717968|gi|170717206|ref|NC_010519.1|_c1944967-1943495_Haemophilus_somnus_2336_chromosome__complete_genome	100.000	1473	0	0	1652896	1654368	1473	1	0.0	2721
accn|CP017551	PID|170717975|gi|170717206|ref|NC_010519.1|_c1950418-1948964_Haemophilus_somnus_2336_chromosome__complete_genome	100.000	1455	0	0	1658365	1659819	1455	1	0.0	2687
accn|CP017551	resfinderf|tet(H)|3	100.000	1203	0	0	1682193	1683395	1	1203	0.0	2222
accn|CP017551	resfinderf|tet(H)|3	100.000	1203	0	0	1688975	1690177	1	1203	0.0	2222
accn|CP017551	resfinderf|tet(H)|4	99.917	1203	1	0	1682193	1683395	1	1203	0.0	2217
accn|CP017551	resfinderf|tet(H)|4	99.917	1203	1	0	1688975	1690177	1	1203	0.0	2217
accn|CP017551	resfinderf|tet(H)|1	99.917	1203	1	0	1682193	1683395	1	1203	0.0	2217
accn|CP017551	resfinderf|tet(H)|1	99.917	1203	1	0	1688975	1690177	1	1203	0.0	2217
accn|CP017551	ICEberg|1803|ICEPmu2|GenBank|CP038871.1|1998244..2056820_Pasteurella_multocida_strain_FCf15_chromosome__complete_genome	99.751	1204	3	0	1634172	1635375	48521	49724	0.0	2207
accn|CP017551	ICEberg|1803|ICEPmu2|GenBank|CP038871.1|1998244..2056820_Pasteurella_multocida_strain_FCf15_chromosome__complete_genome	100.000	47	0	0	1675417	1675463	9185	9139	1.21e-12	87.9
accn|CP017551	resfinderf|tet(H)|2	100.000	1171	0	0	1682193	1683363	1	1171	0.0	2163
accn|CP017551	resfinderf|tet(H)|2	100.000	1171	0	0	1688975	1690145	1	1171	0.0	2163
accn|CP017551	VFG043479(gb|AAD53408)_(pomA)_outer_membrane_protein_PomA_[OmpA_(VF1223)_-_Adherence_(VFC0001)]_[Mannheimia_haemolytica_str._89010807N]	100.000	1137	0	0	2606025	2607161	1137	1	0.0	2100
accn|CP017551	ICEberg|1019|ICEPmiChn2|GenBank|KY437726|1..104371_Proteus_mirabilis_integrative_and_conjugative_element_ICEPmiChn2__complete_sequence__and_peptide_chain_release_factor_3_(prfC)_gene__complete_cds	99.908	1091	1	0	1634285	1635375	16298	17388	0.0	2010
accn|CP017551	ICEberg|1452|ICE_erm42|GenBank|CP060730.1|568141..660867_Salmonella_enterica_subsp._enterica_serovar_Albany_strain_R17.5974_chromosome__complete_genome	99.633	1091	1	1	1634285	1635375	16584	17671	0.0	1989
accn|CP017551	ICEberg|43|R391|GenBank|AY090559|1..88532_Providencia_rettgeri_conjugative_genomic_island_R391__complete_sequence	99.220	1025	8	0	1631331	1632355	13819	12795	0.0	1849
accn|CP017551	ICEberg|43|R391|GenBank|AY090559|1..88532_Providencia_rettgeri_conjugative_genomic_island_R391__complete_sequence	98.837	172	2	0	1631164	1631335	11795	11966	8.53e-79	307
accn|CP017551	ICEberg|1998|Tn6512|GenBank|AY090559.1|1..88532_Providencia_rettgeri_conjugative_genomic_island_R391__complete_sequence	99.220	1025	8	0	1631331	1632355	13819	12795	0.0	1849
accn|CP017551	ICEberg|1998|Tn6512|GenBank|AY090559.1|1..88532_Providencia_rettgeri_conjugative_genomic_island_R391__complete_sequence	98.837	172	2	0	1631164	1631335	11795	11966	8.53e-79	307
accn|CP017551	ICEberg|1625|ICECspPOL2|GenBank|CP049298.1|1767025..1883295_Chryseobacterium_sp._POL2_chromosome__complete_genome	99.797	985	2	0	1635952	1636936	98509	99493	0.0	1808
accn|CP017551	ICEberg|2045|Tn6966|GenBank|CP064830.1|3371703..3442829_Morganella_morganii_subsp._morganii_strain_81703_chromosome__complete_genome	99.896	966	1	0	1634285	1635250	37157	38122	0.0	1779
accn|CP017551	ICEberg|2045|Tn6966|GenBank|CP064830.1|3371703..3442829_Morganella_morganii_subsp._morganii_strain_81703_chromosome__complete_genome	99.004	904	9	0	1631457	1632360	45988	46891	0.0	1620
accn|CP017551	ICEberg|2045|Tn6966|GenBank|CP064830.1|3371703..3442829_Morganella_morganii_subsp._morganii_strain_81703_chromosome__complete_genome	99.254	134	1	0	1635242	1635375	39303	39436	2.44e-59	243
accn|CP017551	ICEberg|1023|ICEPmiChn3|GenBank|KY437727|1..55195_Proteus_mirabilis_integrative_and_conjugative_element_ICEPmiChn3__complete_sequence__and_peptide_chain_release_factor_3_(prfC)_gene__complete_cds	99.896	966	1	0	1634285	1635250	16308	17273	0.0	1779
accn|CP017551	ICEberg|1023|ICEPmiChn3|GenBank|KY437727|1..55195_Proteus_mirabilis_integrative_and_conjugative_element_ICEPmiChn3__complete_sequence__and_peptide_chain_release_factor_3_(prfC)_gene__complete_cds	99.254	134	1	0	1635242	1635375	18454	18587	2.44e-59	243
accn|CP017551	PID|170717963|gi|170717206|ref|NC_010519.1|_1938981-1939922_Haemophilus_somnus_2336_chromosome__complete_genome	100.000	942	0	0	1648382	1649323	1	942	0.0	1740
accn|CP017551	PID|170717976|gi|170717206|ref|NC_010519.1|_c1951314-1950430_Haemophilus_somnus_2336_chromosome__complete_genome	100.000	885	0	0	1659831	1660715	885	1	0.0	1635
accn|CP017551	ICEberg|1863|ICEShaJpn1|GenBank|BFBQ01000004.1|213376..320508_Shewanella_halifaxensis_6JANF4-E-4_DNA__sequence4__whole_genome_shotgun_sequence	100.000	862	0	0	1634350	1635211	18185	19046	0.0	1592
accn|CP017551	resfinderf|aph(6)-Id|3	99.881	837	1	0	1632609	1633445	837	1	0.0	1541
accn|CP017551	resfinderf|aph(6)-Id|1	99.881	837	1	0	1632609	1633445	837	1	0.0	1541
accn|CP017551	resfinderf|aph(6)-Id|2	99.761	837	2	0	1632609	1633445	837	1	0.0	1535
accn|CP017551	resfinderf|aph(6)-Id|5	99.761	837	2	0	1632609	1633445	837	1	0.0	1535
accn|CP017551	resfinderf|aph(6)-Id|4	99.759	831	2	0	1632609	1633439	831	1	0.0	1524
accn|CP017551	resfinderf|sul2|2	100.000	816	0	0	1634417	1635232	816	1	0.0	1507
accn|CP017551	resfinderf|sul2|9	100.000	815	0	0	1634418	1635232	815	1	0.0	1506
accn|CP017551	resfinderf|sul2|9	100.000	38	0	0	1634235	1634272	852	815	1.22e-07	71.3
accn|CP017551	resfinderf|sul2|20	99.877	816	1	0	1634417	1635232	816	1	0.0	1502
accn|CP017551	resfinderf|sul2|19	99.877	816	1	0	1634417	1635232	816	1	0.0	1502
accn|CP017551	resfinderf|sul2|18	99.877	816	1	0	1634417	1635232	816	1	0.0	1502
accn|CP017551	resfinderf|sul2|17	99.877	816	1	0	1634417	1635232	816	1	0.0	1502
accn|CP017551	resfinderf|sul2|15	99.877	816	1	0	1634417	1635232	816	1	0.0	1502
accn|CP017551	resfinderf|sul2|12	99.877	816	1	0	1634417	1635232	816	1	0.0	1502
accn|CP017551	resfinderf|sul2|11	99.877	816	1	0	1634417	1635232	816	1	0.0	1502
accn|CP017551	resfinderf|aph(3_)-Ia|3	99.877	816	1	0	1631458	1632273	816	1	0.0	1502
accn|CP017551	resfinderf|sul2|8	99.877	815	1	0	1634418	1635232	815	1	0.0	1500
accn|CP017551	resfinderf|sul2|8	100.000	38	0	0	1634235	1634272	852	815	1.22e-07	71.3
accn|CP017551	resfinderf|sul2|7	99.877	815	1	0	1634418	1635232	815	1	0.0	1500
accn|CP017551	resfinderf|sul2|7	100.000	38	0	0	1634235	1634272	852	815	1.22e-07	71.3
accn|CP017551	resfinderf|sul2|13	99.755	816	2	0	1634417	1635232	816	1	0.0	1496
accn|CP017551	resfinderf|sul2|6	99.755	816	2	0	1634417	1635232	816	1	0.0	1496
accn|CP017551	resfinderf|sul2|14	100.000	808	0	0	1634425	1635232	808	1	0.0	1493
accn|CP017551	resfinderf|sul2|10	99.634	819	0	3	1634417	1635232	819	1	0.0	1493
accn|CP017551	resfinderf|sul2|3	99.632	816	3	0	1634417	1635232	816	1	0.0	1491
accn|CP017551	resfinderf|sul2|1	99.632	816	3	0	1634417	1635232	816	1	0.0	1491
accn|CP017551	resfinderf|sul2|21	99.510	816	4	0	1634417	1635232	816	1	0.0	1485
accn|CP017551	resfinderf|aph(3__)-Ib|2	99.875	803	1	0	1633445	1634247	804	2	0.0	1478
accn|CP017551	resfinderf|aph(3_)-Ia|10	99.386	814	5	0	1631460	1632273	814	1	0.0	1476
accn|CP017551	resfinderf|aph(3__)-Ib|5	99.751	804	2	0	1633445	1634248	804	1	0.0	1474
accn|CP017551	resfinderf|aph(3__)-Ib|4	99.751	804	2	0	1633445	1634248	804	1	0.0	1474
accn|CP017551	resfinderf|aph(3__)-Ib|3	99.751	804	2	0	1633445	1634248	804	1	0.0	1474
accn|CP017551	resfinderf|aph(3_)-Ia|1	99.263	814	6	0	1631460	1632273	814	1	0.0	1471
accn|CP017551	resfinderf|aph(3_)-Ia|9	99.142	816	7	0	1631458	1632273	816	1	0.0	1469
accn|CP017551	resfinderf|aph(3_)-Ia|7	99.142	816	7	0	1631458	1632273	816	1	0.0	1469
accn|CP017551	resfinderf|sul2|5	99.020	816	8	0	1634417	1635232	816	1	0.0	1463
accn|CP017551	resfinderf|aph(3_)-Ia|8	99.020	816	8	0	1631458	1632273	816	1	0.0	1463
accn|CP017551	resfinderf|aph(3_)-Ia|4	99.017	814	8	0	1631460	1632273	814	1	0.0	1463
accn|CP017551	resfinderf|aph(3__)-Ib|1	99.502	804	4	0	1633445	1634248	804	1	0.0	1463
accn|CP017551	resfinderf|aph(3_)-Ia|5	98.775	816	10	0	1631458	1632273	816	1	0.0	1452
accn|CP017551	resfinderf|aph(3_)-Ia|6	98.526	814	12	0	1631460	1632273	814	1	0.0	1437
accn|CP017551	PID|170717989|gi|170717206|ref|NC_010519.1|_c1959185-1958412_Haemophilus_somnus_2336_chromosome__complete_genome	100.000	774	0	0	1667813	1668586	774	1	0.0	1430
accn|CP017551	PID|170717988|gi|170717206|ref|NC_010519.1|_c1958433-1957663_Haemophilus_somnus_2336_chromosome__complete_genome	100.000	771	0	0	1667064	1667834	771	1	0.0	1424
accn|CP017551	resfinderf|aph(3_)-Ia|2	97.666	814	19	0	1631460	1632273	814	1	0.0	1399
accn|CP017551	PID|170717983|gi|170717206|ref|NC_010519.1|_c1954610-1953915_Haemophilus_somnus_2336_chromosome__complete_genome	100.000	696	0	0	1663316	1664011	696	1	0.0	1286
accn|CP017551	PID|170717977|gi|170717206|ref|NC_010519.1|_c1951958-1951314_Haemophilus_somnus_2336_chromosome__complete_genome	100.000	645	0	0	1660715	1661359	645	1	0.0	1192
accn|CP017551	PID|170717990|gi|170717206|ref|NC_010519.1|_c1959814-1959185_Haemophilus_somnus_2336_chromosome__complete_genome	100.000	630	0	0	1668586	1669215	630	1	0.0	1164
accn|CP017551	ICEberg|1020|ICEPmiCHN2407|GenBank|KX243405|1..97078_Proteus_mirabilis_strain_09MAS2407_complete_sequence	95.310	597	28	0	1683724	1684320	63655	64251	0.0	948
accn|CP017551	PID|170717987|gi|170717206|ref|NC_010519.1|_c1957660-1957154_Haemophilus_somnus_2336_chromosome__complete_genome	100.000	507	0	0	1666555	1667061	507	1	0.0	937
accn|CP017551	PID|170717961|gi|170717206|ref|NC_010519.1|_1938541-1938984_Haemophilus_somnus_2336_chromosome__complete_genome	100.000	444	0	0	1647942	1648385	1	444	0.0	821
accn|CP017551	PID|170717970|gi|170717206|ref|NC_010519.1|_c1945713-1945285_Haemophilus_somnus_2336_chromosome__complete_genome	100.000	429	0	0	1654686	1655114	429	1	0.0	793
accn|CP017551	PID|170717965|gi|170717206|ref|NC_010519.1|_1941973-1942401_Haemophilus_somnus_2336_chromosome__complete_genome	100.000	429	0	0	1651374	1651802	1	429	0.0	793
accn|CP017551	PID|170717972|gi|170717206|ref|NC_010519.1|_c1948951-1948553_Haemophilus_somnus_2336_chromosome__complete_genome	100.000	399	0	0	1657954	1658352	399	1	0.0	737
accn|CP017551	PID|170717979|gi|170717206|ref|NC_010519.1|_c1952739-1952350_Haemophilus_somnus_2336_chromosome__complete_genome	100.000	390	0	0	1661751	1662140	390	1	0.0	721
accn|CP017551	PID|170717978|gi|170717206|ref|NC_010519.1|_c1952327-1951962_Haemophilus_somnus_2336_chromosome__complete_genome	100.000	366	0	0	1661363	1661728	366	1	0.0	676
accn|CP017551	PID|170717984|gi|170717206|ref|NC_010519.1|_c1954960-1954607_Haemophilus_somnus_2336_chromosome__complete_genome	100.000	354	0	0	1664008	1664361	354	1	0.0	654
accn|CP017551	PID|170717967|gi|170717206|ref|NC_010519.1|_1943108-1943449_Haemophilus_somnus_2336_chromosome__complete_genome	100.000	342	0	0	1652509	1652850	1	342	1.24e-176	632
accn|CP017551	PID|170717981|gi|170717206|ref|NC_010519.1|_c1953313-1952987_Haemophilus_somnus_2336_chromosome__complete_genome	100.000	327	0	0	1662388	1662714	327	1	2.70e-168	604
accn|CP017551	PID|170717969|gi|170717206|ref|NC_010519.1|_c1945295-1944978_Haemophilus_somnus_2336_chromosome__complete_genome	100.000	318	0	0	1654379	1654696	318	1	2.72e-163	588
accn|CP017551	ICEberg|1233|ICEKpnFDAARGOS_531-1|GenBank|CP033777.1|2510771..2575351_Klebsiella_pneumoniae_strain_FDAARGOS_531_chromosome__complete_genome	99.213	127	1	0	1632377	1632503	3663	3537	1.90e-55	230
accn|CP017551	ICEberg|1147|ICEKpnAR_0076-1|GenBank|CP032167.1|1396218..1438248_Klebsiella_pneumoniae_strain_AR_0076_chromosome__complete_genome	99.213	127	1	0	1632377	1632503	30488	30362	1.90e-55	230
accn|CP017551	ICEberg|1323|ICEKpnKPNIH45-1|GenBank|CP036450.1|4834550..4893663_Klebsiella_pneumoniae_strain_KPNIH45_chromosome__complete_genome	99.206	126	1	0	1632378	1632503	10441	10566	6.84e-55	228
accn|CP017551	ICEberg|1200|ICEKpnCAV1417-1|GenBank|CP018352.1|4189070..4245078_Klebsiella_pneumoniae_strain_CAV1417_chromosome__complete_genome	100.000	123	0	0	1632381	1632503	45533	45411	6.84e-55	228
accn|CP017551	ICEberg|1198|ICEKpnCAV1217-1|GenBank|CP018676.1|1870285..1929398_Klebsiella_pneumoniae_strain_CAV1217_chromosome__complete_genome	99.206	126	1	0	1632378	1632503	10441	10566	6.84e-55	228
accn|CP017551	ICEberg|1179|ICEKpnB12-AN-2|GenBank|CP026155.1|1623163..1861329_Klebsiella_pneumoniae_strain_B12(AN)_chromosome__complete_genome	99.206	126	1	0	1632378	1632503	145103	145228	6.84e-55	228
accn|CP017551	ICEberg|1165|ICEKpnAR_0146-2|GenBank|CP021685.1|1297863..1356976_Klebsiella_pneumoniae_strain_AR_0146__complete_genome	100.000	123	0	0	1632381	1632503	25936	25814	6.84e-55	228
accn|CP017551	ICEberg|1118|ICEKpn16_GR_13-2|GenBank|CP027036.1|4684844..4750459_Klebsiella_pneumoniae_strain_16_GR_13_chromosome__complete_genome	99.206	126	1	0	1632378	1632503	40780	40905	6.84e-55	228
accn|CP017551	ICEberg|1949|ICEVpaChn0574|GenBank|MN199028.1|1..76762_Vibrio_parahaemolyticus_strain_Vb0574_ICEVb0574_mobile_element__complete_sequence	97.710	131	2	1	1632373	1632503	29527	29656	8.84e-54	224
accn|CP017551	ICEberg|437|ICEKpnHS11286-2|GenBank|CP003200|4502837..4558879_Klebsiella_pneumoniae_subsp._pneumoniae_HS11286__complete_genome	98.413	126	2	0	1632378	1632503	10655	10780	3.18e-53	222
accn|CP017551	ICEberg|1372|ICEKpnR1701-2|GenBank|CP039968.1|1859451..1969990_Klebsiella_pneumoniae_strain_R1701_chromosome__complete_genome	99.187	123	1	0	1632381	1632503	24046	23924	3.18e-53	222
accn|CP017551	ICEberg|1318|ICEKpnKPNIH32-1|GenBank|CP009775.1|3429929..3562951_Klebsiella_pneumoniae_subsp._pneumoniae_strain_KPNIH32__complete_genome	99.187	123	1	0	1632381	1632503	128664	128542	3.18e-53	222
accn|CP017551	ICEberg|1264|ICEKpnKLP268-1|GenBank|CP043047.1|59825..192847_Klebsiella_pneumoniae_strain_KLP268_chromosome__complete_genome	99.187	123	1	0	1632381	1632503	128664	128542	3.18e-53	222
accn|CP017551	ICEberg|1237|ICEKpnGD4-1|GenBank|CP025951.1|4672706..4729913_Klebsiella_pneumoniae_subsp._pneumoniae_strain_GD4_chromosome__complete_genome	99.187	123	1	0	1632381	1632503	9833	9711	3.18e-53	222
accn|CP017551	ICEberg|1215|ICEKpnCRKP-I-2|GenBank|CP037927.1|4486964..4546077_Klebsiella_pneumoniae_strain_CRKP_I_chromosome__complete_genome	98.413	126	2	0	1632378	1632503	10661	10786	3.18e-53	222
accn|CP017551	ICEberg|1702|ICEHin8|GenBank|LS483392.1|192252..244996_Haemophilus_influenzae_strain_NCTC11931_genome_assembly__chromosome__1	96.269	134	2	1	148009	148142	131	1	1.48e-51	217
accn|CP017551	ICEberg|1702|ICEHin8|GenBank|LS483392.1|192252..244996_Haemophilus_influenzae_strain_NCTC11931_genome_assembly__chromosome__1	96.269	134	2	1	147682	147815	131	1	1.48e-51	217
accn|CP017551	ICEberg|1702|ICEHin8|GenBank|LS483392.1|192252..244996_Haemophilus_influenzae_strain_NCTC11931_genome_assembly__chromosome__1	98.701	77	1	0	1858316	1858392	1	77	1.18e-27	137
accn|CP017551	ICEberg|1702|ICEHin8|GenBank|LS483392.1|192252..244996_Haemophilus_influenzae_strain_NCTC11931_genome_assembly__chromosome__1	95.000	80	3	1	148067	148146	52745	52667	9.23e-24	124
accn|CP017551	ICEberg|1702|ICEHin8|GenBank|LS483392.1|192252..244996_Haemophilus_influenzae_strain_NCTC11931_genome_assembly__chromosome__1	95.000	80	3	1	147740	147819	52745	52667	9.23e-24	124
accn|CP017551	ICEberg|1597|ICEApa1|GenBank|CP050316.1|2129122..2199489_Avibacterium_paragallinarum_strain_ESV-135_chromosome__complete_genome	95.349	129	5	1	148014	148142	128	1	1.15e-47	204
accn|CP017551	ICEberg|1597|ICEApa1|GenBank|CP050316.1|2129122..2199489_Avibacterium_paragallinarum_strain_ESV-135_chromosome__complete_genome	95.349	129	5	1	147687	147815	128	1	1.15e-47	204
accn|CP017551	ICEberg|1597|ICEApa1|GenBank|CP050316.1|2129122..2199489_Avibacterium_paragallinarum_strain_ESV-135_chromosome__complete_genome	96.104	77	3	0	1858315	1858391	70292	70368	2.56e-24	126
accn|CP017551	ICEberg|1597|ICEApa1|GenBank|CP050316.1|2129122..2199489_Avibacterium_paragallinarum_strain_ESV-135_chromosome__complete_genome	96.053	76	3	0	1858316	1858391	1	76	9.23e-24	124
accn|CP017551	ICEberg|1597|ICEApa1|GenBank|CP050316.1|2129122..2199489_Avibacterium_paragallinarum_strain_ESV-135_chromosome__complete_genome	96.053	76	3	0	148067	148142	70368	70293	9.23e-24	124
accn|CP017551	ICEberg|1597|ICEApa1|GenBank|CP050316.1|2129122..2199489_Avibacterium_paragallinarum_strain_ESV-135_chromosome__complete_genome	96.053	76	3	0	147740	147815	70368	70293	9.23e-24	124
accn|CP017551	ICEberg|1256|ICEKpnINF322-1|GenBank|CP024482.1|724820..832256_Klebsiella_pneumoniae_strain_INF322_chromosome__complete_genome	95.122	123	6	0	1632381	1632503	53052	52930	6.93e-45	195
accn|CP017551	ICEberg|1252|ICEKpnINF249-1|GenBank|CP024489.1|724822..832258_Klebsiella_pneumoniae_strain_INF249_chromosome__complete_genome	95.122	123	6	0	1632381	1632503	53052	52930	6.93e-45	195
accn|CP017551	ICEberg|1021|ICEPmiCHN2410|GenBank|KX243406|1..93537_Proteus_mirabilis_strain_09MAS2410_complete_sequence	96.296	108	4	0	1683724	1683831	63620	63727	6.98e-40	178
accn|CP017551	ICEberg|1700|ICEHdu1|GenBank|NC_002940.2|718953..768668_[Haemophilus]_ducreyi_35000HP__complete_sequence	98.901	91	1	0	533022	533112	49716	49626	1.95e-35	163
accn|CP017551	ICEberg|1700|ICEHdu1|GenBank|NC_002940.2|718953..768668_[Haemophilus]_ducreyi_35000HP__complete_sequence	98.901	91	1	0	532815	532905	49716	49626	1.95e-35	163
accn|CP017551	ICEberg|1700|ICEHdu1|GenBank|NC_002940.2|718953..768668_[Haemophilus]_ducreyi_35000HP__complete_sequence	100.000	76	0	0	1577875	1577950	1	76	9.16e-29	141
accn|CP017551	ICEberg|1700|ICEHdu1|GenBank|NC_002940.2|718953..768668_[Haemophilus]_ducreyi_35000HP__complete_sequence	100.000	76	0	0	532721	532796	76	1	9.16e-29	141
accn|CP017551	ICEberg|1700|ICEHdu1|GenBank|NC_002940.2|718953..768668_[Haemophilus]_ducreyi_35000HP__complete_sequence	97.368	76	2	0	2502452	2502527	49576	49501	1.98e-25	130
accn|CP017551	ICEberg|1700|ICEHdu1|GenBank|NC_002940.2|718953..768668_[Haemophilus]_ducreyi_35000HP__complete_sequence	97.368	76	2	0	2502355	2502430	49576	49501	1.98e-25	130
accn|CP017551	ICEberg|1700|ICEHdu1|GenBank|NC_002940.2|718953..768668_[Haemophilus]_ducreyi_35000HP__complete_sequence	96.053	76	3	0	2502257	2502332	49576	49501	9.23e-24	124
accn|CP017551	ICEberg|2010|Tn6783_201330|GenBank|CP054623.1|2596147..2668162_Pseudomonas_aeruginosa_strain_DL201330_chromosome__complete_genome	98.750	80	1	0	1577874	1577953	66975	66896	2.55e-29	143
accn|CP017551	ICEberg|2010|Tn6783_201330|GenBank|CP054623.1|2596147..2668162_Pseudomonas_aeruginosa_strain_DL201330_chromosome__complete_genome	98.734	79	1	0	532719	532797	66897	66975	9.16e-29	141
accn|CP017551	ICEberg|2010|Tn6783_201330|GenBank|CP054623.1|2596147..2668162_Pseudomonas_aeruginosa_strain_DL201330_chromosome__complete_genome	96.471	85	2	1	533134	533217	66898	66982	3.29e-28	139
accn|CP017551	ICEberg|2010|Tn6783_201330|GenBank|CP054623.1|2596147..2668162_Pseudomonas_aeruginosa_strain_DL201330_chromosome__complete_genome	98.718	78	1	0	532927	533004	66898	66975	3.29e-28	139
accn|CP017551	ICEberg|1586|ICEAac3|GenBank|CP043003.1|2132073..2197982_Aggregatibacter_actinomycetemcomitans_strain_HK_907_chromosome__complete_genome	100.000	77	0	0	533135	533211	1	77	2.55e-29	143
accn|CP017551	ICEberg|1586|ICEAac3|GenBank|CP043003.1|2132073..2197982_Aggregatibacter_actinomycetemcomitans_strain_HK_907_chromosome__complete_genome	100.000	77	0	0	1577874	1577950	77	1	2.55e-29	143
accn|CP017551	ICEberg|1586|ICEAac3|GenBank|CP043003.1|2132073..2197982_Aggregatibacter_actinomycetemcomitans_strain_HK_907_chromosome__complete_genome	97.368	76	2	0	2502355	2502430	217	292	1.98e-25	130
accn|CP017551	ICEberg|1586|ICEAac3|GenBank|CP043003.1|2132073..2197982_Aggregatibacter_actinomycetemcomitans_strain_HK_907_chromosome__complete_genome	97.368	76	2	0	2502452	2502527	217	292	1.98e-25	130
accn|CP017551	ICEberg|1586|ICEAac3|GenBank|CP043003.1|2132073..2197982_Aggregatibacter_actinomycetemcomitans_strain_HK_907_chromosome__complete_genome	96.053	76	3	0	2502257	2502332	217	292	9.23e-24	124
accn|CP017551	ICEberg|1586|ICEAac3|GenBank|CP043003.1|2132073..2197982_Aggregatibacter_actinomycetemcomitans_strain_HK_907_chromosome__complete_genome	98.387	62	1	0	2502369	2502430	64346	64407	2.58e-19	110
accn|CP017551	ICEberg|1586|ICEAac3|GenBank|CP043003.1|2132073..2197982_Aggregatibacter_actinomycetemcomitans_strain_HK_907_chromosome__complete_genome	98.387	62	1	0	2502466	2502527	64346	64407	2.58e-19	110
accn|CP017551	ICEberg|1586|ICEAac3|GenBank|CP043003.1|2132073..2197982_Aggregatibacter_actinomycetemcomitans_strain_HK_907_chromosome__complete_genome	98.333	60	1	0	2502273	2502332	64348	64407	3.34e-18	106
accn|CP017551	ICEberg|1584|ICEAac1|GenBank|CP012959.1|2164508..2181462_Aggregatibacter_actinomycetemcomitans_strain_624__complete_genome	100.000	77	0	0	1577874	1577950	16879	16955	2.55e-29	143
accn|CP017551	ICEberg|1584|ICEAac1|GenBank|CP012959.1|2164508..2181462_Aggregatibacter_actinomycetemcomitans_strain_624__complete_genome	100.000	77	0	0	533135	533211	16955	16879	2.55e-29	143
accn|CP017551	ICEberg|1584|ICEAac1|GenBank|CP012959.1|2164508..2181462_Aggregatibacter_actinomycetemcomitans_strain_624__complete_genome	100.000	77	0	0	532928	533004	16955	16879	2.55e-29	143
accn|CP017551	ICEberg|1584|ICEAac1|GenBank|CP012959.1|2164508..2181462_Aggregatibacter_actinomycetemcomitans_strain_624__complete_genome	100.000	77	0	0	532721	532797	16955	16879	2.55e-29	143
accn|CP017551	ICEberg|1701|ICEHdu2|GenBank|CP015434.1|162562..211583_[Haemophilus]_ducreyi_strain_GHA9__complete_genome	100.000	76	0	0	532721	532796	48947	49022	9.16e-29	141
accn|CP017551	ICEberg|1701|ICEHdu2|GenBank|CP015434.1|162562..211583_[Haemophilus]_ducreyi_strain_GHA9__complete_genome	100.000	76	0	0	1577875	1577950	49022	48947	9.16e-29	141
accn|CP017551	ICEberg|1701|ICEHdu2|GenBank|CP015434.1|162562..211583_[Haemophilus]_ducreyi_strain_GHA9__complete_genome	97.368	76	2	0	2502355	2502430	2	77	1.98e-25	130
accn|CP017551	ICEberg|1701|ICEHdu2|GenBank|CP015434.1|162562..211583_[Haemophilus]_ducreyi_strain_GHA9__complete_genome	97.368	76	2	0	2502452	2502527	2	77	1.98e-25	130
accn|CP017551	ICEberg|1701|ICEHdu2|GenBank|CP015434.1|162562..211583_[Haemophilus]_ducreyi_strain_GHA9__complete_genome	96.053	76	3	0	2502257	2502332	2	77	9.23e-24	124
accn|CP017551	ICEberg|1581|ICE6660|GenBank|MK497171.1|1..112205_Pseudomonas_aeruginosa_sequence	97.500	80	2	0	1577871	1577950	112126	112205	1.18e-27	137
accn|CP017551	ICEberg|1581|ICE6660|GenBank|MK497171.1|1..112205_Pseudomonas_aeruginosa_sequence	97.500	80	2	0	532928	533007	112205	112126	1.18e-27	137
accn|CP017551	ICEberg|1581|ICE6660|GenBank|MK497171.1|1..112205_Pseudomonas_aeruginosa_sequence	97.500	80	2	0	532721	532800	112205	112126	1.18e-27	137
accn|CP017551	ICEberg|1581|ICE6660|GenBank|MK497171.1|1..112205_Pseudomonas_aeruginosa_sequence	98.701	77	1	0	533135	533211	112205	112129	1.18e-27	137
accn|CP017551	ICEberg|1718|ICEHso3|GenBank|NC_008309.1|1952153..2005728_Histophilus_somni_129PT__complete_sequence	95.122	82	3	1	1858310	1858391	179	99	7.13e-25	128
accn|CP017551	ICEberg|960|ICEApl1|GenBank|KU551309|27..56176_Actinobacillus_pleuropneumoniae_strain_MIDG2427_tRNA-Leu_gene__integrative_conjugative_element_ICEApl1_mobile_element__and_tRNA-Gly_gene__complete_sequence	98.485	66	1	0	532837	532902	56085	56150	1.54e-21	117
accn|CP017551	ICEberg|960|ICEApl1|GenBank|KU551309|27..56176_Actinobacillus_pleuropneumoniae_strain_MIDG2427_tRNA-Leu_gene__integrative_conjugative_element_ICEApl1_mobile_element__and_tRNA-Gly_gene__complete_sequence	98.485	66	1	0	533044	533109	56085	56150	1.54e-21	117
accn|CP017551	ICEberg|960|ICEApl1|GenBank|KU551309|27..56176_Actinobacillus_pleuropneumoniae_strain_MIDG2427_tRNA-Leu_gene__integrative_conjugative_element_ICEApl1_mobile_element__and_tRNA-Gly_gene__complete_sequence	97.015	67	2	0	532836	532902	1	67	2.00e-20	113
accn|CP017551	ICEberg|960|ICEApl1|GenBank|KU551309|27..56176_Actinobacillus_pleuropneumoniae_strain_MIDG2427_tRNA-Leu_gene__integrative_conjugative_element_ICEApl1_mobile_element__and_tRNA-Gly_gene__complete_sequence	97.015	67	2	0	533043	533109	1	67	2.00e-20	113
accn|CP017551	ICEberg|60|ICEHin1056|GenBank|AJ627386|1..59393_Haemophilus_influenzae_plasmid_ICEhin1056	95.455	66	3	0	532837	532902	1	66	3.34e-18	106
accn|CP017551	ICEberg|60|ICEHin1056|GenBank|AJ627386|1..59393_Haemophilus_influenzae_plasmid_ICEhin1056	95.455	66	3	0	533044	533109	1	66	3.34e-18	106
accn|CP017551	ICEberg|350|ICEHpaT3T1|GenBank|FQ312002|1153089..1213144_Haemophilus_parainfluenzae_T3T1_genome	95.455	66	3	0	533047	533112	60053	59988	3.34e-18	106
accn|CP017551	ICEberg|350|ICEHpaT3T1|GenBank|FQ312002|1153089..1213144_Haemophilus_parainfluenzae_T3T1_genome	95.455	66	3	0	532840	532905	60053	59988	3.34e-18	106
accn|CP017551	ICEberg|349|ICEHpa8f|GenBank|AM884335|1..52725_Haemophilus_influenzae_parA_gene_for_chromosome_partitioning_protein__strain_8f	95.455	66	3	0	532837	532902	1	66	3.34e-18	106
accn|CP017551	ICEberg|349|ICEHpa8f|GenBank|AM884335|1..52725_Haemophilus_influenzae_parA_gene_for_chromosome_partitioning_protein__strain_8f	95.455	66	3	0	533044	533109	1	66	3.34e-18	106
accn|CP017551	ICEberg|348|ICEHin299|GenBank|AM884334|1..53902_Haemophilus_influenzae_parA_gene_for_chromosome_partitioning_protein__strain_299	95.455	66	3	0	532837	532902	1	66	3.34e-18	106
accn|CP017551	ICEberg|348|ICEHin299|GenBank|AM884334|1..53902_Haemophilus_influenzae_parA_gene_for_chromosome_partitioning_protein__strain_299	95.455	66	3	0	533044	533109	1	66	3.34e-18	106
accn|CP017551	ICEberg|346|ICEHinB|GenBank|FQ312006|87548..143543_Haemophilus_influenzae_10810_genome	95.455	66	3	0	532837	532902	1	66	3.34e-18	106
accn|CP017551	ICEberg|346|ICEHinB|GenBank|FQ312006|87548..143543_Haemophilus_influenzae_10810_genome	95.455	66	3	0	533044	533109	1	66	3.34e-18	106
accn|CP017551	ICEberg|2046|Tn7100|GenBank|OW736085.1|1..73601_Haemophilus_influenzae_strain_Hi-228_transposon_7100__complete_sequence	95.455	66	3	0	532837	532902	1	66	3.34e-18	106
accn|CP017551	ICEberg|2046|Tn7100|GenBank|OW736085.1|1..73601_Haemophilus_influenzae_strain_Hi-228_transposon_7100__complete_sequence	95.455	66	3	0	533044	533109	1	66	3.34e-18	106
accn|CP017551	ICEberg|2007|Tn6687|GenBank|MN106412.1|1..68777_Haemophilus_influenzae_strain_0_transposon_Tn6687__complete_sequence	95.455	66	3	0	532837	532902	1	66	3.34e-18	106
accn|CP017551	ICEberg|2007|Tn6687|GenBank|MN106412.1|1..68777_Haemophilus_influenzae_strain_0_transposon_Tn6687__complete_sequence	95.455	66	3	0	533044	533109	1	66	3.34e-18	106
accn|CP017551	ICEberg|2006|Tn6686|GenBank|MN106411.1|1..64737_Haemophilus_influenzae_strain_G_transposon_Tn6686__complete_sequence	95.455	66	3	0	532837	532902	1	66	3.34e-18	106
accn|CP017551	ICEberg|2006|Tn6686|GenBank|MN106411.1|1..64737_Haemophilus_influenzae_strain_G_transposon_Tn6686__complete_sequence	95.455	66	3	0	533044	533109	1	66	3.34e-18	106
accn|CP017551	ICEberg|2005|Tn6685|GenBank|MN106410.1|1..52414_Haemophilus_influenzae_strain_E_transposon_Tn6685__complete_sequence	95.455	66	3	0	532837	532902	1	66	3.34e-18	106
accn|CP017551	ICEberg|2005|Tn6685|GenBank|MN106410.1|1..52414_Haemophilus_influenzae_strain_E_transposon_Tn6685__complete_sequence	95.455	66	3	0	533044	533109	1	66	3.34e-18	106
accn|CP017551	ICEberg|1422|15-184_ICE|GenBank|CP023057.1|951876..999094_Glaesserella_sp._15-184_chromosome__complete_genome	96.667	60	2	0	915070	915129	427	368	1.55e-16	100
accn|CP017551	ICEberg|1685|ICEEC8|GenBank|LOGV01000031.1|282800..364210_Escherichia_coli_strain_STEC_2174_STEC2174_contig_26__whole_genome_shotgun_sequence	96.078	51	2	0	147684	147734	1	51	1.57e-11	84.2
accn|CP017551	ICEberg|1685|ICEEC8|GenBank|LOGV01000031.1|282800..364210_Escherichia_coli_strain_STEC_2174_STEC2174_contig_26__whole_genome_shotgun_sequence	96.078	51	2	0	148011	148061	1	51	1.57e-11	84.2
accn|CP017551	ICEberg|958|ICEAmeAS2|GenBank|NC_021714|1268049..1378509_Alteromonas_mediterranea_UM4b__complete_genome	95.745	47	2	0	1683724	1683770	34588	34634	2.62e-09	76.8
accn|CP017551	ICEberg|1022|ICEPmiCHN2416|GenBank|KX243407|1..92556_Proteus_mirabilis_strain_09MAS2416_complete_sequence	97.436	39	1	0	1683724	1683762	62806	62844	1.58e-06	67.6
accn|CP017551	ICEberg|2039|Tn6865|GenBank|CP031123.2|751328..820050_Providencia_huaxiensis_strain_WCHPr000369_chromosome__complete_genome	97.368	38	1	0	801645	801682	65651	65614	5.67e-06	65.8
