accn|JBDJIO010000001	ICEberg|1736|ICEMha2|GenBank|NC_020833.2|1557279..1616347_Mannheimia_haemolytica_USDA-ARS-USMARC-183__complete_sequence	99.869	43673	43	11	2234475	2278140	52883	9218	0.0	80321
accn|JBDJIO010000001	ICEberg|1736|ICEMha2|GenBank|NC_020833.2|1557279..1616347_Mannheimia_haemolytica_USDA-ARS-USMARC-183__complete_sequence	98.319	6899	110	6	2277342	2284237	6896	1	0.0	12092
accn|JBDJIO010000001	ICEberg|1736|ICEMha2|GenBank|NC_020833.2|1557279..1616347_Mannheimia_haemolytica_USDA-ARS-USMARC-183__complete_sequence	99.623	6363	24	0	2228541	2234903	59069	52707	0.0	11618
accn|JBDJIO010000001	ICEberg|1736|ICEMha2|GenBank|NC_020833.2|1557279..1616347_Mannheimia_haemolytica_USDA-ARS-USMARC-183__complete_sequence	97.404	3428	83	5	2009554	2012978	3874	7298	0.0	5832
accn|JBDJIO010000001	ICEberg|1736|ICEMha2|GenBank|NC_020833.2|1557279..1616347_Mannheimia_haemolytica_USDA-ARS-USMARC-183__complete_sequence	96.648	2088	59	8	2045408	2047493	45183	43105	0.0	3458
accn|JBDJIO010000001	ICEberg|1736|ICEMha2|GenBank|NC_020833.2|1557279..1616347_Mannheimia_haemolytica_USDA-ARS-USMARC-183__complete_sequence	99.834	1206	2	0	2402741	2403946	6098	7303	0.0	2217
accn|JBDJIO010000001	ICEberg|1736|ICEMha2|GenBank|NC_020833.2|1557279..1616347_Mannheimia_haemolytica_USDA-ARS-USMARC-183__complete_sequence	99.508	1219	3	2	2540254	2541471	6094	7310	0.0	2215
accn|JBDJIO010000001	ICEberg|1736|ICEMha2|GenBank|NC_020833.2|1557279..1616347_Mannheimia_haemolytica_USDA-ARS-USMARC-183__complete_sequence	99.834	1204	2	0	1433609	1434812	7301	6098	0.0	2213
accn|JBDJIO010000001	ICEberg|1736|ICEMha2|GenBank|NC_020833.2|1557279..1616347_Mannheimia_haemolytica_USDA-ARS-USMARC-183__complete_sequence	99.917	1201	1	0	885879	887079	6098	7298	0.0	2213
accn|JBDJIO010000001	ICEberg|1736|ICEMha2|GenBank|NC_020833.2|1557279..1616347_Mannheimia_haemolytica_USDA-ARS-USMARC-183__complete_sequence	99.751	1206	3	0	196075	197280	6098	7303	0.0	2211
accn|JBDJIO010000001	ICEberg|1736|ICEMha2|GenBank|NC_020833.2|1557279..1616347_Mannheimia_haemolytica_USDA-ARS-USMARC-183__complete_sequence	99.750	1201	3	0	1355351	1356551	7298	6098	0.0	2202
accn|JBDJIO010000001	ICEberg|1736|ICEMha2|GenBank|NC_020833.2|1557279..1616347_Mannheimia_haemolytica_USDA-ARS-USMARC-183__complete_sequence	99.667	1202	4	0	374399	375600	6097	7298	0.0	2198
accn|JBDJIO010000001	ICEberg|1736|ICEMha2|GenBank|NC_020833.2|1557279..1616347_Mannheimia_haemolytica_USDA-ARS-USMARC-183__complete_sequence	99.340	1213	6	2	890997	892208	6092	7303	0.0	2194
accn|JBDJIO010000001	ICEberg|1736|ICEMha2|GenBank|NC_020833.2|1557279..1616347_Mannheimia_haemolytica_USDA-ARS-USMARC-183__complete_sequence	98.668	1201	16	0	1024865	1026065	7298	6098	0.0	2130
accn|JBDJIO010000001	ICEberg|1736|ICEMha2|GenBank|NC_020833.2|1557279..1616347_Mannheimia_haemolytica_USDA-ARS-USMARC-183__complete_sequence	98.669	1202	15	1	18685	19886	7298	6098	0.0	2130
accn|JBDJIO010000001	ICEberg|1736|ICEMha2|GenBank|NC_020833.2|1557279..1616347_Mannheimia_haemolytica_USDA-ARS-USMARC-183__complete_sequence	97.926	1157	23	1	1857986	1859141	7254	6098	0.0	2002
accn|JBDJIO010000001	ICEberg|1736|ICEMha2|GenBank|NC_020833.2|1557279..1616347_Mannheimia_haemolytica_USDA-ARS-USMARC-183__complete_sequence	96.592	1203	40	1	2021783	2022985	6098	7299	0.0	1993
accn|JBDJIO010000001	ICEberg|1736|ICEMha2|GenBank|NC_020833.2|1557279..1616347_Mannheimia_haemolytica_USDA-ARS-USMARC-183__complete_sequence	96.181	864	29	4	2030789	2031650	47606	46745	0.0	1410
accn|JBDJIO010000001	ICEberg|1736|ICEMha2|GenBank|NC_020833.2|1557279..1616347_Mannheimia_haemolytica_USDA-ARS-USMARC-183__complete_sequence	99.864	737	1	0	231139	231875	6562	7298	0.0	1356
accn|JBDJIO010000001	ICEberg|1736|ICEMha2|GenBank|NC_020833.2|1557279..1616347_Mannheimia_haemolytica_USDA-ARS-USMARC-183__complete_sequence	100.000	713	0	0	2500453	2501165	6587	7299	0.0	1317
accn|JBDJIO010000001	ICEberg|1736|ICEMha2|GenBank|NC_020833.2|1557279..1616347_Mannheimia_haemolytica_USDA-ARS-USMARC-183__complete_sequence	100.000	712	0	0	97927	98638	6587	7298	0.0	1315
accn|JBDJIO010000001	ICEberg|1736|ICEMha2|GenBank|NC_020833.2|1557279..1616347_Mannheimia_haemolytica_USDA-ARS-USMARC-183__complete_sequence	100.000	712	0	0	2484768	2485479	7298	6587	0.0	1315
accn|JBDJIO010000001	ICEberg|1736|ICEMha2|GenBank|NC_020833.2|1557279..1616347_Mannheimia_haemolytica_USDA-ARS-USMARC-183__complete_sequence	100.000	460	0	0	2485475	2485934	6557	6098	0.0	850
accn|JBDJIO010000001	ICEberg|1736|ICEMha2|GenBank|NC_020833.2|1557279..1616347_Mannheimia_haemolytica_USDA-ARS-USMARC-183__complete_sequence	100.000	460	0	0	2499998	2500457	6098	6557	0.0	850
accn|JBDJIO010000001	ICEberg|1736|ICEMha2|GenBank|NC_020833.2|1557279..1616347_Mannheimia_haemolytica_USDA-ARS-USMARC-183__complete_sequence	96.586	498	17	0	2498533	2499030	6595	6098	0.0	826
accn|JBDJIO010000001	ICEberg|1736|ICEMha2|GenBank|NC_020833.2|1557279..1616347_Mannheimia_haemolytica_USDA-ARS-USMARC-183__complete_sequence	96.529	461	15	1	97471	97931	6098	6557	0.0	761
accn|JBDJIO010000001	ICEberg|1736|ICEMha2|GenBank|NC_020833.2|1557279..1616347_Mannheimia_haemolytica_USDA-ARS-USMARC-183__complete_sequence	100.000	401	0	0	2498134	2498534	7298	6898	0.0	741
accn|JBDJIO010000001	ICEberg|1736|ICEMha2|GenBank|NC_020833.2|1557279..1616347_Mannheimia_haemolytica_USDA-ARS-USMARC-183__complete_sequence	100.000	286	0	0	2350691	2350976	7299	7014	1.67e-145	529
accn|JBDJIO010000001	ICEberg|1736|ICEMha2|GenBank|NC_020833.2|1557279..1616347_Mannheimia_haemolytica_USDA-ARS-USMARC-183__complete_sequence	99.187	246	2	0	2050517	2050762	7056	7301	6.22e-120	444
accn|JBDJIO010000001	ICEberg|1736|ICEMha2|GenBank|NC_020833.2|1557279..1616347_Mannheimia_haemolytica_USDA-ARS-USMARC-183__complete_sequence	95.722	187	7	1	2024460	2024646	10476	10291	1.43e-76	300
accn|JBDJIO010000001	ICEberg|1736|ICEMha2|GenBank|NC_020833.2|1557279..1616347_Mannheimia_haemolytica_USDA-ARS-USMARC-183__complete_sequence	95.213	188	4	5	2024461	2024646	7298	7114	2.38e-74	292
accn|JBDJIO010000001	ICEberg|1736|ICEMha2|GenBank|NC_020833.2|1557279..1616347_Mannheimia_haemolytica_USDA-ARS-USMARC-183__complete_sequence	100.000	90	0	0	2350975	2351064	6187	6098	1.51e-36	167
accn|JBDJIO010000001	ICEberg|1736|ICEMha2|GenBank|NC_020833.2|1557279..1616347_Mannheimia_haemolytica_USDA-ARS-USMARC-183__complete_sequence	100.000	59	0	0	2009451	2009509	3883	3825	2.58e-19	110
accn|JBDJIO010000001	ICEberg|1736|ICEMha2|GenBank|NC_020833.2|1557279..1616347_Mannheimia_haemolytica_USDA-ARS-USMARC-183__complete_sequence	95.745	47	2	0	2047488	2047534	13858	13812	2.61e-09	76.8
accn|JBDJIO010000001	ICEberg|1698|ICEGpa3|GenBank|CP018032.1|1710663..1776472_Glaesserella_parasuis_D74__complete_sequence	95.394	6448	282	14	2269451	2275889	37443	43884	0.0	10248
accn|JBDJIO010000001	ICEberg|1698|ICEGpa3|GenBank|CP018032.1|1710663..1776472_Glaesserella_parasuis_D74__complete_sequence	98.477	1379	21	0	2043557	2044935	13596	14974	0.0	2431
accn|JBDJIO010000001	ICEberg|1698|ICEGpa3|GenBank|CP018032.1|1710663..1776472_Glaesserella_parasuis_D74__complete_sequence	95.890	438	15	1	2559710	2560144	49464	49901	0.0	706
accn|JBDJIO010000001	ICEberg|1698|ICEGpa3|GenBank|CP018032.1|1710663..1776472_Glaesserella_parasuis_D74__complete_sequence	100.000	47	0	0	2047488	2047534	41495	41541	1.21e-12	87.9
accn|JBDJIO010000001	ICEberg|1698|ICEGpa3|GenBank|CP018032.1|1710663..1776472_Glaesserella_parasuis_D74__complete_sequence	97.959	49	1	0	2011523	2011571	44607	44559	4.34e-12	86.1
accn|JBDJIO010000001	ICEberg|1698|ICEGpa3|GenBank|CP018032.1|1710663..1776472_Glaesserella_parasuis_D74__complete_sequence	97.959	49	1	0	2278347	2278395	44559	44607	4.34e-12	86.1
accn|JBDJIO010000001	VFG043479(gb|AAD53408)_(pomA)_outer_membrane_protein_PomA_[OmpA_(VF1223)_-_Adherence_(VFC0001)]_[Mannheimia_haemolytica_str._89010807N]	100.000	1137	0	0	953707	954843	1137	1	0.0	2100
accn|JBDJIO010000001	ICEberg|1702|ICEHin8|GenBank|LS483392.1|192252..244996_Haemophilus_influenzae_strain_NCTC11931_genome_assembly__chromosome__1	96.269	134	2	1	1245744	1245877	131	1	1.48e-51	217
accn|JBDJIO010000001	ICEberg|1702|ICEHin8|GenBank|LS483392.1|192252..244996_Haemophilus_influenzae_strain_NCTC11931_genome_assembly__chromosome__1	96.269	134	2	1	1245417	1245550	131	1	1.48e-51	217
accn|JBDJIO010000001	ICEberg|1702|ICEHin8|GenBank|LS483392.1|192252..244996_Haemophilus_influenzae_strain_NCTC11931_genome_assembly__chromosome__1	98.701	77	1	0	170925	171001	1	77	1.18e-27	137
accn|JBDJIO010000001	ICEberg|1702|ICEHin8|GenBank|LS483392.1|192252..244996_Haemophilus_influenzae_strain_NCTC11931_genome_assembly__chromosome__1	95.000	80	3	1	1245802	1245881	52745	52667	9.21e-24	124
accn|JBDJIO010000001	ICEberg|1702|ICEHin8|GenBank|LS483392.1|192252..244996_Haemophilus_influenzae_strain_NCTC11931_genome_assembly__chromosome__1	95.000	80	3	1	1245475	1245554	52745	52667	9.21e-24	124
accn|JBDJIO010000001	ICEberg|2047|Tn7406|GenBank|CP087379.1|1564187..1622411_Mannheimia_haemolytica_strain_IMT47952_chromosome__complete_genome	100.000	113	0	0	2270945	2271057	37461	37573	2.47e-49	209
accn|JBDJIO010000001	ICEberg|2047|Tn7406|GenBank|CP087379.1|1564187..1622411_Mannheimia_haemolytica_strain_IMT47952_chromosome__complete_genome	96.610	59	1	1	2011715	2011773	57920	57863	2.01e-15	97.1
accn|JBDJIO010000001	ICEberg|2047|Tn7406|GenBank|CP087379.1|1564187..1622411_Mannheimia_haemolytica_strain_IMT47952_chromosome__complete_genome	96.610	59	1	1	2278145	2278203	57863	57920	2.01e-15	97.1
accn|JBDJIO010000001	ICEberg|2047|Tn7406|GenBank|CP087379.1|1564187..1622411_Mannheimia_haemolytica_strain_IMT47952_chromosome__complete_genome	100.000	36	0	0	2049054	2049089	37573	37538	1.57e-06	67.6
accn|JBDJIO010000001	ICEberg|2047|Tn7406|GenBank|CP087379.1|1564187..1622411_Mannheimia_haemolytica_strain_IMT47952_chromosome__complete_genome	95.238	42	2	0	2047493	2047534	54944	54985	1.57e-06	67.6
accn|JBDJIO010000001	ICEberg|1597|ICEApa1|GenBank|CP050316.1|2129122..2199489_Avibacterium_paragallinarum_strain_ESV-135_chromosome__complete_genome	95.349	129	5	1	1245749	1245877	128	1	1.15e-47	204
accn|JBDJIO010000001	ICEberg|1597|ICEApa1|GenBank|CP050316.1|2129122..2199489_Avibacterium_paragallinarum_strain_ESV-135_chromosome__complete_genome	95.349	129	5	1	1245422	1245550	128	1	1.15e-47	204
accn|JBDJIO010000001	ICEberg|1597|ICEApa1|GenBank|CP050316.1|2129122..2199489_Avibacterium_paragallinarum_strain_ESV-135_chromosome__complete_genome	96.104	77	3	0	170924	171000	70292	70368	2.56e-24	126
accn|JBDJIO010000001	ICEberg|1597|ICEApa1|GenBank|CP050316.1|2129122..2199489_Avibacterium_paragallinarum_strain_ESV-135_chromosome__complete_genome	96.053	76	3	0	170925	171000	1	76	9.21e-24	124
accn|JBDJIO010000001	ICEberg|1597|ICEApa1|GenBank|CP050316.1|2129122..2199489_Avibacterium_paragallinarum_strain_ESV-135_chromosome__complete_genome	96.053	76	3	0	1245802	1245877	70368	70293	9.21e-24	124
accn|JBDJIO010000001	ICEberg|1597|ICEApa1|GenBank|CP050316.1|2129122..2199489_Avibacterium_paragallinarum_strain_ESV-135_chromosome__complete_genome	96.053	76	3	0	1245475	1245550	70368	70293	9.21e-24	124
accn|JBDJIO010000001	ICEberg|1597|ICEApa1|GenBank|CP050316.1|2129122..2199489_Avibacterium_paragallinarum_strain_ESV-135_chromosome__complete_genome	98.113	53	1	0	2240466	2240518	42356	42304	2.60e-14	93.5
accn|JBDJIO010000001	ICEberg|1700|ICEHdu1|GenBank|NC_002940.2|718953..768668_[Haemophilus]_ducreyi_35000HP__complete_sequence	98.901	91	1	0	1627496	1627586	49716	49626	1.95e-35	163
accn|JBDJIO010000001	ICEberg|1700|ICEHdu1|GenBank|NC_002940.2|718953..768668_[Haemophilus]_ducreyi_35000HP__complete_sequence	98.901	91	1	0	1627289	1627379	49716	49626	1.95e-35	163
accn|JBDJIO010000001	ICEberg|1700|ICEHdu1|GenBank|NC_002940.2|718953..768668_[Haemophilus]_ducreyi_35000HP__complete_sequence	98.901	91	1	0	1627082	1627172	49716	49626	1.95e-35	163
accn|JBDJIO010000001	ICEberg|1700|ICEHdu1|GenBank|NC_002940.2|718953..768668_[Haemophilus]_ducreyi_35000HP__complete_sequence	100.000	76	0	0	2304021	2304096	76	1	9.14e-29	141
accn|JBDJIO010000001	ICEberg|1700|ICEHdu1|GenBank|NC_002940.2|718953..768668_[Haemophilus]_ducreyi_35000HP__complete_sequence	100.000	76	0	0	1626988	1627063	76	1	9.14e-29	141
accn|JBDJIO010000001	ICEberg|1700|ICEHdu1|GenBank|NC_002940.2|718953..768668_[Haemophilus]_ducreyi_35000HP__complete_sequence	97.368	76	2	0	850135	850210	49576	49501	1.98e-25	130
accn|JBDJIO010000001	ICEberg|1700|ICEHdu1|GenBank|NC_002940.2|718953..768668_[Haemophilus]_ducreyi_35000HP__complete_sequence	97.368	76	2	0	850038	850113	49576	49501	1.98e-25	130
accn|JBDJIO010000001	ICEberg|1700|ICEHdu1|GenBank|NC_002940.2|718953..768668_[Haemophilus]_ducreyi_35000HP__complete_sequence	96.053	76	3	0	849940	850015	49576	49501	9.21e-24	124
accn|JBDJIO010000001	ICEberg|2010|Tn6783_201330|GenBank|CP054623.1|2596147..2668162_Pseudomonas_aeruginosa_strain_DL201330_chromosome__complete_genome	98.750	80	1	0	2304018	2304097	66896	66975	2.54e-29	143
accn|JBDJIO010000001	ICEberg|2010|Tn6783_201330|GenBank|CP054623.1|2596147..2668162_Pseudomonas_aeruginosa_strain_DL201330_chromosome__complete_genome	98.734	79	1	0	1626986	1627064	66897	66975	9.14e-29	141
accn|JBDJIO010000001	ICEberg|2010|Tn6783_201330|GenBank|CP054623.1|2596147..2668162_Pseudomonas_aeruginosa_strain_DL201330_chromosome__complete_genome	96.471	85	2	1	1627608	1627691	66898	66982	3.29e-28	139
accn|JBDJIO010000001	ICEberg|2010|Tn6783_201330|GenBank|CP054623.1|2596147..2668162_Pseudomonas_aeruginosa_strain_DL201330_chromosome__complete_genome	98.718	78	1	0	1627194	1627271	66898	66975	3.29e-28	139
accn|JBDJIO010000001	ICEberg|2010|Tn6783_201330|GenBank|CP054623.1|2596147..2668162_Pseudomonas_aeruginosa_strain_DL201330_chromosome__complete_genome	98.718	78	1	0	1627401	1627478	66898	66975	3.29e-28	139
accn|JBDJIO010000001	ICEberg|1586|ICEAac3|GenBank|CP043003.1|2132073..2197982_Aggregatibacter_actinomycetemcomitans_strain_HK_907_chromosome__complete_genome	100.000	77	0	0	1627609	1627685	1	77	2.54e-29	143
accn|JBDJIO010000001	ICEberg|1586|ICEAac3|GenBank|CP043003.1|2132073..2197982_Aggregatibacter_actinomycetemcomitans_strain_HK_907_chromosome__complete_genome	100.000	77	0	0	2304021	2304097	1	77	2.54e-29	143
accn|JBDJIO010000001	ICEberg|1586|ICEAac3|GenBank|CP043003.1|2132073..2197982_Aggregatibacter_actinomycetemcomitans_strain_HK_907_chromosome__complete_genome	97.368	76	2	0	850038	850113	217	292	1.98e-25	130
accn|JBDJIO010000001	ICEberg|1586|ICEAac3|GenBank|CP043003.1|2132073..2197982_Aggregatibacter_actinomycetemcomitans_strain_HK_907_chromosome__complete_genome	97.368	76	2	0	850135	850210	217	292	1.98e-25	130
accn|JBDJIO010000001	ICEberg|1586|ICEAac3|GenBank|CP043003.1|2132073..2197982_Aggregatibacter_actinomycetemcomitans_strain_HK_907_chromosome__complete_genome	96.053	76	3	0	849940	850015	217	292	9.21e-24	124
accn|JBDJIO010000001	ICEberg|1586|ICEAac3|GenBank|CP043003.1|2132073..2197982_Aggregatibacter_actinomycetemcomitans_strain_HK_907_chromosome__complete_genome	98.387	62	1	0	850052	850113	64346	64407	2.58e-19	110
accn|JBDJIO010000001	ICEberg|1586|ICEAac3|GenBank|CP043003.1|2132073..2197982_Aggregatibacter_actinomycetemcomitans_strain_HK_907_chromosome__complete_genome	98.387	62	1	0	850149	850210	64346	64407	2.58e-19	110
accn|JBDJIO010000001	ICEberg|1586|ICEAac3|GenBank|CP043003.1|2132073..2197982_Aggregatibacter_actinomycetemcomitans_strain_HK_907_chromosome__complete_genome	98.333	60	1	0	849956	850015	64348	64407	3.33e-18	106
accn|JBDJIO010000001	ICEberg|1584|ICEAac1|GenBank|CP012959.1|2164508..2181462_Aggregatibacter_actinomycetemcomitans_strain_624__complete_genome	100.000	77	0	0	2304021	2304097	16955	16879	2.54e-29	143
accn|JBDJIO010000001	ICEberg|1584|ICEAac1|GenBank|CP012959.1|2164508..2181462_Aggregatibacter_actinomycetemcomitans_strain_624__complete_genome	100.000	77	0	0	1627609	1627685	16955	16879	2.54e-29	143
accn|JBDJIO010000001	ICEberg|1584|ICEAac1|GenBank|CP012959.1|2164508..2181462_Aggregatibacter_actinomycetemcomitans_strain_624__complete_genome	100.000	77	0	0	1627402	1627478	16955	16879	2.54e-29	143
accn|JBDJIO010000001	ICEberg|1584|ICEAac1|GenBank|CP012959.1|2164508..2181462_Aggregatibacter_actinomycetemcomitans_strain_624__complete_genome	100.000	77	0	0	1627195	1627271	16955	16879	2.54e-29	143
accn|JBDJIO010000001	ICEberg|1584|ICEAac1|GenBank|CP012959.1|2164508..2181462_Aggregatibacter_actinomycetemcomitans_strain_624__complete_genome	100.000	77	0	0	1626988	1627064	16955	16879	2.54e-29	143
accn|JBDJIO010000001	ICEberg|1701|ICEHdu2|GenBank|CP015434.1|162562..211583_[Haemophilus]_ducreyi_strain_GHA9__complete_genome	100.000	76	0	0	1626988	1627063	48947	49022	9.14e-29	141
accn|JBDJIO010000001	ICEberg|1701|ICEHdu2|GenBank|CP015434.1|162562..211583_[Haemophilus]_ducreyi_strain_GHA9__complete_genome	100.000	76	0	0	2304021	2304096	48947	49022	9.14e-29	141
accn|JBDJIO010000001	ICEberg|1701|ICEHdu2|GenBank|CP015434.1|162562..211583_[Haemophilus]_ducreyi_strain_GHA9__complete_genome	97.368	76	2	0	850038	850113	2	77	1.98e-25	130
accn|JBDJIO010000001	ICEberg|1701|ICEHdu2|GenBank|CP015434.1|162562..211583_[Haemophilus]_ducreyi_strain_GHA9__complete_genome	97.368	76	2	0	850135	850210	2	77	1.98e-25	130
accn|JBDJIO010000001	ICEberg|1701|ICEHdu2|GenBank|CP015434.1|162562..211583_[Haemophilus]_ducreyi_strain_GHA9__complete_genome	96.053	76	3	0	849940	850015	2	77	9.21e-24	124
accn|JBDJIO010000001	ICEberg|1581|ICE6660|GenBank|MK497171.1|1..112205_Pseudomonas_aeruginosa_sequence	97.500	80	2	0	2304021	2304100	112205	112126	1.18e-27	137
accn|JBDJIO010000001	ICEberg|1581|ICE6660|GenBank|MK497171.1|1..112205_Pseudomonas_aeruginosa_sequence	97.500	80	2	0	1627402	1627481	112205	112126	1.18e-27	137
accn|JBDJIO010000001	ICEberg|1581|ICE6660|GenBank|MK497171.1|1..112205_Pseudomonas_aeruginosa_sequence	97.500	80	2	0	1627195	1627274	112205	112126	1.18e-27	137
accn|JBDJIO010000001	ICEberg|1581|ICE6660|GenBank|MK497171.1|1..112205_Pseudomonas_aeruginosa_sequence	97.500	80	2	0	1626988	1627067	112205	112126	1.18e-27	137
accn|JBDJIO010000001	ICEberg|1581|ICE6660|GenBank|MK497171.1|1..112205_Pseudomonas_aeruginosa_sequence	98.701	77	1	0	1627609	1627685	112205	112129	1.18e-27	137
accn|JBDJIO010000001	ICEberg|1718|ICEHso3|GenBank|NC_008309.1|1952153..2005728_Histophilus_somni_129PT__complete_sequence	95.122	82	3	1	170919	171000	179	99	7.12e-25	128
accn|JBDJIO010000001	ICEberg|1807|ICEPmu4|GenBank|CP038875.1|2009809..2087766_Pasteurella_multocida_strain_FCf83_chromosome__complete_genome	96.104	77	3	0	170924	171000	77	1	2.56e-24	126
accn|JBDJIO010000001	ICEberg|1807|ICEPmu4|GenBank|CP038875.1|2009809..2087766_Pasteurella_multocida_strain_FCf83_chromosome__complete_genome	96.053	76	3	0	1245475	1245550	1	76	9.21e-24	124
accn|JBDJIO010000001	ICEberg|1807|ICEPmu4|GenBank|CP038875.1|2009809..2087766_Pasteurella_multocida_strain_FCf83_chromosome__complete_genome	96.053	76	3	0	1245802	1245877	1	76	9.21e-24	124
accn|JBDJIO010000001	ICEberg|1804|ICEPmu3|GenBank|CP038873.1|1026914..1096464_Pasteurella_multocida_strain_FCf45_chromosome__complete_genome	96.104	77	3	0	170924	171000	69475	69551	2.56e-24	126
accn|JBDJIO010000001	ICEberg|1804|ICEPmu3|GenBank|CP038873.1|1026914..1096464_Pasteurella_multocida_strain_FCf45_chromosome__complete_genome	96.053	76	3	0	1245802	1245877	69551	69476	9.21e-24	124
accn|JBDJIO010000001	ICEberg|1804|ICEPmu3|GenBank|CP038873.1|1026914..1096464_Pasteurella_multocida_strain_FCf45_chromosome__complete_genome	96.053	76	3	0	1245475	1245550	69551	69476	9.21e-24	124
accn|JBDJIO010000001	ICEberg|1804|ICEPmu3|GenBank|CP038873.1|1026914..1096464_Pasteurella_multocida_strain_FCf45_chromosome__complete_genome	98.113	53	1	0	2240466	2240518	38089	38037	2.60e-14	93.5
accn|JBDJIO010000001	ICEberg|960|ICEApl1|GenBank|KU551309|27..56176_Actinobacillus_pleuropneumoniae_strain_MIDG2427_tRNA-Leu_gene__integrative_conjugative_element_ICEApl1_mobile_element__and_tRNA-Gly_gene__complete_sequence	98.485	66	1	0	1627104	1627169	56085	56150	1.54e-21	117
accn|JBDJIO010000001	ICEberg|960|ICEApl1|GenBank|KU551309|27..56176_Actinobacillus_pleuropneumoniae_strain_MIDG2427_tRNA-Leu_gene__integrative_conjugative_element_ICEApl1_mobile_element__and_tRNA-Gly_gene__complete_sequence	98.485	66	1	0	1627311	1627376	56085	56150	1.54e-21	117
accn|JBDJIO010000001	ICEberg|960|ICEApl1|GenBank|KU551309|27..56176_Actinobacillus_pleuropneumoniae_strain_MIDG2427_tRNA-Leu_gene__integrative_conjugative_element_ICEApl1_mobile_element__and_tRNA-Gly_gene__complete_sequence	98.485	66	1	0	1627518	1627583	56085	56150	1.54e-21	117
accn|JBDJIO010000001	ICEberg|960|ICEApl1|GenBank|KU551309|27..56176_Actinobacillus_pleuropneumoniae_strain_MIDG2427_tRNA-Leu_gene__integrative_conjugative_element_ICEApl1_mobile_element__and_tRNA-Gly_gene__complete_sequence	97.015	67	2	0	1627103	1627169	1	67	1.99e-20	113
accn|JBDJIO010000001	ICEberg|960|ICEApl1|GenBank|KU551309|27..56176_Actinobacillus_pleuropneumoniae_strain_MIDG2427_tRNA-Leu_gene__integrative_conjugative_element_ICEApl1_mobile_element__and_tRNA-Gly_gene__complete_sequence	97.015	67	2	0	1627310	1627376	1	67	1.99e-20	113
accn|JBDJIO010000001	ICEberg|960|ICEApl1|GenBank|KU551309|27..56176_Actinobacillus_pleuropneumoniae_strain_MIDG2427_tRNA-Leu_gene__integrative_conjugative_element_ICEApl1_mobile_element__and_tRNA-Gly_gene__complete_sequence	97.015	67	2	0	1627517	1627583	1	67	1.99e-20	113
accn|JBDJIO010000001	ICEberg|60|ICEHin1056|GenBank|AJ627386|1..59393_Haemophilus_influenzae_plasmid_ICEhin1056	95.455	66	3	0	1627104	1627169	1	66	3.33e-18	106
accn|JBDJIO010000001	ICEberg|60|ICEHin1056|GenBank|AJ627386|1..59393_Haemophilus_influenzae_plasmid_ICEhin1056	95.455	66	3	0	1627311	1627376	1	66	3.33e-18	106
accn|JBDJIO010000001	ICEberg|60|ICEHin1056|GenBank|AJ627386|1..59393_Haemophilus_influenzae_plasmid_ICEhin1056	95.455	66	3	0	1627518	1627583	1	66	3.33e-18	106
accn|JBDJIO010000001	ICEberg|350|ICEHpaT3T1|GenBank|FQ312002|1153089..1213144_Haemophilus_parainfluenzae_T3T1_genome	95.455	66	3	0	1627521	1627586	60053	59988	3.33e-18	106
accn|JBDJIO010000001	ICEberg|350|ICEHpaT3T1|GenBank|FQ312002|1153089..1213144_Haemophilus_parainfluenzae_T3T1_genome	95.455	66	3	0	1627314	1627379	60053	59988	3.33e-18	106
accn|JBDJIO010000001	ICEberg|350|ICEHpaT3T1|GenBank|FQ312002|1153089..1213144_Haemophilus_parainfluenzae_T3T1_genome	95.455	66	3	0	1627107	1627172	60053	59988	3.33e-18	106
accn|JBDJIO010000001	ICEberg|349|ICEHpa8f|GenBank|AM884335|1..52725_Haemophilus_influenzae_parA_gene_for_chromosome_partitioning_protein__strain_8f	95.455	66	3	0	1627104	1627169	1	66	3.33e-18	106
accn|JBDJIO010000001	ICEberg|349|ICEHpa8f|GenBank|AM884335|1..52725_Haemophilus_influenzae_parA_gene_for_chromosome_partitioning_protein__strain_8f	95.455	66	3	0	1627311	1627376	1	66	3.33e-18	106
accn|JBDJIO010000001	ICEberg|349|ICEHpa8f|GenBank|AM884335|1..52725_Haemophilus_influenzae_parA_gene_for_chromosome_partitioning_protein__strain_8f	95.455	66	3	0	1627518	1627583	1	66	3.33e-18	106
accn|JBDJIO010000001	ICEberg|348|ICEHin299|GenBank|AM884334|1..53902_Haemophilus_influenzae_parA_gene_for_chromosome_partitioning_protein__strain_299	95.455	66	3	0	1627104	1627169	1	66	3.33e-18	106
accn|JBDJIO010000001	ICEberg|348|ICEHin299|GenBank|AM884334|1..53902_Haemophilus_influenzae_parA_gene_for_chromosome_partitioning_protein__strain_299	95.455	66	3	0	1627311	1627376	1	66	3.33e-18	106
accn|JBDJIO010000001	ICEberg|348|ICEHin299|GenBank|AM884334|1..53902_Haemophilus_influenzae_parA_gene_for_chromosome_partitioning_protein__strain_299	95.455	66	3	0	1627518	1627583	1	66	3.33e-18	106
accn|JBDJIO010000001	ICEberg|346|ICEHinB|GenBank|FQ312006|87548..143543_Haemophilus_influenzae_10810_genome	95.455	66	3	0	1627104	1627169	1	66	3.33e-18	106
accn|JBDJIO010000001	ICEberg|346|ICEHinB|GenBank|FQ312006|87548..143543_Haemophilus_influenzae_10810_genome	95.455	66	3	0	1627311	1627376	1	66	3.33e-18	106
accn|JBDJIO010000001	ICEberg|346|ICEHinB|GenBank|FQ312006|87548..143543_Haemophilus_influenzae_10810_genome	95.455	66	3	0	1627518	1627583	1	66	3.33e-18	106
accn|JBDJIO010000001	ICEberg|2046|Tn7100|GenBank|OW736085.1|1..73601_Haemophilus_influenzae_strain_Hi-228_transposon_7100__complete_sequence	95.455	66	3	0	1627104	1627169	1	66	3.33e-18	106
accn|JBDJIO010000001	ICEberg|2046|Tn7100|GenBank|OW736085.1|1..73601_Haemophilus_influenzae_strain_Hi-228_transposon_7100__complete_sequence	95.455	66	3	0	1627311	1627376	1	66	3.33e-18	106
accn|JBDJIO010000001	ICEberg|2046|Tn7100|GenBank|OW736085.1|1..73601_Haemophilus_influenzae_strain_Hi-228_transposon_7100__complete_sequence	95.455	66	3	0	1627518	1627583	1	66	3.33e-18	106
accn|JBDJIO010000001	ICEberg|2007|Tn6687|GenBank|MN106412.1|1..68777_Haemophilus_influenzae_strain_0_transposon_Tn6687__complete_sequence	95.455	66	3	0	1627104	1627169	1	66	3.33e-18	106
accn|JBDJIO010000001	ICEberg|2007|Tn6687|GenBank|MN106412.1|1..68777_Haemophilus_influenzae_strain_0_transposon_Tn6687__complete_sequence	95.455	66	3	0	1627311	1627376	1	66	3.33e-18	106
accn|JBDJIO010000001	ICEberg|2007|Tn6687|GenBank|MN106412.1|1..68777_Haemophilus_influenzae_strain_0_transposon_Tn6687__complete_sequence	95.455	66	3	0	1627518	1627583	1	66	3.33e-18	106
accn|JBDJIO010000001	ICEberg|2006|Tn6686|GenBank|MN106411.1|1..64737_Haemophilus_influenzae_strain_G_transposon_Tn6686__complete_sequence	95.455	66	3	0	1627104	1627169	1	66	3.33e-18	106
accn|JBDJIO010000001	ICEberg|2006|Tn6686|GenBank|MN106411.1|1..64737_Haemophilus_influenzae_strain_G_transposon_Tn6686__complete_sequence	95.455	66	3	0	1627311	1627376	1	66	3.33e-18	106
accn|JBDJIO010000001	ICEberg|2006|Tn6686|GenBank|MN106411.1|1..64737_Haemophilus_influenzae_strain_G_transposon_Tn6686__complete_sequence	95.455	66	3	0	1627518	1627583	1	66	3.33e-18	106
accn|JBDJIO010000001	ICEberg|2005|Tn6685|GenBank|MN106410.1|1..52414_Haemophilus_influenzae_strain_E_transposon_Tn6685__complete_sequence	95.455	66	3	0	1627104	1627169	1	66	3.33e-18	106
accn|JBDJIO010000001	ICEberg|2005|Tn6685|GenBank|MN106410.1|1..52414_Haemophilus_influenzae_strain_E_transposon_Tn6685__complete_sequence	95.455	66	3	0	1627311	1627376	1	66	3.33e-18	106
accn|JBDJIO010000001	ICEberg|2005|Tn6685|GenBank|MN106410.1|1..52414_Haemophilus_influenzae_strain_E_transposon_Tn6685__complete_sequence	95.455	66	3	0	1627518	1627583	1	66	3.33e-18	106
accn|JBDJIO010000001	ICEberg|1697|ICEGpa2|GenBank|CP049090.1|1351751..1421790_Glaesserella_parasuis_strain_aHPS7_chromosome__complete_genome	100.000	56	0	0	2280355	2280410	1533	1478	1.20e-17	104
accn|JBDJIO010000001	ICEberg|1697|ICEGpa2|GenBank|CP049090.1|1351751..1421790_Glaesserella_parasuis_strain_aHPS7_chromosome__complete_genome	100.000	56	0	0	2009451	2009506	1533	1478	1.20e-17	104
accn|JBDJIO010000001	ICEberg|1422|15-184_ICE|GenBank|CP023057.1|951876..999094_Glaesserella_sp._15-184_chromosome__complete_genome	96.667	60	2	0	2009451	2009510	427	368	1.55e-16	100
accn|JBDJIO010000001	ICEberg|1713|ICEHpa1|GenBank|CP054198.1|1511383..1580304_Glaesserella_parasuis_strain_YHP170504_chromosome__complete_genome	98.214	56	0	1	2280355	2280410	55	1	2.01e-15	97.1
accn|JBDJIO010000001	ICEberg|1713|ICEHpa1|GenBank|CP054198.1|1511383..1580304_Glaesserella_parasuis_strain_YHP170504_chromosome__complete_genome	98.214	56	0	1	2009451	2009506	55	1	2.01e-15	97.1
accn|JBDJIO010000001	ICEberg|1716|ICEHs02|GenBank|CP042993.1|687500..760418_Histophilus_somni_strain_UOC-KLM-ATR-014_chromosome__complete_genome	96.296	54	1	1	2009449	2009501	72866	72919	1.21e-12	87.9
accn|JBDJIO010000001	ICEberg|1716|ICEHs02|GenBank|CP042993.1|687500..760418_Histophilus_somni_strain_UOC-KLM-ATR-014_chromosome__complete_genome	95.918	49	2	0	2011523	2011571	72535	72487	2.02e-10	80.5
accn|JBDJIO010000001	ICEberg|1716|ICEHs02|GenBank|CP042993.1|687500..760418_Histophilus_somni_strain_UOC-KLM-ATR-014_chromosome__complete_genome	95.918	49	2	0	2278347	2278395	72487	72535	2.02e-10	80.5
accn|JBDJIO010000001	ICEberg|1685|ICEEC8|GenBank|LOGV01000031.1|282800..364210_Escherichia_coli_strain_STEC_2174_STEC2174_contig_26__whole_genome_shotgun_sequence	96.078	51	2	0	1245419	1245469	1	51	1.56e-11	84.2
accn|JBDJIO010000001	ICEberg|1685|ICEEC8|GenBank|LOGV01000031.1|282800..364210_Escherichia_coli_strain_STEC_2174_STEC2174_contig_26__whole_genome_shotgun_sequence	96.078	51	2	0	1245746	1245796	1	51	1.56e-11	84.2
accn|JBDJIO010000001	ICEberg|441|ICEHso2336-1|GenBank|CP000947|1927921..1994529_Haemophilus_somnus_2336__complete_genome	95.918	49	2	0	2278347	2278395	379	331	2.02e-10	80.5
accn|JBDJIO010000001	ICEberg|441|ICEHso2336-1|GenBank|CP000947|1927921..1994529_Haemophilus_somnus_2336__complete_genome	95.918	49	2	0	2011523	2011571	331	379	2.02e-10	80.5
accn|JBDJIO010000001	ICEberg|440|ICEPmu1|GenBank|CP003022|273284..355497_Pasteurella_multocida_36950__complete_genome	95.918	49	2	0	2278347	2278395	379	331	2.02e-10	80.5
accn|JBDJIO010000001	ICEberg|440|ICEPmu1|GenBank|CP003022|273284..355497_Pasteurella_multocida_36950__complete_genome	95.918	49	2	0	2011523	2011571	331	379	2.02e-10	80.5
accn|JBDJIO010000001	ICEberg|1719|ICEHso4|GenBank|CP018803.1|686759..761246_Histophilus_somni_strain_USDA-ARS-USMARC-63255_chromosome__complete_genome	95.918	49	2	0	2011523	2011571	72583	72535	2.02e-10	80.5
accn|JBDJIO010000001	ICEberg|1719|ICEHso4|GenBank|CP018803.1|686759..761246_Histophilus_somni_strain_USDA-ARS-USMARC-63255_chromosome__complete_genome	95.918	49	2	0	2278347	2278395	72535	72583	2.02e-10	80.5
accn|JBDJIO010000001	ICEberg|1717|ICEHs1|GenBank|MF136609.1|1..64932_Histophilus_somni_strain_AVI_1_integrative_conjugative_element_ICEHs1__complete_sequence	95.918	49	2	0	2278347	2278395	392	344	2.02e-10	80.5
accn|JBDJIO010000001	ICEberg|1717|ICEHs1|GenBank|MF136609.1|1..64932_Histophilus_somni_strain_AVI_1_integrative_conjugative_element_ICEHs1__complete_sequence	95.918	49	2	0	2011523	2011571	344	392	2.02e-10	80.5
accn|JBDJIO010000001	ICEberg|2039|Tn6865|GenBank|CP031123.2|751328..820050_Providencia_huaxiensis_strain_WCHPr000369_chromosome__complete_genome	97.368	38	1	0	1896020	1896057	65651	65614	5.66e-06	65.8
