accn|VAIF01000107	ICEberg|961|ICEApl2|GenBank|MF187965|1..92660_Actinobacillus_pleuropneumoniae_strain_MIDG3553_YhaH_(yhaH)_gene__complete_cds__ICEApl2_mobile_element__complete_sequence__and_PrfC_(prfC)_gene__complete_cds	99.656	291	1	0	1	291	13919	14209	1.25e-150	532
accn|VAIF01000107	ICEberg|455|ICEVspSpa1|GenBank|HE577630|1..25670_Vibrio_splendidus_partial_integrative_and_conjugative_element_ICEVspSpa1__strain_ZF2	99.656	291	1	0	1	291	6134	6424	1.25e-150	532
accn|VAIF01000107	ICEberg|44|SXT(MO10)|GenBank|AY055428|1..99483_Vibrio_cholerae_STX_transposon-like_element_and_pilus_assembly_region__complete_sequence	99.656	291	1	0	1	291	11095	11385	1.25e-150	532
accn|VAIF01000107	ICEberg|44|SXT(MO10)|GenBank|AY055428|1..99483_Vibrio_cholerae_STX_transposon-like_element_and_pilus_assembly_region__complete_sequence	99.656	291	1	0	1	291	15070	15360	1.25e-150	532
accn|VAIF01000107	ICEberg|440|ICEPmu1|GenBank|CP003022|273284..355497_Pasteurella_multocida_36950__complete_genome	99.656	291	1	0	1	291	12152	12442	1.25e-150	532
accn|VAIF01000107	ICEberg|440|ICEPmu1|GenBank|CP003022|273284..355497_Pasteurella_multocida_36950__complete_genome	99.656	291	1	0	1	291	16496	16786	1.25e-150	532
accn|VAIF01000107	ICEberg|38|ICEPdaSpa1|GenBank|AJ870986|1..102985_Photobacterium_damselae_subsp._piscicida_integrative_and_conjugative_element_ICEPdaSpa1__isolate_PC554.2	99.656	291	1	0	1	291	11100	11390	1.25e-150	532
accn|VAIF01000107	ICEberg|37|ICEPalBan1|GenBank|GQ463139|1..96676_Providencia_alcalifaciens_Ban1_integrating_conjugative_element_ICEPalban1__complete_sequence	99.656	291	1	0	1	291	13309	13599	1.25e-150	532
accn|VAIF01000107	ICEberg|36|ICEVflInd1|GenBank|GQ463144|1..114195_Vibrio_fluvialis_Ind1_integrating_conjugative_element_ICEVflInd1__complete_sequence	99.656	291	1	0	1	291	28545	28835	1.25e-150	532
accn|VAIF01000107	ICEberg|36|ICEVflInd1|GenBank|GQ463144|1..114195_Vibrio_fluvialis_Ind1_integrating_conjugative_element_ICEVflInd1__complete_sequence	99.656	291	1	0	1	291	32520	32810	1.25e-150	532
accn|VAIF01000107	ICEberg|35|ICEVchVie1|GenBank|AB114188|1..23402_Vibrio_cholerae_DNA__integrating_antibiotic_resistance_gene_element	99.656	291	1	0	1	291	10276	10566	1.25e-150	532
accn|VAIF01000107	ICEberg|287|ICEEcoJ53|GenBank|FJ968160|1..22687_Escherichia_coli_strain_J53_transposon_SXT__partial_sequence	99.656	291	1	0	1	291	13865	14155	1.25e-150	532
accn|VAIF01000107	ICEberg|273|SXT(KN14)|GenBank|AB535680|1..20747_Vibrio_cholerae_O1_biovar_El_Tor_SXT_conjugative_element_gene_cluster__complete_sequence__strain__KN14	99.656	291	1	0	1	291	10264	10554	1.25e-150	532
accn|VAIF01000107	ICEberg|22|ICEVchInd5|GenBank|GQ463142|1..97952_Vibrio_cholerae_Ind5_integrating_conjugative_element_ICEVchind5__complete_sequence	99.656	291	1	0	1	291	13310	13600	1.25e-150	532
accn|VAIF01000107	ICEberg|21|ICEVchInd4|GenBank|GQ463141|1..95326_Vibrio_cholerae_Ind4_integrating_conjugative_element_ICEVchind4__complete_sequence	99.656	291	1	0	1	291	10893	11183	1.25e-150	532
accn|VAIF01000107	ICEberg|2047|Tn7406|GenBank|CP087379.1|1564187..1622411_Mannheimia_haemolytica_strain_IMT47952_chromosome__complete_genome	99.656	291	1	0	1	291	48734	49024	1.25e-150	532
accn|VAIF01000107	ICEberg|2045|Tn6966|GenBank|CP064830.1|3371703..3442829_Morganella_morganii_subsp._morganii_strain_81703_chromosome__complete_genome	99.656	291	1	0	1	291	32243	32533	1.25e-150	532
accn|VAIF01000107	ICEberg|2045|Tn6966|GenBank|CP064830.1|3371703..3442829_Morganella_morganii_subsp._morganii_strain_81703_chromosome__complete_genome	99.656	291	1	0	1	291	36527	36817	1.25e-150	532
accn|VAIF01000107	ICEberg|2038|Tn6864|GenBank|MT219827.1|1..108763_Providencia_rettgeri_strain_RF14-2_sequence	99.656	291	1	0	1	291	14307	14597	1.25e-150	532
accn|VAIF01000107	ICEberg|2038|Tn6864|GenBank|MT219827.1|1..108763_Providencia_rettgeri_strain_RF14-2_sequence	99.497	199	1	0	1	199	11134	11332	1.74e-99	363
accn|VAIF01000107	ICEberg|2036|Tn6862|GenBank|CP059348.1|704853..810761_Providencia_rettgeri_strain_PROV023_chromosome__complete_genome	99.656	291	1	0	1	291	13225	13515	1.25e-150	532
accn|VAIF01000107	ICEberg|2036|Tn6862|GenBank|CP059348.1|704853..810761_Providencia_rettgeri_strain_PROV023_chromosome__complete_genome	99.010	101	1	0	1	101	17780	17880	5.23e-45	182
accn|VAIF01000107	ICEberg|2034|Tn6860|GenBank|CP059298.1|575696..691964_Providencia_rettgeri_strain_PROV275_chromosome__complete_genome	99.656	291	1	0	1	291	13225	13515	1.25e-150	532
accn|VAIF01000107	ICEberg|1940|ICEVchThd1|GenBank|CP007653.1|579719..680801_Vibrio_cholerae_strain_TSY216_chromosome_1__complete_sequence	99.656	291	1	0	1	291	22041	22331	1.25e-150	532
accn|VAIF01000107	ICEberg|1939|ICEVchRua2|GenBank|KY382506.1|1..97915_Vibrio_cholerae_O1_biovar_El_Tor_str._Inaba_RND18826_ICE_element_genomic_sequence	99.656	291	1	0	1	291	11284	11574	1.25e-150	532
accn|VAIF01000107	ICEberg|1938|ICEVchRua1|GenBank|KY382507.1|1..97915_Vibrio_cholerae_O1_biovar_El_Tor_str._Ogawa_RND6878_ICE_element_genomic_sequence	99.656	291	1	0	1	291	84643	84353	1.25e-150	532
accn|VAIF01000107	ICEberg|1937|ICEVchMJ1236|GenBank|CP001485.1|2958350..3066043_Vibrio_cholerae_MJ-1236_chromosome_1__complete_sequence	99.656	291	1	0	1	291	94418	94128	1.25e-150	532
accn|VAIF01000107	ICEberg|1935|ICEVchChn1307|GenBank|KJ817376.1|1..104025_Vibrio_cholerae_O1_strain_ICDC-1307_SXT_element__complete_sequence	99.656	291	1	0	1	291	88402	88112	1.25e-150	532
accn|VAIF01000107	ICEberg|1935|ICEVchChn1307|GenBank|KJ817376.1|1..104025_Vibrio_cholerae_O1_strain_ICDC-1307_SXT_element__complete_sequence	99.656	291	1	0	1	291	90720	90430	1.25e-150	532
accn|VAIF01000107	ICEberg|1933|ICEVchChn0956|GenBank|KT151655.1|1..109322_Vibrio_cholerae_strain_ICDC-956_sequence	99.656	291	1	0	1	291	86870	86580	1.25e-150	532
accn|VAIF01000107	ICEberg|1933|ICEVchChn0956|GenBank|KT151655.1|1..109322_Vibrio_cholerae_strain_ICDC-956_sequence	99.656	291	1	0	1	291	89188	88898	1.25e-150	532
accn|VAIF01000107	ICEberg|1925|ICEVch2010_EL-1786|GenBank|CP003069.1|83542..182958_Vibrio_cholerae_O1_str._2010EL-1786_chromosome_1__complete_sequence	99.656	291	1	0	1	291	13277	13567	1.25e-150	532
accn|VAIF01000107	ICEberg|1915|ICETET|GenBank|MK165649.1|1..91463_Vibrio_cholerae_strain_IDH_1986_sequence	99.656	291	1	0	1	291	12421	12711	1.25e-150	532
accn|VAIF01000107	ICEberg|1914|ICESupCHN110003|GenBank|MG014393.1|1..91669_Shewanella_algae_strain_110003_sequence	99.656	291	1	0	1	291	13226	13516	1.25e-150	532
accn|VAIF01000107	ICEberg|1863|ICEShaJpn1|GenBank|BFBQ01000004.1|213376..320508_Shewanella_halifaxensis_6JANF4-E-4_DNA__sequence4__whole_genome_shotgun_sequence	99.656	291	1	0	1	291	11098	11388	1.25e-150	532
accn|VAIF01000107	ICEberg|1863|ICEShaJpn1|GenBank|BFBQ01000004.1|213376..320508_Shewanella_halifaxensis_6JANF4-E-4_DNA__sequence4__whole_genome_shotgun_sequence	99.656	291	1	0	1	291	15382	15672	1.25e-150	532
accn|VAIF01000107	ICEberg|1857|ICERspD18B|GenBank|CP037745.1|2629186..2657721_Rheinheimera_sp._D18_chromosome__complete_genome	99.656	291	1	0	1	291	6380	6090	1.25e-150	532
accn|VAIF01000107	ICEberg|1857|ICERspD18B|GenBank|CP037745.1|2629186..2657721_Rheinheimera_sp._D18_chromosome__complete_genome	99.656	291	1	0	1	291	10663	10373	1.25e-150	532
accn|VAIF01000107	ICEberg|1857|ICERspD18B|GenBank|CP037745.1|2629186..2657721_Rheinheimera_sp._D18_chromosome__complete_genome	99.656	291	1	0	1	291	14943	14653	1.25e-150	532
accn|VAIF01000107	ICEberg|1844|ICEPvuChnBC22|GenBank|MH160822.1|1..148751_Proteus_vulgaris_strain_SCpv22_sequence	99.656	291	1	0	1	291	11394	11684	1.25e-150	532
accn|VAIF01000107	ICEberg|1844|ICEPvuChnBC22|GenBank|MH160822.1|1..148751_Proteus_vulgaris_strain_SCpv22_sequence	99.656	291	1	0	1	291	46847	46557	1.25e-150	532
accn|VAIF01000107	ICEberg|1844|ICEPvuChnBC22|GenBank|MH160822.1|1..148751_Proteus_vulgaris_strain_SCpv22_sequence	99.656	291	1	0	1	291	83414	83704	1.25e-150	532
accn|VAIF01000107	ICEberg|1788|ICEPmiFra1|GenBank|MF490434.1|1..107395_Proteus_mirabilis_sequence	99.656	291	1	0	1	291	11970	12260	1.25e-150	532
accn|VAIF01000107	ICEberg|1786|ICEPmiChn-TQ12|GenBank|ON390822.1|1..147546_Proteus_terrae_subsp._cibarius_strain_TQ12_ICEPmiChn-TQ12_mobile_element__complete_sequence	99.656	291	1	0	1	291	50526	50816	1.25e-150	532
accn|VAIF01000107	ICEberg|1785|ICEPmiChnSTP3|GenBank|MT449450.1|1..118916_Proteus_mirabilis_strain_STP3_sequence	99.656	291	1	0	1	291	107195	106905	1.25e-150	532
accn|VAIF01000107	ICEberg|1781|ICEPmiChn-JZ35|GenBank|ON390821.1|1..142200_Proteus_terrae_subsp._cibarius_strain_JZ35_ICEPmiChn-JZ35_mobile_element__complete_sequence	99.656	291	1	0	1	291	91745	91455	1.25e-150	532
accn|VAIF01000107	ICEberg|1781|ICEPmiChn-JZ35|GenBank|ON390821.1|1..142200_Proteus_terrae_subsp._cibarius_strain_JZ35_ICEPmiChn-JZ35_mobile_element__complete_sequence	99.656	291	1	0	1	291	100020	99730	1.25e-150	532
accn|VAIF01000107	ICEberg|1781|ICEPmiChn-JZ35|GenBank|ON390821.1|1..142200_Proteus_terrae_subsp._cibarius_strain_JZ35_ICEPmiChn-JZ35_mobile_element__complete_sequence	99.656	291	1	0	1	291	105368	105078	1.25e-150	532
accn|VAIF01000107	ICEberg|1781|ICEPmiChn-JZ35|GenBank|ON390821.1|1..142200_Proteus_terrae_subsp._cibarius_strain_JZ35_ICEPmiChn-JZ35_mobile_element__complete_sequence	99.497	199	1	0	1	199	94902	94704	1.74e-99	363
accn|VAIF01000107	ICEberg|1779|ICEPmiChnChSC1905|GenBank|CP047929.1|3384696..3471195_Proteus_mirabilis_strain_ChSC1905_chromosome__complete_genome	99.656	291	1	0	1	291	1295	1585	1.25e-150	532
accn|VAIF01000107	ICEberg|1779|ICEPmiChnChSC1905|GenBank|CP047929.1|3384696..3471195_Proteus_mirabilis_strain_ChSC1905_chromosome__complete_genome	98.969	291	1	1	1	291	85867	85579	9.76e-147	520
accn|VAIF01000107	ICEberg|1778|ICEPmiChnBCP11|GenBank|MG773277.1|1..141263_Proteus_mirabilis_integrating_conjugative_element_ICEPmiChn-BCP11_sequence	99.656	291	1	0	1	291	11352	11642	1.25e-150	532
accn|VAIF01000107	ICEberg|1778|ICEPmiChnBCP11|GenBank|MG773277.1|1..141263_Proteus_mirabilis_integrating_conjugative_element_ICEPmiChn-BCP11_sequence	99.656	291	1	0	1	291	101428	101718	1.25e-150	532
accn|VAIF01000107	ICEberg|1763|ICEPgs6Chn1|GenBank|MN507533.1|1..116235_Proteus_genomosp._6_strain_T60_sequence	99.656	291	1	0	1	291	13554	13844	1.25e-150	532
accn|VAIF01000107	ICEberg|1763|ICEPgs6Chn1|GenBank|MN507533.1|1..116235_Proteus_genomosp._6_strain_T60_sequence	99.656	291	1	0	1	291	17844	18134	1.25e-150	532
accn|VAIF01000107	ICEberg|1763|ICEPgs6Chn1|GenBank|MN507533.1|1..116235_Proteus_genomosp._6_strain_T60_sequence	99.656	291	1	0	1	291	22134	22424	1.25e-150	532
accn|VAIF01000107	ICEberg|1763|ICEPgs6Chn1|GenBank|MN507533.1|1..116235_Proteus_genomosp._6_strain_T60_sequence	99.656	291	1	0	1	291	40077	40367	1.25e-150	532
accn|VAIF01000107	ICEberg|1762|ICEPflCDM8|GenBank|CP047240.1|950152..1060244_Pseudoalteromonas_sp._M8_chromosome_2__complete_sequence	99.656	291	1	0	1	291	11098	11388	1.25e-150	532
accn|VAIF01000107	ICEberg|1762|ICEPflCDM8|GenBank|CP047240.1|950152..1060244_Pseudoalteromonas_sp._M8_chromosome_2__complete_sequence	99.656	291	1	0	1	291	15034	15324	1.25e-150	532
accn|VAIF01000107	ICEberg|1762|ICEPflCDM8|GenBank|CP047240.1|950152..1060244_Pseudoalteromonas_sp._M8_chromosome_2__complete_sequence	99.656	291	1	0	1	291	18969	19259	1.25e-150	532
accn|VAIF01000107	ICEberg|1762|ICEPflCDM8|GenBank|CP047240.1|950152..1060244_Pseudoalteromonas_sp._M8_chromosome_2__complete_sequence	99.656	291	1	0	1	291	21287	21577	1.25e-150	532
accn|VAIF01000107	ICEberg|1759|ICEPciChn2|GenBank|MW423608.1|1..140916_Proteus_terrae_subsp._cibarius_strain_SH19PTE4_sequence	99.656	291	1	0	1	291	28200	28490	1.25e-150	532
accn|VAIF01000107	ICEberg|1759|ICEPciChn2|GenBank|MW423608.1|1..140916_Proteus_terrae_subsp._cibarius_strain_SH19PTE4_sequence	99.497	199	1	0	1	199	25027	25225	1.74e-99	363
accn|VAIF01000107	ICEberg|1758|ICEPciChn180|GenBank|CP073356.1|3209019..3335275_Proteus_terrae_subsp._cibarius_strain_SDQ8C180-2T_chromosome__complete_genome	99.656	291	1	0	1	291	74643	74353	1.25e-150	532
accn|VAIF01000107	ICEberg|1758|ICEPciChn180|GenBank|CP073356.1|3209019..3335275_Proteus_terrae_subsp._cibarius_strain_SDQ8C180-2T_chromosome__complete_genome	99.656	291	1	0	1	291	92586	92296	1.25e-150	532
accn|VAIF01000107	ICEberg|1758|ICEPciChn180|GenBank|CP073356.1|3209019..3335275_Proteus_terrae_subsp._cibarius_strain_SDQ8C180-2T_chromosome__complete_genome	99.497	199	1	0	1	199	95753	95555	1.74e-99	363
accn|VAIF01000107	ICEberg|1719|ICEHso4|GenBank|CP018803.1|686759..761246_Histophilus_somni_strain_USDA-ARS-USMARC-63255_chromosome__complete_genome	99.656	291	1	0	1	291	56417	56127	1.25e-150	532
accn|VAIF01000107	ICEberg|1719|ICEHso4|GenBank|CP018803.1|686759..761246_Histophilus_somni_strain_USDA-ARS-USMARC-63255_chromosome__complete_genome	99.656	291	1	0	1	291	60761	60471	1.25e-150	532
accn|VAIF01000107	ICEberg|1716|ICEHs02|GenBank|CP042993.1|687500..760418_Histophilus_somni_strain_UOC-KLM-ATR-014_chromosome__complete_genome	99.656	291	1	0	1	291	56368	56078	1.25e-150	532
accn|VAIF01000107	ICEberg|1716|ICEHs02|GenBank|CP042993.1|687500..760418_Histophilus_somni_strain_UOC-KLM-ATR-014_chromosome__complete_genome	99.656	291	1	0	1	291	60712	60422	1.25e-150	532
accn|VAIF01000107	ICEberg|16|ICEVchBan9|GenBank|CP001485|2958347..3066049_Vibrio_cholerae_MJ-1236_chromosome_1__complete_sequence	99.656	291	1	0	1	291	94421	94131	1.25e-150	532
accn|VAIF01000107	ICEberg|1691|ICEGEN|GenBank|MK165650.1|1..96718_Vibrio_cholerae_strain_IDH_4268_sequence	99.656	291	1	0	1	291	12421	12711	1.25e-150	532
accn|VAIF01000107	ICEberg|1598|ICEAplChn1|GenBank|KX196444.1|1..100848_Actinobacillus_pleuropneumoniae_sequence	99.656	291	1	0	1	291	14736	15026	1.25e-150	532
accn|VAIF01000107	ICEberg|1598|ICEAplChn1|GenBank|KX196444.1|1..100848_Actinobacillus_pleuropneumoniae_sequence	99.656	291	1	0	1	291	19333	19623	1.25e-150	532
accn|VAIF01000107	ICEberg|149|ICEVflH-08942|GenBank|KM213605.1|1..102878_Vibrio_fluvialis_strain_H08942_ICEVflInd1_integrating_conjugative_element_genomic_sequence	99.656	291	1	0	1	291	13225	13515	1.25e-150	532
accn|VAIF01000107	ICEberg|149|ICEVflH-08942|GenBank|KM213605.1|1..102878_Vibrio_fluvialis_strain_H08942_ICEVflInd1_integrating_conjugative_element_genomic_sequence	99.656	291	1	0	1	291	17200	17490	1.25e-150	532
accn|VAIF01000107	ICEberg|148|SXT(HN1)|GenBank|AB450045|1..19086_Vibrio_cholerae_O1_biovar_El_tor_SXT_conjugative_element_gene_cluster__complete_sequence__strain__HN1	99.656	291	1	0	1	291	10264	10554	1.25e-150	532
accn|VAIF01000107	ICEberg|1452|ICE_erm42|GenBank|CP060730.1|568141..660867_Salmonella_enterica_subsp._enterica_serovar_Albany_strain_R17.5974_chromosome__complete_genome	99.656	291	1	0	1	291	11670	11960	1.25e-150	532
accn|VAIF01000107	ICEberg|1452|ICE_erm42|GenBank|CP060730.1|568141..660867_Salmonella_enterica_subsp._enterica_serovar_Albany_strain_R17.5974_chromosome__complete_genome	99.656	291	1	0	1	291	15954	16244	1.25e-150	532
accn|VAIF01000107	ICEberg|12|ICEVchBan5|GenBank|GQ463140|1..102122_Vibrio_cholerae_Ban5_integrating_conjugative_element_ICEVchban5__complete_sequence	99.656	291	1	0	1	291	13160	13450	1.25e-150	532
accn|VAIF01000107	ICEberg|12|ICEVchBan5|GenBank|GQ463140|1..102122_Vibrio_cholerae_Ban5_integrating_conjugative_element_ICEVchban5__complete_sequence	99.656	291	1	0	1	291	17444	17734	1.25e-150	532
accn|VAIF01000107	ICEberg|1110|ICEKpnQD23-1|GenBank|CP042858.1|4831525..5022379_Klebsiella_pneumoniae_strain_QD23_chromosome__complete_genome	99.656	291	1	0	1	291	177100	176810	1.25e-150	532
accn|VAIF01000107	ICEberg|1069|ICEVchNig1|GenBank|KC886258|528..97570_Vibrio_cholerae_VC833_ICE_element_genomic_sequence	99.656	291	1	0	1	291	12746	13036	1.25e-150	532
accn|VAIF01000107	ICEberg|1068|ICEVchNep1|GenBank|KC886257|528..97877_Vibrio_cholerae_strain_VC504_ICE_element_genomic_sequence	99.656	291	1	0	1	291	12746	13036	1.25e-150	532
accn|VAIF01000107	ICEberg|1064|ICEVchChnAHV1003|GenBank|KT151663|1..101856_Vibrio_cholerae_strain_AHV1003_SXT_element_genomic_sequence	99.656	291	1	0	1	291	79367	79077	1.25e-150	532
accn|VAIF01000107	ICEberg|1063|ICEVchCHN956|GenBank|KT151655|1..109322_Vibrio_cholerae_strain_ICDC-956_SXT_element_genomic_sequence	99.656	291	1	0	1	291	86870	86580	1.25e-150	532
accn|VAIF01000107	ICEberg|1063|ICEVchCHN956|GenBank|KT151655|1..109322_Vibrio_cholerae_strain_ICDC-956_SXT_element_genomic_sequence	99.656	291	1	0	1	291	89188	88898	1.25e-150	532
accn|VAIF01000107	ICEberg|1061|ICEVchCHN57|GenBank|KT151664.1|1..96186_Vibrio_cholerae_strain_wujiang-2_sequence	99.656	291	1	0	1	291	82961	82671	1.25e-150	532
accn|VAIF01000107	ICEberg|1059|ICEVchCHN4210|GenBank|KT151662|1..110349_Vibrio_cholerae_strain_ICDC-4210_SXT_element_genomic_sequence	99.656	291	1	0	1	291	86870	86580	1.25e-150	532
accn|VAIF01000107	ICEberg|1059|ICEVchCHN4210|GenBank|KT151662|1..110349_Vibrio_cholerae_strain_ICDC-4210_SXT_element_genomic_sequence	99.656	291	1	0	1	291	89188	88898	1.25e-150	532
accn|VAIF01000107	ICEberg|1056|ICEVchCHN2605|GenBank|KT151661|1..98458_Vibrio_cholerae_strain_ICDC-2605_SXT_element_genomic_sequence	99.656	291	1	0	1	291	82915	82625	1.25e-150	532
accn|VAIF01000107	ICEberg|1056|ICEVchCHN2605|GenBank|KT151661|1..98458_Vibrio_cholerae_strain_ICDC-2605_SXT_element_genomic_sequence	99.656	291	1	0	1	291	85233	84943	1.25e-150	532
accn|VAIF01000107	ICEberg|1055|ICEVchChn2255|GenBank|KT151660|1..92592_Vibrio_cholerae_strain_ICDC-2255_SXT_element_genomic_sequence	99.656	291	1	0	1	291	79367	79077	1.25e-150	532
accn|VAIF01000107	ICEberg|1053|ICEVchCHN1944|GenBank|KT151659|1..100703_Vibrio_cholerae_strain_ICDC-1944_SXT_element_genomic_sequence	99.656	291	1	0	1	291	82879	82589	1.25e-150	532
accn|VAIF01000107	ICEberg|1053|ICEVchCHN1944|GenBank|KT151659|1..100703_Vibrio_cholerae_strain_ICDC-1944_SXT_element_genomic_sequence	99.656	291	1	0	1	291	85197	84907	1.25e-150	532
accn|VAIF01000107	ICEberg|1053|ICEVchCHN1944|GenBank|KT151659|1..100703_Vibrio_cholerae_strain_ICDC-1944_SXT_element_genomic_sequence	99.656	291	1	0	1	291	87515	87225	1.25e-150	532
accn|VAIF01000107	ICEberg|1052|ICEVchCHN1909|GenBank|KT151658|1..108995_Vibrio_cholerae_strain_ICDC-1909_SXT_element_genomic_sequence	99.656	291	1	0	1	291	82887	82597	1.25e-150	532
accn|VAIF01000107	ICEberg|1052|ICEVchCHN1909|GenBank|KT151658|1..108995_Vibrio_cholerae_strain_ICDC-1909_SXT_element_genomic_sequence	99.656	291	1	0	1	291	85205	84915	1.25e-150	532
accn|VAIF01000107	ICEberg|1052|ICEVchCHN1909|GenBank|KT151658|1..108995_Vibrio_cholerae_strain_ICDC-1909_SXT_element_genomic_sequence	99.656	291	1	0	1	291	87523	87233	1.25e-150	532
accn|VAIF01000107	ICEberg|1051|ICEVchCHN1627|GenBank|KT151657|1..102413_Vibrio_cholerae_strain_ICDC-1627_SXT_element_genomic_sequence	99.656	291	1	0	1	291	86870	86580	1.25e-150	532
accn|VAIF01000107	ICEberg|1051|ICEVchCHN1627|GenBank|KT151657|1..102413_Vibrio_cholerae_strain_ICDC-1627_SXT_element_genomic_sequence	99.656	291	1	0	1	291	89188	88898	1.25e-150	532
accn|VAIF01000107	ICEberg|1050|ICEVchCHN1605|GenBank|KT151656|1..98419_Vibrio_cholerae_strain_ICDC-1605_SXT_element_genomic_sequence	99.656	291	1	0	1	291	82915	82625	1.25e-150	532
accn|VAIF01000107	ICEberg|1050|ICEVchCHN1605|GenBank|KT151656|1..98419_Vibrio_cholerae_strain_ICDC-1605_SXT_element_genomic_sequence	99.656	291	1	0	1	291	85233	84943	1.25e-150	532
accn|VAIF01000107	ICEberg|1049|ICEVchCHN143|GenBank|KT151654|1..98459_Vibrio_cholerae_strain_ICDC-143_SXT_element_genomic_sequence	99.656	291	1	0	1	291	82915	82625	1.25e-150	532
accn|VAIF01000107	ICEberg|1049|ICEVchCHN143|GenBank|KT151654|1..98459_Vibrio_cholerae_strain_ICDC-143_SXT_element_genomic_sequence	99.656	291	1	0	1	291	85233	84943	1.25e-150	532
accn|VAIF01000107	ICEberg|1035|ICEPvuCHN2213|GenBank|KX243403|1..94340_Proteus_vulgaris_strain_08MAS2213_complete_sequence	99.656	291	1	0	1	291	13220	13510	1.25e-150	532
accn|VAIF01000107	ICEberg|1035|ICEPvuCHN2213|GenBank|KX243403|1..94340_Proteus_vulgaris_strain_08MAS2213_complete_sequence	99.656	291	1	0	1	291	15538	15828	1.25e-150	532
accn|VAIF01000107	ICEberg|1033|ICEPmiCHN905|GenBank|KX243412|1..94956_Proteus_mirabilis_strain_MD20140905_complete_sequence	99.656	291	1	0	1	291	11089	11379	1.25e-150	532
accn|VAIF01000107	ICEberg|1032|ICEPmiCHN904|GenBank|KX243411|1..94942_Proteus_mirabilis_strain_MD20140904_complete_sequence	99.656	291	1	0	1	291	8260	8550	1.25e-150	532
accn|VAIF01000107	ICEberg|1031|ICEPmiCHN903|GenBank|KX243410|1..89644_Proteus_mirabilis_strain_MD20140903_complete_sequence	99.656	291	1	0	1	291	11089	11379	1.25e-150	532
accn|VAIF01000107	ICEberg|1031|ICEPmiCHN903|GenBank|KX243410|1..89644_Proteus_mirabilis_strain_MD20140903_complete_sequence	99.656	291	1	0	1	291	13407	13697	1.25e-150	532
accn|VAIF01000107	ICEberg|1030|ICEPmiCHN902|GenBank|KX243409|1..89096_Proteus_mirabilis_strain_MD20140902__complete_sequence	99.656	291	1	0	1	291	11089	11379	1.25e-150	532
accn|VAIF01000107	ICEberg|1030|ICEPmiCHN902|GenBank|KX243409|1..89096_Proteus_mirabilis_strain_MD20140902__complete_sequence	99.656	291	1	0	1	291	13407	13697	1.25e-150	532
accn|VAIF01000107	ICEberg|1029|ICEPmiCHN901|GenBank|KX243408|1..89493_Proteus_mirabilis_strain_MD20140901_complete_sequence	99.656	291	1	0	1	291	11089	11379	1.25e-150	532
accn|VAIF01000107	ICEberg|1029|ICEPmiCHN901|GenBank|KX243408|1..89493_Proteus_mirabilis_strain_MD20140901_complete_sequence	99.656	291	1	0	1	291	13407	13697	1.25e-150	532
accn|VAIF01000107	ICEberg|1028|ICEPmiChn4|GenBank|KY437728|1..90566_Proteus_mirabilis_integrative_and_conjugative_element_ICEPmiChn4__complete_sequence__and_peptide_chain_release_factor_3_(prfC)_gene__complete_cds	99.656	291	1	0	1	291	11394	11684	1.25e-150	532
accn|VAIF01000107	ICEberg|1027|ICEPmiCHN3335|GenBank|KX243416|1..89996_Proteus_mirabilis_strain_TJ3335_complete_sequence	99.656	291	1	0	1	291	11089	11379	1.25e-150	532
accn|VAIF01000107	ICEberg|1026|ICEPmiCHN3300|GenBank|KX243415|1..108335_Proteus_mirabilis_strain_TJ3300_complete_sequence	99.656	291	1	0	1	291	13217	13507	1.25e-150	532
accn|VAIF01000107	ICEberg|1026|ICEPmiCHN3300|GenBank|KX243415|1..108335_Proteus_mirabilis_strain_TJ3300_complete_sequence	99.656	291	1	0	1	291	15535	15825	1.25e-150	532
accn|VAIF01000107	ICEberg|1023|ICEPmiChn3|GenBank|KY437727|1..55195_Proteus_mirabilis_integrative_and_conjugative_element_ICEPmiChn3__complete_sequence__and_peptide_chain_release_factor_3_(prfC)_gene__complete_cds	99.656	291	1	0	1	291	11394	11684	1.25e-150	532
accn|VAIF01000107	ICEberg|1023|ICEPmiChn3|GenBank|KY437727|1..55195_Proteus_mirabilis_integrative_and_conjugative_element_ICEPmiChn3__complete_sequence__and_peptide_chain_release_factor_3_(prfC)_gene__complete_cds	99.656	291	1	0	1	291	15678	15968	1.25e-150	532
accn|VAIF01000107	ICEberg|1019|ICEPmiChn2|GenBank|KY437726|1..104371_Proteus_mirabilis_integrative_and_conjugative_element_ICEPmiChn2__complete_sequence__and_peptide_chain_release_factor_3_(prfC)_gene__complete_cds	99.656	291	1	0	1	291	11384	11674	1.25e-150	532
accn|VAIF01000107	ICEberg|1019|ICEPmiChn2|GenBank|KY437726|1..104371_Proteus_mirabilis_integrative_and_conjugative_element_ICEPmiChn2__complete_sequence__and_peptide_chain_release_factor_3_(prfC)_gene__complete_cds	99.656	291	1	0	1	291	15668	15958	1.25e-150	532
accn|VAIF01000107	ICEberg|1017|ICEPmiCHN1586|GenBank|KX243404|1..99355_Proteus_mirabilis_strain_08MAS1586_complete_sequence	99.656	291	1	0	1	291	13288	13578	1.25e-150	532
accn|VAIF01000107	ICEberg|1017|ICEPmiCHN1586|GenBank|KX243404|1..99355_Proteus_mirabilis_strain_08MAS1586_complete_sequence	99.656	291	1	0	1	291	15606	15896	1.25e-150	532
accn|VAIF01000107	ICEberg|1016|ICEPmiChn1|GenBank|KT962845|1..92751_Proteus_mirabilis_integrative_and_conjugative_element_ICEPmiChn1__complete_sequence__and_peptide_chain_release_factor_3_(prfC)_gene__complete_cds	99.656	291	1	0	1	291	11394	11684	1.25e-150	532
accn|VAIF01000110	ICEberg|1736|ICEMha2|GenBank|NC_020833.2|1557279..1616347_Mannheimia_haemolytica_USDA-ARS-USMARC-183__complete_sequence	100.000	73	0	0	192	264	10476	10404	3.71e-31	135
accn|VAIF01000110	ICEberg|1736|ICEMha2|GenBank|NC_020833.2|1557279..1616347_Mannheimia_haemolytica_USDA-ARS-USMARC-183__complete_sequence	100.000	72	0	0	193	264	7298	7227	1.34e-30	134
accn|VAIF01000111	ICEberg|1736|ICEMha2|GenBank|NC_020833.2|1557279..1616347_Mannheimia_haemolytica_USDA-ARS-USMARC-183__complete_sequence	98.718	78	1	0	1	78	6172	6095	2.85e-32	139
accn|VAIF01000111	ICEberg|1736|ICEMha2|GenBank|NC_020833.2|1557279..1616347_Mannheimia_haemolytica_USDA-ARS-USMARC-183__complete_sequence	96.250	80	2	1	1	80	9292	9214	1.71e-29	130
accn|VAIF01000112	resfinderf|erm(42)|2	98.855	262	3	0	1	262	836	575	3.20e-131	468
accn|VAIF01000112	resfinderf|erm(42)|1	98.855	262	3	0	1	262	830	569	3.20e-131	468
accn|VAIF01000112	ICEberg|440|ICEPmu1|GenBank|CP003022|273284..355497_Pasteurella_multocida_36950__complete_genome	98.855	262	3	0	1	262	17942	17681	3.20e-131	468
accn|VAIF01000112	ICEberg|1598|ICEAplChn1|GenBank|KX196444.1|1..100848_Actinobacillus_pleuropneumoniae_sequence	98.855	262	3	0	1	262	17444	17705	3.20e-131	468
accn|VAIF01000112	ICEberg|1452|ICE_erm42|GenBank|CP060730.1|568141..660867_Salmonella_enterica_subsp._enterica_serovar_Albany_strain_R17.5974_chromosome__complete_genome	98.855	262	3	0	1	262	7983	8244	3.20e-131	468
accn|VAIF01000050	ICEberg|1736|ICEMha2|GenBank|NC_020833.2|1557279..1616347_Mannheimia_haemolytica_USDA-ARS-USMARC-183__complete_sequence	100.000	78	0	0	1	78	10399	10476	2.30e-31	145
accn|VAIF01000050	ICEberg|1736|ICEMha2|GenBank|NC_020833.2|1557279..1616347_Mannheimia_haemolytica_USDA-ARS-USMARC-183__complete_sequence	100.000	77	0	0	1	77	7222	7298	8.27e-31	143
accn|VAIF01000117	ICEberg|440|ICEPmu1|GenBank|CP003022|273284..355497_Pasteurella_multocida_36950__complete_genome	100.000	256	0	0	1	256	14860	14605	6.69e-133	473
accn|VAIF01000117	ICEberg|1719|ICEHso4|GenBank|CP018803.1|686759..761246_Histophilus_somni_strain_USDA-ARS-USMARC-63255_chromosome__complete_genome	100.000	256	0	0	1	256	58053	58308	6.69e-133	473
accn|VAIF01000117	ICEberg|1716|ICEHs02|GenBank|CP042993.1|687500..760418_Histophilus_somni_strain_UOC-KLM-ATR-014_chromosome__complete_genome	100.000	256	0	0	1	256	58004	58259	6.69e-133	473
accn|VAIF01000117	ICEberg|961|ICEApl2|GenBank|MF187965|1..92660_Actinobacillus_pleuropneumoniae_strain_MIDG3553_YhaH_(yhaH)_gene__complete_cds__ICEApl2_mobile_element__complete_sequence__and_PrfC_(prfC)_gene__complete_cds	99.609	256	1	0	1	256	16567	16312	3.11e-131	468
accn|VAIF01000117	ICEberg|44|SXT(MO10)|GenBank|AY055428|1..99483_Vibrio_cholerae_STX_transposon-like_element_and_pilus_assembly_region__complete_sequence	99.609	256	1	0	1	256	17718	17463	3.11e-131	468
accn|VAIF01000117	ICEberg|37|ICEPalBan1|GenBank|GQ463139|1..96676_Providencia_alcalifaciens_Ban1_integrating_conjugative_element_ICEPalban1__complete_sequence	99.609	256	1	0	1	256	15957	15702	3.11e-131	468
accn|VAIF01000117	ICEberg|36|ICEVflInd1|GenBank|GQ463144|1..114195_Vibrio_fluvialis_Ind1_integrating_conjugative_element_ICEVflInd1__complete_sequence	99.609	256	1	0	1	256	35145	34890	3.11e-131	468
accn|VAIF01000117	ICEberg|35|ICEVchVie1|GenBank|AB114188|1..23402_Vibrio_cholerae_DNA__integrating_antibiotic_resistance_gene_element	99.609	256	1	0	1	256	12924	12669	3.11e-131	468
accn|VAIF01000117	ICEberg|273|SXT(KN14)|GenBank|AB535680|1..20747_Vibrio_cholerae_O1_biovar_El_Tor_SXT_conjugative_element_gene_cluster__complete_sequence__strain__KN14	99.609	256	1	0	1	256	12912	12657	3.11e-131	468
accn|VAIF01000117	ICEberg|22|ICEVchInd5|GenBank|GQ463142|1..97952_Vibrio_cholerae_Ind5_integrating_conjugative_element_ICEVchind5__complete_sequence	99.609	256	1	0	1	256	15958	15703	3.11e-131	468
accn|VAIF01000117	ICEberg|21|ICEVchInd4|GenBank|GQ463141|1..95326_Vibrio_cholerae_Ind4_integrating_conjugative_element_ICEVchind4__complete_sequence	99.609	256	1	0	1	256	13541	13286	3.11e-131	468
accn|VAIF01000117	ICEberg|2047|Tn7406|GenBank|CP087379.1|1564187..1622411_Mannheimia_haemolytica_strain_IMT47952_chromosome__complete_genome	99.609	256	1	0	1	256	47098	46843	3.11e-131	468
accn|VAIF01000117	ICEberg|2045|Tn6966|GenBank|CP064830.1|3371703..3442829_Morganella_morganii_subsp._morganii_strain_81703_chromosome__complete_genome	99.609	256	1	0	1	256	34891	34636	3.11e-131	468
accn|VAIF01000117	ICEberg|2036|Tn6862|GenBank|CP059348.1|704853..810761_Providencia_rettgeri_strain_PROV023_chromosome__complete_genome	99.609	256	1	0	1	256	31386	31131	3.11e-131	468
accn|VAIF01000117	ICEberg|1939|ICEVchRua2|GenBank|KY382506.1|1..97915_Vibrio_cholerae_O1_biovar_El_Tor_str._Inaba_RND18826_ICE_element_genomic_sequence	99.609	256	1	0	1	256	13932	13677	3.11e-131	468
accn|VAIF01000117	ICEberg|1938|ICEVchRua1|GenBank|KY382507.1|1..97915_Vibrio_cholerae_O1_biovar_El_Tor_str._Ogawa_RND6878_ICE_element_genomic_sequence	99.609	256	1	0	1	256	81995	82250	3.11e-131	468
accn|VAIF01000117	ICEberg|1937|ICEVchMJ1236|GenBank|CP001485.1|2958350..3066043_Vibrio_cholerae_MJ-1236_chromosome_1__complete_sequence	99.609	256	1	0	1	256	91770	92025	3.11e-131	468
accn|VAIF01000117	ICEberg|1935|ICEVchChn1307|GenBank|KJ817376.1|1..104025_Vibrio_cholerae_O1_strain_ICDC-1307_SXT_element__complete_sequence	99.609	256	1	0	1	256	85754	86009	3.11e-131	468
accn|VAIF01000117	ICEberg|1933|ICEVchChn0956|GenBank|KT151655.1|1..109322_Vibrio_cholerae_strain_ICDC-956_sequence	99.609	256	1	0	1	256	84222	84477	3.11e-131	468
accn|VAIF01000117	ICEberg|1925|ICEVch2010_EL-1786|GenBank|CP003069.1|83542..182958_Vibrio_cholerae_O1_str._2010EL-1786_chromosome_1__complete_sequence	99.609	256	1	0	1	256	15925	15670	3.11e-131	468
accn|VAIF01000117	ICEberg|1914|ICESupCHN110003|GenBank|MG014393.1|1..91669_Shewanella_algae_strain_110003_sequence	99.609	256	1	0	1	256	15874	15619	3.11e-131	468
accn|VAIF01000117	ICEberg|1863|ICEShaJpn1|GenBank|BFBQ01000004.1|213376..320508_Shewanella_halifaxensis_6JANF4-E-4_DNA__sequence4__whole_genome_shotgun_sequence	99.609	256	1	0	1	256	13746	13491	3.11e-131	468
accn|VAIF01000117	ICEberg|1844|ICEPvuChnBC22|GenBank|MH160822.1|1..148751_Proteus_vulgaris_strain_SCpv22_sequence	99.609	256	1	0	1	256	86068	85813	3.11e-131	468
accn|VAIF01000117	ICEberg|1788|ICEPmiFra1|GenBank|MF490434.1|1..107395_Proteus_mirabilis_sequence	99.609	256	1	0	1	256	14618	14363	3.11e-131	468
accn|VAIF01000117	ICEberg|1785|ICEPmiChnSTP3|GenBank|MT449450.1|1..118916_Proteus_mirabilis_strain_STP3_sequence	99.609	256	1	0	1	256	104541	104796	3.11e-131	468
accn|VAIF01000117	ICEberg|1781|ICEPmiChn-JZ35|GenBank|ON390821.1|1..142200_Proteus_terrae_subsp._cibarius_strain_JZ35_ICEPmiChn-JZ35_mobile_element__complete_sequence	99.609	256	1	0	1	256	89093	89348	3.11e-131	468
accn|VAIF01000117	ICEberg|1781|ICEPmiChn-JZ35|GenBank|ON390821.1|1..142200_Proteus_terrae_subsp._cibarius_strain_JZ35_ICEPmiChn-JZ35_mobile_element__complete_sequence	99.609	256	1	0	1	256	102716	102971	3.11e-131	468
accn|VAIF01000117	ICEberg|1779|ICEPmiChnChSC1905|GenBank|CP047929.1|3384696..3471195_Proteus_mirabilis_strain_ChSC1905_chromosome__complete_genome	99.609	256	1	0	1	256	83217	83472	3.11e-131	468
accn|VAIF01000117	ICEberg|1778|ICEPmiChnBCP11|GenBank|MG773277.1|1..141263_Proteus_mirabilis_integrating_conjugative_element_ICEPmiChn-BCP11_sequence	99.609	256	1	0	1	256	14006	13751	3.11e-131	468
accn|VAIF01000117	ICEberg|1763|ICEPgs6Chn1|GenBank|MN507533.1|1..116235_Proteus_genomosp._6_strain_T60_sequence	99.609	256	1	0	1	256	16208	15953	3.11e-131	468
accn|VAIF01000117	ICEberg|1763|ICEPgs6Chn1|GenBank|MN507533.1|1..116235_Proteus_genomosp._6_strain_T60_sequence	99.609	256	1	0	1	256	20498	20243	3.11e-131	468
accn|VAIF01000117	ICEberg|1762|ICEPflCDM8|GenBank|CP047240.1|950152..1060244_Pseudoalteromonas_sp._M8_chromosome_2__complete_sequence	99.609	256	1	0	1	256	23940	23685	3.11e-131	468
accn|VAIF01000117	ICEberg|1759|ICEPciChn2|GenBank|MW423608.1|1..140916_Proteus_terrae_subsp._cibarius_strain_SH19PTE4_sequence	99.609	256	1	0	1	256	30713	30458	3.11e-131	468
accn|VAIF01000117	ICEberg|16|ICEVchBan9|GenBank|CP001485|2958347..3066049_Vibrio_cholerae_MJ-1236_chromosome_1__complete_sequence	99.609	256	1	0	1	256	91773	92028	3.11e-131	468
accn|VAIF01000117	ICEberg|1691|ICEGEN|GenBank|MK165650.1|1..96718_Vibrio_cholerae_strain_IDH_4268_sequence	99.609	256	1	0	1	256	15069	14814	3.11e-131	468
accn|VAIF01000117	ICEberg|1625|ICECspPOL2|GenBank|CP049298.1|1767025..1883295_Chryseobacterium_sp._POL2_chromosome__complete_genome	99.609	256	1	0	1	256	100793	100538	3.11e-131	468
accn|VAIF01000117	ICEberg|1598|ICEAplChn1|GenBank|KX196444.1|1..100848_Actinobacillus_pleuropneumoniae_sequence	99.609	256	1	0	1	256	21987	21732	3.11e-131	468
accn|VAIF01000117	ICEberg|149|ICEVflH-08942|GenBank|KM213605.1|1..102878_Vibrio_fluvialis_strain_H08942_ICEVflInd1_integrating_conjugative_element_genomic_sequence	99.609	256	1	0	1	256	19825	19570	3.11e-131	468
accn|VAIF01000117	ICEberg|1452|ICE_erm42|GenBank|CP060730.1|568141..660867_Salmonella_enterica_subsp._enterica_serovar_Albany_strain_R17.5974_chromosome__complete_genome	99.609	256	1	0	1	256	14318	14063	3.11e-131	468
accn|VAIF01000117	ICEberg|12|ICEVchBan5|GenBank|GQ463140|1..102122_Vibrio_cholerae_Ban5_integrating_conjugative_element_ICEVchban5__complete_sequence	99.609	256	1	0	1	256	15808	15553	3.11e-131	468
accn|VAIF01000117	ICEberg|12|ICEVchBan5|GenBank|GQ463140|1..102122_Vibrio_cholerae_Ban5_integrating_conjugative_element_ICEVchban5__complete_sequence	99.609	256	1	0	1	256	20092	19837	3.11e-131	468
accn|VAIF01000117	ICEberg|1110|ICEKpnQD23-1|GenBank|CP042858.1|4831525..5022379_Klebsiella_pneumoniae_strain_QD23_chromosome__complete_genome	99.609	256	1	0	1	256	174452	174707	3.11e-131	468
accn|VAIF01000117	ICEberg|1069|ICEVchNig1|GenBank|KC886258|528..97570_Vibrio_cholerae_VC833_ICE_element_genomic_sequence	99.609	256	1	0	1	256	15394	15139	3.11e-131	468
accn|VAIF01000117	ICEberg|1068|ICEVchNep1|GenBank|KC886257|528..97877_Vibrio_cholerae_strain_VC504_ICE_element_genomic_sequence	99.609	256	1	0	1	256	15394	15139	3.11e-131	468
accn|VAIF01000117	ICEberg|1063|ICEVchCHN956|GenBank|KT151655|1..109322_Vibrio_cholerae_strain_ICDC-956_SXT_element_genomic_sequence	99.609	256	1	0	1	256	84222	84477	3.11e-131	468
accn|VAIF01000117	ICEberg|1059|ICEVchCHN4210|GenBank|KT151662|1..110349_Vibrio_cholerae_strain_ICDC-4210_SXT_element_genomic_sequence	99.609	256	1	0	1	256	84222	84477	3.11e-131	468
accn|VAIF01000117	ICEberg|1056|ICEVchCHN2605|GenBank|KT151661|1..98458_Vibrio_cholerae_strain_ICDC-2605_SXT_element_genomic_sequence	99.609	256	1	0	1	256	80267	80522	3.11e-131	468
accn|VAIF01000117	ICEberg|1053|ICEVchCHN1944|GenBank|KT151659|1..100703_Vibrio_cholerae_strain_ICDC-1944_SXT_element_genomic_sequence	99.609	256	1	0	1	256	80231	80486	3.11e-131	468
accn|VAIF01000117	ICEberg|1052|ICEVchCHN1909|GenBank|KT151658|1..108995_Vibrio_cholerae_strain_ICDC-1909_SXT_element_genomic_sequence	99.609	256	1	0	1	256	80239	80494	3.11e-131	468
accn|VAIF01000117	ICEberg|1051|ICEVchCHN1627|GenBank|KT151657|1..102413_Vibrio_cholerae_strain_ICDC-1627_SXT_element_genomic_sequence	99.609	256	1	0	1	256	84222	84477	3.11e-131	468
accn|VAIF01000117	ICEberg|1050|ICEVchCHN1605|GenBank|KT151656|1..98419_Vibrio_cholerae_strain_ICDC-1605_SXT_element_genomic_sequence	99.609	256	1	0	1	256	80267	80522	3.11e-131	468
accn|VAIF01000117	ICEberg|1049|ICEVchCHN143|GenBank|KT151654|1..98459_Vibrio_cholerae_strain_ICDC-143_SXT_element_genomic_sequence	99.609	256	1	0	1	256	80267	80522	3.11e-131	468
accn|VAIF01000117	ICEberg|1035|ICEPvuCHN2213|GenBank|KX243403|1..94340_Proteus_vulgaris_strain_08MAS2213_complete_sequence	99.609	256	1	0	1	256	18186	17931	3.11e-131	468
accn|VAIF01000117	ICEberg|1033|ICEPmiCHN905|GenBank|KX243412|1..94956_Proteus_mirabilis_strain_MD20140905_complete_sequence	99.609	256	1	0	1	256	13737	13482	3.11e-131	468
accn|VAIF01000117	ICEberg|1032|ICEPmiCHN904|GenBank|KX243411|1..94942_Proteus_mirabilis_strain_MD20140904_complete_sequence	99.609	256	1	0	1	256	10908	10653	3.11e-131	468
accn|VAIF01000117	ICEberg|1031|ICEPmiCHN903|GenBank|KX243410|1..89644_Proteus_mirabilis_strain_MD20140903_complete_sequence	99.609	256	1	0	1	256	16055	15800	3.11e-131	468
accn|VAIF01000117	ICEberg|1030|ICEPmiCHN902|GenBank|KX243409|1..89096_Proteus_mirabilis_strain_MD20140902__complete_sequence	99.609	256	1	0	1	256	16055	15800	3.11e-131	468
accn|VAIF01000117	ICEberg|1029|ICEPmiCHN901|GenBank|KX243408|1..89493_Proteus_mirabilis_strain_MD20140901_complete_sequence	99.609	256	1	0	1	256	16055	15800	3.11e-131	468
accn|VAIF01000117	ICEberg|1028|ICEPmiChn4|GenBank|KY437728|1..90566_Proteus_mirabilis_integrative_and_conjugative_element_ICEPmiChn4__complete_sequence__and_peptide_chain_release_factor_3_(prfC)_gene__complete_cds	99.609	256	1	0	1	256	14042	13787	3.11e-131	468
accn|VAIF01000117	ICEberg|1027|ICEPmiCHN3335|GenBank|KX243416|1..89996_Proteus_mirabilis_strain_TJ3335_complete_sequence	99.609	256	1	0	1	256	13737	13482	3.11e-131	468
accn|VAIF01000117	ICEberg|1026|ICEPmiCHN3300|GenBank|KX243415|1..108335_Proteus_mirabilis_strain_TJ3300_complete_sequence	99.609	256	1	0	1	256	18183	17928	3.11e-131	468
accn|VAIF01000117	ICEberg|1023|ICEPmiChn3|GenBank|KY437727|1..55195_Proteus_mirabilis_integrative_and_conjugative_element_ICEPmiChn3__complete_sequence__and_peptide_chain_release_factor_3_(prfC)_gene__complete_cds	99.609	256	1	0	1	256	14042	13787	3.11e-131	468
accn|VAIF01000117	ICEberg|1019|ICEPmiChn2|GenBank|KY437726|1..104371_Proteus_mirabilis_integrative_and_conjugative_element_ICEPmiChn2__complete_sequence__and_peptide_chain_release_factor_3_(prfC)_gene__complete_cds	99.609	256	1	0	1	256	14032	13777	3.11e-131	468
accn|VAIF01000117	ICEberg|1017|ICEPmiCHN1586|GenBank|KX243404|1..99355_Proteus_mirabilis_strain_08MAS1586_complete_sequence	99.609	256	1	0	1	256	18254	17999	3.11e-131	468
accn|VAIF01000117	ICEberg|1016|ICEPmiChn1|GenBank|KT962845|1..92751_Proteus_mirabilis_integrative_and_conjugative_element_ICEPmiChn1__complete_sequence__and_peptide_chain_release_factor_3_(prfC)_gene__complete_cds	99.609	256	1	0	1	256	14042	13787	3.11e-131	468
accn|VAIF01000117	ICEberg|1786|ICEPmiChn-TQ12|GenBank|ON390822.1|1..147546_Proteus_terrae_subsp._cibarius_strain_TQ12_ICEPmiChn-TQ12_mobile_element__complete_sequence	99.219	256	2	0	1	256	53174	52919	1.45e-129	462
accn|VAIF01000117	ICEberg|1857|ICERspD18B|GenBank|CP037745.1|2629186..2657721_Rheinheimera_sp._D18_chromosome__complete_genome	99.219	256	1	1	1	256	8016	8270	5.21e-129	460
accn|VAIF01000117	ICEberg|1857|ICERspD18B|GenBank|CP037745.1|2629186..2657721_Rheinheimera_sp._D18_chromosome__complete_genome	98.828	256	1	2	1	256	12298	12551	2.42e-127	455
accn|VAIF01000117	ICEberg|1857|ICERspD18B|GenBank|CP037745.1|2629186..2657721_Rheinheimera_sp._D18_chromosome__complete_genome	99.383	162	1	0	95	256	3826	3987	5.59e-79	294
accn|VAIF01000117	ICEberg|1857|ICERspD18B|GenBank|CP037745.1|2629186..2657721_Rheinheimera_sp._D18_chromosome__complete_genome	100.000	144	0	0	1	144	3676	3819	1.22e-70	267
accn|VAIF01000059	ICEberg|1736|ICEMha2|GenBank|NC_020833.2|1557279..1616347_Mannheimia_haemolytica_USDA-ARS-USMARC-183__complete_sequence	100.000	72	0	0	87345	87416	7298	7227	4.87e-28	134
accn|VAIF01000059	ICEberg|1736|ICEMha2|GenBank|NC_020833.2|1557279..1616347_Mannheimia_haemolytica_USDA-ARS-USMARC-183__complete_sequence	100.000	72	0	0	87345	87416	10475	10404	4.87e-28	134
accn|VAIF01000060	ICEberg|987|ICEMh1|GenBank|CP005383|2128248..2190602_Mannheimia_haemolytica_M42548__complete_genome	100.000	237	0	0	1	237	12506	12742	2.24e-122	438
accn|VAIF01000060	ICEberg|441|ICEHso2336-1|GenBank|CP000947|1927921..1994529_Haemophilus_somnus_2336__complete_genome	100.000	237	0	0	1	237	6642	6878	2.24e-122	438
accn|VAIF01000060	ICEberg|440|ICEPmu1|GenBank|CP003022|273284..355497_Pasteurella_multocida_36950__complete_genome	100.000	237	0	0	1	237	24589	24825	2.24e-122	438
accn|VAIF01000060	ICEberg|1734|ICEMh3|GenBank|CP006942.1|959858..1026317_Mannheimia_sp._USDA-ARS-USMARC-1261__complete_genome	100.000	237	0	0	1	237	59903	59667	2.24e-122	438
accn|VAIF01000060	ICEberg|1719|ICEHso4|GenBank|CP018803.1|686759..761246_Histophilus_somni_strain_USDA-ARS-USMARC-63255_chromosome__complete_genome	100.000	237	0	0	1	237	49852	49616	2.24e-122	438
accn|VAIF01000060	ICEberg|1717|ICEHs1|GenBank|MF136609.1|1..64932_Histophilus_somni_strain_AVI_1_integrative_conjugative_element_ICEHs1__complete_sequence	100.000	237	0	0	1	237	6657	6893	2.24e-122	438
accn|VAIF01000060	ICEberg|1716|ICEHs02|GenBank|CP042993.1|687500..760418_Histophilus_somni_strain_UOC-KLM-ATR-014_chromosome__complete_genome	100.000	237	0	0	1	237	49803	49567	2.24e-122	438
accn|VAIF01000063	ICEberg|2047|Tn7406|GenBank|CP087379.1|1564187..1622411_Mannheimia_haemolytica_strain_IMT47952_chromosome__complete_genome	97.313	521	14	0	76366	76886	58225	57705	0.0	885
accn|VAIF01000063	ICEberg|2047|Tn7406|GenBank|CP087379.1|1564187..1622411_Mannheimia_haemolytica_strain_IMT47952_chromosome__complete_genome	96.296	54	2	0	76616	76669	57921	57868	9.50e-15	89.8
accn|VAIF01000063	ICEberg|2047|Tn7406|GenBank|CP087379.1|1564187..1622411_Mannheimia_haemolytica_strain_IMT47952_chromosome__complete_genome	96.296	54	2	0	76670	76723	57975	57922	9.50e-15	89.8
accn|VAIF01000063	ICEberg|1736|ICEMha2|GenBank|NC_020833.2|1557279..1616347_Mannheimia_haemolytica_USDA-ARS-USMARC-183__complete_sequence	100.000	163	0	0	76366	76528	3873	4035	1.12e-78	302
accn|VAIF01000063	ICEberg|1736|ICEMha2|GenBank|NC_020833.2|1557279..1616347_Mannheimia_haemolytica_USDA-ARS-USMARC-183__complete_sequence	100.000	77	0	0	1	77	7222	7298	7.19e-31	143
accn|VAIF01000063	ICEberg|1736|ICEMha2|GenBank|NC_020833.2|1557279..1616347_Mannheimia_haemolytica_USDA-ARS-USMARC-183__complete_sequence	100.000	77	0	0	1	77	10399	10475	7.19e-31	143
accn|VAIF01000063	ICEberg|1736|ICEMha2|GenBank|NC_020833.2|1557279..1616347_Mannheimia_haemolytica_USDA-ARS-USMARC-183__complete_sequence	96.610	59	1	1	76671	76728	6035	6093	5.68e-17	97.1
accn|VAIF01000063	ICEberg|2039|Tn6865|GenBank|CP031123.2|751328..820050_Providencia_huaxiensis_strain_WCHPr000369_chromosome__complete_genome	97.368	38	1	0	46540	46577	65614	65651	1.60e-07	65.8
accn|VAIF01000004	VFG043479(gb|AAD53408)_(pomA)_outer_membrane_protein_PomA_[OmpA_(VF1223)_-_Adherence_(VFC0001)]_[Mannheimia_haemolytica_str._89010807N]	96.570	1137	21	11	12627	13745	1	1137	0.0	1868
accn|VAIF01000004	ICEberg|1736|ICEMha2|GenBank|NC_020833.2|1557279..1616347_Mannheimia_haemolytica_USDA-ARS-USMARC-183__complete_sequence	98.780	82	0	1	1	81	7222	7303	1.79e-31	145
accn|VAIF01000004	ICEberg|1736|ICEMha2|GenBank|NC_020833.2|1557279..1616347_Mannheimia_haemolytica_USDA-ARS-USMARC-183__complete_sequence	100.000	77	0	0	1	77	10399	10475	6.44e-31	143
accn|VAIF01000021	ICEberg|1736|ICEMha2|GenBank|NC_020833.2|1557279..1616347_Mannheimia_haemolytica_USDA-ARS-USMARC-183__complete_sequence	95.156	289	12	2	1	288	7015	7302	6.68e-125	455
accn|VAIF01000065	ICEberg|1736|ICEMha2|GenBank|NC_020833.2|1557279..1616347_Mannheimia_haemolytica_USDA-ARS-USMARC-183__complete_sequence	98.780	82	0	1	62743	62823	7303	7222	1.62e-31	145
accn|VAIF01000065	ICEberg|1736|ICEMha2|GenBank|NC_020833.2|1557279..1616347_Mannheimia_haemolytica_USDA-ARS-USMARC-183__complete_sequence	100.000	77	0	0	62747	62823	10475	10399	5.82e-31	143
accn|VAIF01000062	ICEberg|1736|ICEMha2|GenBank|NC_020833.2|1557279..1616347_Mannheimia_haemolytica_USDA-ARS-USMARC-183__complete_sequence	100.000	77	0	0	1	77	6174	6098	5.68e-31	143
accn|VAIF01000062	ICEberg|1736|ICEMha2|GenBank|NC_020833.2|1557279..1616347_Mannheimia_haemolytica_USDA-ARS-USMARC-183__complete_sequence	100.000	77	0	0	61180	61256	6098	6174	5.68e-31	143
accn|VAIF01000062	ICEberg|1736|ICEMha2|GenBank|NC_020833.2|1557279..1616347_Mannheimia_haemolytica_USDA-ARS-USMARC-183__complete_sequence	96.386	83	3	0	61174	61256	9212	9294	2.64e-29	137
accn|VAIF01000062	ICEberg|1736|ICEMha2|GenBank|NC_020833.2|1557279..1616347_Mannheimia_haemolytica_USDA-ARS-USMARC-183__complete_sequence	97.436	78	2	0	1	78	9294	9217	3.42e-28	134
accn|VAIF01000024	ICEberg|1736|ICEMha2|GenBank|NC_020833.2|1557279..1616347_Mannheimia_haemolytica_USDA-ARS-USMARC-183__complete_sequence	95.439	285	12	1	56845	57129	7298	7015	2.15e-124	453
accn|VAIF01000017	ICEberg|1736|ICEMha2|GenBank|NC_020833.2|1557279..1616347_Mannheimia_haemolytica_USDA-ARS-USMARC-183__complete_sequence	100.000	72	0	0	46411	46482	7298	7227	2.59e-28	134
accn|VAIF01000017	ICEberg|1736|ICEMha2|GenBank|NC_020833.2|1557279..1616347_Mannheimia_haemolytica_USDA-ARS-USMARC-183__complete_sequence	100.000	72	0	0	46411	46482	10475	10404	2.59e-28	134
accn|VAIF01000047	ICEberg|1736|ICEMha2|GenBank|NC_020833.2|1557279..1616347_Mannheimia_haemolytica_USDA-ARS-USMARC-183__complete_sequence	97.590	83	2	0	157990	158072	7305	7223	1.46e-30	143
accn|VAIF01000047	ICEberg|1736|ICEMha2|GenBank|NC_020833.2|1557279..1616347_Mannheimia_haemolytica_USDA-ARS-USMARC-183__complete_sequence	100.000	77	0	0	157996	158072	10476	10400	1.46e-30	143
accn|VAIF01000020	ICEberg|1736|ICEMha2|GenBank|NC_020833.2|1557279..1616347_Mannheimia_haemolytica_USDA-ARS-USMARC-183__complete_sequence	100.000	77	0	0	1	77	6174	6098	4.06e-31	143
accn|VAIF01000020	ICEberg|1736|ICEMha2|GenBank|NC_020833.2|1557279..1616347_Mannheimia_haemolytica_USDA-ARS-USMARC-183__complete_sequence	100.000	75	0	0	43752	43826	6098	6172	5.25e-30	139
accn|VAIF01000020	ICEberg|1736|ICEMha2|GenBank|NC_020833.2|1557279..1616347_Mannheimia_haemolytica_USDA-ARS-USMARC-183__complete_sequence	97.403	77	2	0	43750	43826	9216	9292	8.79e-28	132
accn|VAIF01000020	ICEberg|1736|ICEMha2|GenBank|NC_020833.2|1557279..1616347_Mannheimia_haemolytica_USDA-ARS-USMARC-183__complete_sequence	97.403	77	2	0	1	77	9294	9218	8.79e-28	132
accn|VAIF01000048	ICEberg|1698|ICEGpa3|GenBank|CP018032.1|1710663..1776472_Glaesserella_parasuis_D74__complete_sequence	96.347	438	16	0	17489	17926	49901	49464	0.0	721
accn|VAIF01000048	ICEberg|1736|ICEMha2|GenBank|NC_020833.2|1557279..1616347_Mannheimia_haemolytica_USDA-ARS-USMARC-183__complete_sequence	100.000	79	0	0	33556	33634	7300	7222	2.41e-32	147
accn|VAIF01000048	ICEberg|1736|ICEMha2|GenBank|NC_020833.2|1557279..1616347_Mannheimia_haemolytica_USDA-ARS-USMARC-183__complete_sequence	100.000	77	0	0	33558	33634	10475	10399	3.12e-31	143
accn|VAIF01000048	ICEberg|1736|ICEMha2|GenBank|NC_020833.2|1557279..1616347_Mannheimia_haemolytica_USDA-ARS-USMARC-183__complete_sequence	100.000	72	0	0	1	72	6169	6098	1.87e-28	134
accn|VAIF01000048	ICEberg|1736|ICEMha2|GenBank|NC_020833.2|1557279..1616347_Mannheimia_haemolytica_USDA-ARS-USMARC-183__complete_sequence	97.403	77	2	0	1	77	9289	9213	6.74e-28	132
accn|VAIF01000003	ICEberg|1736|ICEMha2|GenBank|NC_020833.2|1557279..1616347_Mannheimia_haemolytica_USDA-ARS-USMARC-183__complete_sequence	100.000	77	0	0	32331	32407	6098	6174	3.00e-31	143
accn|VAIF01000003	ICEberg|1736|ICEMha2|GenBank|NC_020833.2|1557279..1616347_Mannheimia_haemolytica_USDA-ARS-USMARC-183__complete_sequence	97.403	77	2	0	32331	32407	9218	9294	6.50e-28	132
accn|VAIF01000009	ICEberg|1736|ICEMha2|GenBank|NC_020833.2|1557279..1616347_Mannheimia_haemolytica_USDA-ARS-USMARC-183__complete_sequence	100.000	79	0	0	29024	29102	10477	10399	2.08e-32	147
accn|VAIF01000009	ICEberg|1736|ICEMha2|GenBank|NC_020833.2|1557279..1616347_Mannheimia_haemolytica_USDA-ARS-USMARC-183__complete_sequence	100.000	77	0	0	29026	29102	7298	7222	2.70e-31	143
accn|VAIF01000053	ICEberg|1736|ICEMha2|GenBank|NC_020833.2|1557279..1616347_Mannheimia_haemolytica_USDA-ARS-USMARC-183__complete_sequence	99.570	3949	8	1	23939	27878	1	3949	0.0	7190
accn|VAIF01000053	ICEberg|1701|ICEHdu2|GenBank|CP015434.1|162562..211583_[Haemophilus]_ducreyi_strain_GHA9__complete_genome	97.674	86	1	1	4085	4169	49022	48937	2.00e-32	147
accn|VAIF01000053	ICEberg|1700|ICEHdu1|GenBank|NC_002940.2|718953..768668_[Haemophilus]_ducreyi_35000HP__complete_sequence	97.674	86	1	1	4085	4169	1	86	2.00e-32	147
accn|VAIF01000053	ICEberg|1586|ICEAac3|GenBank|CP043003.1|2132073..2197982_Aggregatibacter_actinomycetemcomitans_strain_HK_907_chromosome__complete_genome	100.000	77	0	0	4084	4160	77	1	2.58e-31	143
accn|VAIF01000053	ICEberg|1584|ICEAac1|GenBank|CP012959.1|2164508..2181462_Aggregatibacter_actinomycetemcomitans_strain_624__complete_genome	100.000	77	0	0	4084	4160	16879	16955	2.58e-31	143
accn|VAIF01000053	ICEberg|2010|Tn6783_201330|GenBank|CP054623.1|2596147..2668162_Pseudomonas_aeruginosa_strain_DL201330_chromosome__complete_genome	98.734	79	1	0	4084	4162	66975	66897	9.29e-31	141
accn|VAIF01000053	ICEberg|1581|ICE6660|GenBank|MK497171.1|1..112205_Pseudomonas_aeruginosa_sequence	97.500	80	2	0	4081	4160	112126	112205	1.20e-29	137
accn|VAIF01000053	ICEberg|1697|ICEGpa2|GenBank|CP049090.1|1351751..1421790_Glaesserella_parasuis_strain_aHPS7_chromosome__complete_genome	100.000	54	0	0	27759	27812	1480	1533	1.58e-18	100
accn|VAIF01000053	ICEberg|1713|ICEHpa1|GenBank|CP054198.1|1511383..1580304_Glaesserella_parasuis_strain_YHP170504_chromosome__complete_genome	98.148	54	0	1	27759	27812	3	55	2.64e-16	93.5
accn|VAIF01000053	ICEberg|1698|ICEGpa3|GenBank|CP018032.1|1710663..1776472_Glaesserella_parasuis_D74__complete_sequence	98.113	53	1	0	27826	27878	44926	44874	2.64e-16	93.5
accn|VAIF01000070	ICEberg|1736|ICEMha2|GenBank|NC_020833.2|1557279..1616347_Mannheimia_haemolytica_USDA-ARS-USMARC-183__complete_sequence	100.000	77	0	0	1	77	6174	6098	2.31e-31	143
accn|VAIF01000070	ICEberg|1736|ICEMha2|GenBank|NC_020833.2|1557279..1616347_Mannheimia_haemolytica_USDA-ARS-USMARC-183__complete_sequence	100.000	76	0	0	24918	24993	7298	7223	8.33e-31	141
accn|VAIF01000070	ICEberg|1736|ICEMha2|GenBank|NC_020833.2|1557279..1616347_Mannheimia_haemolytica_USDA-ARS-USMARC-183__complete_sequence	100.000	76	0	0	24918	24993	10475	10400	8.33e-31	141
accn|VAIF01000070	ICEberg|1736|ICEMha2|GenBank|NC_020833.2|1557279..1616347_Mannheimia_haemolytica_USDA-ARS-USMARC-183__complete_sequence	96.250	80	3	0	1	80	9294	9215	5.01e-28	132
accn|VAIF01000006	ICEberg|1736|ICEMha2|GenBank|NC_020833.2|1557279..1616347_Mannheimia_haemolytica_USDA-ARS-USMARC-183__complete_sequence	98.765	81	0	1	1	80	7223	7303	2.28e-31	143
accn|VAIF01000006	ICEberg|1736|ICEMha2|GenBank|NC_020833.2|1557279..1616347_Mannheimia_haemolytica_USDA-ARS-USMARC-183__complete_sequence	100.000	76	0	0	1	76	10400	10475	8.20e-31	141
accn|VAIF01000039	ICEberg|1736|ICEMha2|GenBank|NC_020833.2|1557279..1616347_Mannheimia_haemolytica_USDA-ARS-USMARC-183__complete_sequence	97.569	617	15	0	2	618	6714	6098	0.0	1057
accn|VAIF01000039	ICEberg|1702|ICEHin8|GenBank|LS483392.1|192252..244996_Haemophilus_influenzae_strain_NCTC11931_genome_assembly__chromosome__1	98.701	77	1	0	25680	25756	77	1	6.70e-29	137
accn|VAIF01000039	ICEberg|1718|ICEHso3|GenBank|NC_008309.1|1952153..2005728_Histophilus_somni_129PT__complete_sequence	95.122	82	3	1	25681	25762	99	179	4.03e-26	128
accn|VAIF01000039	ICEberg|1807|ICEPmu4|GenBank|CP038875.1|2009809..2087766_Pasteurella_multocida_strain_FCf83_chromosome__complete_genome	96.104	77	3	0	25681	25757	1	77	1.45e-25	126
accn|VAIF01000039	ICEberg|1804|ICEPmu3|GenBank|CP038873.1|1026914..1096464_Pasteurella_multocida_strain_FCf45_chromosome__complete_genome	96.104	77	3	0	25681	25757	69551	69475	1.45e-25	126
accn|VAIF01000039	ICEberg|1597|ICEApa1|GenBank|CP050316.1|2129122..2199489_Avibacterium_paragallinarum_strain_ESV-135_chromosome__complete_genome	96.104	77	3	0	25681	25757	70368	70292	1.45e-25	126
accn|VAIF01000039	ICEberg|1597|ICEApa1|GenBank|CP050316.1|2129122..2199489_Avibacterium_paragallinarum_strain_ESV-135_chromosome__complete_genome	96.053	76	3	0	25681	25756	76	1	5.22e-25	124
accn|VAIF01000056	ICEberg|1736|ICEMha2|GenBank|NC_020833.2|1557279..1616347_Mannheimia_haemolytica_USDA-ARS-USMARC-183__complete_sequence	100.000	75	0	0	1	75	6172	6098	2.83e-30	139
accn|VAIF01000056	ICEberg|1736|ICEMha2|GenBank|NC_020833.2|1557279..1616347_Mannheimia_haemolytica_USDA-ARS-USMARC-183__complete_sequence	97.403	77	2	0	1	77	9292	9216	4.74e-28	132
accn|VAIF01000056	ICEberg|1713|ICEHpa1|GenBank|CP054198.1|1511383..1580304_Glaesserella_parasuis_strain_YHP170504_chromosome__complete_genome	100.000	32	0	0	5768	5799	68866	68897	2.27e-06	60.2
accn|VAIF01000011	ICEberg|1736|ICEMha2|GenBank|NC_020833.2|1557279..1616347_Mannheimia_haemolytica_USDA-ARS-USMARC-183__complete_sequence	100.000	78	0	0	1	78	10399	10476	6.00e-32	145
accn|VAIF01000011	ICEberg|1736|ICEMha2|GenBank|NC_020833.2|1557279..1616347_Mannheimia_haemolytica_USDA-ARS-USMARC-183__complete_sequence	100.000	77	0	0	1	77	7222	7298	2.16e-31	143
accn|VAIF01000011	ICEberg|1736|ICEMha2|GenBank|NC_020833.2|1557279..1616347_Mannheimia_haemolytica_USDA-ARS-USMARC-183__complete_sequence	98.750	80	0	1	23213	23291	7302	7223	7.76e-31	141
accn|VAIF01000011	ICEberg|1736|ICEMha2|GenBank|NC_020833.2|1557279..1616347_Mannheimia_haemolytica_USDA-ARS-USMARC-183__complete_sequence	100.000	76	0	0	23216	23291	10475	10400	7.76e-31	141
accn|VAIF01000025	ICEberg|1736|ICEMha2|GenBank|NC_020833.2|1557279..1616347_Mannheimia_haemolytica_USDA-ARS-USMARC-183__complete_sequence	100.000	73	0	0	22247	22319	7298	7226	3.46e-29	135
accn|VAIF01000025	ICEberg|1736|ICEMha2|GenBank|NC_020833.2|1557279..1616347_Mannheimia_haemolytica_USDA-ARS-USMARC-183__complete_sequence	100.000	73	0	0	22247	22319	10475	10403	3.46e-29	135
accn|VAIF01000018	ICEberg|1736|ICEMha2|GenBank|NC_020833.2|1557279..1616347_Mannheimia_haemolytica_USDA-ARS-USMARC-183__complete_sequence	98.066	3310	26	1	17433	20704	10477	7168	0.0	5723
accn|VAIF01000018	ICEberg|1736|ICEMha2|GenBank|NC_020833.2|1557279..1616347_Mannheimia_haemolytica_USDA-ARS-USMARC-183__complete_sequence	96.183	131	5	0	20574	20704	10475	10345	4.01e-53	215
accn|VAIF01000049	ICEberg|1736|ICEMha2|GenBank|NC_020833.2|1557279..1616347_Mannheimia_haemolytica_USDA-ARS-USMARC-183__complete_sequence	100.000	72	0	0	18258	18329	6098	6169	1.02e-28	134
accn|VAIF01000049	ICEberg|1736|ICEMha2|GenBank|NC_020833.2|1557279..1616347_Mannheimia_haemolytica_USDA-ARS-USMARC-183__complete_sequence	96.250	80	3	0	18250	18329	9210	9289	3.67e-28	132
accn|VAIF01000038	ICEberg|1736|ICEMha2|GenBank|NC_020833.2|1557279..1616347_Mannheimia_haemolytica_USDA-ARS-USMARC-183__complete_sequence	100.000	77	0	0	16998	17074	7298	7222	1.58e-31	143
accn|VAIF01000038	ICEberg|1736|ICEMha2|GenBank|NC_020833.2|1557279..1616347_Mannheimia_haemolytica_USDA-ARS-USMARC-183__complete_sequence	100.000	77	0	0	16998	17074	10475	10399	1.58e-31	143
accn|VAIF01000022	ICEberg|1736|ICEMha2|GenBank|NC_020833.2|1557279..1616347_Mannheimia_haemolytica_USDA-ARS-USMARC-183__complete_sequence	97.619	84	2	0	1	84	7222	7305	3.83e-31	145
accn|VAIF01000022	ICEberg|1736|ICEMha2|GenBank|NC_020833.2|1557279..1616347_Mannheimia_haemolytica_USDA-ARS-USMARC-183__complete_sequence	100.000	77	0	0	1	77	10399	10475	1.38e-30	143
accn|VAIF01000013	ICEberg|1736|ICEMha2|GenBank|NC_020833.2|1557279..1616347_Mannheimia_haemolytica_USDA-ARS-USMARC-183__complete_sequence	100.000	78	0	0	15928	16005	7299	7222	4.12e-32	145
accn|VAIF01000013	ICEberg|1736|ICEMha2|GenBank|NC_020833.2|1557279..1616347_Mannheimia_haemolytica_USDA-ARS-USMARC-183__complete_sequence	100.000	77	0	0	15929	16005	10475	10399	1.48e-31	143
accn|VAIF01000007	ICEberg|1736|ICEMha2|GenBank|NC_020833.2|1557279..1616347_Mannheimia_haemolytica_USDA-ARS-USMARC-183__complete_sequence	98.795	83	0	1	15645	15727	6093	6174	1.13e-32	147
accn|VAIF01000007	ICEberg|1736|ICEMha2|GenBank|NC_020833.2|1557279..1616347_Mannheimia_haemolytica_USDA-ARS-USMARC-183__complete_sequence	95.181	83	4	0	15645	15727	9212	9294	3.15e-28	132
accn|VAIF01000007	ICEberg|1701|ICEHdu2|GenBank|CP015434.1|162562..211583_[Haemophilus]_ducreyi_strain_GHA9__complete_genome	97.368	76	2	0	6462	6537	77	2	1.13e-27	130
accn|VAIF01000007	ICEberg|1701|ICEHdu2|GenBank|CP015434.1|162562..211583_[Haemophilus]_ducreyi_strain_GHA9__complete_genome	96.053	76	3	0	6560	6635	77	2	5.27e-26	124
accn|VAIF01000007	ICEberg|1700|ICEHdu1|GenBank|NC_002940.2|718953..768668_[Haemophilus]_ducreyi_35000HP__complete_sequence	97.368	76	2	0	6462	6537	49501	49576	1.13e-27	130
accn|VAIF01000007	ICEberg|1700|ICEHdu1|GenBank|NC_002940.2|718953..768668_[Haemophilus]_ducreyi_35000HP__complete_sequence	96.053	76	3	0	6560	6635	49501	49576	5.27e-26	124
accn|VAIF01000007	ICEberg|1586|ICEAac3|GenBank|CP043003.1|2132073..2197982_Aggregatibacter_actinomycetemcomitans_strain_HK_907_chromosome__complete_genome	97.368	76	2	0	6462	6537	292	217	1.13e-27	130
accn|VAIF01000007	ICEberg|1586|ICEAac3|GenBank|CP043003.1|2132073..2197982_Aggregatibacter_actinomycetemcomitans_strain_HK_907_chromosome__complete_genome	96.053	76	3	0	6560	6635	292	217	5.27e-26	124
accn|VAIF01000007	ICEberg|1586|ICEAac3|GenBank|CP043003.1|2132073..2197982_Aggregatibacter_actinomycetemcomitans_strain_HK_907_chromosome__complete_genome	98.387	62	1	0	6462	6523	64407	64346	1.48e-21	110
accn|VAIF01000007	ICEberg|1586|ICEAac3|GenBank|CP043003.1|2132073..2197982_Aggregatibacter_actinomycetemcomitans_strain_HK_907_chromosome__complete_genome	98.333	60	1	0	6560	6619	64407	64348	1.91e-20	106
accn|VAIF01000026	ICEberg|1736|ICEMha2|GenBank|NC_020833.2|1557279..1616347_Mannheimia_haemolytica_USDA-ARS-USMARC-183__complete_sequence	100.000	77	0	0	1	77	7222	7298	1.25e-31	143
accn|VAIF01000026	ICEberg|1736|ICEMha2|GenBank|NC_020833.2|1557279..1616347_Mannheimia_haemolytica_USDA-ARS-USMARC-183__complete_sequence	100.000	77	0	0	1	77	10399	10475	1.25e-31	143
accn|VAIF01000014	ICEberg|1736|ICEMha2|GenBank|NC_020833.2|1557279..1616347_Mannheimia_haemolytica_USDA-ARS-USMARC-183__complete_sequence	100.000	77	0	0	1	77	6174	6098	1.18e-31	143
accn|VAIF01000014	ICEberg|1736|ICEMha2|GenBank|NC_020833.2|1557279..1616347_Mannheimia_haemolytica_USDA-ARS-USMARC-183__complete_sequence	97.403	77	2	0	1	77	9294	9218	2.55e-28	132
accn|VAIF01000012	ICEberg|1736|ICEMha2|GenBank|NC_020833.2|1557279..1616347_Mannheimia_haemolytica_USDA-ARS-USMARC-183__complete_sequence	100.000	77	0	0	1	77	6174	6098	9.39e-32	143
accn|VAIF01000012	ICEberg|1736|ICEMha2|GenBank|NC_020833.2|1557279..1616347_Mannheimia_haemolytica_USDA-ARS-USMARC-183__complete_sequence	96.296	81	2	1	1	81	9294	9215	2.03e-28	132
accn|VAIF01000061	ICEberg|1736|ICEMha2|GenBank|NC_020833.2|1557279..1616347_Mannheimia_haemolytica_USDA-ARS-USMARC-183__complete_sequence	100.000	80	0	0	77	156	6177	6098	1.73e-33	148
accn|VAIF01000061	ICEberg|1736|ICEMha2|GenBank|NC_020833.2|1557279..1616347_Mannheimia_haemolytica_USDA-ARS-USMARC-183__complete_sequence	100.000	77	0	0	1	77	7222	7298	8.06e-32	143
accn|VAIF01000061	ICEberg|1736|ICEMha2|GenBank|NC_020833.2|1557279..1616347_Mannheimia_haemolytica_USDA-ARS-USMARC-183__complete_sequence	100.000	77	0	0	1	77	10399	10475	8.06e-32	143
accn|VAIF01000061	ICEberg|1736|ICEMha2|GenBank|NC_020833.2|1557279..1616347_Mannheimia_haemolytica_USDA-ARS-USMARC-183__complete_sequence	97.500	80	2	0	77	156	9297	9218	3.75e-30	137
accn|VAIF01000071	ICEberg|1736|ICEMha2|GenBank|NC_020833.2|1557279..1616347_Mannheimia_haemolytica_USDA-ARS-USMARC-183__complete_sequence	100.000	77	0	0	1	77	6174	6098	1.31e-30	143
accn|VAIF01000071	ICEberg|1736|ICEMha2|GenBank|NC_020833.2|1557279..1616347_Mannheimia_haemolytica_USDA-ARS-USMARC-183__complete_sequence	96.250	80	3	0	1	80	9294	9215	2.83e-27	132
accn|VAIF01000079	ICEberg|1736|ICEMha2|GenBank|NC_020833.2|1557279..1616347_Mannheimia_haemolytica_USDA-ARS-USMARC-183__complete_sequence	100.000	77	0	0	4112	4188	6098	6174	3.86e-32	143
accn|VAIF01000079	ICEberg|1736|ICEMha2|GenBank|NC_020833.2|1557279..1616347_Mannheimia_haemolytica_USDA-ARS-USMARC-183__complete_sequence	100.000	75	0	0	1	75	6172	6098	4.99e-31	139
accn|VAIF01000079	ICEberg|1736|ICEMha2|GenBank|NC_020833.2|1557279..1616347_Mannheimia_haemolytica_USDA-ARS-USMARC-183__complete_sequence	97.403	77	2	0	1	77	9292	9216	8.35e-29	132
accn|VAIF01000079	ICEberg|1736|ICEMha2|GenBank|NC_020833.2|1557279..1616347_Mannheimia_haemolytica_USDA-ARS-USMARC-183__complete_sequence	97.403	77	2	0	4112	4188	9218	9294	8.35e-29	132
accn|VAIF01000005	ICEberg|1736|ICEMha2|GenBank|NC_020833.2|1557279..1616347_Mannheimia_haemolytica_USDA-ARS-USMARC-183__complete_sequence	100.000	78	0	0	1	78	7222	7299	1.01e-32	145
accn|VAIF01000005	ICEberg|1736|ICEMha2|GenBank|NC_020833.2|1557279..1616347_Mannheimia_haemolytica_USDA-ARS-USMARC-183__complete_sequence	100.000	77	0	0	3885	3961	6098	6174	3.65e-32	143
accn|VAIF01000005	ICEberg|1736|ICEMha2|GenBank|NC_020833.2|1557279..1616347_Mannheimia_haemolytica_USDA-ARS-USMARC-183__complete_sequence	100.000	77	0	0	1	77	10399	10475	3.65e-32	143
accn|VAIF01000005	ICEberg|1736|ICEMha2|GenBank|NC_020833.2|1557279..1616347_Mannheimia_haemolytica_USDA-ARS-USMARC-183__complete_sequence	97.403	77	2	0	3885	3961	9218	9294	7.90e-29	132
accn|VAIF01000010	ICEberg|1736|ICEMha2|GenBank|NC_020833.2|1557279..1616347_Mannheimia_haemolytica_USDA-ARS-USMARC-183__complete_sequence	96.341	82	3	0	3701	3782	6088	6169	5.83e-30	135
accn|VAIF01000010	ICEberg|1736|ICEMha2|GenBank|NC_020833.2|1557279..1616347_Mannheimia_haemolytica_USDA-ARS-USMARC-183__complete_sequence	97.403	77	2	0	3706	3782	9213	9289	7.54e-29	132
accn|VAIF01000067	ICEberg|1736|ICEMha2|GenBank|NC_020833.2|1557279..1616347_Mannheimia_haemolytica_USDA-ARS-USMARC-183__complete_sequence	100.000	78	0	0	106707	106784	10476	10399	2.75e-31	145
accn|VAIF01000067	ICEberg|1736|ICEMha2|GenBank|NC_020833.2|1557279..1616347_Mannheimia_haemolytica_USDA-ARS-USMARC-183__complete_sequence	100.000	77	0	0	106708	106784	7298	7222	9.90e-31	143
accn|VAIF01000084	ICEberg|1736|ICEMha2|GenBank|NC_020833.2|1557279..1616347_Mannheimia_haemolytica_USDA-ARS-USMARC-183__complete_sequence	99.232	2214	1	1	1	2198	3959	6172	0.0	3980
accn|VAIF01000084	ICEberg|1736|ICEMha2|GenBank|NC_020833.2|1557279..1616347_Mannheimia_haemolytica_USDA-ARS-USMARC-183__complete_sequence	97.333	75	2	0	2124	2198	9218	9292	5.64e-28	128
accn|VAIF01000084	ICEberg|1698|ICEGpa3|GenBank|CP018032.1|1710663..1776472_Glaesserella_parasuis_D74__complete_sequence	97.959	49	1	0	1885	1933	44607	44559	3.44e-15	86.1
accn|VAIF01000084	ICEberg|441|ICEHso2336-1|GenBank|CP000947|1927921..1994529_Haemophilus_somnus_2336__complete_genome	95.918	49	2	0	1885	1933	331	379	1.60e-13	80.5
accn|VAIF01000084	ICEberg|440|ICEPmu1|GenBank|CP003022|273284..355497_Pasteurella_multocida_36950__complete_genome	95.918	49	2	0	1885	1933	331	379	1.60e-13	80.5
accn|VAIF01000084	ICEberg|1719|ICEHso4|GenBank|CP018803.1|686759..761246_Histophilus_somni_strain_USDA-ARS-USMARC-63255_chromosome__complete_genome	95.918	49	2	0	1885	1933	72583	72535	1.60e-13	80.5
accn|VAIF01000084	ICEberg|1717|ICEHs1|GenBank|MF136609.1|1..64932_Histophilus_somni_strain_AVI_1_integrative_conjugative_element_ICEHs1__complete_sequence	95.918	49	2	0	1885	1933	344	392	1.60e-13	80.5
accn|VAIF01000084	ICEberg|1716|ICEHs02|GenBank|CP042993.1|687500..760418_Histophilus_somni_strain_UOC-KLM-ATR-014_chromosome__complete_genome	95.918	49	2	0	1885	1933	72535	72487	1.60e-13	80.5
accn|VAIF01000085	ICEberg|1736|ICEMha2|GenBank|NC_020833.2|1557279..1616347_Mannheimia_haemolytica_USDA-ARS-USMARC-183__complete_sequence	100.000	74	0	0	1	74	6171	6098	9.18e-31	137
accn|VAIF01000085	ICEberg|1736|ICEMha2|GenBank|NC_020833.2|1557279..1616347_Mannheimia_haemolytica_USDA-ARS-USMARC-183__complete_sequence	100.000	73	0	0	2081	2153	6098	6170	3.30e-30	135
accn|VAIF01000085	ICEberg|1736|ICEMha2|GenBank|NC_020833.2|1557279..1616347_Mannheimia_haemolytica_USDA-ARS-USMARC-183__complete_sequence	97.403	77	2	0	2077	2153	9214	9290	4.27e-29	132
accn|VAIF01000085	ICEberg|1736|ICEMha2|GenBank|NC_020833.2|1557279..1616347_Mannheimia_haemolytica_USDA-ARS-USMARC-183__complete_sequence	97.403	77	2	0	1	77	9291	9215	4.27e-29	132
accn|VAIF01000045	ICEberg|1736|ICEMha2|GenBank|NC_020833.2|1557279..1616347_Mannheimia_haemolytica_USDA-ARS-USMARC-183__complete_sequence	100.000	78	0	0	1	78	6174	6097	3.74e-33	145
accn|VAIF01000045	ICEberg|1736|ICEMha2|GenBank|NC_020833.2|1557279..1616347_Mannheimia_haemolytica_USDA-ARS-USMARC-183__complete_sequence	100.000	78	0	0	1400	1477	6097	6174	3.74e-33	145
accn|VAIF01000045	ICEberg|1736|ICEMha2|GenBank|NC_020833.2|1557279..1616347_Mannheimia_haemolytica_USDA-ARS-USMARC-183__complete_sequence	97.403	77	2	0	1	77	9294	9218	2.91e-29	132
accn|VAIF01000045	ICEberg|1736|ICEMha2|GenBank|NC_020833.2|1557279..1616347_Mannheimia_haemolytica_USDA-ARS-USMARC-183__complete_sequence	97.403	77	2	0	1401	1477	9218	9294	2.91e-29	132
accn|VAIF01000054	ICEberg|1736|ICEMha2|GenBank|NC_020833.2|1557279..1616347_Mannheimia_haemolytica_USDA-ARS-USMARC-183__complete_sequence	99.845	1292	2	0	1	1292	10401	11692	0.0	2375
accn|VAIF01000054	ICEberg|1736|ICEMha2|GenBank|NC_020833.2|1557279..1616347_Mannheimia_haemolytica_USDA-ARS-USMARC-183__complete_sequence	100.000	75	0	0	1	75	7224	7298	1.52e-31	139
accn|VAIF01000073	ICEberg|1702|ICEHin8|GenBank|LS483392.1|192252..244996_Haemophilus_influenzae_strain_NCTC11931_genome_assembly__chromosome__1	96.269	134	2	1	33552	33685	1	131	5.09e-53	217
accn|VAIF01000073	ICEberg|1702|ICEHin8|GenBank|LS483392.1|192252..244996_Haemophilus_influenzae_strain_NCTC11931_genome_assembly__chromosome__1	96.269	134	2	1	33879	34012	1	131	5.09e-53	217
accn|VAIF01000073	ICEberg|1702|ICEHin8|GenBank|LS483392.1|192252..244996_Haemophilus_influenzae_strain_NCTC11931_genome_assembly__chromosome__1	95.000	80	3	1	33548	33627	52667	52745	3.17e-25	124
accn|VAIF01000073	ICEberg|1702|ICEHin8|GenBank|LS483392.1|192252..244996_Haemophilus_influenzae_strain_NCTC11931_genome_assembly__chromosome__1	95.000	80	3	1	33875	33954	52667	52745	3.17e-25	124
accn|VAIF01000073	ICEberg|1597|ICEApa1|GenBank|CP050316.1|2129122..2199489_Avibacterium_paragallinarum_strain_ESV-135_chromosome__complete_genome	95.349	129	5	1	33552	33680	1	128	3.96e-49	204
accn|VAIF01000073	ICEberg|1597|ICEApa1|GenBank|CP050316.1|2129122..2199489_Avibacterium_paragallinarum_strain_ESV-135_chromosome__complete_genome	95.349	129	5	1	33879	34007	1	128	3.96e-49	204
accn|VAIF01000073	ICEberg|1597|ICEApa1|GenBank|CP050316.1|2129122..2199489_Avibacterium_paragallinarum_strain_ESV-135_chromosome__complete_genome	96.053	76	3	0	33552	33627	70293	70368	3.17e-25	124
accn|VAIF01000073	ICEberg|1597|ICEApa1|GenBank|CP050316.1|2129122..2199489_Avibacterium_paragallinarum_strain_ESV-135_chromosome__complete_genome	96.053	76	3	0	33879	33954	70293	70368	3.17e-25	124
accn|VAIF01000073	ICEberg|1807|ICEPmu4|GenBank|CP038875.1|2009809..2087766_Pasteurella_multocida_strain_FCf83_chromosome__complete_genome	96.053	76	3	0	33879	33954	76	1	3.17e-25	124
accn|VAIF01000073	ICEberg|1807|ICEPmu4|GenBank|CP038875.1|2009809..2087766_Pasteurella_multocida_strain_FCf83_chromosome__complete_genome	96.053	76	3	0	33552	33627	76	1	3.17e-25	124
accn|VAIF01000073	ICEberg|1804|ICEPmu3|GenBank|CP038873.1|1026914..1096464_Pasteurella_multocida_strain_FCf45_chromosome__complete_genome	96.053	76	3	0	33552	33627	69476	69551	3.17e-25	124
accn|VAIF01000073	ICEberg|1804|ICEPmu3|GenBank|CP038873.1|1026914..1096464_Pasteurella_multocida_strain_FCf45_chromosome__complete_genome	96.053	76	3	0	33879	33954	69476	69551	3.17e-25	124
accn|VAIF01000073	ICEberg|1685|ICEEC8|GenBank|LOGV01000031.1|282800..364210_Escherichia_coli_strain_STEC_2174_STEC2174_contig_26__whole_genome_shotgun_sequence	96.078	51	2	0	33960	34010	51	1	5.38e-13	84.2
accn|VAIF01000073	ICEberg|1685|ICEEC8|GenBank|LOGV01000031.1|282800..364210_Escherichia_coli_strain_STEC_2174_STEC2174_contig_26__whole_genome_shotgun_sequence	96.078	51	2	0	33633	33683	51	1	5.38e-13	84.2
accn|VAIF01000008	ICEberg|1736|ICEMha2|GenBank|NC_020833.2|1557279..1616347_Mannheimia_haemolytica_USDA-ARS-USMARC-183__complete_sequence	100.000	79	0	0	1	79	7222	7300	8.64e-34	147
accn|VAIF01000008	ICEberg|1736|ICEMha2|GenBank|NC_020833.2|1557279..1616347_Mannheimia_haemolytica_USDA-ARS-USMARC-183__complete_sequence	100.000	77	0	0	1	77	10399	10475	1.12e-32	143
accn|VAIF01000019	ICEberg|1736|ICEMha2|GenBank|NC_020833.2|1557279..1616347_Mannheimia_haemolytica_USDA-ARS-USMARC-183__complete_sequence	100.000	120	0	0	1	120	12567	12686	1.38e-56	222
accn|VAIF01000044	ICEberg|1736|ICEMha2|GenBank|NC_020833.2|1557279..1616347_Mannheimia_haemolytica_USDA-ARS-USMARC-183__complete_sequence	100.000	77	0	0	1036	1112	10476	10400	1.01e-32	143
accn|VAIF01000044	ICEberg|1736|ICEMha2|GenBank|NC_020833.2|1557279..1616347_Mannheimia_haemolytica_USDA-ARS-USMARC-183__complete_sequence	100.000	76	0	0	1037	1112	7298	7223	3.62e-32	141
accn|VAIF01000055	ICEberg|1736|ICEMha2|GenBank|NC_020833.2|1557279..1616347_Mannheimia_haemolytica_USDA-ARS-USMARC-183__complete_sequence	99.805	1028	2	0	1	1028	11616	12643	0.0	1888
accn|VAIF01000064	ICEberg|1736|ICEMha2|GenBank|NC_020833.2|1557279..1616347_Mannheimia_haemolytica_USDA-ARS-USMARC-183__complete_sequence	96.127	284	11	0	1	284	7015	7298	1.64e-127	464
accn|VAIF01000064	ICEberg|1736|ICEMha2|GenBank|NC_020833.2|1557279..1616347_Mannheimia_haemolytica_USDA-ARS-USMARC-183__complete_sequence	100.000	76	0	0	94367	94442	6098	6173	3.15e-30	141
accn|VAIF01000064	ICEberg|1736|ICEMha2|GenBank|NC_020833.2|1557279..1616347_Mannheimia_haemolytica_USDA-ARS-USMARC-183__complete_sequence	97.403	77	2	0	94366	94442	9217	9293	1.89e-27	132
accn|VAIF01000066	ICEberg|1700|ICEHdu1|GenBank|NC_002940.2|718953..768668_[Haemophilus]_ducreyi_35000HP__complete_sequence	98.889	90	1	0	62109	62198	49627	49716	2.40e-36	161
accn|VAIF01000066	ICEberg|1700|ICEHdu1|GenBank|NC_002940.2|718953..768668_[Haemophilus]_ducreyi_35000HP__complete_sequence	98.889	90	1	0	62311	62400	49627	49716	2.40e-36	161
accn|VAIF01000066	ICEberg|1700|ICEHdu1|GenBank|NC_002940.2|718953..768668_[Haemophilus]_ducreyi_35000HP__complete_sequence	100.000	76	0	0	62419	62494	1	76	3.13e-30	141
accn|VAIF01000066	ICEberg|1586|ICEAac3|GenBank|CP043003.1|2132073..2197982_Aggregatibacter_actinomycetemcomitans_strain_HK_907_chromosome__complete_genome	100.000	77	0	0	62014	62090	77	1	8.70e-31	143
accn|VAIF01000066	ICEberg|1586|ICEAac3|GenBank|CP043003.1|2132073..2197982_Aggregatibacter_actinomycetemcomitans_strain_HK_907_chromosome__complete_genome	98.485	66	1	0	62310	62375	64310	64245	5.28e-23	117
accn|VAIF01000066	ICEberg|1586|ICEAac3|GenBank|CP043003.1|2132073..2197982_Aggregatibacter_actinomycetemcomitans_strain_HK_907_chromosome__complete_genome	98.485	66	1	0	62108	62173	64310	64245	5.28e-23	117
accn|VAIF01000066	ICEberg|1584|ICEAac1|GenBank|CP012959.1|2164508..2181462_Aggregatibacter_actinomycetemcomitans_strain_624__complete_genome	100.000	77	0	0	62014	62090	16879	16955	8.70e-31	143
accn|VAIF01000066	ICEberg|1584|ICEAac1|GenBank|CP012959.1|2164508..2181462_Aggregatibacter_actinomycetemcomitans_strain_624__complete_genome	100.000	77	0	0	62216	62292	16879	16955	8.70e-31	143
accn|VAIF01000066	ICEberg|1584|ICEAac1|GenBank|CP012959.1|2164508..2181462_Aggregatibacter_actinomycetemcomitans_strain_624__complete_genome	100.000	77	0	0	62418	62494	16879	16955	8.70e-31	143
accn|VAIF01000066	ICEberg|2010|Tn6783_201330|GenBank|CP054623.1|2596147..2668162_Pseudomonas_aeruginosa_strain_DL201330_chromosome__complete_genome	96.512	86	2	1	62008	62092	66982	66897	3.13e-30	141
accn|VAIF01000066	ICEberg|2010|Tn6783_201330|GenBank|CP054623.1|2596147..2668162_Pseudomonas_aeruginosa_strain_DL201330_chromosome__complete_genome	98.734	79	1	0	62418	62496	66975	66897	3.13e-30	141
accn|VAIF01000066	ICEberg|2010|Tn6783_201330|GenBank|CP054623.1|2596147..2668162_Pseudomonas_aeruginosa_strain_DL201330_chromosome__complete_genome	98.734	79	1	0	62216	62294	66975	66897	3.13e-30	141
accn|VAIF01000066	ICEberg|1701|ICEHdu2|GenBank|CP015434.1|162562..211583_[Haemophilus]_ducreyi_strain_GHA9__complete_genome	100.000	76	0	0	62419	62494	49022	48947	3.13e-30	141
accn|VAIF01000066	ICEberg|1581|ICE6660|GenBank|MK497171.1|1..112205_Pseudomonas_aeruginosa_sequence	97.500	80	2	0	62213	62292	112126	112205	4.05e-29	137
accn|VAIF01000066	ICEberg|1581|ICE6660|GenBank|MK497171.1|1..112205_Pseudomonas_aeruginosa_sequence	97.500	80	2	0	62415	62494	112126	112205	4.05e-29	137
accn|VAIF01000066	ICEberg|1581|ICE6660|GenBank|MK497171.1|1..112205_Pseudomonas_aeruginosa_sequence	98.701	77	1	0	62014	62090	112129	112205	4.05e-29	137
accn|VAIF01000066	ICEberg|1736|ICEMha2|GenBank|NC_020833.2|1557279..1616347_Mannheimia_haemolytica_USDA-ARS-USMARC-183__complete_sequence	100.000	72	0	0	1	72	6169	6098	5.24e-28	134
accn|VAIF01000066	ICEberg|960|ICEApl1|GenBank|KU551309|27..56176_Actinobacillus_pleuropneumoniae_strain_MIDG2427_tRNA-Leu_gene__integrative_conjugative_element_ICEApl1_mobile_element__and_tRNA-Gly_gene__complete_sequence	98.485	66	1	0	62313	62378	56150	56085	5.28e-23	117
accn|VAIF01000066	ICEberg|960|ICEApl1|GenBank|KU551309|27..56176_Actinobacillus_pleuropneumoniae_strain_MIDG2427_tRNA-Leu_gene__integrative_conjugative_element_ICEApl1_mobile_element__and_tRNA-Gly_gene__complete_sequence	98.485	66	1	0	62111	62176	56150	56085	5.28e-23	117
accn|VAIF01000066	ICEberg|960|ICEApl1|GenBank|KU551309|27..56176_Actinobacillus_pleuropneumoniae_strain_MIDG2427_tRNA-Leu_gene__integrative_conjugative_element_ICEApl1_mobile_element__and_tRNA-Gly_gene__complete_sequence	97.015	67	2	0	62313	62379	67	1	6.82e-22	113
accn|VAIF01000066	ICEberg|960|ICEApl1|GenBank|KU551309|27..56176_Actinobacillus_pleuropneumoniae_strain_MIDG2427_tRNA-Leu_gene__integrative_conjugative_element_ICEApl1_mobile_element__and_tRNA-Gly_gene__complete_sequence	97.015	67	2	0	62111	62177	67	1	6.82e-22	113
accn|VAIF01000066	ICEberg|60|ICEHin1056|GenBank|AJ627386|1..59393_Haemophilus_influenzae_plasmid_ICEhin1056	95.455	66	3	0	62313	62378	66	1	1.14e-19	106
accn|VAIF01000066	ICEberg|60|ICEHin1056|GenBank|AJ627386|1..59393_Haemophilus_influenzae_plasmid_ICEhin1056	95.455	66	3	0	62111	62176	66	1	1.14e-19	106
accn|VAIF01000066	ICEberg|350|ICEHpaT3T1|GenBank|FQ312002|1153089..1213144_Haemophilus_parainfluenzae_T3T1_genome	96.825	63	2	0	62111	62173	59991	60053	1.14e-19	106
accn|VAIF01000066	ICEberg|350|ICEHpaT3T1|GenBank|FQ312002|1153089..1213144_Haemophilus_parainfluenzae_T3T1_genome	96.825	63	2	0	62313	62375	59991	60053	1.14e-19	106
accn|VAIF01000066	ICEberg|349|ICEHpa8f|GenBank|AM884335|1..52725_Haemophilus_influenzae_parA_gene_for_chromosome_partitioning_protein__strain_8f	95.455	66	3	0	62313	62378	66	1	1.14e-19	106
accn|VAIF01000066	ICEberg|349|ICEHpa8f|GenBank|AM884335|1..52725_Haemophilus_influenzae_parA_gene_for_chromosome_partitioning_protein__strain_8f	95.455	66	3	0	62111	62176	66	1	1.14e-19	106
accn|VAIF01000066	ICEberg|348|ICEHin299|GenBank|AM884334|1..53902_Haemophilus_influenzae_parA_gene_for_chromosome_partitioning_protein__strain_299	95.455	66	3	0	62313	62378	66	1	1.14e-19	106
accn|VAIF01000066	ICEberg|348|ICEHin299|GenBank|AM884334|1..53902_Haemophilus_influenzae_parA_gene_for_chromosome_partitioning_protein__strain_299	95.455	66	3	0	62111	62176	66	1	1.14e-19	106
accn|VAIF01000066	ICEberg|346|ICEHinB|GenBank|FQ312006|87548..143543_Haemophilus_influenzae_10810_genome	95.455	66	3	0	62313	62378	66	1	1.14e-19	106
accn|VAIF01000066	ICEberg|346|ICEHinB|GenBank|FQ312006|87548..143543_Haemophilus_influenzae_10810_genome	95.455	66	3	0	62111	62176	66	1	1.14e-19	106
accn|VAIF01000066	ICEberg|2046|Tn7100|GenBank|OW736085.1|1..73601_Haemophilus_influenzae_strain_Hi-228_transposon_7100__complete_sequence	95.455	66	3	0	62313	62378	66	1	1.14e-19	106
accn|VAIF01000066	ICEberg|2046|Tn7100|GenBank|OW736085.1|1..73601_Haemophilus_influenzae_strain_Hi-228_transposon_7100__complete_sequence	95.455	66	3	0	62111	62176	66	1	1.14e-19	106
accn|VAIF01000066	ICEberg|2007|Tn6687|GenBank|MN106412.1|1..68777_Haemophilus_influenzae_strain_0_transposon_Tn6687__complete_sequence	95.455	66	3	0	62313	62378	66	1	1.14e-19	106
accn|VAIF01000066	ICEberg|2007|Tn6687|GenBank|MN106412.1|1..68777_Haemophilus_influenzae_strain_0_transposon_Tn6687__complete_sequence	95.455	66	3	0	62111	62176	66	1	1.14e-19	106
accn|VAIF01000066	ICEberg|2006|Tn6686|GenBank|MN106411.1|1..64737_Haemophilus_influenzae_strain_G_transposon_Tn6686__complete_sequence	95.455	66	3	0	62313	62378	66	1	1.14e-19	106
accn|VAIF01000066	ICEberg|2006|Tn6686|GenBank|MN106411.1|1..64737_Haemophilus_influenzae_strain_G_transposon_Tn6686__complete_sequence	95.455	66	3	0	62111	62176	66	1	1.14e-19	106
accn|VAIF01000066	ICEberg|2005|Tn6685|GenBank|MN106410.1|1..52414_Haemophilus_influenzae_strain_E_transposon_Tn6685__complete_sequence	95.455	66	3	0	62313	62378	66	1	1.14e-19	106
accn|VAIF01000066	ICEberg|2005|Tn6685|GenBank|MN106410.1|1..52414_Haemophilus_influenzae_strain_E_transposon_Tn6685__complete_sequence	95.455	66	3	0	62111	62176	66	1	1.14e-19	106
accn|VAIF01000103	ICEberg|1713|ICEHpa1|GenBank|CP054198.1|1511383..1580304_Glaesserella_parasuis_strain_YHP170504_chromosome__complete_genome	100.000	307	0	0	1	307	16984	16678	4.17e-161	568
accn|VAIF01000103	ICEberg|1697|ICEGpa2|GenBank|CP049090.1|1351751..1421790_Glaesserella_parasuis_strain_aHPS7_chromosome__complete_genome	100.000	307	0	0	1	307	16746	16440	4.17e-161	568
accn|VAIF01000103	ICEberg|1692|ICEGpa1804|GenBank|CP069308.1|717521..789400_Glaesserella_parasuis_strain_EHP1804_chromosome__complete_genome	100.000	307	0	0	1	307	57673	57979	4.17e-161	568
accn|VAIF01000103	ICEberg|1602|ICEAsp1|GenBank|MW030510.1|1..72978_Actinobacillus_sp._ICEAsp1_mobile_element__complete_sequence	100.000	307	0	0	1	307	52061	52367	4.17e-161	568
accn|VAIF01000103	resfinderf|blaROB-1|2	100.000	299	0	0	1	299	620	918	1.17e-156	553
accn|VAIF01000103	resfinderf|blaROB-1|1	99.666	299	1	0	1	299	620	918	5.44e-155	547
accn|VAIF01000104	ICEberg|1736|ICEMha2|GenBank|NC_020833.2|1557279..1616347_Mannheimia_haemolytica_USDA-ARS-USMARC-183__complete_sequence	100.000	347	0	0	1	347	7063	6717	0.0	641
