accn|NZ_ACZX01000003	ICEberg|1736|ICEMha2|GenBank|NC_020833.2|1557279..1616347_Mannheimia_haemolytica_USDA-ARS-USMARC-183__complete_sequence	99.720	6081	8	1	23803	29874	1	6081	0.0	11127
accn|NZ_ACZX01000003	ICEberg|2010|Tn6783_201330|GenBank|CP054623.1|2596147..2668162_Pseudomonas_aeruginosa_strain_DL201330_chromosome__complete_genome	98.750	80	1	0	3948	4027	66975	66896	2.77e-31	143
accn|NZ_ACZX01000003	ICEberg|1586|ICEAac3|GenBank|CP043003.1|2132073..2197982_Aggregatibacter_actinomycetemcomitans_strain_HK_907_chromosome__complete_genome	100.000	77	0	0	3948	4024	77	1	2.77e-31	143
accn|NZ_ACZX01000003	ICEberg|1584|ICEAac1|GenBank|CP012959.1|2164508..2181462_Aggregatibacter_actinomycetemcomitans_strain_624__complete_genome	100.000	77	0	0	3948	4024	16879	16955	2.77e-31	143
accn|NZ_ACZX01000003	ICEberg|1701|ICEHdu2|GenBank|CP015434.1|162562..211583_[Haemophilus]_ducreyi_strain_GHA9__complete_genome	100.000	76	0	0	3949	4024	49022	48947	9.95e-31	141
accn|NZ_ACZX01000003	ICEberg|1700|ICEHdu1|GenBank|NC_002940.2|718953..768668_[Haemophilus]_ducreyi_35000HP__complete_sequence	100.000	76	0	0	3949	4024	1	76	9.95e-31	141
accn|NZ_ACZX01000003	ICEberg|1581|ICE6660|GenBank|MK497171.1|1..112205_Pseudomonas_aeruginosa_sequence	97.500	80	2	0	3945	4024	112126	112205	1.29e-29	137
accn|NZ_ACZX01000003	ICEberg|1697|ICEGpa2|GenBank|CP049090.1|1351751..1421790_Glaesserella_parasuis_strain_aHPS7_chromosome__complete_genome	100.000	54	0	0	27623	27676	1480	1533	1.69e-18	100
accn|NZ_ACZX01000003	ICEberg|1713|ICEHpa1|GenBank|CP054198.1|1511383..1580304_Glaesserella_parasuis_strain_YHP170504_chromosome__complete_genome	98.148	54	0	1	27623	27676	3	55	2.83e-16	93.5
accn|NZ_ACZX01000003	ICEberg|1698|ICEGpa3|GenBank|CP018032.1|1710663..1776472_Glaesserella_parasuis_D74__complete_sequence	97.959	49	1	0	29636	29684	44607	44559	4.73e-14	86.1
accn|NZ_ACZX01000003	ICEberg|441|ICEHso2336-1|GenBank|CP000947|1927921..1994529_Haemophilus_somnus_2336__complete_genome	95.918	49	2	0	29636	29684	331	379	2.20e-12	80.5
accn|NZ_ACZX01000003	ICEberg|440|ICEPmu1|GenBank|CP003022|273284..355497_Pasteurella_multocida_36950__complete_genome	95.918	49	2	0	29636	29684	331	379	2.20e-12	80.5
accn|NZ_ACZX01000003	ICEberg|1719|ICEHso4|GenBank|CP018803.1|686759..761246_Histophilus_somni_strain_USDA-ARS-USMARC-63255_chromosome__complete_genome	95.918	49	2	0	29636	29684	72583	72535	2.20e-12	80.5
accn|NZ_ACZX01000003	ICEberg|1717|ICEHs1|GenBank|MF136609.1|1..64932_Histophilus_somni_strain_AVI_1_integrative_conjugative_element_ICEHs1__complete_sequence	95.918	49	2	0	29636	29684	344	392	2.20e-12	80.5
accn|NZ_ACZX01000003	ICEberg|1716|ICEHs02|GenBank|CP042993.1|687500..760418_Histophilus_somni_strain_UOC-KLM-ATR-014_chromosome__complete_genome	95.918	49	2	0	29636	29684	72535	72487	2.20e-12	80.5
accn|NZ_ACZX01000007	ICEberg|2039|Tn6865|GenBank|CP031123.2|751328..820050_Providencia_huaxiensis_strain_WCHPr000369_chromosome__complete_genome	97.368	38	1	0	25836	25873	65651	65614	1.49e-07	65.8
accn|NZ_ACZX01000011	ICEberg|1736|ICEMha2|GenBank|NC_020833.2|1557279..1616347_Mannheimia_haemolytica_USDA-ARS-USMARC-183__complete_sequence	99.725	1092	3	0	1	1092	12640	11549	0.0	2001
accn|NZ_ACZX01000012	ICEberg|2047|Tn7406|GenBank|CP087379.1|1564187..1622411_Mannheimia_haemolytica_strain_IMT47952_chromosome__complete_genome	97.313	521	14	0	559	1079	57705	58225	0.0	885
accn|NZ_ACZX01000012	ICEberg|2047|Tn7406|GenBank|CP087379.1|1564187..1622411_Mannheimia_haemolytica_strain_IMT47952_chromosome__complete_genome	96.753	462	12	1	4	465	57252	57710	0.0	767
accn|NZ_ACZX01000012	ICEberg|2047|Tn7406|GenBank|CP087379.1|1564187..1622411_Mannheimia_haemolytica_strain_IMT47952_chromosome__complete_genome	96.296	54	2	0	776	829	57868	57921	6.05e-16	89.8
accn|NZ_ACZX01000012	ICEberg|2047|Tn7406|GenBank|CP087379.1|1564187..1622411_Mannheimia_haemolytica_strain_IMT47952_chromosome__complete_genome	96.296	54	2	0	722	775	57922	57975	6.05e-16	89.8
accn|NZ_ACZX01000012	ICEberg|1736|ICEMha2|GenBank|NC_020833.2|1557279..1616347_Mannheimia_haemolytica_USDA-ARS-USMARC-183__complete_sequence	100.000	163	0	0	917	1079	4035	3873	7.13e-80	302
accn|NZ_ACZX01000012	ICEberg|1736|ICEMha2|GenBank|NC_020833.2|1557279..1616347_Mannheimia_haemolytica_USDA-ARS-USMARC-183__complete_sequence	96.610	59	1	1	717	774	6093	6035	3.61e-18	97.1
accn|NZ_ACZX01000014	ICEberg|1698|ICEGpa3|GenBank|CP018032.1|1710663..1776472_Glaesserella_parasuis_D74__complete_sequence	96.347	438	16	0	1410	1847	49464	49901	0.0	721
accn|NZ_ACZX01000021	ICEberg|1702|ICEHin8|GenBank|LS483392.1|192252..244996_Haemophilus_influenzae_strain_NCTC11931_genome_assembly__chromosome__1	96.269	134	2	1	34516	34649	1	131	5.13e-53	217
accn|NZ_ACZX01000021	ICEberg|1702|ICEHin8|GenBank|LS483392.1|192252..244996_Haemophilus_influenzae_strain_NCTC11931_genome_assembly__chromosome__1	96.269	134	2	1	34843	34976	1	131	5.13e-53	217
accn|NZ_ACZX01000021	ICEberg|1702|ICEHin8|GenBank|LS483392.1|192252..244996_Haemophilus_influenzae_strain_NCTC11931_genome_assembly__chromosome__1	95.000	80	3	1	34512	34591	52667	52745	3.20e-25	124
accn|NZ_ACZX01000021	ICEberg|1702|ICEHin8|GenBank|LS483392.1|192252..244996_Haemophilus_influenzae_strain_NCTC11931_genome_assembly__chromosome__1	95.000	80	3	1	34839	34918	52667	52745	3.20e-25	124
accn|NZ_ACZX01000021	ICEberg|1597|ICEApa1|GenBank|CP050316.1|2129122..2199489_Avibacterium_paragallinarum_strain_ESV-135_chromosome__complete_genome	95.349	129	5	1	34516	34644	1	128	4.00e-49	204
accn|NZ_ACZX01000021	ICEberg|1597|ICEApa1|GenBank|CP050316.1|2129122..2199489_Avibacterium_paragallinarum_strain_ESV-135_chromosome__complete_genome	95.349	129	5	1	34843	34971	1	128	4.00e-49	204
accn|NZ_ACZX01000021	ICEberg|1597|ICEApa1|GenBank|CP050316.1|2129122..2199489_Avibacterium_paragallinarum_strain_ESV-135_chromosome__complete_genome	96.053	76	3	0	34516	34591	70293	70368	3.20e-25	124
accn|NZ_ACZX01000021	ICEberg|1597|ICEApa1|GenBank|CP050316.1|2129122..2199489_Avibacterium_paragallinarum_strain_ESV-135_chromosome__complete_genome	96.053	76	3	0	34843	34918	70293	70368	3.20e-25	124
accn|NZ_ACZX01000021	ICEberg|1807|ICEPmu4|GenBank|CP038875.1|2009809..2087766_Pasteurella_multocida_strain_FCf83_chromosome__complete_genome	96.053	76	3	0	34843	34918	76	1	3.20e-25	124
accn|NZ_ACZX01000021	ICEberg|1807|ICEPmu4|GenBank|CP038875.1|2009809..2087766_Pasteurella_multocida_strain_FCf83_chromosome__complete_genome	96.053	76	3	0	34516	34591	76	1	3.20e-25	124
accn|NZ_ACZX01000021	ICEberg|1804|ICEPmu3|GenBank|CP038873.1|1026914..1096464_Pasteurella_multocida_strain_FCf45_chromosome__complete_genome	96.053	76	3	0	34516	34591	69476	69551	3.20e-25	124
accn|NZ_ACZX01000021	ICEberg|1804|ICEPmu3|GenBank|CP038873.1|1026914..1096464_Pasteurella_multocida_strain_FCf45_chromosome__complete_genome	96.053	76	3	0	34843	34918	69476	69551	3.20e-25	124
accn|NZ_ACZX01000021	ICEberg|1685|ICEEC8|GenBank|LOGV01000031.1|282800..364210_Escherichia_coli_strain_STEC_2174_STEC2174_contig_26__whole_genome_shotgun_sequence	96.078	51	2	0	34924	34974	51	1	5.43e-13	84.2
accn|NZ_ACZX01000021	ICEberg|1685|ICEEC8|GenBank|LOGV01000031.1|282800..364210_Escherichia_coli_strain_STEC_2174_STEC2174_contig_26__whole_genome_shotgun_sequence	96.078	51	2	0	34597	34647	51	1	5.43e-13	84.2
accn|NZ_ACZX01000035	ICEberg|1701|ICEHdu2|GenBank|CP015434.1|162562..211583_[Haemophilus]_ducreyi_strain_GHA9__complete_genome	97.368	76	2	0	9108	9183	2	77	1.13e-27	130
accn|NZ_ACZX01000035	ICEberg|1701|ICEHdu2|GenBank|CP015434.1|162562..211583_[Haemophilus]_ducreyi_strain_GHA9__complete_genome	97.368	76	2	0	9205	9280	2	77	1.13e-27	130
accn|NZ_ACZX01000035	ICEberg|1701|ICEHdu2|GenBank|CP015434.1|162562..211583_[Haemophilus]_ducreyi_strain_GHA9__complete_genome	96.053	76	3	0	9010	9085	2	77	5.25e-26	124
accn|NZ_ACZX01000035	ICEberg|1700|ICEHdu1|GenBank|NC_002940.2|718953..768668_[Haemophilus]_ducreyi_35000HP__complete_sequence	97.368	76	2	0	9205	9280	49576	49501	1.13e-27	130
accn|NZ_ACZX01000035	ICEberg|1700|ICEHdu1|GenBank|NC_002940.2|718953..768668_[Haemophilus]_ducreyi_35000HP__complete_sequence	97.368	76	2	0	9108	9183	49576	49501	1.13e-27	130
accn|NZ_ACZX01000035	ICEberg|1700|ICEHdu1|GenBank|NC_002940.2|718953..768668_[Haemophilus]_ducreyi_35000HP__complete_sequence	96.053	76	3	0	9010	9085	49576	49501	5.25e-26	124
accn|NZ_ACZX01000035	ICEberg|1586|ICEAac3|GenBank|CP043003.1|2132073..2197982_Aggregatibacter_actinomycetemcomitans_strain_HK_907_chromosome__complete_genome	97.368	76	2	0	9108	9183	217	292	1.13e-27	130
accn|NZ_ACZX01000035	ICEberg|1586|ICEAac3|GenBank|CP043003.1|2132073..2197982_Aggregatibacter_actinomycetemcomitans_strain_HK_907_chromosome__complete_genome	97.368	76	2	0	9205	9280	217	292	1.13e-27	130
accn|NZ_ACZX01000035	ICEberg|1586|ICEAac3|GenBank|CP043003.1|2132073..2197982_Aggregatibacter_actinomycetemcomitans_strain_HK_907_chromosome__complete_genome	96.053	76	3	0	9010	9085	217	292	5.25e-26	124
accn|NZ_ACZX01000035	ICEberg|1586|ICEAac3|GenBank|CP043003.1|2132073..2197982_Aggregatibacter_actinomycetemcomitans_strain_HK_907_chromosome__complete_genome	98.387	62	1	0	9122	9183	64346	64407	1.47e-21	110
accn|NZ_ACZX01000035	ICEberg|1586|ICEAac3|GenBank|CP043003.1|2132073..2197982_Aggregatibacter_actinomycetemcomitans_strain_HK_907_chromosome__complete_genome	98.387	62	1	0	9219	9280	64346	64407	1.47e-21	110
accn|NZ_ACZX01000035	ICEberg|1586|ICEAac3|GenBank|CP043003.1|2132073..2197982_Aggregatibacter_actinomycetemcomitans_strain_HK_907_chromosome__complete_genome	98.333	60	1	0	9026	9085	64348	64407	1.90e-20	106
accn|NZ_ACZX01000040	ICEberg|1698|ICEGpa3|GenBank|CP018032.1|1710663..1776472_Glaesserella_parasuis_D74__complete_sequence	97.709	742	15	2	32	771	5999	6740	0.0	1275
accn|NZ_ACZX01000044	ICEberg|1736|ICEMha2|GenBank|NC_020833.2|1557279..1616347_Mannheimia_haemolytica_USDA-ARS-USMARC-183__complete_sequence	100.000	437	0	0	1	437	52996	53432	0.0	808
accn|NZ_ACZX01000044	ICEberg|1734|ICEMh3|GenBank|CP006942.1|959858..1026317_Mannheimia_sp._USDA-ARS-USMARC-1261__complete_genome	95.480	354	16	0	84	437	5994	5641	1.91e-160	566
accn|NZ_ACZX01000044	ICEberg|1719|ICEHso4|GenBank|CP018803.1|686759..761246_Histophilus_somni_strain_USDA-ARS-USMARC-63255_chromosome__complete_genome	95.198	354	17	0	84	437	5994	5641	8.89e-159	560
accn|NZ_ACZX01000045	ICEberg|1736|ICEMha2|GenBank|NC_020833.2|1557279..1616347_Mannheimia_haemolytica_USDA-ARS-USMARC-183__complete_sequence	99.480	577	1	2	1	575	9831	9255	0.0	1050
accn|NZ_ACZX01000046	ICEberg|1736|ICEMha2|GenBank|NC_020833.2|1557279..1616347_Mannheimia_haemolytica_USDA-ARS-USMARC-183__complete_sequence	96.970	792	24	0	1	792	49886	50677	0.0	1330
accn|NZ_ACZX01000056	ICEberg|1736|ICEMha2|GenBank|NC_020833.2|1557279..1616347_Mannheimia_haemolytica_USDA-ARS-USMARC-183__complete_sequence	95.174	1036	40	9	1	1031	51708	50678	0.0	1628
accn|NZ_ACZX01000057	ICEberg|1736|ICEMha2|GenBank|NC_020833.2|1557279..1616347_Mannheimia_haemolytica_USDA-ARS-USMARC-183__complete_sequence	98.033	305	5	1	2	305	10171	10475	2.59e-147	529
accn|NZ_ACZX01000067	ICEberg|1736|ICEMha2|GenBank|NC_020833.2|1557279..1616347_Mannheimia_haemolytica_USDA-ARS-USMARC-183__complete_sequence	99.949	1957	1	0	1	1957	7298	9254	0.0	3609
accn|NZ_ACZX01000067	ICEberg|1736|ICEMha2|GenBank|NC_020833.2|1557279..1616347_Mannheimia_haemolytica_USDA-ARS-USMARC-183__complete_sequence	97.297	37	1	0	1921	1957	6098	6134	1.43e-08	63.9
accn|NZ_ACZX01000068	ICEberg|1736|ICEMha2|GenBank|NC_020833.2|1557279..1616347_Mannheimia_haemolytica_USDA-ARS-USMARC-183__complete_sequence	96.139	18857	674	40	10201	29033	24555	43381	0.0	30740
accn|NZ_ACZX01000068	ICEberg|1736|ICEMha2|GenBank|NC_020833.2|1557279..1616347_Mannheimia_haemolytica_USDA-ARS-USMARC-183__complete_sequence	98.274	10600	174	9	1	10597	12641	23234	0.0	18552
accn|NZ_ACZX01000068	ICEberg|1698|ICEGpa3|GenBank|CP018032.1|1710663..1776472_Glaesserella_parasuis_D74__complete_sequence	95.831	5277	204	15	1	5268	42712	37443	0.0	8512
accn|NZ_ACZX01000068	PID|170717978|gi|170717206|ref|NC_010519.1|_c1952327-1951962_Haemophilus_somnus_2336_chromosome__complete_genome	98.361	366	6	0	20398	20763	366	1	0.0	643
accn|NZ_ACZX01000068	ICEberg|2047|Tn7406|GenBank|CP087379.1|1564187..1622411_Mannheimia_haemolytica_strain_IMT47952_chromosome__complete_genome	100.000	113	0	0	3662	3774	37573	37461	2.61e-51	209
accn|NZ_ACZX01000070	ICEberg|1736|ICEMha2|GenBank|NC_020833.2|1557279..1616347_Mannheimia_haemolytica_USDA-ARS-USMARC-183__complete_sequence	96.437	421	15	0	1	421	6519	6099	0.0	695
accn|NZ_ACZX01000073	ICEberg|1736|ICEMha2|GenBank|NC_020833.2|1557279..1616347_Mannheimia_haemolytica_USDA-ARS-USMARC-183__complete_sequence	100.000	1161	0	0	1	1161	57404	56244	0.0	2145
accn|NZ_ACZX01000075	ICEberg|1736|ICEMha2|GenBank|NC_020833.2|1557279..1616347_Mannheimia_haemolytica_USDA-ARS-USMARC-183__complete_sequence	99.870	1536	2	0	1	1536	48350	49885	0.0	2826
accn|NZ_ACZX01000082	ICEberg|1736|ICEMha2|GenBank|NC_020833.2|1557279..1616347_Mannheimia_haemolytica_USDA-ARS-USMARC-183__complete_sequence	99.512	615	3	0	1	615	55629	56243	0.0	1120
accn|NZ_ACZX01000091	ICEberg|1700|ICEHdu1|GenBank|NC_002940.2|718953..768668_[Haemophilus]_ducreyi_35000HP__complete_sequence	98.901	91	1	0	31384	31474	49716	49626	6.66e-37	163
accn|NZ_ACZX01000091	ICEberg|1700|ICEHdu1|GenBank|NC_002940.2|718953..768668_[Haemophilus]_ducreyi_35000HP__complete_sequence	98.889	90	1	0	31512	31601	49716	49627	2.40e-36	161
accn|NZ_ACZX01000091	ICEberg|1700|ICEHdu1|GenBank|NC_002940.2|718953..768668_[Haemophilus]_ducreyi_35000HP__complete_sequence	100.000	76	0	0	31290	31365	76	1	3.12e-30	141
accn|NZ_ACZX01000091	ICEberg|1700|ICEHdu1|GenBank|NC_002940.2|718953..768668_[Haemophilus]_ducreyi_35000HP__complete_sequence	97.059	68	2	0	31409	31476	169	102	1.89e-22	115
accn|NZ_ACZX01000091	ICEberg|1586|ICEAac3|GenBank|CP043003.1|2132073..2197982_Aggregatibacter_actinomycetemcomitans_strain_HK_907_chromosome__complete_genome	100.000	77	0	0	31620	31696	1	77	8.68e-31	143
accn|NZ_ACZX01000091	ICEberg|1586|ICEAac3|GenBank|CP043003.1|2132073..2197982_Aggregatibacter_actinomycetemcomitans_strain_HK_907_chromosome__complete_genome	98.485	66	1	0	31537	31602	64245	64310	5.26e-23	117
accn|NZ_ACZX01000091	ICEberg|1586|ICEAac3|GenBank|CP043003.1|2132073..2197982_Aggregatibacter_actinomycetemcomitans_strain_HK_907_chromosome__complete_genome	98.462	65	1	0	31409	31473	64245	64309	1.89e-22	115
accn|NZ_ACZX01000091	ICEberg|1584|ICEAac1|GenBank|CP012959.1|2164508..2181462_Aggregatibacter_actinomycetemcomitans_strain_624__complete_genome	100.000	77	0	0	31620	31696	16955	16879	8.68e-31	143
accn|NZ_ACZX01000091	ICEberg|1584|ICEAac1|GenBank|CP012959.1|2164508..2181462_Aggregatibacter_actinomycetemcomitans_strain_624__complete_genome	100.000	77	0	0	31290	31366	16955	16879	8.68e-31	143
accn|NZ_ACZX01000091	ICEberg|2010|Tn6783_201330|GenBank|CP054623.1|2596147..2668162_Pseudomonas_aeruginosa_strain_DL201330_chromosome__complete_genome	96.512	86	2	1	31618	31702	66897	66982	3.12e-30	141
accn|NZ_ACZX01000091	ICEberg|2010|Tn6783_201330|GenBank|CP054623.1|2596147..2668162_Pseudomonas_aeruginosa_strain_DL201330_chromosome__complete_genome	98.734	79	1	0	31288	31366	66897	66975	3.12e-30	141
accn|NZ_ACZX01000091	ICEberg|1701|ICEHdu2|GenBank|CP015434.1|162562..211583_[Haemophilus]_ducreyi_strain_GHA9__complete_genome	100.000	76	0	0	31290	31365	48947	49022	3.12e-30	141
accn|NZ_ACZX01000091	ICEberg|1701|ICEHdu2|GenBank|CP015434.1|162562..211583_[Haemophilus]_ducreyi_strain_GHA9__complete_genome	97.059	68	2	0	31406	31473	48851	48918	1.89e-22	115
accn|NZ_ACZX01000091	ICEberg|1581|ICE6660|GenBank|MK497171.1|1..112205_Pseudomonas_aeruginosa_sequence	97.500	80	2	0	31290	31369	112205	112126	4.04e-29	137
accn|NZ_ACZX01000091	ICEberg|1581|ICE6660|GenBank|MK497171.1|1..112205_Pseudomonas_aeruginosa_sequence	98.701	77	1	0	31620	31696	112205	112129	4.04e-29	137
accn|NZ_ACZX01000091	ICEberg|960|ICEApl1|GenBank|KU551309|27..56176_Actinobacillus_pleuropneumoniae_strain_MIDG2427_tRNA-Leu_gene__integrative_conjugative_element_ICEApl1_mobile_element__and_tRNA-Gly_gene__complete_sequence	98.485	66	1	0	31406	31471	56085	56150	5.26e-23	117
accn|NZ_ACZX01000091	ICEberg|960|ICEApl1|GenBank|KU551309|27..56176_Actinobacillus_pleuropneumoniae_strain_MIDG2427_tRNA-Leu_gene__integrative_conjugative_element_ICEApl1_mobile_element__and_tRNA-Gly_gene__complete_sequence	98.485	66	1	0	31534	31599	56085	56150	5.26e-23	117
accn|NZ_ACZX01000091	ICEberg|960|ICEApl1|GenBank|KU551309|27..56176_Actinobacillus_pleuropneumoniae_strain_MIDG2427_tRNA-Leu_gene__integrative_conjugative_element_ICEApl1_mobile_element__and_tRNA-Gly_gene__complete_sequence	97.015	67	2	0	31405	31471	1	67	6.80e-22	113
accn|NZ_ACZX01000091	ICEberg|960|ICEApl1|GenBank|KU551309|27..56176_Actinobacillus_pleuropneumoniae_strain_MIDG2427_tRNA-Leu_gene__integrative_conjugative_element_ICEApl1_mobile_element__and_tRNA-Gly_gene__complete_sequence	97.015	67	2	0	31533	31599	1	67	6.80e-22	113
accn|NZ_ACZX01000091	ICEberg|60|ICEHin1056|GenBank|AJ627386|1..59393_Haemophilus_influenzae_plasmid_ICEhin1056	95.455	66	3	0	31406	31471	1	66	1.14e-19	106
accn|NZ_ACZX01000091	ICEberg|60|ICEHin1056|GenBank|AJ627386|1..59393_Haemophilus_influenzae_plasmid_ICEhin1056	95.455	66	3	0	31534	31599	1	66	1.14e-19	106
accn|NZ_ACZX01000091	ICEberg|350|ICEHpaT3T1|GenBank|FQ312002|1153089..1213144_Haemophilus_parainfluenzae_T3T1_genome	95.455	66	3	0	31409	31474	60053	59988	1.14e-19	106
accn|NZ_ACZX01000091	ICEberg|350|ICEHpaT3T1|GenBank|FQ312002|1153089..1213144_Haemophilus_parainfluenzae_T3T1_genome	96.825	63	2	0	31537	31599	60053	59991	1.14e-19	106
accn|NZ_ACZX01000091	ICEberg|349|ICEHpa8f|GenBank|AM884335|1..52725_Haemophilus_influenzae_parA_gene_for_chromosome_partitioning_protein__strain_8f	95.455	66	3	0	31406	31471	1	66	1.14e-19	106
accn|NZ_ACZX01000091	ICEberg|349|ICEHpa8f|GenBank|AM884335|1..52725_Haemophilus_influenzae_parA_gene_for_chromosome_partitioning_protein__strain_8f	95.455	66	3	0	31534	31599	1	66	1.14e-19	106
accn|NZ_ACZX01000091	ICEberg|348|ICEHin299|GenBank|AM884334|1..53902_Haemophilus_influenzae_parA_gene_for_chromosome_partitioning_protein__strain_299	95.455	66	3	0	31406	31471	1	66	1.14e-19	106
accn|NZ_ACZX01000091	ICEberg|348|ICEHin299|GenBank|AM884334|1..53902_Haemophilus_influenzae_parA_gene_for_chromosome_partitioning_protein__strain_299	95.455	66	3	0	31534	31599	1	66	1.14e-19	106
accn|NZ_ACZX01000091	ICEberg|346|ICEHinB|GenBank|FQ312006|87548..143543_Haemophilus_influenzae_10810_genome	95.455	66	3	0	31406	31471	1	66	1.14e-19	106
accn|NZ_ACZX01000091	ICEberg|346|ICEHinB|GenBank|FQ312006|87548..143543_Haemophilus_influenzae_10810_genome	95.455	66	3	0	31534	31599	1	66	1.14e-19	106
accn|NZ_ACZX01000091	ICEberg|2046|Tn7100|GenBank|OW736085.1|1..73601_Haemophilus_influenzae_strain_Hi-228_transposon_7100__complete_sequence	95.455	66	3	0	31406	31471	1	66	1.14e-19	106
accn|NZ_ACZX01000091	ICEberg|2046|Tn7100|GenBank|OW736085.1|1..73601_Haemophilus_influenzae_strain_Hi-228_transposon_7100__complete_sequence	95.455	66	3	0	31534	31599	1	66	1.14e-19	106
accn|NZ_ACZX01000091	ICEberg|2007|Tn6687|GenBank|MN106412.1|1..68777_Haemophilus_influenzae_strain_0_transposon_Tn6687__complete_sequence	95.455	66	3	0	31406	31471	1	66	1.14e-19	106
accn|NZ_ACZX01000091	ICEberg|2007|Tn6687|GenBank|MN106412.1|1..68777_Haemophilus_influenzae_strain_0_transposon_Tn6687__complete_sequence	95.455	66	3	0	31534	31599	1	66	1.14e-19	106
accn|NZ_ACZX01000091	ICEberg|2006|Tn6686|GenBank|MN106411.1|1..64737_Haemophilus_influenzae_strain_G_transposon_Tn6686__complete_sequence	95.455	66	3	0	31406	31471	1	66	1.14e-19	106
accn|NZ_ACZX01000091	ICEberg|2006|Tn6686|GenBank|MN106411.1|1..64737_Haemophilus_influenzae_strain_G_transposon_Tn6686__complete_sequence	95.455	66	3	0	31534	31599	1	66	1.14e-19	106
accn|NZ_ACZX01000091	ICEberg|2005|Tn6685|GenBank|MN106410.1|1..52414_Haemophilus_influenzae_strain_E_transposon_Tn6685__complete_sequence	95.455	66	3	0	31406	31471	1	66	1.14e-19	106
accn|NZ_ACZX01000091	ICEberg|2005|Tn6685|GenBank|MN106410.1|1..52414_Haemophilus_influenzae_strain_E_transposon_Tn6685__complete_sequence	95.455	66	3	0	31534	31599	1	66	1.14e-19	106
accn|NZ_ACZX01000096	VFG043479(gb|AAD53408)_(pomA)_outer_membrane_protein_PomA_[OmpA_(VF1223)_-_Adherence_(VFC0001)]_[Mannheimia_haemolytica_str._89010807N]	96.482	1137	22	10	12544	13662	1	1137	0.0	1862
accn|NZ_ACZX01000105	ICEberg|1736|ICEMha2|GenBank|NC_020833.2|1557279..1616347_Mannheimia_haemolytica_USDA-ARS-USMARC-183__complete_sequence	97.674	43	1	0	1	43	6135	6093	4.31e-12	75.0
accn|NZ_ACZX01000105	ICEberg|1736|ICEMha2|GenBank|NC_020833.2|1557279..1616347_Mannheimia_haemolytica_USDA-ARS-USMARC-183__complete_sequence	95.349	43	1	1	2	43	9254	9212	7.21e-10	67.6
accn|NZ_ACZX01000110	ICEberg|1736|ICEMha2|GenBank|NC_020833.2|1557279..1616347_Mannheimia_haemolytica_USDA-ARS-USMARC-183__complete_sequence	99.914	1161	1	0	1	1161	58819	57659	0.0	2139
accn|NZ_ACZX01000112	ICEberg|1736|ICEMha2|GenBank|NC_020833.2|1557279..1616347_Mannheimia_haemolytica_USDA-ARS-USMARC-183__complete_sequence	99.920	1257	0	1	1	1257	44637	43382	0.0	2314
accn|NZ_ACZX01000120	ICEberg|1736|ICEMha2|GenBank|NC_020833.2|1557279..1616347_Mannheimia_haemolytica_USDA-ARS-USMARC-183__complete_sequence	99.420	2068	11	1	1	2068	44850	46916	0.0	3751
accn|NZ_ACZX01000120	ICEberg|987|ICEMh1|GenBank|CP005383|2128248..2190602_Mannheimia_haemolytica_M42548__complete_genome	95.000	160	8	0	1910	2069	40320	40479	3.03e-65	252
accn|NZ_ACZX01000120	ICEberg|441|ICEHso2336-1|GenBank|CP000947|1927921..1994529_Haemophilus_somnus_2336__complete_genome	95.000	160	8	0	1910	2069	34456	34615	3.03e-65	252
accn|NZ_ACZX01000120	ICEberg|440|ICEPmu1|GenBank|CP003022|273284..355497_Pasteurella_multocida_36950__complete_genome	95.000	160	8	0	1910	2069	52403	52562	3.03e-65	252
accn|NZ_ACZX01000120	ICEberg|1717|ICEHs1|GenBank|MF136609.1|1..64932_Histophilus_somni_strain_AVI_1_integrative_conjugative_element_ICEHs1__complete_sequence	95.000	160	8	0	1910	2069	34470	34629	3.03e-65	252
accn|NZ_ACZX01000124	ICEberg|1736|ICEMha2|GenBank|NC_020833.2|1557279..1616347_Mannheimia_haemolytica_USDA-ARS-USMARC-183__complete_sequence	100.000	354	0	0	1	354	55397	55044	0.0	654
accn|NZ_ACZX01000128	ICEberg|1736|ICEMha2|GenBank|NC_020833.2|1557279..1616347_Mannheimia_haemolytica_USDA-ARS-USMARC-183__complete_sequence	99.907	1074	1	0	1	1074	10475	11548	0.0	1978
accn|NZ_ACZX01000133	ICEberg|1702|ICEHin8|GenBank|LS483392.1|192252..244996_Haemophilus_influenzae_strain_NCTC11931_genome_assembly__chromosome__1	98.701	77	1	0	25061	25137	77	1	3.38e-29	137
accn|NZ_ACZX01000133	ICEberg|1718|ICEHso3|GenBank|NC_008309.1|1952153..2005728_Histophilus_somni_129PT__complete_sequence	95.122	82	3	1	25062	25143	99	179	2.03e-26	128
accn|NZ_ACZX01000133	ICEberg|1807|ICEPmu4|GenBank|CP038875.1|2009809..2087766_Pasteurella_multocida_strain_FCf83_chromosome__complete_genome	96.104	77	3	0	25062	25138	1	77	7.31e-26	126
accn|NZ_ACZX01000133	ICEberg|1804|ICEPmu3|GenBank|CP038873.1|1026914..1096464_Pasteurella_multocida_strain_FCf45_chromosome__complete_genome	96.104	77	3	0	25062	25138	69551	69475	7.31e-26	126
accn|NZ_ACZX01000133	ICEberg|1597|ICEApa1|GenBank|CP050316.1|2129122..2199489_Avibacterium_paragallinarum_strain_ESV-135_chromosome__complete_genome	96.104	77	3	0	25062	25138	70368	70292	7.31e-26	126
accn|NZ_ACZX01000133	ICEberg|1597|ICEApa1|GenBank|CP050316.1|2129122..2199489_Avibacterium_paragallinarum_strain_ESV-135_chromosome__complete_genome	96.053	76	3	0	25062	25137	76	1	2.63e-25	124
accn|NZ_ACZX01000136	ICEberg|1698|ICEGpa3|GenBank|CP018032.1|1710663..1776472_Glaesserella_parasuis_D74__complete_sequence	98.405	1379	22	0	308	1686	14974	13596	0.0	2425
accn|NZ_ACZX01000138	ICEberg|1736|ICEMha2|GenBank|NC_020833.2|1557279..1616347_Mannheimia_haemolytica_USDA-ARS-USMARC-183__complete_sequence	99.051	1265	9	3	2	1264	46930	48193	0.0	2266
accn|NZ_ACZX01000140	ICEberg|1736|ICEMha2|GenBank|NC_020833.2|1557279..1616347_Mannheimia_haemolytica_USDA-ARS-USMARC-183__complete_sequence	98.007	602	12	0	2	603	49887	50488	0.0	1046
accn|NZ_ACZX01000142	ICEberg|1736|ICEMha2|GenBank|NC_020833.2|1557279..1616347_Mannheimia_haemolytica_USDA-ARS-USMARC-183__complete_sequence	99.629	1616	1	1	1	1616	55043	53433	0.0	2946
