accn|LFYC01000007	ICEberg|1702|ICEHin8|GenBank|LS483392.1|192252..244996_Haemophilus_influenzae_strain_NCTC11931_genome_assembly__chromosome__1	98.701	77	1	0	53170	53246	1	77	3.38e-29	137
accn|LFYC01000007	ICEberg|1718|ICEHso3|GenBank|NC_008309.1|1952153..2005728_Histophilus_somni_129PT__complete_sequence	95.122	82	3	1	53164	53245	179	99	2.03e-26	128
accn|LFYC01000007	ICEberg|1807|ICEPmu4|GenBank|CP038875.1|2009809..2087766_Pasteurella_multocida_strain_FCf83_chromosome__complete_genome	96.104	77	3	0	53169	53245	77	1	7.31e-26	126
accn|LFYC01000007	ICEberg|1804|ICEPmu3|GenBank|CP038873.1|1026914..1096464_Pasteurella_multocida_strain_FCf45_chromosome__complete_genome	96.104	77	3	0	53169	53245	69475	69551	7.31e-26	126
accn|LFYC01000007	ICEberg|1597|ICEApa1|GenBank|CP050316.1|2129122..2199489_Avibacterium_paragallinarum_strain_ESV-135_chromosome__complete_genome	96.104	77	3	0	53169	53245	70292	70368	7.31e-26	126
accn|LFYC01000007	ICEberg|1597|ICEApa1|GenBank|CP050316.1|2129122..2199489_Avibacterium_paragallinarum_strain_ESV-135_chromosome__complete_genome	96.053	76	3	0	53170	53245	1	76	2.63e-25	124
accn|LFYC01000008	ICEberg|2047|Tn7406|GenBank|CP087379.1|1564187..1622411_Mannheimia_haemolytica_strain_IMT47952_chromosome__complete_genome	97.313	521	14	0	626	1146	57705	58225	0.0	885
accn|LFYC01000008	ICEberg|2047|Tn7406|GenBank|CP087379.1|1564187..1622411_Mannheimia_haemolytica_strain_IMT47952_chromosome__complete_genome	96.296	54	2	0	843	896	57868	57921	9.52e-15	89.8
accn|LFYC01000008	ICEberg|2047|Tn7406|GenBank|CP087379.1|1564187..1622411_Mannheimia_haemolytica_strain_IMT47952_chromosome__complete_genome	96.296	54	2	0	789	842	57922	57975	9.52e-15	89.8
accn|LFYC01000008	ICEberg|1736|ICEMha2|GenBank|NC_020833.2|1557279..1616347_Mannheimia_haemolytica_USDA-ARS-USMARC-183__complete_sequence	99.737	380	1	0	77418	77797	7298	6919	0.0	697
accn|LFYC01000008	ICEberg|1736|ICEMha2|GenBank|NC_020833.2|1557279..1616347_Mannheimia_haemolytica_USDA-ARS-USMARC-183__complete_sequence	100.000	163	0	0	984	1146	4035	3873	1.12e-78	302
accn|LFYC01000008	ICEberg|1736|ICEMha2|GenBank|NC_020833.2|1557279..1616347_Mannheimia_haemolytica_USDA-ARS-USMARC-183__complete_sequence	96.610	59	1	1	784	841	6093	6035	5.69e-17	97.1
accn|LFYC01000008	ICEberg|2039|Tn6865|GenBank|CP031123.2|751328..820050_Providencia_huaxiensis_strain_WCHPr000369_chromosome__complete_genome	97.368	38	1	0	30926	30963	65651	65614	1.61e-07	65.8
accn|LFYC01000010	VFG043479(gb|AAD53408)_(pomA)_outer_membrane_protein_PomA_[OmpA_(VF1223)_-_Adherence_(VFC0001)]_[Mannheimia_haemolytica_str._89010807N]	96.570	1137	21	11	55794	56912	1137	1	0.0	1868
accn|LFYC01000012	ICEberg|1736|ICEMha2|GenBank|NC_020833.2|1557279..1616347_Mannheimia_haemolytica_USDA-ARS-USMARC-183__complete_sequence	100.000	287	0	0	61104	61390	6098	6384	1.04e-147	531
accn|LFYC01000015	ICEberg|1736|ICEMha2|GenBank|NC_020833.2|1557279..1616347_Mannheimia_haemolytica_USDA-ARS-USMARC-183__complete_sequence	99.725	364	0	1	46334	46697	7298	6936	0.0	665
accn|LFYC01000019	ICEberg|1736|ICEMha2|GenBank|NC_020833.2|1557279..1616347_Mannheimia_haemolytica_USDA-ARS-USMARC-183__complete_sequence	96.503	1201	41	1	38710	39909	7298	6098	0.0	1984
accn|LFYC01000020	ICEberg|1736|ICEMha2|GenBank|NC_020833.2|1557279..1616347_Mannheimia_haemolytica_USDA-ARS-USMARC-183__complete_sequence	100.000	181	0	0	39488	39668	6098	6278	5.65e-89	335
accn|LFYC01000025	ICEberg|1702|ICEHin8|GenBank|LS483392.1|192252..244996_Haemophilus_influenzae_strain_NCTC11931_genome_assembly__chromosome__1	96.269	134	2	1	33474	33607	1	131	1.81e-53	217
accn|LFYC01000025	ICEberg|1702|ICEHin8|GenBank|LS483392.1|192252..244996_Haemophilus_influenzae_strain_NCTC11931_genome_assembly__chromosome__1	95.000	80	3	1	33470	33549	52667	52745	1.13e-25	124
accn|LFYC01000025	ICEberg|1597|ICEApa1|GenBank|CP050316.1|2129122..2199489_Avibacterium_paragallinarum_strain_ESV-135_chromosome__complete_genome	95.349	129	5	1	33474	33602	1	128	1.41e-49	204
accn|LFYC01000025	ICEberg|1597|ICEApa1|GenBank|CP050316.1|2129122..2199489_Avibacterium_paragallinarum_strain_ESV-135_chromosome__complete_genome	96.053	76	3	0	33474	33549	70293	70368	1.13e-25	124
accn|LFYC01000025	ICEberg|1807|ICEPmu4|GenBank|CP038875.1|2009809..2087766_Pasteurella_multocida_strain_FCf83_chromosome__complete_genome	96.053	76	3	0	33474	33549	76	1	1.13e-25	124
accn|LFYC01000025	ICEberg|1804|ICEPmu3|GenBank|CP038873.1|1026914..1096464_Pasteurella_multocida_strain_FCf45_chromosome__complete_genome	96.053	76	3	0	33474	33549	69476	69551	1.13e-25	124
accn|LFYC01000025	ICEberg|1685|ICEEC8|GenBank|LOGV01000031.1|282800..364210_Escherichia_coli_strain_STEC_2174_STEC2174_contig_26__whole_genome_shotgun_sequence	96.078	51	2	0	33555	33605	51	1	1.92e-13	84.2
accn|LFYC01000031	ICEberg|1700|ICEHdu1|GenBank|NC_002940.2|718953..768668_[Haemophilus]_ducreyi_35000HP__complete_sequence	98.901	91	1	0	70	160	49626	49716	2.24e-37	163
accn|LFYC01000031	ICEberg|1700|ICEHdu1|GenBank|NC_002940.2|718953..768668_[Haemophilus]_ducreyi_35000HP__complete_sequence	100.000	76	0	0	179	254	1	76	1.05e-30	141
accn|LFYC01000031	ICEberg|1700|ICEHdu1|GenBank|NC_002940.2|718953..768668_[Haemophilus]_ducreyi_35000HP__complete_sequence	97.059	68	2	0	68	135	102	169	6.37e-23	115
accn|LFYC01000031	ICEberg|1700|ICEHdu1|GenBank|NC_002940.2|718953..768668_[Haemophilus]_ducreyi_35000HP__complete_sequence	100.000	32	0	0	1	32	49685	49716	3.03e-06	60.2
accn|LFYC01000031	ICEberg|1584|ICEAac1|GenBank|CP012959.1|2164508..2181462_Aggregatibacter_actinomycetemcomitans_strain_624__complete_genome	100.000	77	0	0	178	254	16879	16955	2.92e-31	143
accn|LFYC01000031	ICEberg|2010|Tn6783_201330|GenBank|CP054623.1|2596147..2668162_Pseudomonas_aeruginosa_strain_DL201330_chromosome__complete_genome	98.734	79	1	0	178	256	66975	66897	1.05e-30	141
accn|LFYC01000031	ICEberg|1701|ICEHdu2|GenBank|CP015434.1|162562..211583_[Haemophilus]_ducreyi_strain_GHA9__complete_genome	100.000	76	0	0	179	254	49022	48947	1.05e-30	141
accn|LFYC01000031	ICEberg|1701|ICEHdu2|GenBank|CP015434.1|162562..211583_[Haemophilus]_ducreyi_strain_GHA9__complete_genome	97.059	68	2	0	71	138	48918	48851	6.37e-23	115
accn|LFYC01000031	ICEberg|1581|ICE6660|GenBank|MK497171.1|1..112205_Pseudomonas_aeruginosa_sequence	97.500	80	2	0	175	254	112126	112205	1.36e-29	137
accn|LFYC01000031	ICEberg|960|ICEApl1|GenBank|KU551309|27..56176_Actinobacillus_pleuropneumoniae_strain_MIDG2427_tRNA-Leu_gene__integrative_conjugative_element_ICEApl1_mobile_element__and_tRNA-Gly_gene__complete_sequence	98.485	66	1	0	73	138	56150	56085	1.77e-23	117
accn|LFYC01000031	ICEberg|960|ICEApl1|GenBank|KU551309|27..56176_Actinobacillus_pleuropneumoniae_strain_MIDG2427_tRNA-Leu_gene__integrative_conjugative_element_ICEApl1_mobile_element__and_tRNA-Gly_gene__complete_sequence	97.015	67	2	0	73	139	67	1	2.29e-22	113
accn|LFYC01000031	ICEberg|1586|ICEAac3|GenBank|CP043003.1|2132073..2197982_Aggregatibacter_actinomycetemcomitans_strain_HK_907_chromosome__complete_genome	98.462	65	1	0	71	135	64309	64245	6.37e-23	115
accn|LFYC01000031	ICEberg|60|ICEHin1056|GenBank|AJ627386|1..59393_Haemophilus_influenzae_plasmid_ICEhin1056	95.455	66	3	0	73	138	66	1	3.83e-20	106
accn|LFYC01000031	ICEberg|350|ICEHpaT3T1|GenBank|FQ312002|1153089..1213144_Haemophilus_parainfluenzae_T3T1_genome	95.455	66	3	0	70	135	59988	60053	3.83e-20	106
accn|LFYC01000031	ICEberg|349|ICEHpa8f|GenBank|AM884335|1..52725_Haemophilus_influenzae_parA_gene_for_chromosome_partitioning_protein__strain_8f	95.455	66	3	0	73	138	66	1	3.83e-20	106
accn|LFYC01000031	ICEberg|348|ICEHin299|GenBank|AM884334|1..53902_Haemophilus_influenzae_parA_gene_for_chromosome_partitioning_protein__strain_299	95.455	66	3	0	73	138	66	1	3.83e-20	106
accn|LFYC01000031	ICEberg|346|ICEHinB|GenBank|FQ312006|87548..143543_Haemophilus_influenzae_10810_genome	95.455	66	3	0	73	138	66	1	3.83e-20	106
accn|LFYC01000031	ICEberg|2046|Tn7100|GenBank|OW736085.1|1..73601_Haemophilus_influenzae_strain_Hi-228_transposon_7100__complete_sequence	95.455	66	3	0	73	138	66	1	3.83e-20	106
accn|LFYC01000031	ICEberg|2007|Tn6687|GenBank|MN106412.1|1..68777_Haemophilus_influenzae_strain_0_transposon_Tn6687__complete_sequence	95.455	66	3	0	73	138	66	1	3.83e-20	106
accn|LFYC01000031	ICEberg|2006|Tn6686|GenBank|MN106411.1|1..64737_Haemophilus_influenzae_strain_G_transposon_Tn6686__complete_sequence	95.455	66	3	0	73	138	66	1	3.83e-20	106
accn|LFYC01000031	ICEberg|2005|Tn6685|GenBank|MN106410.1|1..52414_Haemophilus_influenzae_strain_E_transposon_Tn6685__complete_sequence	95.455	66	3	0	73	138	66	1	3.83e-20	106
accn|LFYC01000033	ICEberg|1736|ICEMha2|GenBank|NC_020833.2|1557279..1616347_Mannheimia_haemolytica_USDA-ARS-USMARC-183__complete_sequence	99.704	6081	9	1	23942	30013	1	6081	0.0	11121
accn|LFYC01000033	ICEberg|1701|ICEHdu2|GenBank|CP015434.1|162562..211583_[Haemophilus]_ducreyi_strain_GHA9__complete_genome	97.674	86	1	1	4088	4172	49022	48937	2.15e-32	147
accn|LFYC01000033	ICEberg|1700|ICEHdu1|GenBank|NC_002940.2|718953..768668_[Haemophilus]_ducreyi_35000HP__complete_sequence	97.674	86	1	1	4088	4172	1	86	2.15e-32	147
accn|LFYC01000033	ICEberg|1586|ICEAac3|GenBank|CP043003.1|2132073..2197982_Aggregatibacter_actinomycetemcomitans_strain_HK_907_chromosome__complete_genome	100.000	77	0	0	4087	4163	77	1	2.78e-31	143
accn|LFYC01000033	ICEberg|1584|ICEAac1|GenBank|CP012959.1|2164508..2181462_Aggregatibacter_actinomycetemcomitans_strain_624__complete_genome	100.000	77	0	0	4087	4163	16879	16955	2.78e-31	143
accn|LFYC01000033	ICEberg|2010|Tn6783_201330|GenBank|CP054623.1|2596147..2668162_Pseudomonas_aeruginosa_strain_DL201330_chromosome__complete_genome	98.734	79	1	0	4087	4165	66975	66897	1.00e-30	141
accn|LFYC01000033	ICEberg|1581|ICE6660|GenBank|MK497171.1|1..112205_Pseudomonas_aeruginosa_sequence	97.500	80	2	0	4084	4163	112126	112205	1.29e-29	137
accn|LFYC01000033	ICEberg|1697|ICEGpa2|GenBank|CP049090.1|1351751..1421790_Glaesserella_parasuis_strain_aHPS7_chromosome__complete_genome	100.000	54	0	0	27762	27815	1480	1533	1.70e-18	100
accn|LFYC01000033	ICEberg|1713|ICEHpa1|GenBank|CP054198.1|1511383..1580304_Glaesserella_parasuis_strain_YHP170504_chromosome__complete_genome	98.148	54	0	1	27762	27815	3	55	2.84e-16	93.5
accn|LFYC01000033	ICEberg|1698|ICEGpa3|GenBank|CP018032.1|1710663..1776472_Glaesserella_parasuis_D74__complete_sequence	97.959	49	1	0	29775	29823	44607	44559	4.75e-14	86.1
accn|LFYC01000033	ICEberg|441|ICEHso2336-1|GenBank|CP000947|1927921..1994529_Haemophilus_somnus_2336__complete_genome	95.918	49	2	0	29775	29823	331	379	2.21e-12	80.5
accn|LFYC01000033	ICEberg|440|ICEPmu1|GenBank|CP003022|273284..355497_Pasteurella_multocida_36950__complete_genome	95.918	49	2	0	29775	29823	331	379	2.21e-12	80.5
accn|LFYC01000033	ICEberg|1719|ICEHso4|GenBank|CP018803.1|686759..761246_Histophilus_somni_strain_USDA-ARS-USMARC-63255_chromosome__complete_genome	95.918	49	2	0	29775	29823	72583	72535	2.21e-12	80.5
accn|LFYC01000033	ICEberg|1717|ICEHs1|GenBank|MF136609.1|1..64932_Histophilus_somni_strain_AVI_1_integrative_conjugative_element_ICEHs1__complete_sequence	95.918	49	2	0	29775	29823	344	392	2.21e-12	80.5
accn|LFYC01000033	ICEberg|1716|ICEHs02|GenBank|CP042993.1|687500..760418_Histophilus_somni_strain_UOC-KLM-ATR-014_chromosome__complete_genome	95.918	49	2	0	29775	29823	72535	72487	2.21e-12	80.5
accn|LFYC01000040	ICEberg|1713|ICEHpa1|GenBank|CP054198.1|1511383..1580304_Glaesserella_parasuis_strain_YHP170504_chromosome__complete_genome	100.000	32	0	0	5693	5724	68866	68897	2.25e-06	60.2
accn|LFYC01000042	ICEberg|1586|ICEAac3|GenBank|CP043003.1|2132073..2197982_Aggregatibacter_actinomycetemcomitans_strain_HK_907_chromosome__complete_genome	100.000	77	0	0	22278	22354	77	1	2.07e-31	143
accn|LFYC01000042	ICEberg|1584|ICEAac1|GenBank|CP012959.1|2164508..2181462_Aggregatibacter_actinomycetemcomitans_strain_624__complete_genome	100.000	77	0	0	22278	22354	16879	16955	2.07e-31	143
accn|LFYC01000042	ICEberg|2010|Tn6783_201330|GenBank|CP054623.1|2596147..2668162_Pseudomonas_aeruginosa_strain_DL201330_chromosome__complete_genome	96.512	86	2	1	22272	22356	66982	66897	7.46e-31	141
accn|LFYC01000042	ICEberg|1581|ICE6660|GenBank|MK497171.1|1..112205_Pseudomonas_aeruginosa_sequence	98.701	77	1	0	22278	22354	112129	112205	9.65e-30	137
accn|LFYC01000047	ICEberg|1698|ICEGpa3|GenBank|CP018032.1|1710663..1776472_Glaesserella_parasuis_D74__complete_sequence	96.347	438	16	0	1420	1857	49464	49901	0.0	721
accn|LFYC01000053	ICEberg|1701|ICEHdu2|GenBank|CP015434.1|162562..211583_[Haemophilus]_ducreyi_strain_GHA9__complete_genome	97.368	76	2	0	6482	6557	77	2	1.13e-27	130
accn|LFYC01000053	ICEberg|1701|ICEHdu2|GenBank|CP015434.1|162562..211583_[Haemophilus]_ducreyi_strain_GHA9__complete_genome	97.368	76	2	0	6385	6460	77	2	1.13e-27	130
accn|LFYC01000053	ICEberg|1701|ICEHdu2|GenBank|CP015434.1|162562..211583_[Haemophilus]_ducreyi_strain_GHA9__complete_genome	96.053	76	3	0	6580	6655	77	2	5.25e-26	124
accn|LFYC01000053	ICEberg|1700|ICEHdu1|GenBank|NC_002940.2|718953..768668_[Haemophilus]_ducreyi_35000HP__complete_sequence	97.368	76	2	0	6385	6460	49501	49576	1.13e-27	130
accn|LFYC01000053	ICEberg|1700|ICEHdu1|GenBank|NC_002940.2|718953..768668_[Haemophilus]_ducreyi_35000HP__complete_sequence	97.368	76	2	0	6482	6557	49501	49576	1.13e-27	130
accn|LFYC01000053	ICEberg|1700|ICEHdu1|GenBank|NC_002940.2|718953..768668_[Haemophilus]_ducreyi_35000HP__complete_sequence	96.053	76	3	0	6580	6655	49501	49576	5.25e-26	124
accn|LFYC01000053	ICEberg|1586|ICEAac3|GenBank|CP043003.1|2132073..2197982_Aggregatibacter_actinomycetemcomitans_strain_HK_907_chromosome__complete_genome	97.368	76	2	0	6482	6557	292	217	1.13e-27	130
accn|LFYC01000053	ICEberg|1586|ICEAac3|GenBank|CP043003.1|2132073..2197982_Aggregatibacter_actinomycetemcomitans_strain_HK_907_chromosome__complete_genome	97.368	76	2	0	6385	6460	292	217	1.13e-27	130
accn|LFYC01000053	ICEberg|1586|ICEAac3|GenBank|CP043003.1|2132073..2197982_Aggregatibacter_actinomycetemcomitans_strain_HK_907_chromosome__complete_genome	96.053	76	3	0	6580	6655	292	217	5.25e-26	124
accn|LFYC01000053	ICEberg|1586|ICEAac3|GenBank|CP043003.1|2132073..2197982_Aggregatibacter_actinomycetemcomitans_strain_HK_907_chromosome__complete_genome	98.387	62	1	0	6482	6543	64407	64346	1.47e-21	110
accn|LFYC01000053	ICEberg|1586|ICEAac3|GenBank|CP043003.1|2132073..2197982_Aggregatibacter_actinomycetemcomitans_strain_HK_907_chromosome__complete_genome	98.387	62	1	0	6385	6446	64407	64346	1.47e-21	110
accn|LFYC01000053	ICEberg|1586|ICEAac3|GenBank|CP043003.1|2132073..2197982_Aggregatibacter_actinomycetemcomitans_strain_HK_907_chromosome__complete_genome	98.333	60	1	0	6580	6639	64407	64348	1.90e-20	106
accn|LFYC01000066	ICEberg|1736|ICEMha2|GenBank|NC_020833.2|1557279..1616347_Mannheimia_haemolytica_USDA-ARS-USMARC-183__complete_sequence	100.000	140	0	0	8890	9029	7298	7159	7.94e-67	259
accn|LFYC01000066	ICEberg|1736|ICEMha2|GenBank|NC_020833.2|1557279..1616347_Mannheimia_haemolytica_USDA-ARS-USMARC-183__complete_sequence	97.163	141	4	0	8889	9029	10476	10336	1.04e-60	239
accn|LFYC01000066	ICEberg|1736|ICEMha2|GenBank|NC_020833.2|1557279..1616347_Mannheimia_haemolytica_USDA-ARS-USMARC-183__complete_sequence	100.000	80	0	0	5	84	6177	6098	1.79e-33	148
accn|LFYC01000066	ICEberg|1736|ICEMha2|GenBank|NC_020833.2|1557279..1616347_Mannheimia_haemolytica_USDA-ARS-USMARC-183__complete_sequence	97.500	80	2	0	5	84	9297	9218	3.88e-30	137
accn|LFYC01000089	ICEberg|1736|ICEMha2|GenBank|NC_020833.2|1557279..1616347_Mannheimia_haemolytica_USDA-ARS-USMARC-183__complete_sequence	96.842	1520	48	0	3	1522	10096	11615	0.0	2542
accn|LFYC01000089	ICEberg|1736|ICEMha2|GenBank|NC_020833.2|1557279..1616347_Mannheimia_haemolytica_USDA-ARS-USMARC-183__complete_sequence	98.429	382	6	0	1	382	6917	7298	0.0	673
accn|LFYC01000092	ICEberg|1736|ICEMha2|GenBank|NC_020833.2|1557279..1616347_Mannheimia_haemolytica_USDA-ARS-USMARC-183__complete_sequence	100.000	58	0	0	1323	1380	6097	6154	4.58e-22	108
accn|LFYC01000092	ICEberg|1736|ICEMha2|GenBank|NC_020833.2|1557279..1616347_Mannheimia_haemolytica_USDA-ARS-USMARC-183__complete_sequence	96.491	57	2	0	1324	1380	9218	9274	3.57e-18	95.3
accn|LFYC01000094	ICEberg|1736|ICEMha2|GenBank|NC_020833.2|1557279..1616347_Mannheimia_haemolytica_USDA-ARS-USMARC-183__complete_sequence	100.000	219	0	0	1	219	12641	12859	1.30e-111	405
accn|LFYC01000094	ICEberg|1698|ICEGpa3|GenBank|CP018032.1|1710663..1776472_Glaesserella_parasuis_D74__complete_sequence	99.543	219	1	0	1	219	42712	42494	6.04e-110	399
accn|LFYC01000094	ICEberg|987|ICEMh1|GenBank|CP005383|2128248..2190602_Mannheimia_haemolytica_M42548__complete_genome	98.630	219	3	0	1	219	8381	8599	1.31e-106	388
accn|LFYC01000094	ICEberg|440|ICEPmu1|GenBank|CP003022|273284..355497_Pasteurella_multocida_36950__complete_genome	98.630	219	3	0	1	219	20464	20682	1.31e-106	388
accn|LFYC01000094	ICEberg|1734|ICEMh3|GenBank|CP006942.1|959858..1026317_Mannheimia_sp._USDA-ARS-USMARC-1261__complete_genome	98.630	219	3	0	1	219	64028	63810	1.31e-106	388
accn|LFYC01000094	ICEberg|1719|ICEHso4|GenBank|CP018803.1|686759..761246_Histophilus_somni_strain_USDA-ARS-USMARC-63255_chromosome__complete_genome	98.630	219	3	0	1	219	53977	53759	1.31e-106	388
accn|LFYC01000094	ICEberg|1716|ICEHs02|GenBank|CP042993.1|687500..760418_Histophilus_somni_strain_UOC-KLM-ATR-014_chromosome__complete_genome	98.630	219	3	0	1	219	53928	53710	1.31e-106	388
accn|LFYC01000099	ICEberg|1736|ICEMha2|GenBank|NC_020833.2|1557279..1616347_Mannheimia_haemolytica_USDA-ARS-USMARC-183__complete_sequence	99.805	1025	2	0	1	1025	12640	11616	0.0	1882
accn|LFYC01000106	ICEberg|1736|ICEMha2|GenBank|NC_020833.2|1557279..1616347_Mannheimia_haemolytica_USDA-ARS-USMARC-183__complete_sequence	99.861	719	1	0	1	719	6439	7157	0.0	1323
