accn|CP017535	ICEberg|1736|ICEMha2|GenBank|NC_020833.2|1557279..1616347_Mannheimia_haemolytica_USDA-ARS-USMARC-183__complete_sequence	99.954	39183	18	0	907923	947105	3874	43056	0.0	72258
accn|CP017535	ICEberg|1736|ICEMha2|GenBank|NC_020833.2|1557279..1616347_Mannheimia_haemolytica_USDA-ARS-USMARC-183__complete_sequence	99.569	9977	41	2	947075	957050	43056	53031	0.0	18185
accn|CP017535	ICEberg|1736|ICEMha2|GenBank|NC_020833.2|1557279..1616347_Mannheimia_haemolytica_USDA-ARS-USMARC-183__complete_sequence	99.767	7298	17	0	1147865	1155162	7298	1	0.0	13383
accn|CP017535	ICEberg|1736|ICEMha2|GenBank|NC_020833.2|1557279..1616347_Mannheimia_haemolytica_USDA-ARS-USMARC-183__complete_sequence	99.339	6507	43	0	956474	962980	52563	59069	0.0	11779
accn|CP017535	ICEberg|1736|ICEMha2|GenBank|NC_020833.2|1557279..1616347_Mannheimia_haemolytica_USDA-ARS-USMARC-183__complete_sequence	96.648	2088	59	8	1112143	1114228	43105	45183	0.0	3458
accn|CP017535	ICEberg|1736|ICEMha2|GenBank|NC_020833.2|1557279..1616347_Mannheimia_haemolytica_USDA-ARS-USMARC-183__complete_sequence	99.751	1204	3	0	335992	337195	7301	6098	0.0	2207
accn|CP017535	ICEberg|1736|ICEMha2|GenBank|NC_020833.2|1557279..1616347_Mannheimia_haemolytica_USDA-ARS-USMARC-183__complete_sequence	99.833	1201	2	0	2472237	2473437	6098	7298	0.0	2207
accn|CP017535	ICEberg|1736|ICEMha2|GenBank|NC_020833.2|1557279..1616347_Mannheimia_haemolytica_USDA-ARS-USMARC-183__complete_sequence	99.584	1202	5	0	1962017	1963218	6097	7298	0.0	2193
accn|CP017535	ICEberg|1736|ICEMha2|GenBank|NC_020833.2|1557279..1616347_Mannheimia_haemolytica_USDA-ARS-USMARC-183__complete_sequence	99.584	1201	5	0	257764	258964	7298	6098	0.0	2191
accn|CP017535	ICEberg|1736|ICEMha2|GenBank|NC_020833.2|1557279..1616347_Mannheimia_haemolytica_USDA-ARS-USMARC-183__complete_sequence	98.751	1201	15	0	2611108	2612308	7298	6098	0.0	2135
accn|CP017535	ICEberg|1736|ICEMha2|GenBank|NC_020833.2|1557279..1616347_Mannheimia_haemolytica_USDA-ARS-USMARC-183__complete_sequence	98.590	1206	17	0	1273566	1274771	6098	7303	0.0	2134
accn|CP017535	ICEberg|1736|ICEMha2|GenBank|NC_020833.2|1557279..1616347_Mannheimia_haemolytica_USDA-ARS-USMARC-183__complete_sequence	98.585	1201	17	0	1133025	1134225	6098	7298	0.0	2124
accn|CP017535	ICEberg|1736|ICEMha2|GenBank|NC_020833.2|1557279..1616347_Mannheimia_haemolytica_USDA-ARS-USMARC-183__complete_sequence	98.585	1201	17	0	1355527	1356727	7298	6098	0.0	2124
accn|CP017535	ICEberg|1736|ICEMha2|GenBank|NC_020833.2|1557279..1616347_Mannheimia_haemolytica_USDA-ARS-USMARC-183__complete_sequence	98.502	1202	18	0	1370791	1371992	6098	7299	0.0	2121
accn|CP017535	ICEberg|1736|ICEMha2|GenBank|NC_020833.2|1557279..1616347_Mannheimia_haemolytica_USDA-ARS-USMARC-183__complete_sequence	98.021	1213	22	2	2477355	2478566	6092	7303	0.0	2106
accn|CP017535	ICEberg|1736|ICEMha2|GenBank|NC_020833.2|1557279..1616347_Mannheimia_haemolytica_USDA-ARS-USMARC-183__complete_sequence	98.185	1157	20	1	756355	757510	7254	6098	0.0	2019
accn|CP017535	ICEberg|1736|ICEMha2|GenBank|NC_020833.2|1557279..1616347_Mannheimia_haemolytica_USDA-ARS-USMARC-183__complete_sequence	96.922	1202	37	0	1137859	1139060	7299	6098	0.0	2015
accn|CP017535	ICEberg|1736|ICEMha2|GenBank|NC_020833.2|1557279..1616347_Mannheimia_haemolytica_USDA-ARS-USMARC-183__complete_sequence	96.181	864	29	4	1127986	1128847	46745	47606	0.0	1410
accn|CP017535	ICEberg|1736|ICEMha2|GenBank|NC_020833.2|1557279..1616347_Mannheimia_haemolytica_USDA-ARS-USMARC-183__complete_sequence	99.864	737	1	0	1852570	1853306	6562	7298	0.0	1356
accn|CP017535	ICEberg|1736|ICEMha2|GenBank|NC_020833.2|1557279..1616347_Mannheimia_haemolytica_USDA-ARS-USMARC-183__complete_sequence	100.000	712	0	0	1606478	1607189	7298	6587	0.0	1315
accn|CP017535	ICEberg|1736|ICEMha2|GenBank|NC_020833.2|1557279..1616347_Mannheimia_haemolytica_USDA-ARS-USMARC-183__complete_sequence	99.721	717	2	0	1817991	1818707	6587	7303	0.0	1314
accn|CP017535	ICEberg|1736|ICEMha2|GenBank|NC_020833.2|1557279..1616347_Mannheimia_haemolytica_USDA-ARS-USMARC-183__complete_sequence	99.860	712	1	0	1731827	1732538	6587	7298	0.0	1310
accn|CP017535	ICEberg|1736|ICEMha2|GenBank|NC_020833.2|1557279..1616347_Mannheimia_haemolytica_USDA-ARS-USMARC-183__complete_sequence	96.522	460	16	0	1607185	1607644	6557	6098	0.0	761
accn|CP017535	ICEberg|1736|ICEMha2|GenBank|NC_020833.2|1557279..1616347_Mannheimia_haemolytica_USDA-ARS-USMARC-183__complete_sequence	96.312	461	16	1	1731371	1731831	6098	6557	0.0	756
accn|CP017535	ICEberg|1736|ICEMha2|GenBank|NC_020833.2|1557279..1616347_Mannheimia_haemolytica_USDA-ARS-USMARC-183__complete_sequence	96.304	460	17	0	1817536	1817995	6098	6557	0.0	756
accn|CP017535	ICEberg|1736|ICEMha2|GenBank|NC_020833.2|1557279..1616347_Mannheimia_haemolytica_USDA-ARS-USMARC-183__complete_sequence	100.000	401	0	0	1368927	1369327	7298	6898	0.0	741
accn|CP017535	ICEberg|1736|ICEMha2|GenBank|NC_020833.2|1557279..1616347_Mannheimia_haemolytica_USDA-ARS-USMARC-183__complete_sequence	99.650	286	1	0	1221617	1221902	7299	7014	7.60e-144	523
accn|CP017535	ICEberg|1736|ICEMha2|GenBank|NC_020833.2|1557279..1616347_Mannheimia_haemolytica_USDA-ARS-USMARC-183__complete_sequence	99.593	246	1	0	1108874	1109119	7301	7056	1.31e-121	449
accn|CP017535	ICEberg|1736|ICEMha2|GenBank|NC_020833.2|1557279..1616347_Mannheimia_haemolytica_USDA-ARS-USMARC-183__complete_sequence	97.312	186	4	1	1136198	1136383	7114	7298	4.98e-81	315
accn|CP017535	ICEberg|1736|ICEMha2|GenBank|NC_020833.2|1557279..1616347_Mannheimia_haemolytica_USDA-ARS-USMARC-183__complete_sequence	95.187	187	8	1	1136198	1136384	10291	10476	6.48e-75	294
accn|CP017535	ICEberg|1736|ICEMha2|GenBank|NC_020833.2|1557279..1616347_Mannheimia_haemolytica_USDA-ARS-USMARC-183__complete_sequence	100.000	90	0	0	1221901	1221990	6187	6098	1.48e-36	167
accn|CP017535	ICEberg|1736|ICEMha2|GenBank|NC_020833.2|1557279..1616347_Mannheimia_haemolytica_USDA-ARS-USMARC-183__complete_sequence	100.000	59	0	0	907820	907878	3883	3825	2.52e-19	110
accn|CP017535	ICEberg|1736|ICEMha2|GenBank|NC_020833.2|1557279..1616347_Mannheimia_haemolytica_USDA-ARS-USMARC-183__complete_sequence	95.745	47	2	0	1112102	1112148	13812	13858	2.56e-09	76.8
accn|CP017535	ICEberg|1698|ICEGpa3|GenBank|CP018032.1|1710663..1776472_Glaesserella_parasuis_D74__complete_sequence	95.394	6448	282	14	915518	921956	43884	37443	0.0	10248
accn|CP017535	ICEberg|1698|ICEGpa3|GenBank|CP018032.1|1710663..1776472_Glaesserella_parasuis_D74__complete_sequence	98.477	1379	21	0	1114701	1116079	14974	13596	0.0	2431
accn|CP017535	ICEberg|1698|ICEGpa3|GenBank|CP018032.1|1710663..1776472_Glaesserella_parasuis_D74__complete_sequence	96.575	438	15	0	1430548	1430985	49464	49901	0.0	726
accn|CP017535	ICEberg|1698|ICEGpa3|GenBank|CP018032.1|1710663..1776472_Glaesserella_parasuis_D74__complete_sequence	100.000	47	0	0	1112102	1112148	41541	41495	1.18e-12	87.9
accn|CP017535	ICEberg|1698|ICEGpa3|GenBank|CP018032.1|1710663..1776472_Glaesserella_parasuis_D74__complete_sequence	97.959	49	1	0	1149272	1149320	44559	44607	4.25e-12	86.1
accn|CP017535	ICEberg|1698|ICEGpa3|GenBank|CP018032.1|1710663..1776472_Glaesserella_parasuis_D74__complete_sequence	97.959	49	1	0	909892	909940	44607	44559	4.25e-12	86.1
accn|CP017535	VFG043479(gb|AAD53408)_(pomA)_outer_membrane_protein_PomA_[OmpA_(VF1223)_-_Adherence_(VFC0001)]_[Mannheimia_haemolytica_str._89010807N]	100.000	1137	0	0	2540066	2541202	1137	1	0.0	2100
accn|CP017535	ICEberg|1702|ICEHin8|GenBank|LS483392.1|192252..244996_Haemophilus_influenzae_strain_NCTC11931_genome_assembly__chromosome__1	96.269	134	2	1	148053	148186	131	1	1.44e-51	217
accn|CP017535	ICEberg|1702|ICEHin8|GenBank|LS483392.1|192252..244996_Haemophilus_influenzae_strain_NCTC11931_genome_assembly__chromosome__1	96.269	134	2	1	147726	147859	131	1	1.44e-51	217
accn|CP017535	ICEberg|1702|ICEHin8|GenBank|LS483392.1|192252..244996_Haemophilus_influenzae_strain_NCTC11931_genome_assembly__chromosome__1	98.701	77	1	0	1792386	1792462	1	77	1.16e-27	137
accn|CP017535	ICEberg|1702|ICEHin8|GenBank|LS483392.1|192252..244996_Haemophilus_influenzae_strain_NCTC11931_genome_assembly__chromosome__1	95.000	80	3	1	148111	148190	52745	52667	9.00e-24	124
accn|CP017535	ICEberg|1702|ICEHin8|GenBank|LS483392.1|192252..244996_Haemophilus_influenzae_strain_NCTC11931_genome_assembly__chromosome__1	95.000	80	3	1	147784	147863	52745	52667	9.00e-24	124
accn|CP017535	ICEberg|2047|Tn7406|GenBank|CP087379.1|1564187..1622411_Mannheimia_haemolytica_strain_IMT47952_chromosome__complete_genome	100.000	113	0	0	920350	920462	37573	37461	2.42e-49	209
accn|CP017535	ICEberg|2047|Tn7406|GenBank|CP087379.1|1564187..1622411_Mannheimia_haemolytica_strain_IMT47952_chromosome__complete_genome	96.610	59	1	1	1149070	1149128	57863	57920	1.96e-15	97.1
accn|CP017535	ICEberg|2047|Tn7406|GenBank|CP087379.1|1564187..1622411_Mannheimia_haemolytica_strain_IMT47952_chromosome__complete_genome	96.610	59	1	1	910084	910142	57920	57863	1.96e-15	97.1
accn|CP017535	ICEberg|2047|Tn7406|GenBank|CP087379.1|1564187..1622411_Mannheimia_haemolytica_strain_IMT47952_chromosome__complete_genome	100.000	36	0	0	1110547	1110582	37538	37573	1.54e-06	67.6
accn|CP017535	ICEberg|2047|Tn7406|GenBank|CP087379.1|1564187..1622411_Mannheimia_haemolytica_strain_IMT47952_chromosome__complete_genome	95.238	42	2	0	1112102	1112143	54985	54944	1.54e-06	67.6
accn|CP017535	ICEberg|1597|ICEApa1|GenBank|CP050316.1|2129122..2199489_Avibacterium_paragallinarum_strain_ESV-135_chromosome__complete_genome	95.349	129	5	1	148058	148186	128	1	1.12e-47	204
accn|CP017535	ICEberg|1597|ICEApa1|GenBank|CP050316.1|2129122..2199489_Avibacterium_paragallinarum_strain_ESV-135_chromosome__complete_genome	95.349	129	5	1	147731	147859	128	1	1.12e-47	204
accn|CP017535	ICEberg|1597|ICEApa1|GenBank|CP050316.1|2129122..2199489_Avibacterium_paragallinarum_strain_ESV-135_chromosome__complete_genome	96.104	77	3	0	1792385	1792461	70292	70368	2.50e-24	126
accn|CP017535	ICEberg|1597|ICEApa1|GenBank|CP050316.1|2129122..2199489_Avibacterium_paragallinarum_strain_ESV-135_chromosome__complete_genome	96.053	76	3	0	1792386	1792461	1	76	9.00e-24	124
accn|CP017535	ICEberg|1597|ICEApa1|GenBank|CP050316.1|2129122..2199489_Avibacterium_paragallinarum_strain_ESV-135_chromosome__complete_genome	96.053	76	3	0	148111	148186	70368	70293	9.00e-24	124
accn|CP017535	ICEberg|1597|ICEApa1|GenBank|CP050316.1|2129122..2199489_Avibacterium_paragallinarum_strain_ESV-135_chromosome__complete_genome	96.053	76	3	0	147784	147859	70368	70293	9.00e-24	124
accn|CP017535	ICEberg|1597|ICEApa1|GenBank|CP050316.1|2129122..2199489_Avibacterium_paragallinarum_strain_ESV-135_chromosome__complete_genome	98.113	53	1	0	950859	950911	42304	42356	2.54e-14	93.5
accn|CP017535	ICEberg|1700|ICEHdu1|GenBank|NC_002940.2|718953..768668_[Haemophilus]_ducreyi_35000HP__complete_sequence	98.901	91	1	0	529681	529771	49716	49626	1.91e-35	163
accn|CP017535	ICEberg|1700|ICEHdu1|GenBank|NC_002940.2|718953..768668_[Haemophilus]_ducreyi_35000HP__complete_sequence	98.901	91	1	0	529474	529564	49716	49626	1.91e-35	163
accn|CP017535	ICEberg|1700|ICEHdu1|GenBank|NC_002940.2|718953..768668_[Haemophilus]_ducreyi_35000HP__complete_sequence	100.000	76	0	0	1174946	1175021	76	1	8.94e-29	141
accn|CP017535	ICEberg|1700|ICEHdu1|GenBank|NC_002940.2|718953..768668_[Haemophilus]_ducreyi_35000HP__complete_sequence	100.000	76	0	0	529380	529455	76	1	8.94e-29	141
accn|CP017535	ICEberg|1700|ICEHdu1|GenBank|NC_002940.2|718953..768668_[Haemophilus]_ducreyi_35000HP__complete_sequence	97.368	76	2	0	2436493	2436568	49576	49501	1.94e-25	130
accn|CP017535	ICEberg|1700|ICEHdu1|GenBank|NC_002940.2|718953..768668_[Haemophilus]_ducreyi_35000HP__complete_sequence	97.368	76	2	0	2436396	2436471	49576	49501	1.94e-25	130
accn|CP017535	ICEberg|1700|ICEHdu1|GenBank|NC_002940.2|718953..768668_[Haemophilus]_ducreyi_35000HP__complete_sequence	96.053	76	3	0	2436298	2436373	49576	49501	9.00e-24	124
accn|CP017535	ICEberg|2010|Tn6783_201330|GenBank|CP054623.1|2596147..2668162_Pseudomonas_aeruginosa_strain_DL201330_chromosome__complete_genome	98.750	80	1	0	1174943	1175022	66896	66975	2.49e-29	143
accn|CP017535	ICEberg|2010|Tn6783_201330|GenBank|CP054623.1|2596147..2668162_Pseudomonas_aeruginosa_strain_DL201330_chromosome__complete_genome	98.734	79	1	0	529378	529456	66897	66975	8.94e-29	141
accn|CP017535	ICEberg|2010|Tn6783_201330|GenBank|CP054623.1|2596147..2668162_Pseudomonas_aeruginosa_strain_DL201330_chromosome__complete_genome	96.471	85	2	1	529793	529876	66898	66982	3.22e-28	139
accn|CP017535	ICEberg|2010|Tn6783_201330|GenBank|CP054623.1|2596147..2668162_Pseudomonas_aeruginosa_strain_DL201330_chromosome__complete_genome	98.718	78	1	0	529586	529663	66898	66975	3.22e-28	139
accn|CP017535	ICEberg|1586|ICEAac3|GenBank|CP043003.1|2132073..2197982_Aggregatibacter_actinomycetemcomitans_strain_HK_907_chromosome__complete_genome	100.000	77	0	0	529794	529870	1	77	2.49e-29	143
accn|CP017535	ICEberg|1586|ICEAac3|GenBank|CP043003.1|2132073..2197982_Aggregatibacter_actinomycetemcomitans_strain_HK_907_chromosome__complete_genome	100.000	77	0	0	1174946	1175022	1	77	2.49e-29	143
accn|CP017535	ICEberg|1586|ICEAac3|GenBank|CP043003.1|2132073..2197982_Aggregatibacter_actinomycetemcomitans_strain_HK_907_chromosome__complete_genome	97.368	76	2	0	2436396	2436471	217	292	1.94e-25	130
accn|CP017535	ICEberg|1586|ICEAac3|GenBank|CP043003.1|2132073..2197982_Aggregatibacter_actinomycetemcomitans_strain_HK_907_chromosome__complete_genome	97.368	76	2	0	2436493	2436568	217	292	1.94e-25	130
accn|CP017535	ICEberg|1586|ICEAac3|GenBank|CP043003.1|2132073..2197982_Aggregatibacter_actinomycetemcomitans_strain_HK_907_chromosome__complete_genome	96.053	76	3	0	2436298	2436373	217	292	9.00e-24	124
accn|CP017535	ICEberg|1586|ICEAac3|GenBank|CP043003.1|2132073..2197982_Aggregatibacter_actinomycetemcomitans_strain_HK_907_chromosome__complete_genome	98.387	62	1	0	2436410	2436471	64346	64407	2.52e-19	110
accn|CP017535	ICEberg|1586|ICEAac3|GenBank|CP043003.1|2132073..2197982_Aggregatibacter_actinomycetemcomitans_strain_HK_907_chromosome__complete_genome	98.387	62	1	0	2436507	2436568	64346	64407	2.52e-19	110
accn|CP017535	ICEberg|1586|ICEAac3|GenBank|CP043003.1|2132073..2197982_Aggregatibacter_actinomycetemcomitans_strain_HK_907_chromosome__complete_genome	98.333	60	1	0	2436314	2436373	64348	64407	3.26e-18	106
accn|CP017535	ICEberg|1584|ICEAac1|GenBank|CP012959.1|2164508..2181462_Aggregatibacter_actinomycetemcomitans_strain_624__complete_genome	100.000	77	0	0	1174946	1175022	16955	16879	2.49e-29	143
accn|CP017535	ICEberg|1584|ICEAac1|GenBank|CP012959.1|2164508..2181462_Aggregatibacter_actinomycetemcomitans_strain_624__complete_genome	100.000	77	0	0	529794	529870	16955	16879	2.49e-29	143
accn|CP017535	ICEberg|1584|ICEAac1|GenBank|CP012959.1|2164508..2181462_Aggregatibacter_actinomycetemcomitans_strain_624__complete_genome	100.000	77	0	0	529587	529663	16955	16879	2.49e-29	143
accn|CP017535	ICEberg|1584|ICEAac1|GenBank|CP012959.1|2164508..2181462_Aggregatibacter_actinomycetemcomitans_strain_624__complete_genome	100.000	77	0	0	529380	529456	16955	16879	2.49e-29	143
accn|CP017535	ICEberg|1701|ICEHdu2|GenBank|CP015434.1|162562..211583_[Haemophilus]_ducreyi_strain_GHA9__complete_genome	100.000	76	0	0	529380	529455	48947	49022	8.94e-29	141
accn|CP017535	ICEberg|1701|ICEHdu2|GenBank|CP015434.1|162562..211583_[Haemophilus]_ducreyi_strain_GHA9__complete_genome	100.000	76	0	0	1174946	1175021	48947	49022	8.94e-29	141
accn|CP017535	ICEberg|1701|ICEHdu2|GenBank|CP015434.1|162562..211583_[Haemophilus]_ducreyi_strain_GHA9__complete_genome	97.368	76	2	0	2436396	2436471	2	77	1.94e-25	130
accn|CP017535	ICEberg|1701|ICEHdu2|GenBank|CP015434.1|162562..211583_[Haemophilus]_ducreyi_strain_GHA9__complete_genome	97.368	76	2	0	2436493	2436568	2	77	1.94e-25	130
accn|CP017535	ICEberg|1701|ICEHdu2|GenBank|CP015434.1|162562..211583_[Haemophilus]_ducreyi_strain_GHA9__complete_genome	96.053	76	3	0	2436298	2436373	2	77	9.00e-24	124
accn|CP017535	ICEberg|1581|ICE6660|GenBank|MK497171.1|1..112205_Pseudomonas_aeruginosa_sequence	97.500	80	2	0	1174946	1175025	112205	112126	1.16e-27	137
accn|CP017535	ICEberg|1581|ICE6660|GenBank|MK497171.1|1..112205_Pseudomonas_aeruginosa_sequence	97.500	80	2	0	529587	529666	112205	112126	1.16e-27	137
accn|CP017535	ICEberg|1581|ICE6660|GenBank|MK497171.1|1..112205_Pseudomonas_aeruginosa_sequence	97.500	80	2	0	529380	529459	112205	112126	1.16e-27	137
accn|CP017535	ICEberg|1581|ICE6660|GenBank|MK497171.1|1..112205_Pseudomonas_aeruginosa_sequence	98.701	77	1	0	529794	529870	112205	112129	1.16e-27	137
accn|CP017535	ICEberg|1718|ICEHso3|GenBank|NC_008309.1|1952153..2005728_Histophilus_somni_129PT__complete_sequence	95.122	82	3	1	1792380	1792461	179	99	6.96e-25	128
accn|CP017535	ICEberg|1807|ICEPmu4|GenBank|CP038875.1|2009809..2087766_Pasteurella_multocida_strain_FCf83_chromosome__complete_genome	96.104	77	3	0	1792385	1792461	77	1	2.50e-24	126
accn|CP017535	ICEberg|1807|ICEPmu4|GenBank|CP038875.1|2009809..2087766_Pasteurella_multocida_strain_FCf83_chromosome__complete_genome	96.053	76	3	0	147784	147859	1	76	9.00e-24	124
accn|CP017535	ICEberg|1807|ICEPmu4|GenBank|CP038875.1|2009809..2087766_Pasteurella_multocida_strain_FCf83_chromosome__complete_genome	96.053	76	3	0	148111	148186	1	76	9.00e-24	124
accn|CP017535	ICEberg|1804|ICEPmu3|GenBank|CP038873.1|1026914..1096464_Pasteurella_multocida_strain_FCf45_chromosome__complete_genome	96.104	77	3	0	1792385	1792461	69475	69551	2.50e-24	126
accn|CP017535	ICEberg|1804|ICEPmu3|GenBank|CP038873.1|1026914..1096464_Pasteurella_multocida_strain_FCf45_chromosome__complete_genome	96.053	76	3	0	148111	148186	69551	69476	9.00e-24	124
accn|CP017535	ICEberg|1804|ICEPmu3|GenBank|CP038873.1|1026914..1096464_Pasteurella_multocida_strain_FCf45_chromosome__complete_genome	96.053	76	3	0	147784	147859	69551	69476	9.00e-24	124
accn|CP017535	ICEberg|1804|ICEPmu3|GenBank|CP038873.1|1026914..1096464_Pasteurella_multocida_strain_FCf45_chromosome__complete_genome	98.113	53	1	0	950859	950911	38037	38089	2.54e-14	93.5
accn|CP017535	ICEberg|960|ICEApl1|GenBank|KU551309|27..56176_Actinobacillus_pleuropneumoniae_strain_MIDG2427_tRNA-Leu_gene__integrative_conjugative_element_ICEApl1_mobile_element__and_tRNA-Gly_gene__complete_sequence	98.485	66	1	0	529496	529561	56085	56150	1.51e-21	117
accn|CP017535	ICEberg|960|ICEApl1|GenBank|KU551309|27..56176_Actinobacillus_pleuropneumoniae_strain_MIDG2427_tRNA-Leu_gene__integrative_conjugative_element_ICEApl1_mobile_element__and_tRNA-Gly_gene__complete_sequence	98.485	66	1	0	529703	529768	56085	56150	1.51e-21	117
accn|CP017535	ICEberg|960|ICEApl1|GenBank|KU551309|27..56176_Actinobacillus_pleuropneumoniae_strain_MIDG2427_tRNA-Leu_gene__integrative_conjugative_element_ICEApl1_mobile_element__and_tRNA-Gly_gene__complete_sequence	97.015	67	2	0	529495	529561	1	67	1.95e-20	113
accn|CP017535	ICEberg|960|ICEApl1|GenBank|KU551309|27..56176_Actinobacillus_pleuropneumoniae_strain_MIDG2427_tRNA-Leu_gene__integrative_conjugative_element_ICEApl1_mobile_element__and_tRNA-Gly_gene__complete_sequence	97.015	67	2	0	529702	529768	1	67	1.95e-20	113
accn|CP017535	ICEberg|60|ICEHin1056|GenBank|AJ627386|1..59393_Haemophilus_influenzae_plasmid_ICEhin1056	95.455	66	3	0	529496	529561	1	66	3.26e-18	106
accn|CP017535	ICEberg|60|ICEHin1056|GenBank|AJ627386|1..59393_Haemophilus_influenzae_plasmid_ICEhin1056	95.455	66	3	0	529703	529768	1	66	3.26e-18	106
accn|CP017535	ICEberg|350|ICEHpaT3T1|GenBank|FQ312002|1153089..1213144_Haemophilus_parainfluenzae_T3T1_genome	95.455	66	3	0	529706	529771	60053	59988	3.26e-18	106
accn|CP017535	ICEberg|350|ICEHpaT3T1|GenBank|FQ312002|1153089..1213144_Haemophilus_parainfluenzae_T3T1_genome	95.455	66	3	0	529499	529564	60053	59988	3.26e-18	106
accn|CP017535	ICEberg|349|ICEHpa8f|GenBank|AM884335|1..52725_Haemophilus_influenzae_parA_gene_for_chromosome_partitioning_protein__strain_8f	95.455	66	3	0	529496	529561	1	66	3.26e-18	106
accn|CP017535	ICEberg|349|ICEHpa8f|GenBank|AM884335|1..52725_Haemophilus_influenzae_parA_gene_for_chromosome_partitioning_protein__strain_8f	95.455	66	3	0	529703	529768	1	66	3.26e-18	106
accn|CP017535	ICEberg|348|ICEHin299|GenBank|AM884334|1..53902_Haemophilus_influenzae_parA_gene_for_chromosome_partitioning_protein__strain_299	95.455	66	3	0	529496	529561	1	66	3.26e-18	106
accn|CP017535	ICEberg|348|ICEHin299|GenBank|AM884334|1..53902_Haemophilus_influenzae_parA_gene_for_chromosome_partitioning_protein__strain_299	95.455	66	3	0	529703	529768	1	66	3.26e-18	106
accn|CP017535	ICEberg|346|ICEHinB|GenBank|FQ312006|87548..143543_Haemophilus_influenzae_10810_genome	95.455	66	3	0	529496	529561	1	66	3.26e-18	106
accn|CP017535	ICEberg|346|ICEHinB|GenBank|FQ312006|87548..143543_Haemophilus_influenzae_10810_genome	95.455	66	3	0	529703	529768	1	66	3.26e-18	106
accn|CP017535	ICEberg|2046|Tn7100|GenBank|OW736085.1|1..73601_Haemophilus_influenzae_strain_Hi-228_transposon_7100__complete_sequence	95.455	66	3	0	529496	529561	1	66	3.26e-18	106
accn|CP017535	ICEberg|2046|Tn7100|GenBank|OW736085.1|1..73601_Haemophilus_influenzae_strain_Hi-228_transposon_7100__complete_sequence	95.455	66	3	0	529703	529768	1	66	3.26e-18	106
accn|CP017535	ICEberg|2007|Tn6687|GenBank|MN106412.1|1..68777_Haemophilus_influenzae_strain_0_transposon_Tn6687__complete_sequence	95.455	66	3	0	529496	529561	1	66	3.26e-18	106
accn|CP017535	ICEberg|2007|Tn6687|GenBank|MN106412.1|1..68777_Haemophilus_influenzae_strain_0_transposon_Tn6687__complete_sequence	95.455	66	3	0	529703	529768	1	66	3.26e-18	106
accn|CP017535	ICEberg|2006|Tn6686|GenBank|MN106411.1|1..64737_Haemophilus_influenzae_strain_G_transposon_Tn6686__complete_sequence	95.455	66	3	0	529496	529561	1	66	3.26e-18	106
accn|CP017535	ICEberg|2006|Tn6686|GenBank|MN106411.1|1..64737_Haemophilus_influenzae_strain_G_transposon_Tn6686__complete_sequence	95.455	66	3	0	529703	529768	1	66	3.26e-18	106
accn|CP017535	ICEberg|2005|Tn6685|GenBank|MN106410.1|1..52414_Haemophilus_influenzae_strain_E_transposon_Tn6685__complete_sequence	95.455	66	3	0	529496	529561	1	66	3.26e-18	106
accn|CP017535	ICEberg|2005|Tn6685|GenBank|MN106410.1|1..52414_Haemophilus_influenzae_strain_E_transposon_Tn6685__complete_sequence	95.455	66	3	0	529703	529768	1	66	3.26e-18	106
accn|CP017535	ICEberg|1697|ICEGpa2|GenBank|CP049090.1|1351751..1421790_Glaesserella_parasuis_strain_aHPS7_chromosome__complete_genome	100.000	56	0	0	1151280	1151335	1533	1478	1.17e-17	104
accn|CP017535	ICEberg|1697|ICEGpa2|GenBank|CP049090.1|1351751..1421790_Glaesserella_parasuis_strain_aHPS7_chromosome__complete_genome	100.000	56	0	0	907820	907875	1533	1478	1.17e-17	104
accn|CP017535	ICEberg|1422|15-184_ICE|GenBank|CP023057.1|951876..999094_Glaesserella_sp._15-184_chromosome__complete_genome	96.667	60	2	0	907820	907879	427	368	1.52e-16	100
accn|CP017535	ICEberg|1713|ICEHpa1|GenBank|CP054198.1|1511383..1580304_Glaesserella_parasuis_strain_YHP170504_chromosome__complete_genome	98.214	56	0	1	1151280	1151335	55	1	1.96e-15	97.1
accn|CP017535	ICEberg|1713|ICEHpa1|GenBank|CP054198.1|1511383..1580304_Glaesserella_parasuis_strain_YHP170504_chromosome__complete_genome	98.214	56	0	1	907820	907875	55	1	1.96e-15	97.1
accn|CP017535	ICEberg|1716|ICEHs02|GenBank|CP042993.1|687500..760418_Histophilus_somni_strain_UOC-KLM-ATR-014_chromosome__complete_genome	96.296	54	1	1	907818	907870	72866	72919	1.18e-12	87.9
accn|CP017535	ICEberg|1716|ICEHs02|GenBank|CP042993.1|687500..760418_Histophilus_somni_strain_UOC-KLM-ATR-014_chromosome__complete_genome	95.918	49	2	0	1149272	1149320	72487	72535	1.98e-10	80.5
accn|CP017535	ICEberg|1716|ICEHs02|GenBank|CP042993.1|687500..760418_Histophilus_somni_strain_UOC-KLM-ATR-014_chromosome__complete_genome	95.918	49	2	0	909892	909940	72535	72487	1.98e-10	80.5
accn|CP017535	ICEberg|1685|ICEEC8|GenBank|LOGV01000031.1|282800..364210_Escherichia_coli_strain_STEC_2174_STEC2174_contig_26__whole_genome_shotgun_sequence	96.078	51	2	0	147728	147778	1	51	1.53e-11	84.2
accn|CP017535	ICEberg|1685|ICEEC8|GenBank|LOGV01000031.1|282800..364210_Escherichia_coli_strain_STEC_2174_STEC2174_contig_26__whole_genome_shotgun_sequence	96.078	51	2	0	148055	148105	1	51	1.53e-11	84.2
accn|CP017535	ICEberg|441|ICEHso2336-1|GenBank|CP000947|1927921..1994529_Haemophilus_somnus_2336__complete_genome	95.918	49	2	0	909892	909940	331	379	1.98e-10	80.5
accn|CP017535	ICEberg|441|ICEHso2336-1|GenBank|CP000947|1927921..1994529_Haemophilus_somnus_2336__complete_genome	95.918	49	2	0	1149272	1149320	379	331	1.98e-10	80.5
accn|CP017535	ICEberg|440|ICEPmu1|GenBank|CP003022|273284..355497_Pasteurella_multocida_36950__complete_genome	95.918	49	2	0	909892	909940	331	379	1.98e-10	80.5
accn|CP017535	ICEberg|440|ICEPmu1|GenBank|CP003022|273284..355497_Pasteurella_multocida_36950__complete_genome	95.918	49	2	0	1149272	1149320	379	331	1.98e-10	80.5
accn|CP017535	ICEberg|1719|ICEHso4|GenBank|CP018803.1|686759..761246_Histophilus_somni_strain_USDA-ARS-USMARC-63255_chromosome__complete_genome	95.918	49	2	0	1149272	1149320	72535	72583	1.98e-10	80.5
accn|CP017535	ICEberg|1719|ICEHso4|GenBank|CP018803.1|686759..761246_Histophilus_somni_strain_USDA-ARS-USMARC-63255_chromosome__complete_genome	95.918	49	2	0	909892	909940	72583	72535	1.98e-10	80.5
accn|CP017535	ICEberg|1717|ICEHs1|GenBank|MF136609.1|1..64932_Histophilus_somni_strain_AVI_1_integrative_conjugative_element_ICEHs1__complete_sequence	95.918	49	2	0	909892	909940	344	392	1.98e-10	80.5
accn|CP017535	ICEberg|1717|ICEHs1|GenBank|MF136609.1|1..64932_Histophilus_somni_strain_AVI_1_integrative_conjugative_element_ICEHs1__complete_sequence	95.918	49	2	0	1149272	1149320	392	344	1.98e-10	80.5
accn|CP017535	ICEberg|2039|Tn6865|GenBank|CP031123.2|751328..820050_Providencia_huaxiensis_strain_WCHPr000369_chromosome__complete_genome	97.368	38	1	0	794389	794426	65651	65614	5.54e-06	65.8
