accn|715.89.con.0001	ICEberg|961|ICEApl2|GenBank|MF187965|1..92660_Actinobacillus_pleuropneumoniae_strain_MIDG3553_YhaH_(yhaH)_gene__complete_cds__ICEApl2_mobile_element__complete_sequence__and_PrfC_(prfC)_gene__complete_cds	99.860	714	1	0	172436	173149	714	1	0.0	1314
accn|715.89.con.0002	ICEberg|1702|ICEHin8|GenBank|LS483392.1|192252..244996_Haemophilus_influenzae_strain_NCTC11931_genome_assembly__chromosome__1	96.269	134	2	1	102278	102411	131	1	9.33e-53	217
accn|715.89.con.0002	ICEberg|1702|ICEHin8|GenBank|LS483392.1|192252..244996_Haemophilus_influenzae_strain_NCTC11931_genome_assembly__chromosome__1	95.000	80	3	1	113378	113457	52745	52667	5.82e-25	124
accn|715.89.con.0002	ICEberg|1702|ICEHin8|GenBank|LS483392.1|192252..244996_Haemophilus_influenzae_strain_NCTC11931_genome_assembly__chromosome__1	95.000	80	3	1	102336	102415	52745	52667	5.82e-25	124
accn|715.89.con.0002	ICEberg|1597|ICEApa1|GenBank|CP050316.1|2129122..2199489_Avibacterium_paragallinarum_strain_ESV-135_chromosome__complete_genome	96.124	129	4	1	102283	102411	128	1	1.56e-50	209
accn|715.89.con.0002	ICEberg|1597|ICEApa1|GenBank|CP050316.1|2129122..2199489_Avibacterium_paragallinarum_strain_ESV-135_chromosome__complete_genome	96.053	76	3	0	113378	113453	70368	70293	5.82e-25	124
accn|715.89.con.0002	ICEberg|1597|ICEApa1|GenBank|CP050316.1|2129122..2199489_Avibacterium_paragallinarum_strain_ESV-135_chromosome__complete_genome	96.053	76	3	0	102336	102411	70368	70293	5.82e-25	124
accn|715.89.con.0002	ICEberg|1807|ICEPmu4|GenBank|CP038875.1|2009809..2087766_Pasteurella_multocida_strain_FCf83_chromosome__complete_genome	96.053	76	3	0	102336	102411	1	76	5.82e-25	124
accn|715.89.con.0002	ICEberg|1807|ICEPmu4|GenBank|CP038875.1|2009809..2087766_Pasteurella_multocida_strain_FCf83_chromosome__complete_genome	96.053	76	3	0	113378	113453	1	76	5.82e-25	124
accn|715.89.con.0002	ICEberg|1804|ICEPmu3|GenBank|CP038873.1|1026914..1096464_Pasteurella_multocida_strain_FCf45_chromosome__complete_genome	96.053	76	3	0	113378	113453	69551	69476	5.82e-25	124
accn|715.89.con.0002	ICEberg|1804|ICEPmu3|GenBank|CP038873.1|1026914..1096464_Pasteurella_multocida_strain_FCf45_chromosome__complete_genome	96.053	76	3	0	102336	102411	69551	69476	5.82e-25	124
accn|715.89.con.0002	ICEberg|1685|ICEEC8|GenBank|LOGV01000031.1|282800..364210_Escherichia_coli_strain_STEC_2174_STEC2174_contig_26__whole_genome_shotgun_sequence	96.154	52	2	0	102569	102620	1	52	2.75e-13	86.1
accn|715.89.con.0002	ICEberg|1685|ICEEC8|GenBank|LOGV01000031.1|282800..364210_Escherichia_coli_strain_STEC_2174_STEC2174_contig_26__whole_genome_shotgun_sequence	96.078	51	2	0	102280	102330	1	51	9.88e-13	84.2
accn|715.89.con.0003	VFG042962(gb|WP_005615186)_(APL_RS04590)_GspE_PulE_family_protein_[Type_IV_pili_(VF1198)_-_Adherence_(VFC0001)]_[Actinobacillus_pleuropneumoniae_serovar_5b_str._L20]	99.785	1395	3	0	37521	38915	1	1395	0.0	2560
accn|715.89.con.0003	VFG042961(gb|WP_011848486)_(APL_RS04585)_type_II_secretion_system_F_family_protein_[Type_IV_pili_(VF1198)_-_Adherence_(VFC0001)]_[Actinobacillus_pleuropneumoniae_serovar_5b_str._L20]	99.418	1203	7	0	38899	40101	1	1203	0.0	2183
accn|715.89.con.0003	VFG042960(gb|WP_009874617)_(APL_RS04580)_prepilin_peptidase_[Type_IV_pili_(VF1198)_-_Adherence_(VFC0001)]_[Actinobacillus_pleuropneumoniae_serovar_5b_str._L20]	99.687	639	2	0	40128	40766	1	639	0.0	1170
accn|715.89.con.0003	VFG042963(gb|WP_009874618)_(APL_RS04595)_prepilin-type_N-terminal_cleavage_methylation_domain-containing_protein_[Type_IV_pili_(VF1198)_-_Adherence_(VFC0001)]_[Actinobacillus_pleuropneumoniae_serovar_5b_str._L20]	98.434	447	5	2	37057	37502	1	446	0.0	785
accn|715.89.con.0003	ICEberg|1592|ICEAeq1|GenBank|LR134310.1|200137..254057_Actinobacillus_equuli_strain_NCTC8529_genome_assembly__chromosome__1	96.491	57	0	2	112622	112677	44662	44607	1.47e-15	93.5
accn|715.89.con.0004	ICEberg|1586|ICEAac3|GenBank|CP043003.1|2132073..2197982_Aggregatibacter_actinomycetemcomitans_strain_HK_907_chromosome__complete_genome	100.000	76	0	0	153114	153189	76	1	5.11e-30	141
accn|715.89.con.0004	ICEberg|1586|ICEAac3|GenBank|CP043003.1|2132073..2197982_Aggregatibacter_actinomycetemcomitans_strain_HK_907_chromosome__complete_genome	95.238	63	3	0	153226	153288	174	112	8.67e-18	100
accn|715.89.con.0004	ICEberg|1586|ICEAac3|GenBank|CP043003.1|2132073..2197982_Aggregatibacter_actinomycetemcomitans_strain_HK_907_chromosome__complete_genome	98.182	55	1	0	153234	153288	64308	64254	1.12e-16	97.1
accn|715.89.con.0004	ICEberg|1584|ICEAac1|GenBank|CP012959.1|2164508..2181462_Aggregatibacter_actinomycetemcomitans_strain_624__complete_genome	100.000	76	0	0	153114	153189	16880	16955	5.11e-30	141
accn|715.89.con.0004	ICEberg|2010|Tn6783_201330|GenBank|CP054623.1|2596147..2668162_Pseudomonas_aeruginosa_strain_DL201330_chromosome__complete_genome	98.718	78	1	0	153114	153191	66974	66897	1.84e-29	139
accn|715.89.con.0004	ICEberg|1581|ICE6660|GenBank|MK497171.1|1..112205_Pseudomonas_aeruginosa_sequence	98.684	76	1	0	153114	153189	112130	112205	2.38e-28	135
accn|715.89.con.0004	ICEberg|960|ICEApl1|GenBank|KU551309|27..56176_Actinobacillus_pleuropneumoniae_strain_MIDG2427_tRNA-Leu_gene__integrative_conjugative_element_ICEApl1_mobile_element__and_tRNA-Gly_gene__complete_sequence	100.000	54	0	0	153235	153288	56150	56097	8.67e-18	100
accn|715.89.con.0004	ICEberg|1700|ICEHdu1|GenBank|NC_002940.2|718953..768668_[Haemophilus]_ducreyi_35000HP__complete_sequence	98.182	55	1	0	153234	153288	49628	49682	1.12e-16	97.1
accn|715.89.con.0006	ICEberg|1702|ICEHin8|GenBank|LS483392.1|192252..244996_Haemophilus_influenzae_strain_NCTC11931_genome_assembly__chromosome__1	98.701	77	1	0	30498	30574	1	77	4.11e-29	137
accn|715.89.con.0006	ICEberg|1702|ICEHin8|GenBank|LS483392.1|192252..244996_Haemophilus_influenzae_strain_NCTC11931_genome_assembly__chromosome__1	96.053	76	3	0	30498	30573	52670	52745	3.20e-25	124
accn|715.89.con.0006	ICEberg|1807|ICEPmu4|GenBank|CP038875.1|2009809..2087766_Pasteurella_multocida_strain_FCf83_chromosome__complete_genome	96.053	76	3	0	30498	30573	76	1	3.20e-25	124
accn|715.89.con.0006	ICEberg|1804|ICEPmu3|GenBank|CP038873.1|1026914..1096464_Pasteurella_multocida_strain_FCf45_chromosome__complete_genome	96.053	76	3	0	30498	30573	69476	69551	3.20e-25	124
accn|715.89.con.0006	ICEberg|1718|ICEHso3|GenBank|NC_008309.1|1952153..2005728_Histophilus_somni_129PT__complete_sequence	96.053	76	3	0	30498	30573	174	99	3.20e-25	124
accn|715.89.con.0006	ICEberg|1597|ICEApa1|GenBank|CP050316.1|2129122..2199489_Avibacterium_paragallinarum_strain_ESV-135_chromosome__complete_genome	96.053	76	3	0	30498	30573	1	76	3.20e-25	124
accn|715.89.con.0006	ICEberg|1597|ICEApa1|GenBank|CP050316.1|2129122..2199489_Avibacterium_paragallinarum_strain_ESV-135_chromosome__complete_genome	96.053	76	3	0	30498	30573	70293	70368	3.20e-25	124
accn|715.89.con.0008	ICEberg|1701|ICEHdu2|GenBank|CP015434.1|162562..211583_[Haemophilus]_ducreyi_strain_GHA9__complete_genome	97.590	83	0	2	11333	11413	48940	49022	2.98e-30	141
accn|715.89.con.0008	ICEberg|1700|ICEHdu1|GenBank|NC_002940.2|718953..768668_[Haemophilus]_ducreyi_35000HP__complete_sequence	100.000	76	0	0	11338	11413	76	1	2.98e-30	141
accn|715.89.con.0008	ICEberg|1586|ICEAac3|GenBank|CP043003.1|2132073..2197982_Aggregatibacter_actinomycetemcomitans_strain_HK_907_chromosome__complete_genome	100.000	76	0	0	11338	11413	1	76	2.98e-30	141
accn|715.89.con.0008	ICEberg|1584|ICEAac1|GenBank|CP012959.1|2164508..2181462_Aggregatibacter_actinomycetemcomitans_strain_624__complete_genome	100.000	76	0	0	11338	11413	16955	16880	2.98e-30	141
accn|715.89.con.0008	ICEberg|2010|Tn6783_201330|GenBank|CP054623.1|2596147..2668162_Pseudomonas_aeruginosa_strain_DL201330_chromosome__complete_genome	98.684	76	1	0	11338	11413	66899	66974	1.38e-28	135
accn|715.89.con.0008	ICEberg|1581|ICE6660|GenBank|MK497171.1|1..112205_Pseudomonas_aeruginosa_sequence	96.341	82	3	0	11338	11419	112205	112124	1.38e-28	135
accn|715.89.con.0023	ICEberg|1700|ICEHdu1|GenBank|NC_002940.2|718953..768668_[Haemophilus]_ducreyi_35000HP__complete_sequence	98.889	90	1	0	35365	35454	49716	49627	9.11e-37	161
accn|715.89.con.0023	ICEberg|1700|ICEHdu1|GenBank|NC_002940.2|718953..768668_[Haemophilus]_ducreyi_35000HP__complete_sequence	100.000	76	0	0	35278	35353	76	1	1.19e-30	141
accn|715.89.con.0023	ICEberg|1700|ICEHdu1|GenBank|NC_002940.2|718953..768668_[Haemophilus]_ducreyi_35000HP__complete_sequence	100.000	53	0	0	35576	35628	49716	49664	7.25e-18	99.0
accn|715.89.con.0023	ICEberg|1701|ICEHdu2|GenBank|CP015434.1|162562..211583_[Haemophilus]_ducreyi_strain_GHA9__complete_genome	100.000	76	0	0	35278	35353	48947	49022	1.19e-30	141
accn|715.89.con.0023	ICEberg|1586|ICEAac3|GenBank|CP043003.1|2132073..2197982_Aggregatibacter_actinomycetemcomitans_strain_HK_907_chromosome__complete_genome	100.000	76	0	0	35478	35553	1	76	1.19e-30	141
accn|715.89.con.0023	ICEberg|1586|ICEAac3|GenBank|CP043003.1|2132073..2197982_Aggregatibacter_actinomycetemcomitans_strain_HK_907_chromosome__complete_genome	98.507	67	1	0	35390	35456	64245	64311	5.56e-24	119
accn|715.89.con.0023	ICEberg|1586|ICEAac3|GenBank|CP043003.1|2132073..2197982_Aggregatibacter_actinomycetemcomitans_strain_HK_907_chromosome__complete_genome	96.226	53	2	0	35576	35628	78	130	1.57e-14	87.9
accn|715.89.con.0023	ICEberg|1584|ICEAac1|GenBank|CP012959.1|2164508..2181462_Aggregatibacter_actinomycetemcomitans_strain_624__complete_genome	100.000	76	0	0	35478	35553	16955	16880	1.19e-30	141
accn|715.89.con.0023	ICEberg|2010|Tn6783_201330|GenBank|CP054623.1|2596147..2668162_Pseudomonas_aeruginosa_strain_DL201330_chromosome__complete_genome	98.701	77	1	0	35277	35353	66898	66974	1.54e-29	137
accn|715.89.con.0023	ICEberg|2010|Tn6783_201330|GenBank|CP054623.1|2596147..2668162_Pseudomonas_aeruginosa_strain_DL201330_chromosome__complete_genome	98.684	76	1	0	35478	35553	66899	66974	5.52e-29	135
accn|715.89.con.0023	ICEberg|1581|ICE6660|GenBank|MK497171.1|1..112205_Pseudomonas_aeruginosa_sequence	95.294	85	4	0	35278	35362	112205	112121	5.52e-29	135
accn|715.89.con.0023	ICEberg|960|ICEApl1|GenBank|KU551309|27..56176_Actinobacillus_pleuropneumoniae_strain_MIDG2427_tRNA-Leu_gene__integrative_conjugative_element_ICEApl1_mobile_element__and_tRNA-Gly_gene__complete_sequence	98.485	66	1	0	35387	35452	56085	56150	2.00e-23	117
accn|715.89.con.0023	ICEberg|960|ICEApl1|GenBank|KU551309|27..56176_Actinobacillus_pleuropneumoniae_strain_MIDG2427_tRNA-Leu_gene__integrative_conjugative_element_ICEApl1_mobile_element__and_tRNA-Gly_gene__complete_sequence	97.015	67	2	0	35386	35452	1	67	2.59e-22	113
accn|715.89.con.0023	ICEberg|960|ICEApl1|GenBank|KU551309|27..56176_Actinobacillus_pleuropneumoniae_strain_MIDG2427_tRNA-Leu_gene__integrative_conjugative_element_ICEApl1_mobile_element__and_tRNA-Gly_gene__complete_sequence	100.000	32	0	0	35597	35628	1	32	3.42e-06	60.2
accn|715.89.con.0023	ICEberg|60|ICEHin1056|GenBank|AJ627386|1..59393_Haemophilus_influenzae_plasmid_ICEhin1056	95.455	66	3	0	35387	35452	1	66	4.33e-20	106
accn|715.89.con.0023	ICEberg|350|ICEHpaT3T1|GenBank|FQ312002|1153089..1213144_Haemophilus_parainfluenzae_T3T1_genome	96.825	63	2	0	35390	35452	60053	59991	4.33e-20	106
accn|715.89.con.0023	ICEberg|349|ICEHpa8f|GenBank|AM884335|1..52725_Haemophilus_influenzae_parA_gene_for_chromosome_partitioning_protein__strain_8f	95.455	66	3	0	35387	35452	1	66	4.33e-20	106
accn|715.89.con.0023	ICEberg|348|ICEHin299|GenBank|AM884334|1..53902_Haemophilus_influenzae_parA_gene_for_chromosome_partitioning_protein__strain_299	95.455	66	3	0	35387	35452	1	66	4.33e-20	106
accn|715.89.con.0023	ICEberg|346|ICEHinB|GenBank|FQ312006|87548..143543_Haemophilus_influenzae_10810_genome	95.455	66	3	0	35387	35452	1	66	4.33e-20	106
accn|715.89.con.0023	ICEberg|2046|Tn7100|GenBank|OW736085.1|1..73601_Haemophilus_influenzae_strain_Hi-228_transposon_7100__complete_sequence	95.455	66	3	0	35387	35452	1	66	4.33e-20	106
accn|715.89.con.0023	ICEberg|2007|Tn6687|GenBank|MN106412.1|1..68777_Haemophilus_influenzae_strain_0_transposon_Tn6687__complete_sequence	95.455	66	3	0	35387	35452	1	66	4.33e-20	106
accn|715.89.con.0023	ICEberg|2006|Tn6686|GenBank|MN106411.1|1..64737_Haemophilus_influenzae_strain_G_transposon_Tn6686__complete_sequence	95.455	66	3	0	35387	35452	1	66	4.33e-20	106
accn|715.89.con.0023	ICEberg|2005|Tn6685|GenBank|MN106410.1|1..52414_Haemophilus_influenzae_strain_E_transposon_Tn6685__complete_sequence	95.455	66	3	0	35387	35452	1	66	4.33e-20	106
accn|715.89.con.0027	ICEberg|1701|ICEHdu2|GenBank|CP015434.1|162562..211583_[Haemophilus]_ducreyi_strain_GHA9__complete_genome	100.000	76	0	0	7403	7478	77	2	1.03e-30	141
accn|715.89.con.0027	ICEberg|1701|ICEHdu2|GenBank|CP015434.1|162562..211583_[Haemophilus]_ducreyi_strain_GHA9__complete_genome	100.000	76	0	0	7194	7269	77	2	1.03e-30	141
accn|715.89.con.0027	ICEberg|1701|ICEHdu2|GenBank|CP015434.1|162562..211583_[Haemophilus]_ducreyi_strain_GHA9__complete_genome	98.684	76	1	0	7304	7379	77	2	4.80e-29	135
accn|715.89.con.0027	ICEberg|1700|ICEHdu1|GenBank|NC_002940.2|718953..768668_[Haemophilus]_ducreyi_35000HP__complete_sequence	100.000	76	0	0	7194	7269	49501	49576	1.03e-30	141
accn|715.89.con.0027	ICEberg|1700|ICEHdu1|GenBank|NC_002940.2|718953..768668_[Haemophilus]_ducreyi_35000HP__complete_sequence	100.000	76	0	0	7403	7478	49501	49576	1.03e-30	141
accn|715.89.con.0027	ICEberg|1700|ICEHdu1|GenBank|NC_002940.2|718953..768668_[Haemophilus]_ducreyi_35000HP__complete_sequence	98.684	76	1	0	7304	7379	49501	49576	4.80e-29	135
accn|715.89.con.0027	ICEberg|1586|ICEAac3|GenBank|CP043003.1|2132073..2197982_Aggregatibacter_actinomycetemcomitans_strain_HK_907_chromosome__complete_genome	100.000	76	0	0	7403	7478	292	217	1.03e-30	141
accn|715.89.con.0027	ICEberg|1586|ICEAac3|GenBank|CP043003.1|2132073..2197982_Aggregatibacter_actinomycetemcomitans_strain_HK_907_chromosome__complete_genome	100.000	76	0	0	7194	7269	292	217	1.03e-30	141
accn|715.89.con.0027	ICEberg|1586|ICEAac3|GenBank|CP043003.1|2132073..2197982_Aggregatibacter_actinomycetemcomitans_strain_HK_907_chromosome__complete_genome	98.684	76	1	0	7304	7379	292	217	4.80e-29	135
accn|715.89.con.0027	ICEberg|1586|ICEAac3|GenBank|CP043003.1|2132073..2197982_Aggregatibacter_actinomycetemcomitans_strain_HK_907_chromosome__complete_genome	100.000	62	0	0	7403	7464	64407	64346	6.25e-23	115
accn|715.89.con.0027	ICEberg|1586|ICEAac3|GenBank|CP043003.1|2132073..2197982_Aggregatibacter_actinomycetemcomitans_strain_HK_907_chromosome__complete_genome	100.000	62	0	0	7194	7255	64407	64346	6.25e-23	115
accn|715.89.con.0027	ICEberg|1586|ICEAac3|GenBank|CP043003.1|2132073..2197982_Aggregatibacter_actinomycetemcomitans_strain_HK_907_chromosome__complete_genome	98.387	62	1	0	7304	7365	64407	64346	2.91e-21	110
accn|715.89.con.0027	ICEberg|1592|ICEAeq1|GenBank|LR134310.1|200137..254057_Actinobacillus_equuli_strain_NCTC8529_genome_assembly__chromosome__1	95.349	43	2	0	15216	15258	44792	44750	4.94e-09	69.4
